Token,Emotions,EmotionCount
drei,"admiration, amusement, anger, annoyance, caring, confusion, curiosity, gratitude, joy, neutral, optimism, sadness",12
federn,"annoyance, caring, curiosity, desire, neutral",5
fürst,"excitement, grief, joy, neutral",4
müde,"admiration, caring, confusion, neutral",4
söhnen,"excitement, neutral",2
hofmeister,"desire, neutral, realization",3
demjenigen,"admiration, neutral",2
söhne,"admiration, approval, desire, joy, neutral, pride",6
teppich,"gratitude, neutral",2
hause,"admiration, approval, caring, disgust, gratitude, joy, neutral, realization, relief, sadness",10
bringt,"amusement, caring, desire, embarrassment, joy, neutral, sadness",7
älteren,"admiration, amusement, anger, neutral",4
gerhard,"approval, neutral",2
gebhard,"approval, neutral",2
fest,"admiration, amusement, anger, annoyance, caring, desire, fear, joy, neutral, realization, sadness, surprise",12
davon,"admiration, amusement, anger, annoyance, caring, confusion, curiosity, excitement, fear, gratitude, joy, love, neutral, optimism, sadness, surprise",16
aufgabe,"admiration, caring, excitement, fear, neutral, realization, sadness",7
zufriedenheit,"caring, neutral",2
vaters,"admiration, fear, neutral, realization, surprise",5
lösen,"disapproval, neutral, sadness",3
bringen,"admiration, amusement, annoyance, approval, curiosity, desire, gratitude, joy, neutral, realization, sadness",11
brüder,"admiration, annoyance, approval, caring, curiosity, embarrassment, grief, joy, love, neutral, sadness",11
suchen,"desire, gratitude, neutral, realization, sadness",5
wirft,"anger, annoyance, neutral",3
geliebten,"caring, desire, neutral, realization",4
luft,"amusement, anger, fear, joy, neutral, realization, sadness",7
westen,"fear, neutral",2
folgen,"approval, gratitude, neutral, optimism",4
gustav,"annoyance, approval, disgust, fear, neutral, realization",6
feder,"desire, neutral, realization",3
wald,"admiration, amusement, anger, annoyance, approval, caring, curiosity, disappointment, disapproval, disgust, embarrassment, fear, gratitude, grief, joy, love, nervousness, neutral, pride, realization, relief, remorse, sadness, surprise",24
kleinen,"admiration, anger, annoyance, disappointment, fear, gratitude, grief, joy, neutral, sadness",10
höhle,"anger, disappointment, disgust, grief, neutral, sadness, surprise",7
begegnet,"admiration, excitement, neutral, sadness",4
sprechenden,"neutral, sadness",2
kröte,"curiosity, fear, gratitude, neutral",4
itsche,"admiration, neutral, sadness",3
zehn,"admiration, curiosity, neutral",3
jahre,"admiration, anger, desire, disappointment, excitement, joy, neutral, realization",8
zuvor,"admiration, annoyance, excitement, grief, neutral, realization",6
gerettet,"gratitude, neutral, realization, relief",4
spricht,"admiration, annoyance, gratitude, neutral, surprise",5
wunsch,"admiration, annoyance, desire, disappointment, gratitude, joy, neutral, realization, sadness",9
schönsten,"admiration, neutral",2
öffnet,"love, neutral",2
vater,"admiration, amusement, anger, annoyance, approval, caring, confusion, curiosity, desire, disappointment, disapproval, disgust, embarrassment, fear, gratitude, grief, joy, love, neutral, optimism, pride, realization, relief, sadness, surprise",25
währenddessen,"joy, neutral, realization, sadness",4
seite,"amusement, embarrassment, joy, love, neutral, surprise",6
waldes,"admiration, disgust, embarrassment, fear, neutral",5
getroffen,"neutral, sadness",2
gemeinsam,"approval, gratitude, joy, neutral, sadness",5
wirtshaus,"approval, fear, joy, neutral",4
nahe,"admiration, excitement, neutral, realization",4
gelegenen,"excitement, neutral",2
vergnügen,"neutral, realization",2
bruder,"anger, disappointment, embarrassment, fear, love, neutral, optimism, realization, sadness",9
schönen,"admiration, curiosity, gratitude, joy, neutral, remorse",6
findet,"admiration, annoyance, joy, neutral, realization, sadness",6
pakt,"anger, neutral",2
leben,"admiration, amusement, anger, annoyance, approval, caring, curiosity, desire, disappointment, disgust, fear, gratitude, grief, joy, love, neutral, realization, sadness",18
untertanin,"love, neutral",2
alten,"admiration, amusement, anger, annoyance, caring, curiosity, disappointment, fear, joy, love, neutral, realization, sadness",13
roten,"admiration, nervousness, neutral, surprise",4
geschenk,"admiration, desire, disappointment, gratitude, joy, neutral, realization, sadness",8
gustavs,"gratitude, joy, neutral",3
kurz,"admiration, excitement, fear, grief, love, neutral, realization",7
nacheinander,"disappointment, neutral",2
bekommt,"approval, disappointment, excitement, fear, gratitude, grief, nervousness, neutral, surprise",9
rät,"disapproval, neutral",2
allein,"admiration, amusement, anger, annoyance, curiosity, desire, grief, love, nervousness, neutral, sadness",11
entscheidung,"admiration, annoyance, neutral",3
diesmal,"admiration, anger, disgust, joy, love, neutral, sadness",7
sollen,"caring, fear, neutral, sadness",4
ring,"admiration, approval, disgust, gratitude, joy, neutral, optimism, realization, remorse, sadness, surprise",11
wege,"approval, caring, joy, neutral",4
weisen,"admiration, annoyance, caring, neutral",4
erneut,"admiration, amusement, anger, approval, neutral, sadness",6
denen,"disapproval, excitement, neutral",3
zwei,"admiration, annoyance, caring, curiosity, disgust, embarrassment, fear, gratitude, neutral, pride, realization, sadness",12
zusammen,"admiration, approval, caring, disappointment, joy, love, neutral, sadness",8
führen,"fear, neutral, surprise",3
besorgt,"caring, neutral",2
mann,"admiration, annoyance, approval, confusion, curiosity, desire, disappointment, disgust, fear, grief, joy, love, neutral, realization, relief, remorse, sadness, surprise",18
pfeife,"annoyance, neutral",2
trifft,"admiration, approval, fear, neutral, surprise",5
fluss,"anger, approval, curiosity, disgust, joy, neutral, optimism, pride",8
mädchen,"admiration, amusement, anger, approval, caring, desire, disappointment, disapproval, disgust, embarrassment, excitement, fear, gratitude, grief, joy, love, neutral, realization, sadness, surprise",20
kleid,"admiration, amusement, annoyance, caring, curiosity, disgust, gratitude, love, neutral, realization, sadness, surprise",12
trägt,"admiration, gratitude, neutral, realization, sadness",5
sitzt,"admiration, curiosity, disapproval, gratitude, joy, love, neutral, sadness",8
beiden,"admiration, amusement, anger, annoyance, confusion, disappointment, disgust, fear, joy, love, neutral, realization, sadness",13
beginnen,"approval, excitement, neutral, realization",4
stellt,"annoyance, fear, neutral, surprise",4
heraus,"admiration, anger, annoyance, caring, fear, joy, love, neutral, realization, relief, sadness",11
damals,"fear, neutral, sadness",3
lassen,"admiration, anger, annoyance, caring, disgust, fear, love, neutral",8
blonde,"desire, love, neutral",3
verhindert,"neutral, realization",2
koch,"admiration, annoyance, neutral, realization",4
schlachten,"neutral, sadness",2
wächter,"gratitude, neutral",2
fürsten,"joy, neutral, realization",3
dennoch,"annoyance, joy, neutral, sadness",4
möchte,"admiration, caring, desire, disappointment, disapproval, fear, neutral",7
weder,"admiration, annoyance, desire, neutral, optimism",5
namen,"admiration, amusement, disappointment, excitement, gratitude, love, neutral, realization",8
verraten,"anger, caring, neutral",3
gesicht,"admiration, anger, confusion, curiosity, disgust, joy, nervousness, neutral, realization, sadness",10
zeigen,"caring, neutral",2
beide,"admiration, annoyance, approval, joy, love, neutral, optimism",7
freiheit,"approval, curiosity, desire, joy, neutral",5
zieht,"neutral, sadness",2
daraufhin,"admiration, caring, disgust, gratitude, grief, neutral, realization",7
maul,"disgust, love, neutral",3
diamanten,"neutral, sadness",2
präsentiert,"annoyance, neutral",2
zunge,"approval, disgust, neutral",3
nimmt,"admiration, annoyance, caring, disappointment, disgust, grief, neutral, surprise",8
bekommen,"admiration, amusement, caring, gratitude, joy, neutral",6
fingern,"joy, neutral, sadness",3
begeistert,"excitement, neutral",2
herz,"admiration, amusement, anger, annoyance, approval, caring, confusion, disgust, fear, gratitude, joy, love, neutral, optimism, pride, realization, sadness, surprise",18
glück,"admiration, amusement, annoyance, approval, curiosity, desire, disappointment, fear, gratitude, joy, love, neutral, optimism, realization, sadness",15
stehen,"admiration, amusement, annoyance, confusion, embarrassment, joy, neutral, sadness",8
bleibt,"anger, caring, fear, neutral, optimism, sadness",6
überzeugen,"admiration, neutral",2
bald,"admiration, anger, annoyance, caring, curiosity, disgust, excitement, fear, gratitude, joy, love, neutral, optimism, pride, realization, sadness",16
darauf,"admiration, amusement, anger, annoyance, caring, curiosity, disapproval, disgust, embarrassment, gratitude, grief, joy, love, neutral, realization, surprise",16
letzte,"admiration, anger, caring, gratitude, love, neutral, surprise",7
wer,"admiration, amusement, annoyance, approval, caring, curiosity, disapproval, fear, gratitude, joy, love, nervousness, neutral, optimism, realization, sadness",16
wind,"admiration, approval, curiosity, fear, joy, neutral, realization, relief, sadness",9
dritte,"annoyance, curiosity, fear, neutral, surprise",5
führt,"annoyance, joy, neutral",3
erwählt,"love, neutral",2
erklärt,"caring, love, neutral, sadness",4
dritten,"caring, nervousness, neutral",3
jedoch,"admiration, amusement, annoyance, approval, joy, nervousness, neutral, optimism, sadness, surprise",10
schon,"admiration, anger, annoyance, approval, caring, confusion, curiosity, desire, disgust, embarrassment, fear, joy, love, nervousness, neutral, pride, realization, sadness, surprise",19
halb,"admiration, neutral, sadness",3
junge,"admiration, amusement, annoyance, approval, desire, disappointment, disapproval, embarrassment, fear, gratitude, joy, love, neutral, realization, sadness, surprise",16
grünem,"fear, neutral",2
sinn,"admiration, desire, neutral, realization",4
zauber,"admiration, annoyance, approval, gratitude, joy, love, neutral, optimism, sadness, surprise",10
reiten,"fear, neutral, sadness",3
nachdem,"admiration, anger, gratitude, neutral, sadness",5
wenig,"admiration, annoyance, approval, joy, neutral",5
konnten,"admiration, anger, neutral",3
entzückt,"love, neutral",2
jungen,"admiration, anger, annoyance, approval, caring, curiosity, desire, disappointment, disgust, embarrassment, fear, gratitude, grief, joy, neutral, optimism, realization, sadness",18
letztes,"love, neutral",2
mal,"admiration, amusement, annoyance, curiosity, fear, gratitude, love, neutral, relief, sadness",10
versuchen,"amusement, annoyance, approval, love, neutral, sadness",6
schönheit,"admiration, annoyance, curiosity, desire, fear, neutral, optimism, realization",8
reich,"admiration, amusement, annoyance, approval, caring, disappointment, disgust, grief, joy, love, neutral, realization",12
schloss,"admiration, amusement, anger, annoyance, caring, disappointment, embarrassment, excitement, fear, gratitude, joy, love, nervousness, neutral, realization, sadness, surprise",17
dorf,"admiration, amusement, approval, caring, disapproval, excitement, fear, joy, love, neutral, realization, relief, sadness",13
komme,"disappointment, joy, neutral",3
verkündet,"admiration, amusement, neutral",3
aufgaben,"amusement, annoyance, approval, desire, neutral",5
erfüllt,"admiration, desire, disappointment, joy, love, neutral, pride, sadness",8
sowie,"disapproval, neutral, surprise",3
schickt,"embarrassment, fear, gratitude, neutral",4
arbeiten,"anger, grief, love, neutral, sadness",5
lässt,"admiration, approval, caring, desire, disappointment, fear, joy, love, neutral, realization, sadness, surprise",12
sohn,"admiration, amusement, caring, confusion, disapproval, disgust, fear, gratitude, joy, love, neutral, optimism, realization, sadness",14
platz,"fear, neutral, realization, sadness",4
nehmen,"admiration, anger, annoyance, caring, confusion, neutral, relief, sadness",8
sieht,"admiration, fear, joy, love, neutral, optimism, sadness, surprise",8
lange,"admiration, anger, annoyance, approval, caring, curiosity, desire, disappointment, embarrassment, fear, joy, love, neutral, pride, realization, sadness, surprise",17
hand,"admiration, amusement, annoyance, approval, caring, disgust, embarrassment, fear, gratitude, joy, love, neutral, optimism, realization, sadness",15
tanzen,"admiration, amusement, anger, disapproval, disgust, embarrassment, joy, love, neutral, sadness",10
später,"admiration, annoyance, approval, confusion, disappointment, love, neutral, realization",8
königin,"admiration, amusement, anger, annoyance, approval, curiosity, desire, disappointment, disapproval, embarrassment, fear, gratitude, grief, joy, love, nervousness, neutral, optimism, realization, remorse, sadness, surprise",22
krank,"curiosity, love, neutral, sadness",4
wurde,"admiration, amusement, anger, annoyance, disapproval, disgust, fear, gratitude, grief, joy, love, nervousness, neutral, optimism, pride, realization, sadness, surprise",18
gestorben,"admiration, grief, neutral, realization, sadness",5
könig,"admiration, amusement, anger, annoyance, approval, caring, confusion, curiosity, desire, disappointment, disapproval, disgust, embarrassment, excitement, fear, gratitude, grief, joy, love, nervousness, neutral, optimism, pride, realization, relief, remorse, sadness, surprise",28
schöne,"admiration, caring, curiosity, desire, disappointment, joy, neutral, realization, remorse, sadness",10
zweiten,"admiration, disgust, nervousness, neutral, realization",5
frau,"admiration, amusement, anger, annoyance, approval, caring, curiosity, desire, disappointment, disapproval, disgust, embarrassment, excitement, fear, gratitude, grief, joy, love, nervousness, neutral, optimism, realization, sadness, surprise",24
neue,"admiration, annoyance, disappointment, excitement, neutral, realization, remorse",7
macht,"admiration, amusement, annoyance, approval, caring, curiosity, desire, disappointment, fear, joy, love, nervousness, neutral, optimism, realization, sadness",16
kehrt,"neutral, sadness",2
nie,"approval, disappointment, disgust, joy, love, neutral, realization, sadness, surprise",9
zurück,"admiration, amusement, anger, annoyance, approval, caring, curiosity, disappointment, disgust, excitement, fear, gratitude, joy, love, neutral, realization, remorse, sadness, surprise",19
schneewittchen,"admiration, anger, annoyance, approval, curiosity, disapproval, excitement, fear, gratitude, grief, joy, love, neutral, optimism, realization, sadness, surprise",17
lernt,"neutral, optimism",2
namens,"admiration, annoyance, desire, grief, joy, neutral, realization",7
jonathan,"gratitude, neutral",2
kennen,"joy, neutral",2
schlosses,"admiration, desire, gratitude, neutral, surprise",5
essen,"admiration, anger, approval, disappointment, fear, joy, love, neutral, realization",9
freunde,"admiration, annoyance, caring, fear, neutral, sadness",6
stehlen,"anger, neutral, optimism, sadness",4
fliehen,"disappointment, fear, neutral, sadness",4
bittet,"anger, annoyance, desire, disappointment, fear, gratitude, love, neutral",8
stiefmutter,"admiration, anger, annoyance, disgust, excitement, fear, grief, joy, neutral, realization, relief, sadness",12
untertanen,"disappointment, neutral",2
freundlich,"admiration, annoyance, disgust, joy, love, neutral, sadness",7
behandeln,"fear, neutral",2
gleichgültig,"joy, neutral",2
böse,"admiration, anger, annoyance, curiosity, disappointment, disgust, embarrassment, fear, neutral, realization, sadness, surprise",12
befiehlt,"annoyance, neutral",2
eifersüchtig,"confusion, neutral",2
schneewittchens,"admiration, neutral",2
jäger,"admiration, anger, curiosity, disappointment, disgust, joy, love, neutral, realization, sadness, surprise",11
absichten,"disappointment, neutral",2
weiß,"admiration, approval, caring, confusion, desire, disapproval, excitement, joy, love, neutral, optimism, realization, sadness, surprise",14
hütte,"admiration, annoyance, curiosity, excitement, fear, joy, love, neutral, realization, sadness",10
sieben,"admiration, amusement, annoyance, approval, curiosity, desire, excitement, fear, gratitude, joy, love, neutral, realization, sadness, surprise",15
zwergen,"admiration, love, neutral, sadness",4
happy,"joy, neutral",2
gehört,"caring, curiosity, disappointment, fear, gratitude, neutral, realization",7
tage,"admiration, caring, joy, neutral, relief",5
verbringen,"amusement, love, neutral",3
erfährt,"admiration, anger, fear, love, neutral, remorse, sadness, surprise",8
lebt,"admiration, annoyance, joy, neutral, sadness",5
wachen,"admiration, caring, fear, neutral",4
treffen,"disappointment, love, neutral, realization, sadness",5
erkennen,"curiosity, neutral, realization",3
bevor,"admiration, approval, confusion, disappointment, fear, joy, neutral, realization, sadness",9
glaubt,"annoyance, caring, neutral",3
gefangen,"anger, fear, neutral, sadness",4
genommen,"anger, curiosity, neutral, remorse",4
mittlerweile,"approval, neutral",2
herausgefunden,"admiration, neutral",2
verwandelt,"anger, annoyance, fear, gratitude, love, neutral, realization, sadness",8
apfel,"love, neutral",2
fluch,"admiration, annoyance, desire, embarrassment, fear, gratitude, love, neutral, sadness",9
todes,"disappointment, neutral, sadness",3
zwerge,"admiration, anger, annoyance, curiosity, joy, love, neutral, realization, sadness",9
arbeit,"admiration, amusement, annoyance, approval, caring, confusion, curiosity, disappointment, fear, joy, neutral, optimism, realization",13
gegangen,"approval, grief, joy, neutral",4
häuschen,"admiration, curiosity, joy, love, neutral",5
sei,"admiration, anger, annoyance, caring, curiosity, disapproval, embarrassment, fear, gratitude, grief, joy, love, neutral, optimism, realization, sadness, surprise",17
stieftochter,"admiration, joy, neutral",3
getötet,"anger, disappointment, disgust, neutral, realization",5
gebracht,"admiration, annoyance, curiosity, neutral, realization, sadness",6
süden,"desire, neutral",2
tod,"admiration, amusement, anger, annoyance, approval, caring, grief, joy, love, neutral, realization, sadness",12
fällt,"admiration, approval, curiosity, disgust, embarrassment, neutral, sadness",7
zurückzieht,"disappointment, neutral",2
finden,"admiration, annoyance, approval, caring, desire, disappointment, disapproval, neutral, sadness",9
körper,"neutral, sadness",2
rückkehr,"disappointment, joy, neutral",3
erwacht,"admiration, annoyance, neutral, realization",4
stürzen,"anger, neutral",2
kammer,"caring, curiosity, joy, neutral",4
tritt,"curiosity, neutral",2
spiegel,"admiration, approval, curiosity, disgust, fear, grief, love, neutral, sadness",9
zerstört,"annoyance, disappointment, neutral",3
quelle,"nervousness, neutral",2
kräfte,"annoyance, neutral",2
glas,"fear, joy, neutral, optimism, sadness",5
verschwindet,"neutral, realization",2
zauberspiegel,"admiration, disappointment, neutral",3
heiraten,"annoyance, desire, disapproval, excitement, joy, love, neutral",7
hans,"admiration, amusement, anger, annoyance, approval, caring, curiosity, embarrassment, fear, gratitude, joy, love, neutral, optimism, realization, sadness, surprise",17
jahren,"admiration, amusement, anger, approval, caring, disappointment, joy, love, neutral, sadness",10
lehre,"neutral, realization",2
mutter,"admiration, amusement, anger, annoyance, approval, caring, curiosity, disappointment, disapproval, embarrassment, gratitude, grief, joy, love, neutral, optimism, realization, sadness",18
ans,"admiration, joy, love, neutral, realization",5
meer,"annoyance, approval, joy, love, neutral",5
zurückkehren,"joy, neutral",2
lohn,"admiration, annoyance, desire, disapproval, fear, neutral, remorse, sadness",8
erhält,"admiration, disappointment, excitement, neutral, remorse, surprise",6
klumpen,"neutral, surprise",2
gold,"admiration, anger, annoyance, caring, curiosity, disapproval, excitement, fear, gratitude, love, neutral, sadness, surprise",13
froh,"curiosity, joy, neutral, relief",4
gelaunt,"admiration, neutral",2
langen,"caring, curiosity, gratitude, love, neutral, pride",6
unterwegs,"caring, gratitude, neutral",3
händler,"disappointment, neutral",2
tochter,"admiration, amusement, anger, annoyance, curiosity, desire, disappointment, disapproval, excitement, fear, gratitude, joy, love, neutral, optimism, realization, sadness, surprise",18
elisabeth,"annoyance, approval, gratitude, joy, neutral, realization, surprise",7
handel,"approval, fear, joy, neutral",4
treiben,"disappointment, neutral",2
großen,"admiration, amusement, curiosity, disappointment, fear, joy, love, nervousness, neutral, realization, sadness",11
goldklumpen,"annoyance, disappointment, neutral, realization",4
unangenehm,"embarrassment, neutral",2
reise,"approval, caring, neutral, realization, sadness",5
erste,"admiration, amusement, approval, curiosity, disapproval, excitement, love, neutral, optimism",9
gelegenheit,"annoyance, neutral",2
tausch,"disappointment, neutral",2
beim,"admiration, desire, excitement, gratitude, joy, nervousness, neutral, realization, sadness, surprise",10
goldes,"anger, neutral",2
pferd,"admiration, anger, annoyance, approval, caring, curiosity, desire, disappointment, disgust, joy, love, neutral, optimism, realization, surprise",15
glücklich,"amusement, desire, joy, love, neutral, optimism, realization, sadness",8
mehr,"admiration, anger, annoyance, approval, confusion, curiosity, desire, disappointment, fear, grief, joy, love, neutral, optimism, realization, sadness, surprise",17
selber,"admiration, desire, disgust, embarrassment, love, neutral",6
laufen,"admiration, anger, annoyance, curiosity, disappointment, embarrassment, neutral, sadness, surprise",9
müssen,"admiration, annoyance, caring, fear, neutral, sadness",6
schneller,"admiration, neutral, pride",3
schwer,"anger, disappointment, fear, joy, neutral, realization, sadness",7
tragen,"admiration, annoyance, confusion, gratitude, neutral, realization, sadness",7
zufrieden,"admiration, disappointment, joy, neutral",4
ab,"admiration, anger, annoyance, disapproval, disgust, joy, neutral, sadness",8
bauer,"approval, fear, joy, neutral",4
kuh,"admiration, love, neutral, realization, surprise",5
tier,"admiration, anger, annoyance, caring, disgust, gratitude, love, nervousness, neutral, realization",10
besitzen,"admiration, love, neutral",3
milch,"admiration, love, neutral, realization",4
geben,"admiration, annoyance, caring, desire, disapproval, love, neutral, sadness",8
danach,"admiration, annoyance, curiosity, desire, neutral",5
ende,"amusement, annoyance, approval, caring, disappointment, grief, joy, love, neutral, optimism, realization, sadness, surprise",13
tages,"admiration, amusement, anger, caring, curiosity, desire, disappointment, disgust, grief, joy, neutral, optimism, pride, realization, sadness, surprise",16
trinken,"admiration, anger, annoyance, approval, disapproval, gratitude, joy, love, nervousness, neutral, realization",11
erst,"admiration, anger, annoyance, curiosity, fear, love, nervousness, neutral, optimism, realization",10
bemerkt,"gratitude, neutral, realization, sadness",4
gar,"admiration, amusement, anger, annoyance, curiosity, disapproval, disgust, fear, joy, love, nervousness, neutral, sadness",13
gibt,"admiration, disappointment, embarrassment, excitement, gratitude, joy, love, neutral, realization, sadness, surprise",11
schwein,"fear, neutral",2
karl,"admiration, neutral",2
erkennt,"admiration, annoyance, curiosity, joy, love, neutral, realization",7
einfach,"embarrassment, neutral",2
erzählt,"admiration, approval, confusion, excitement, neutral, sadness",6
wäre,"admiration, anger, annoyance, approval, caring, curiosity, desire, disgust, embarrassment, fear, joy, love, neutral, realization, sadness, surprise",16
deshalb,"annoyance, caring, disapproval, love, neutral, pride",6
gans,"admiration, amusement, annoyance, curiosity, fear, gratitude, joy, neutral",8
weiteren,"neutral, surprise",2
scherenschleifer,"joy, neutral",2
mühsam,"anger, neutral",2
kommt,"admiration, annoyance, approval, curiosity, disappointment, disapproval, disgust, excitement, fear, gratitude, joy, love, neutral, realization, sadness",15
brunnen,"admiration, amusement, curiosity, disapproval, disgust, gratitude, joy, neutral, realization, sadness",10
schleifstein,"joy, neutral",2
hinein,"admiration, anger, curiosity, disgust, excitement, joy, neutral, sadness",8
drosselbart,"admiration, amusement, annoyance, curiosity, embarrassment, neutral, optimism, remorse",8
königstochter,"admiration, amusement, annoyance, caring, curiosity, disappointment, fear, joy, love, neutral, realization, sadness",12
verspottet,"admiration, neutral",2
bewerber,"disappointment, neutral",2
bemerkung,"gratitude, neutral",2
reichen,"admiration, annoyance, fear, love, neutral",5
wegen,"admiration, anger, disgust, joy, neutral, sadness",6
„,"admiration, amusement, anger, annoyance, approval, caring, confusion, curiosity, disappointment, disapproval, disgust, embarrassment, excitement, fear, gratitude, joy, love, nervousness, neutral, optimism, realization, remorse, sadness, surprise",24
“,"admiration, amusement, anger, annoyance, approval, caring, confusion, curiosity, disappointment, disapproval, disgust, embarrassment, excitement, fear, gratitude, grief, joy, love, nervousness, neutral, optimism, realization, remorse, sadness, surprise",25
prinzessin,"admiration, amusement, anger, annoyance, approval, caring, confusion, curiosity, desire, disappointment, disapproval, disgust, embarrassment, excitement, fear, gratitude, grief, joy, love, neutral, realization, remorse, sadness, surprise",24
endlich,"admiration, anger, annoyance, caring, curiosity, desire, joy, love, neutral, optimism, realization, sadness",12
verheiraten,"desire, neutral, realization",3
geld,"admiration, annoyance, approval, disappointment, joy, neutral",6
langsam,"annoyance, approval, neutral",3
reagiert,"annoyance, disgust, fear, neutral",4
ersten,"admiration, amusement, anger, annoyance, curiosity, disgust, gratitude, love, nervousness, neutral, realization, sadness",12
bettler,"anger, annoyance, disapproval, joy, love, neutral, realization, sadness, surprise",9
nächsten,"admiration, caring, curiosity, desire, disappointment, disapproval, excitement, gratitude, joy, nervousness, neutral, realization, sadness",13
morgen,"admiration, amusement, curiosity, disappointment, embarrassment, fear, gratitude, joy, love, neutral, realization, sadness, surprise",13
schloß,"admiration, amusement, neutral",3
plan,"approval, neutral",2
verkleidet,"anger, annoyance, disgust, love, neutral, realization",6
stelle,"annoyance, caring, love, neutral",4
schwur,"anger, neutral",2
fühlt,"joy, love, neutral, pride, realization",5
prächtigen,"admiration, fear, neutral, surprise",4
wissen,"admiration, caring, curiosity, desire, fear, love, neutral",7
wem,"annoyance, caring, curiosity, neutral, realization",5
gehöre,"annoyance, curiosity, disgust, neutral",4
antwortet,"admiration, neutral",2
meint,"admiration, annoyance, approval, confusion, disapproval, embarrassment, gratitude, joy, love, neutral, optimism, realization, sadness",13
oh,"gratitude, neutral",2
arme,"admiration, amusement, caring, disgust, grief, joy, nervousness, neutral, sadness",9
jungfrau,"admiration, desire, disgust, excitement, fear, neutral, realization, sadness",8
zart,"admiration, neutral",2
hätt,"admiration, neutral, surprise",3
drosselbart.,"annoyance, neutral",2
spiel,"approval, fear, neutral, realization",4
wiederholt,"annoyance, neutral",2
königs,"admiration, anger, curiosity, disappointment, disapproval, embarrassment, joy, love, neutral, optimism, pride, realization, sadness, surprise",14
gewohnt,"love, neutral",2
sofort,"admiration, caring, curiosity, love, neutral, realization, sadness",7
hart,"amusement, neutral, pride, sadness",4
dinge,"admiration, caring, joy, neutral, optimism",5
entsetzen,"neutral, realization",2
wider,"admiration, neutral, sadness",3
erwarten,"excitement, gratitude, neutral, sadness",4
schicksal,"admiration, caring, disappointment, neutral, optimism, realization, sadness",7
versucht,"anger, approval, disappointment, disgust, fear, neutral, realization, sadness",8
bewältigen,"approval, neutral",2
besonders,"admiration, approval, disgust, nervousness, neutral, sadness",6
gut,"admiration, caring, disapproval, disgust, fear, gratitude, love, neutral, realization, sadness",10
geschirr,"admiration, curiosity, neutral",3
menschen,"admiration, amusement, anger, annoyance, approval, curiosity, desire, disapproval, disgust, fear, joy, love, neutral, optimism, realization, sadness",16
verkaufen,"admiration, desire, neutral",3
mannes,"admiration, disapproval, joy, neutral, optimism",5
küchenmagd,"annoyance, embarrassment, neutral",3
großem,"disgust, neutral",2
hält,"caring, curiosity, disapproval, joy, neutral, surprise",6
zeit,"admiration, amusement, anger, annoyance, approval, caring, curiosity, disappointment, disgust, gratitude, joy, love, neutral, realization, sadness, surprise",16
gekommen,"admiration, anger, caring, curiosity, excitement, joy, love, nervousness, neutral, optimism, realization, sadness",12
tatsächlich,"admiration, approval, neutral, surprise",4
verheiratet,"love, neutral",2
prachtvollen,"desire, neutral",2
hochzeit,"admiration, amusement, caring, disappointment, disgust, excitement, joy, love, neutral, realization, surprise",11
standesgemäß,"disapproval, neutral",2
ähnlich,"love, neutral, sadness",3
inzwischen,"admiration, annoyance, caring, grief, neutral, optimism, realization, sadness",8
erscheint,"admiration, amusement, annoyance, caring, desire, disapproval, joy, love, neutral, surprise",10
festlich,"joy, neutral",2
gekleidet,"admiration, joy, neutral",3
strahlend,"admiration, love, neutral",3
gevatter,"annoyance, love, neutral",3
kind,"admiration, amusement, anger, annoyance, approval, caring, desire, disappointment, disapproval, disgust, excitement, fear, grief, joy, love, nervousness, neutral, optimism, realization, sadness",20
jörg,"grief, neutral",2
gott,"admiration, amusement, desire, disappointment, fear, gratitude, love, neutral, realization, sadness, surprise",11
teufel,"amusement, anger, annoyance, caring, confusion, curiosity, disappointment, disgust, fear, gratitude, love, neutral, realization",13
abgelehnt,"disappointment, neutral",2
mache,"admiration, caring, neutral",3
verführen,"approval, neutral",2
paten,"annoyance, neutral",2
patenkind,"neutral, realization",2
medizin,"gratitude, neutral, surprise",3
arzt,"admiration, caring, grief, neutral",4
berühmter,"admiration, neutral",2
reicher,"annoyance, neutral, surprise",3
abmachung,"amusement, neutral",2
darf,"anger, disapproval, joy, neutral, realization, sadness",6
heilen,"admiration, approval, neutral",3
kopf,"admiration, amusement, annoyance, approval, confusion, disgust, fear, joy, love, neutral, realization, sadness",12
füßen,"admiration, confusion, disgust, grief, joy, neutral",6
aus.,"love, neutral",2
stadt,"admiration, anger, annoyance, curiosity, gratitude, neutral, remorse",7
bricht,"anger, disgust, fear, joy, neutral, sadness",6
bürgermeister,"neutral, sadness",2
willen,"caring, gratitude, neutral, surprise",4
ebenfalls,"approval, gratitude, neutral, sadness",4
sterben,"admiration, anger, annoyance, caring, curiosity, love, neutral, sadness",8
darüber,"admiration, annoyance, disappointment, joy, neutral, remorse, sadness",7
aufgenommen,"admiration, neutral",2
verliebt,"admiration, love, neutral, realization, sadness",5
barbaras,"grief, neutral",2
retten,"anger, caring, fear, grief, neutral, sadness",6
daher,"admiration, annoyance, caring, neutral, surprise",5
abermals,"annoyance, caring, neutral",3
fast,"admiration, anger, curiosity, disgust, excitement, fear, grief, joy, neutral, sadness",10
erinnert,"joy, neutral",2
natur,"annoyance, neutral, pride",3
jugend,"neutral, sadness",2
weigert,"disappointment, neutral, sadness",3
fragt,"curiosity, desire, neutral, surprise",4
schließlich,"admiration, curiosity, fear, joy, love, neutral, realization, sadness",8
sag,"curiosity, neutral",2
willst,"annoyance, caring, confusion, fear, love, nervousness, neutral",7
mädchens,"admiration, annoyance, joy, neutral",4
sehen,"admiration, annoyance, curiosity, desire, disgust, gratitude, love, neutral, realization, sadness, surprise",11
große,"admiration, amusement, approval, caring, curiosity, excitement, fear, joy, love, nervousness, neutral, optimism, remorse, sadness, surprise",15
kerze,"disappointment, neutral",2
licht,"admiration, anger, annoyance, approval, caring, curiosity, disgust, fear, joy, neutral, realization, sadness",12
worten,"love, neutral, realization",3
zurückgekehrt,"joy, neutral",2
stanislaus,"grief, neutral",2
gehörte,"love, neutral, pride",3
tot,"amusement, anger, fear, grief, joy, love, neutral, sadness, surprise",9
treppe,"admiration, annoyance, joy, neutral, sadness",5
hauses,"admiration, joy, neutral",3
liegt,"curiosity, fear, neutral, sadness",4
getan,"amusement, annoyance, approval, caring, fear, neutral, realization, remorse",8
verlässt,"love, neutral",2
letzten,"amusement, approval, disapproval, fear, joy, neutral, realization",7
begegnung,"admiration, neutral, sadness",3
liebsten,"caring, love, neutral, sadness",4
sagt,"admiration, approval, curiosity, disgust, joy, love, neutral, realization",8
viele,"admiration, annoyance, approval, curiosity, disappointment, fear, joy, love, neutral, realization, sadness",11
wohl.,"love, neutral",2
michael,"admiration, neutral, sadness",3
volk,"anger, annoyance, joy, love, neutral",5
maria,"neutral, sadness",2
stück,"admiration, caring, disgust, joy, neutral, sadness",6
matthäus,"neutral, surprise",2
anna,"admiration, neutral, sadness, surprise",4
gedient,"admiration, neutral, optimism",3
urteil,"love, neutral",2
weshalb,"neutral, surprise",2
hof,"admiration, annoyance, curiosity, disappointment, disgust, fear, neutral, optimism, sadness",9
falschen,"annoyance, joy, neutral",3
bart,"admiration, anger, disgust, joy, neutral",5
kinn,"amusement, neutral",2
fenster,"admiration, amusement, anger, annoyance, curiosity, disgust, love, neutral",8
blick,"admiration, anger, curiosity, embarrassment, love, neutral, realization",7
schlafgemach,"disapproval, neutral",2
drossel,"admiration, amusement, neutral",3
freier,"admiration, amusement, anger, joy, neutral",5
weist,"annoyance, joy, neutral",3
lustig,"amusement, joy, love, neutral",4
lieber,"admiration, curiosity, disgust, embarrassment, love, neutral",6
genug,"admiration, anger, neutral, realization",4
hochmut,"admiration, annoyance, neutral",3
erstes,"neutral, optimism",2
schwelle,"admiration, neutral",2
folgenden,"amusement, anger, neutral, relief",4
gefunden,"admiration, approval, caring, disgust, joy, love, neutral, realization",8
nieder,"admiration, disgust, gratitude, grief, joy, love, nervousness, neutral, optimism, sadness",10
verbirgt,"disappointment, neutral",2
arbeitet,"anger, neutral",2
finger,"admiration, anger, disgust, neutral, optimism",5
rühren,"disgust, neutral",2
brot,"admiration, annoyance, approval, disgust, embarrassment, neutral, sadness, surprise",8
zerbricht,"neutral, optimism, realization",3
ungeschickt,"admiration, embarrassment, neutral, realization",4
kleidung,"admiration, fear, neutral, realization",4
fährmann,"approval, fear, neutral",3
befehl,"neutral, sadness",2
erhalten,"love, neutral",2
paar,"admiration, annoyance, curiosity, desire, fear, joy, neutral",7
übrig,"anger, neutral",2
zeigt,"admiration, approval, curiosity, joy, neutral, realization",6
steuern,"admiration, approval, disappointment, neutral",4
bezahlen,"confusion, disapproval, neutral, sadness, surprise",5
sparen,"amusement, neutral",2
wenigen,"fear, neutral, sadness",3
neues,"annoyance, approval, joy, love, neutral, realization, sadness",7
erscheinen,"admiration, joy, neutral, sadness",4
männer,"anger, annoyance, desire, disappointment, fear, neutral, realization",7
geht,"admiration, anger, curiosity, joy, love, neutral, realization, sadness",8
statt,"curiosity, love, neutral, remorse, sadness, surprise",6
krügen,"approval, neutral",2
markt,"anger, approval, neutral",3
stand,"admiration, amusement, anger, annoyance, caring, desire, excitement, fear, gratitude, grief, joy, love, neutral, pride, realization, sadness, surprise",17
außer,"annoyance, neutral, sadness",3
samt,"admiration, annoyance, disgust, neutral, optimism",5
handelt,"admiration, curiosity, neutral, realization",4
hilfe,"admiration, approval, caring, desire, disappointment, gratitude, neutral, optimism, sadness",9
gelangt,"curiosity, fear, joy, neutral, realization",5
unterdessen,"anger, neutral",2
köchin,"admiration, desire, disapproval, gratitude, neutral",5
bleiben,"admiration, fear, joy, love, neutral, sadness",6
verloren,"annoyance, approval, caring, curiosity, disappointment, gratitude, joy, neutral, sadness",9
appetit,"caring, neutral",2
küche,"admiration, amusement, desire, neutral",4
überaus,"admiration, annoyance, neutral",3
fleißig,"admiration, annoyance, neutral, realization",4
immer,"admiration, amusement, annoyance, approval, caring, curiosity, desire, disappointment, disgust, excitement, fear, love, neutral, optimism, realization, remorse, sadness, surprise",18
vermeintlichen,"joy, love, neutral, realization",4
eilt,"admiration, love, neutral",3
frei,"admiration, approval, gratitude, joy, love, neutral, sadness",7
bietet,"approval, neutral, surprise",3
tun,"annoyance, caring, gratitude, joy, neutral, sadness",6
bedeutet,"joy, neutral, realization",3
eigenes,"disappointment, joy, neutral, realization",4
länger,"confusion, disapproval, nervousness, neutral, realization, sadness",6
hochmütig,"admiration, neutral",2
klärt,"confusion, neutral",2
hals,"admiration, anger, caring, fear, neutral",5
fallen,"caring, disgust, fear, joy, love, neutral, sadness",7
warten,"caring, love, nervousness, neutral",4
gelernt,"approval, love, neutral, realization",4
wirklich,"admiration, caring, nervousness, neutral",4
weinend,"neutral, sadness",2
küssen,"love, neutral",2
fahren,"anger, annoyance, fear, joy, neutral",5
königlichen,"annoyance, caring, desire, love, neutral, sadness",6
jorinde,"admiration, amusement, excitement, joy, love, neutral",6
and,"amusement, neutral",2
joringel,"admiration, amusement, annoyance, disgust, excitement, grief, joy, love, neutral, sadness",10
märchen,"admiration, joy, love, neutral",4
gestellt,"admiration, neutral, optimism",3
wobei,"curiosity, joy, neutral",3
miteinander,"joy, neutral",2
wurden,"admiration, anger, annoyance, disappointment, embarrassment, joy, neutral, sadness",8
töchterchen,"admiration, desire, neutral",3
heißt,"admiration, neutral, realization",3
nennen,"excitement, love, neutral",3
familie,"admiration, annoyance, grief, neutral, sadness",5
kindern,"anger, annoyance, curiosity, joy, neutral, sadness",6
verborgen,"caring, neutral, optimism",3
wäldern,"neutral, sadness",2
moor,"disappointment, neutral, sadness",3
unterschlupf,"annoyance, neutral, sadness",3
kinder,"admiration, anger, annoyance, approval, caring, curiosity, disappointment, fear, gratitude, grief, love, neutral, relief, sadness",14
währt,"neutral, surprise",2
welt,"admiration, anger, annoyance, caring, curiosity, desire, disapproval, embarrassment, excitement, fear, gratitude, grief, joy, love, neutral, optimism, realization, sadness, surprise",19
krieg,"admiration, anger, disappointment, grief, neutral, realization, sadness",7
dabei,"admiration, annoyance, approval, caring, curiosity, desire, gratitude, love, neutral, realization, sadness",11
mordgesellen,"disappointment, neutral",2
spur,"caring, neutral, surprise",3
steht,"admiration, approval, caring, curiosity, disgust, fear, joy, love, neutral, sadness, surprise",11
singt,"joy, love, neutral",3
wollt,"admiration, annoyance, neutral",3
fern,"admiration, gratitude, neutral",3
…,"love, neutral, sadness",3
könnt,"admiration, annoyance, neutral, sadness",4
plötzlich,"admiration, annoyance, curiosity, excitement, fear, gratitude, love, neutral, realization, sadness, surprise",11
augen,"admiration, amusement, anger, annoyance, approval, caring, confusion, disappointment, disgust, gratitude, joy, love, neutral, realization, remorse, sadness, surprise",17
verschwunden,"admiration, annoyance, disappointment, neutral, realization, sadness",6
seltsam,"disgust, neutral, surprise",3
eule,"annoyance, neutral",2
offen,"neutral, sadness",2
jorindes,"disappointment, neutral",2
verschwinden,"anger, annoyance, disgust, joy, neutral",5
eltern,"admiration, anger, approval, desire, disappointment, joy, love, neutral, sadness, surprise",10
tag,"admiration, amusement, annoyance, approval, caring, curiosity, desire, embarrassment, excitement, gratitude, joy, love, neutral, realization, relief, sadness",16
nacht,"admiration, amusement, confusion, disgust, fear, joy, love, neutral, realization, sadness, surprise",11
landsknechte,"anger, neutral",2
durchs,"anger, embarrassment, love, neutral",4
heim,"embarrassment, fear, gratitude, joy, love, neutral, optimism, sadness, surprise",9
entdeckt,"admiration, caring, neutral, realization",4
burg,"amusement, annoyance, curiosity, desire, disappointment, fear, joy, neutral, realization, sadness",10
lied,"amusement, excitement, joy, love, nervousness, neutral",6
ringlein,"love, nervousness, neutral",3
singen,"admiration, amusement, curiosity, excitement, love, neutral",6
kraft,"excitement, neutral, realization",3
käfige,"neutral, surprise",2
darin,"admiration, anger, annoyance, caring, curiosity, desire, neutral, sadness, surprise",9
hängen,"annoyance, curiosity, embarrassment, neutral, sadness",5
dürfe,"annoyance, disapproval, gratitude, neutral",4
mitnehmen,"neutral, realization, sadness",3
möge,"joy, neutral, optimism",3
schlüssel,"joy, neutral",2
liebenden,"neutral, optimism",2
zauberin,"love, neutral, surprise",3
schenkt,"amusement, confusion, disappointment, neutral, pride",5
menschliche,"annoyance, confusion, desire, joy, love, neutral, realization",7
gestalt,"admiration, annoyance, confusion, desire, disappointment, disgust, joy, love, neutral, realization, sadness",11
gehen,"admiration, annoyance, approval, curiosity, disappointment, excitement, gratitude, love, neutral, sadness",10
ewig,"annoyance, fear, neutral",3
erreichen,"disappointment, neutral",2
festen,"approval, neutral",2
abwesenheit,"curiosity, neutral",2
gefahr,"admiration, fear, gratitude, neutral, sadness",5
rennt,"curiosity, disappointment, fear, neutral",4
gerade,"admiration, amusement, anger, annoyance, caring, gratitude, joy, neutral, sadness",9
gelingt,"admiration, amusement, approval, disappointment, neutral",5
kreaturen,"anger, neutral",2
schlagen,"admiration, fear, neutral, surprise",4
beginnt,"admiration, annoyance, joy, love, neutral, realization",6
vernehmen,"amusement, neutral, surprise",3
rennen,"neutral, sadness",2
freudig,"admiration, neutral",2
alte,"admiration, amusement, anger, annoyance, caring, curiosity, disapproval, disgust, embarrassment, fear, grief, joy, love, neutral, realization, sadness",16
baum,"admiration, amusement, annoyance, confusion, curiosity, disappointment, fear, joy, neutral, realization",10
holle,"admiration, annoyance, caring, fear, gratitude, neutral, sadness",7
witwe,"annoyance, neutral",2
töchter,"admiration, annoyance, confusion, curiosity, neutral, sadness",6
kaum,"admiration, annoyance, approval, disappointment, disgust, embarrassment, fear, joy, love, neutral, realization, sadness, surprise",13
marie,"admiration, caring, fear, gratitude, joy, love, neutral, sadness",8
fleiß,"joy, neutral",2
haushalt,"caring, neutral",2
luise,"admiration, amusement, annoyance, curiosity, grief, joy, neutral, realization, remorse, sadness",10
haut,"excitement, neutral, realization, sadness",4
gegensatz,"approval, neutral",2
jedermann,"admiration, annoyance, love, neutral",4
hilft,"caring, embarrassment, love, neutral",4
faul,"admiration, annoyance, neutral, realization",4
neidisch,"annoyance, disapproval, neutral",3
struppi,"joy, neutral",2
hund,"annoyance, desire, disappointment, joy, neutral",5
kümmert,"confusion, joy, neutral",3
wohl,"admiration, amusement, approval, caring, confusion, curiosity, desire, fear, joy, love, neutral, pride, realization, sadness",14
sodass,"curiosity, disappointment, fear, neutral",4
schwester,"amusement, annoyance, curiosity, joy, love, neutral, optimism, sadness",8
sogar,"admiration, approval, desire, joy, neutral",5
überlassen,"admiration, neutral",2
geschützt,"neutral, realization",2
tanzfest,"joy, neutral",2
wolle,"admiration, curiosity, joy, neutral, realization",5
spinnen,"amusement, fear, joy, neutral, realization, sadness",6
spindel,"amusement, annoyance, curiosity, joy, neutral, sadness",6
land,"admiration, amusement, anger, approval, curiosity, desire, disapproval, fear, gratitude, grief, joy, neutral, optimism, realization, sadness",15
frage,"confusion, fear, neutral",3
winter,"admiration, neutral, sadness",3
frühling,"admiration, gratitude, neutral",3
ruft,"caring, neutral",2
jemand,"admiration, curiosity, embarrassment, joy, neutral, sadness, surprise",7
zieh,"admiration, neutral",2
verbrennen,"anger, neutral",2
natürlich,"admiration, curiosity, neutral",3
befreit,"gratitude, love, neutral",3
backofen,"neutral, realization",2
ach,"admiration, amusement, caring, curiosity, disappointment, excitement, fear, love, nervousness, neutral, realization, remorse, sadness, surprise",14
äpfel,"admiration, confusion, curiosity, disappointment, gratitude, neutral",6
begrüßt,"admiration, neutral",2
tisch,"admiration, approval, embarrassment, fear, joy, love, neutral",7
könne,"admiration, annoyance, caring, confusion, desire, fear, gratitude, joy, love, neutral, optimism, realization",12
müsse,"admiration, anger, disapproval, neutral",4
haus,"admiration, amusement, annoyance, approval, curiosity, embarrassment, fear, gratitude, love, neutral, realization, sadness, surprise",13
sauber,"admiration, neutral",2
halten,"admiration, amusement, annoyance, neutral, realization",5
blumen,"joy, neutral",2
betten,"neutral, sadness",2
–,"admiration, amusement, anger, annoyance, caring, confusion, curiosity, desire, disappointment, disapproval, disgust, excitement, fear, gratitude, joy, love, neutral, optimism, pride, realization, sadness",21
maries,"admiration, joy, neutral, sadness",4
gemacht,"admiration, neutral",2
überhaupt,"admiration, neutral, surprise",3
gefällt,"love, neutral, surprise",3
mault,"neutral, sadness",2
ecken,"disapproval, neutral",2
solle,"anger, annoyance, confusion, disgust, fear, gratitude, joy, neutral, surprise",9
erde,"admiration, anger, disappointment, embarrassment, fear, gratitude, joy, love, neutral, realization, sadness, surprise",12
freude,"admiration, approval, curiosity, desire, disgust, gratitude, joy, love, neutral, optimism, realization, sadness",12
sehnsucht,"confusion, neutral, surprise",3
freunden,"joy, neutral, surprise",3
herab,"admiration, neutral, realization, sadness",4
gefallen,"admiration, anger, annoyance, caring, joy, love, neutral, sadness",8
reinem,"admiration, neutral",2
feiert,"excitement, neutral",2
niemand,"admiration, annoyance, approval, caring, confusion, curiosity, disappointment, disapproval, joy, love, neutral, realization, sadness",13
beschließt,"anger, neutral",2
springt,"caring, gratitude, neutral",3
absichtlich,"neutral, sadness",2
verletzt,"confusion, neutral, sadness",3
selben,"admiration, love, neutral, realization",4
allerdings,"amusement, anger, annoyance, disgust, fear, neutral",6
völlig,"neutral, sadness",2
herausziehen,"joy, neutral",2
einziges,"annoyance, caring, love, neutral",4
ofen,"admiration, annoyance, neutral",3
hunger,"neutral, sadness",2
raben,"anger, annoyance, desire, disgust, fear, neutral, realization, surprise",8
zeige,"admiration, neutral",2
gute,"admiration, anger, desire, fear, gratitude, joy, neutral, realization, sadness, surprise",10
schlechte,"neutral, realization, sadness",3
erledigt,"admiration, neutral",2
widerwillig,"approval, desire, neutral, relief",4
schnee,"admiration, amusement, excitement, joy, neutral, realization, sadness",7
hofft,"neutral, optimism, sadness",3
schnell,"admiration, anger, approval, curiosity, disappointment, fear, gratitude, neutral, remorse, surprise",10
kissen,"caring, neutral",2
verdienten,"fear, neutral",2
schicken,"annoyance, neutral",2
kräht,"excitement, neutral",2
hahn,"admiration, amusement, approval, curiosity, disappointment, excitement, neutral, sadness",8
kikeriki,"amusement, excitement, neutral, sadness",4
hie,"neutral, sadness",2
dorfbewohner,"caring, fear, neutral",3
lachen,"amusement, annoyance, joy, love, neutral, sadness, surprise",7
früher,"caring, fear, neutral, sadness",4
neuer,"joy, neutral",2
ganz,"admiration, amusement, anger, annoyance, caring, curiosity, desire, fear, joy, love, neutral, pride, realization, sadness, surprise",15
hilfsbereitschaft,"admiration, neutral",2
guten,"admiration, annoyance, fear, gratitude, joy, neutral, sadness, surprise",8
tat,"admiration, anger, annoyance, approval, caring, confusion, joy, love, neutral, realization, remorse, sadness",12
stückchen,"admiration, neutral",2
pech,"annoyance, neutral, realization, sadness",4
golden,"admiration, neutral",2
vergaß,"admiration, neutral, realization",3
tut,"approval, caring, neutral, optimism, realization, sadness",6
helfen,"admiration, caring, desire, fear, love, nervousness, neutral, realization, relief, sadness, surprise",11
gleich,"admiration, anger, annoyance, fear, love, nervousness, neutral, sadness",8
’,"amusement, neutral, realization, sadness",4
jakob,"annoyance, approval, curiosity, embarrassment, love, neutral, realization, surprise",8
eigenen,"admiration, approval, curiosity, desire, fear, love, neutral, realization, sadness",9
beine,"amusement, annoyance, curiosity, neutral, pride, realization",6
steuereintreiber,"disapproval, neutral",2
entgegen,"fear, joy, love, neutral, realization, sadness",6
bauern,"anger, annoyance, disapproval, neutral",4
obwohl,"admiration, amusement, anger, annoyance, fear, love, neutral, sadness, surprise",9
je,"admiration, caring, joy, neutral, realization",5
räuber,"admiration, approval, curiosity, fear, neutral",5
gesehen,"admiration, disgust, joy, love, neutral, realization, sadness, surprise",8
kurzerhand,"caring, neutral",2
empfangen,"admiration, joy, neutral",3
stets,"admiration, annoyance, joy, neutral, realization, sadness",6
vermutet,"joy, neutral",2
brief,"admiration, anger, caring, fear, neutral, realization, surprise",7
schreiben,"disapproval, neutral, realization",3
bestimmt,"admiration, disappointment, gratitude, neutral",4
geführt,"anger, gratitude, neutral, sadness",4
tief,"admiration, caring, disgust, fear, gratitude, joy, love, neutral, realization",9
ehe,"admiration, disapproval, love, neutral, surprise",5
willigt,"joy, neutral",2
bedingung,"admiration, neutral",2
goldenen,"admiration, annoyance, caring, curiosity, desire, fear, joy, love, neutral, realization, surprise",11
haare,"admiration, caring, confusion, excitement, neutral, sadness",6
bringe,"admiration, gratitude, neutral",3
fragen,"annoyance, caring, curiosity, neutral",4
warum,"admiration, annoyance, confusion, curiosity, neutral, realization, sadness, surprise",8
wasser,"admiration, amusement, annoyance, caring, curiosity, desire, gratitude, joy, love, nervousness, neutral, realization, relief, sadness, surprise",15
hölle,"annoyance, caring, joy, neutral",4
angekommen,"admiration, approval, disappointment, joy, nervousness, neutral, surprise",7
gehalten,"caring, disappointment, disgust, joy, neutral",5
freut,"joy, neutral, surprise",3
streit,"disappointment, neutral, sadness",3
suppe,"admiration, neutral",2
rolle,"admiration, neutral",2
ziehen,"anger, annoyance, desire, fear, neutral",5
befindet,"embarrassment, neutral",2
esel,"admiration, approval, disappointment, disapproval, gratitude, neutral, realization, sadness",8
legen,"anger, neutral",2
ganzen,"admiration, amusement, anger, annoyance, caring, curiosity, excitement, grief, joy, neutral, sadness",11
gegessen,"admiration, curiosity, joy, neutral",4
weinfass,"gratitude, neutral",2
bräutigam,"love, neutral, sadness",3
getanzt,"admiration, neutral",2
hänsel,"admiration, anger, disgust, joy, neutral, realization, sadness",7
gretel,"anger, annoyance, caring, disappointment, joy, neutral, sadness",7
armen,"admiration, annoyance, joy, love, neutral, sadness",6
großer,"admiration, caring, fear, joy, love, neutral, surprise",7
armut,"admiration, disappointment, love, neutral, sadness",5
dadurch,"admiration, neutral",2
lage,"neutral, sadness",2
sorgen,"amusement, annoyance, caring, fear, joy, love, nervousness, neutral, realization",9
not,"approval, caring, disapproval, disgust, fear, gratitude, joy, love, neutral, optimism",10
größer,"admiration, fear, neutral, sadness",4
überredet,"neutral, relief",2
geschwister,"admiration, love, neutral, realization, sadness",5
frühe,"admiration, neutral",2
feuer,"admiration, amusement, anger, annoyance, approval, caring, curiosity, disgust, fear, love, neutral, realization, sadness",13
gesteckt,"fear, neutral",2
dämmerung,"neutral, realization",2
hoffnung,"desire, neutral, optimism, realization",4
gelegt,"love, neutral, realization",3
abends,"admiration, anger, desire, disapproval, fear, joy, love, neutral, realization, surprise",10
haustür,"love, neutral",2
schöner,"admiration, joy, neutral",3
vögel,"admiration, caring, joy, love, neutral, sadness",6
weile,"desire, disappointment, neutral, sadness",4
hungrig,"fear, neutral, sadness",3
verwundert,"neutral, surprise",2
anfangen,"annoyance, disappointment, fear, neutral, sadness",5
daran,"admiration, approval, curiosity, disappointment, fear, love, neutral, realization, sadness",9
hören,"curiosity, disappointment, joy, neutral, realization",5
stimme,"admiration, curiosity, disapproval, disgust, fear, joy, love, neutral, realization, sadness, surprise",11
antworten,"confusion, neutral",2
hexe,"admiration, amusement, anger, annoyance, caring, disgust, fear, neutral, realization, sadness",10
trotz,"admiration, approval, caring, disgust, gratitude, grief, joy, love, neutral, realization, surprise",11
besteht,"disapproval, neutral",2
einladung,"neutral, surprise",2
ahnen,"disapproval, neutral",2
mästen,"anger, neutral",2
backen,"admiration, neutral, sadness",3
entdecken,"admiration, caring, neutral",3
öffnen,"disappointment, neutral, optimism",3
edelsteine,"admiration, love, neutral",3
taschen,"neutral, sadness",2
voll,"admiration, annoyance, caring, confusion, desire, disappointment, joy, nervousness, neutral, realization, sadness",11
verlassen,"anger, caring, desire, embarrassment, grief, love, neutral, optimism, sadness",9
kehren,"neutral, sadness",2
lebens,"admiration, caring, grief, joy, love, neutral, realization, sadness",8
königreich,"admiration, amusement, confusion, desire, excitement, grief, joy, neutral, realization, sadness",10
jüngsten,"admiration, caring, fear, gratitude, neutral",5
schneeweißchen,"admiration, joy, love, neutral, optimism, relief, sadness",7
rosenrot,"admiration, annoyance, joy, love, neutral, relief",6
weißen,"admiration, joy, neutral, surprise",4
rose,"admiration, confusion, neutral",3
kleine,"admiration, annoyance, caring, confusion, curiosity, disgust, gratitude, love, neutral, sadness",10
verabschiedet,"love, neutral",2
töchtern,"disgust, embarrassment, neutral",3
leute,"admiration, amusement, anger, annoyance, curiosity, embarrassment, excitement, fear, love, neutral, realization, sadness",12
rosenöl,"neutral, sadness",2
schwestern,"admiration, anger, approval, caring, curiosity, disapproval, excitement, neutral, sadness",9
nahen,"approval, neutral",2
prinz,"admiration, annoyance, caring, curiosity, desire, disappointment, fear, gratitude, joy, love, neutral, realization, remorse, surprise",14
sohnes,"grief, neutral",2
zwerg,"annoyance, caring, curiosity, disapproval, disgust, fear, joy, neutral, realization, sadness, surprise",11
gewand,"admiration, desire, disappointment, love, neutral, realization",6
kaufmann,"admiration, anger, desire, gratitude, neutral",5
garstigen,"embarrassment, neutral",2
gesellen,"admiration, annoyance, neutral",3
ausgehängt,"curiosity, neutral",2
pferde,"admiration, caring, curiosity, disgust, fear, joy, neutral, sadness",8
stellen,"neutral, realization, remorse",3
zudem,"love, neutral, optimism",3
neben,"joy, love, neutral, realization, remorse, sadness",6
geburt,"fear, gratitude, neutral, sadness",4
verzauberte,"admiration, love, neutral",3
tor,"annoyance, joy, neutral",3
pflanzen,"caring, gratitude, neutral",3
unmöglich,"amusement, neutral, sadness",3
herzen,"admiration, annoyance, approval, caring, desire, excitement, fear, gratitude, joy, love, neutral, pride, realization, sadness, surprise",15
dürfen,"anger, neutral",2
eintreten,"neutral, sadness",2
prinzen,"admiration, anger, annoyance, approval, caring, desire, disappointment, fear, gratitude, grief, joy, love, neutral, optimism, realization, sadness, surprise",17
begegnen,"excitement, fear, neutral",3
bösen,"annoyance, disgust, joy, neutral, realization, relief, sadness",7
befreien,"love, neutral",2
beschimpft,"disappointment, neutral",2
schwert,"anger, disgust, neutral, realization, sadness",5
bären,"annoyance, neutral, realization",3
jagen,"disgust, neutral",2
durchstreifen,"admiration, neutral",2
wiederum,"admiration, anger, embarrassment, gratitude, neutral",5
notlage,"neutral, sadness",2
fisch,"caring, desire, neutral",3
schneidet,"caring, joy, neutral",3
dank,"gratitude, neutral",2
hohen,"disappointment, neutral",2
felsen,"admiration, disappointment, disgust, fear, neutral, sadness",6
erzählen,"annoyance, approval, joy, love, neutral, realization",6
gegenüber,"annoyance, approval, curiosity, neutral",4
langer,"admiration, disgust, neutral, realization",4
größte,"admiration, joy, neutral, pride",4
schatz,"admiration, anger, neutral, sadness",4
zwerges,"admiration, neutral",2
verwandeln,"admiration, neutral",2
klopft,"annoyance, neutral, surprise",3
tür,"admiration, caring, fear, love, neutral, sadness, surprise",7
bär,"admiration, annoyance, caring, fear, love, neutral, realization, sadness",8
dorthin,"fear, neutral",2
gesund,"admiration, curiosity, joy, love, neutral, relief, sadness",7
sprechen,"annoyance, caring, love, neutral, sadness",5
traut,"neutral, optimism, sadness",3
naht,"caring, desire, neutral, optimism",4
rosenhecke,"annoyance, desire, neutral",3
verschlungen,"neutral, realization",2
lag,"admiration, anger, curiosity, disappointment, fear, gratitude, nervousness, neutral, realization, sadness",10
löst,"admiration, love, neutral",3
abenteuer,"excitement, neutral",2
genauso,"admiration, love, neutral",3
zukunft,"gratitude, love, neutral, realization",4
gestiefelte,"annoyance, neutral",2
kater,"admiration, annoyance, desire, fear, gratitude, joy, neutral, sadness, surprise",9
eingegangen,"neutral, surprise",2
humpty,"fear, neutral, sadness",3
dumpty,"neutral, sadness",2
katze,"admiration, curiosity, disappointment, neutral",4
kitty,"fear, joy, neutral, sadness",4
bekannte,"admiration, love, neutral",3
goldene,"admiration, confusion, curiosity, desire, disappointment, excitement, gratitude, joy, love, neutral, optimism, realization, sadness",13
eier,"admiration, neutral",2
zauberbohnen,"gratitude, neutral",2
ranke,"caring, neutral",2
himmel,"admiration, anger, gratitude, joy, love, neutral, surprise",7
wachsen,"caring, fear, neutral",3
bohnen,"caring, neutral",2
gehören,"admiration, neutral, remorse",3
jack,"fear, neutral",2
jill,"fear, neutral",2
bewacht,"fear, neutral",2
einzige,"admiration, caring, curiosity, gratitude, neutral, realization",6
kämpfen,"admiration, neutral, realization",3
schwarze,"admiration, approval, desire, disgust, love, neutral, realization",7
entbrennt,"curiosity, neutral",2
samtpfote,"joy, neutral",2
entpuppt,"annoyance, neutral",2
freund,"amusement, anger, annoyance, fear, neutral, realization, sadness",7
alexander,"neutral, sadness",2
mithilfe,"admiration, neutral",2
schuld,"curiosity, disappointment, fear, grief, neutral, realization, remorse, sadness",8
lehnt,"disapproval, neutral",2
geschichte,"embarrassment, excitement, neutral, sadness",4
wächst,"admiration, curiosity, gratitude, joy, love, neutral",6
gründen,"curiosity, neutral",2
ziemlich,"curiosity, neutral",2
gerechtigkeit,"neutral, realization",2
moment,"amusement, disappointment, joy, neutral, realization, surprise",6
hut,"annoyance, neutral",2
stiefel,"neutral, surprise",2
bewundert,"admiration, neutral",2
nachts,"admiration, fear, neutral",3
sache,"annoyance, neutral, sadness",3
schulden,"approval, neutral, sadness",3
merkt,"neutral, realization",2
san-ricardo-bank,"admiration, neutral",2
auszurauben,"admiration, neutral",2
spät,"admiration, fear, neutral, surprise",4
flieht,"anger, disappointment, fear, neutral",4
festgenommen,"admiration, neutral",2
stimmt,"approval, neutral",2
verfolgen,"fear, neutral",2
entkommen,"annoyance, gratitude, neutral",3
gelangen,"fear, neutral, sadness",3
hoch,"joy, neutral, realization",3
riesen,"annoyance, neutral",2
verstorben,"grief, neutral",2
voller,"admiration, curiosity, disappointment, grief, joy, love, neutral, realization, sadness",9
goldener,"annoyance, neutral, realization",3
schrecken,"fear, neutral, realization",3
entführt,"neutral, sadness",2
knapp,"annoyance, neutral",2
schlafen,"admiration, anger, love, neutral",4
bewusstlos,"curiosity, neutral, sadness",3
geschlagen,"fear, neutral",2
gang,"gratitude, neutral",2
erlangt,"joy, neutral",2
reichtum,"annoyance, joy, love, neutral",4
laut,"admiration, amusement, anger, disappointment, neutral",5
verrat,"caring, neutral",2
früheren,"admiration, neutral",2
einst,"admiration, anger, curiosity, fear, gratitude, neutral, realization, surprise",8
goldenes,"admiration, anger, disappointment, neutral, realization, sadness",6
ei,"admiration, amusement, annoyance, neutral, realization, relief, sadness, surprise",8
steckt,"disgust, embarrassment, joy, neutral",4
gänsemutter,"neutral, realization",2
neuen,"admiration, annoyance, approval, curiosity, love, neutral, optimism, pride, realization, sadness",10
abenteuern,"admiration, neutral",2
bischof,"annoyance, neutral, sadness",3
seien,"disapproval, neutral, realization",3
berichtet,"admiration, neutral",2
lauter,"disappointment, joy, neutral, sadness",4
graf,"admiration, amusement, desire, fear, gratitude, joy, neutral, surprise",8
herzog,"joy, neutral",2
ja,"admiration, anger, annoyance, approval, caring, curiosity, joy, love, neutral, optimism, sadness, surprise",12
sagen,"admiration, anger, annoyance, confusion, fear, nervousness, neutral, realization, surprise",9
edelleute,"approval, neutral",2
thronsaal,"neutral, sadness",2
spitze,"approval, neutral",2
dick,"admiration, neutral",2
geschick,"amusement, caring, neutral",3
nein,"annoyance, approval, curiosity, disgust, fear, neutral, sadness",7
klein,"admiration, caring, disgust, gratitude, neutral",5
äußert,"gratitude, neutral",2
blass,"neutral, sadness",2
rot,"admiration, amusement, excitement, love, neutral, realization, sadness",7
holz,"admiration, disgust, gratitude, joy, neutral",5
beleidigt,"annoyance, neutral",2
schnabel,"amusement, neutral, sadness",3
gesang,"admiration, annoyance, love, neutral, sadness",5
spielmann,"approval, curiosity, embarrassment, joy, love, neutral, realization",7
herein,"admiration, annoyance, disappointment, disgust, fear, gratitude, joy, neutral, sadness, surprise",10
jammern,"desire, neutral, sadness",3
trauung,"neutral, sadness",2
vollzogen,"love, neutral, sadness",3
abschied,"neutral, optimism, realization, sadness",4
wünsche,"desire, gratitude, neutral",3
stolz,"admiration, curiosity, joy, neutral, pride, sadness",6
ablegen,"neutral, sadness",2
mahnt,"caring, love, neutral",3
denken,"neutral, surprise",2
liebe,"admiration, approval, caring, desire, disapproval, gratitude, joy, love, neutral, realization, sadness",11
hättest,"fear, neutral",2
wär,"admiration, disappointment, joy, neutral",4
antwort,"admiration, approval, disapproval, disgust, fear, grief, neutral, realization, surprise",9
wiese,"admiration, curiosity, neutral, remorse, sadness",5
weiteres,"admiration, disappointment, neutral",3
bedauert,"neutral, remorse",2
verschmäht,"annoyance, neutral",2
winzige,"curiosity, neutral",2
verlangt,"annoyance, disappointment, neutral",3
geduld,"neutral, realization",2
wunde,"admiration, neutral",2
hände,"admiration, anger, disapproval, disgust, neutral, realization, sadness",7
gekocht,"admiration, neutral",2
gern,"admiration, annoyance, curiosity, desire, love, neutral",6
missgeschick,"fear, neutral",2
ausgelacht,"neutral, pride",2
verspottete,"amusement, neutral",2
falsche,"caring, neutral, realization, sadness",4
angetan,"admiration, neutral, realization",3
fehlern,"love, neutral",2
geliebt,"love, neutral, realization",3
großes,"admiration, annoyance, caring, desire, disappointment, disgust, fear, joy, neutral, realization, remorse",11
unrecht,"admiration, annoyance, disapproval, love, neutral, realization",6
wert,"admiration, annoyance, confusion, joy, neutral, surprise",6
vorbei,"gratitude, joy, love, neutral, relief",5
feiern,"disappointment, joy, neutral",3
zweite,"admiration, confusion, curiosity, gratitude, neutral, optimism, surprise",7
martha,"admiration, neutral",2
lissi,"admiration, neutral",2
knecht,"admiration, neutral",2
wohnt,"caring, neutral",2
eitle,"annoyance, curiosity, neutral",3
felder,"admiration, disapproval, neutral",3
kommen,"admiration, anger, annoyance, approval, disgust, embarrassment, fear, gratitude, grief, love, nervousness, neutral, surprise",13
liebt,"love, neutral, sadness",3
bremen,"admiration, excitement, neutral",3
jahr,"admiration, amusement, caring, disapproval, disgust, fear, joy, neutral, sadness, surprise",10
see,"anger, fear, neutral, realization, sadness, surprise",6
vier,"disappointment, neutral",2
tiere,"admiration, anger, annoyance, approval, curiosity, disappointment, excitement, fear, gratitude, joy, neutral, realization, sadness",13
alt,"admiration, disappointment, disgust, neutral",4
wurst,"disapproval, neutral",2
verarbeiten,"disapproval, neutral",2
zwingt,"admiration, neutral",2
beschließen,"admiration, neutral, surprise",3
wandern,"excitement, neutral",2
suche,"admiration, desire, neutral",3
räubern,"anger, neutral",2
gezwungen,"anger, neutral",2
abdecker,"disapproval, neutral",2
tieren,"admiration, anger, caring, fear, gratitude, joy, neutral",7
flucht,"admiration, annoyance, caring, embarrassment, fear, neutral, sadness, surprise",8
gleichen,"admiration, love, neutral",3
rechten,"annoyance, approval, neutral",3
heiratet,"admiration, neutral",2
reiche,"admiration, desire, love, neutral",4
zertanzten,"admiration, neutral",2
schuhe,"admiration, annoyance, confusion, desire, neutral, sadness",6
zwölf,"admiration, amusement, confusion, disappointment, fear, joy, neutral",7
geschieht,"love, neutral",2
älteste,"admiration, amusement, fear, gratitude, neutral, optimism",6
amanda,"desire, joy, neutral",3
deren,"admiration, amusement, caring, curiosity, disgust, joy, neutral, realization, sadness",9
herausfinden,"annoyance, neutral",2
heimlich,"gratitude, love, neutral, surprise",4
geheimnis,"admiration, anger, annoyance, love, neutral, realization, sadness",7
nächten,"confusion, gratitude, neutral",3
melden,"fear, neutral",2
scharf,"admiration, neutral",2
soldaten,"anger, caring, desire, neutral, sadness",5
puppenspieler,"desire, neutral",2
anton,"desire, joy, neutral",3
tarnmantel,"gratitude, neutral",2
abendtrunk,"gratitude, neutral",2
frauen,"admiration, annoyance, joy, neutral",4
dreimal,"admiration, neutral",2
unbemerkt,"admiration, neutral, surprise",3
unterwelt,"neutral, realization",2
denkt,"curiosity, fear, neutral",3
prinzessinnen,"admiration, confusion, disgust, gratitude, joy, neutral, sadness",7
elf,"joy, neutral",2
erlösen,"approval, neutral",2
unglücklich,"neutral, sadness",2
zweige,"joy, neutral",2
heirat,"disapproval, embarrassment, neutral",3
treue,"caring, curiosity, joy, neutral, remorse, sadness",6
johannes,"admiration, caring, curiosity, neutral, realization, sadness",6
herr,"admiration, annoyance, approval, curiosity, fear, gratitude, joy, love, neutral, realization, sadness, surprise",12
all,"anger, confusion, curiosity, joy, love, neutral, realization, sadness",8
junger,"admiration, annoyance, caring, disappointment, love, neutral, realization",7
stirbt,"annoyance, approval, desire, neutral, realization, sadness",6
treuen,"annoyance, approval, neutral, sadness",4
diener,"admiration, curiosity, desire, love, neutral, realization, surprise",7
eiserne,"admiration, neutral",2
krone,"curiosity, disgust, love, neutral, realization, sadness",6
zauberkraft,"curiosity, disappointment, gratitude, love, neutral",5
stein,"admiration, curiosity, disappointment, disgust, fear, gratitude, neutral, sadness",8
sechs,"admiration, anger, annoyance, approval, excitement, joy, love, neutral, sadness",9
dienern,"gratitude, neutral",2
getreue,"admiration, caring, neutral, sadness",4
erzürnt,"admiration, annoyance, neutral",3
gefahren,"admiration, caring, curiosity, disgust, neutral",5
entgehen,"embarrassment, neutral",2
mahalena,"desire, neutral",2
rettung,"gratitude, neutral",2
ertränken,"gratitude, neutral",2
versinkt,"disappointment, neutral",2
verzweifelt,"love, neutral",2
vergeblich,"amusement, annoyance, desire, neutral, sadness",5
darum,"admiration, amusement, anger, annoyance, disgust, joy, neutral, realization",8
abzuhalten,"fear, neutral",2
gebrochen,"love, neutral, realization, sadness",4
art,"admiration, amusement, gratitude, joy, neutral, pride, realization",7
wolf,"admiration, amusement, anger, annoyance, curiosity, disgust, fear, joy, love, nervousness, neutral, sadness, surprise",13
valerie,"anger, joy, neutral, realization",4
seit,"admiration, amusement, disgust, embarrassment, fear, grief, love, neutral, sadness",9
holzfäller,"admiration, grief, neutral, sadness",4
peter,"joy, neutral",2
cesaire,"disappointment, neutral",2
henry,"admiration, neutral",2
schmieds,"neutral, sadness",2
adrien,"neutral, sadness",2
misslingt,"disapproval, neutral",2
werwolf,"anger, fear, neutral",3
unerwartet,"love, neutral, surprise",3
valeries,"neutral, sadness",2
lucie,"disappointment, neutral, sadness",3
tötet,"gratitude, neutral",2
wahrer,"love, neutral, realization",3
strecke,"anger, neutral",2
salomon,"caring, neutral",2
rufen,"admiration, caring, desire, neutral",4
gruppe,"love, neutral",2
scheint,"admiration, joy, neutral, sadness",4
erreicht,"admiration, disappointment, fear, neutral, sadness",5
wolfes,"caring, neutral",2
besseren,"amusement, neutral",2
bewohner,"admiration, fear, neutral",3
daggerhorns,"admiration, neutral",2
müsste,"admiration, annoyance, fear, neutral",4
eigener,"neutral, sadness",2
erfahrung,"neutral, sadness",2
besten,"anger, neutral",2
ermordet,"anger, disgust, neutral, sadness",4
steckte,"anger, neutral",2
fand,"admiration, confusion, desire, disapproval, fear, joy, love, neutral, optimism, realization, relief, remorse, sadness",13
zuhause,"approval, love, neutral, sadness",4
pfote,"love, neutral",2
zurückverwandelt,"neutral, realization",2
sah,"admiration, amusement, anger, annoyance, caring, curiosity, disappointment, disgust, embarrassment, excitement, fear, gratitude, joy, love, neutral, realization, sadness, surprise",18
töten,"admiration, anger, confusion, curiosity, disappointment, fear, gratitude, neutral, sadness",9
hinzu,"admiration, desire, love, neutral, remorse",5
werwolfs,"neutral, realization",2
glaube,"annoyance, curiosity, neutral, surprise",4
geschenkt,"caring, love, neutral",3
setzen,"annoyance, approval, fear, joy, neutral, realization, sadness",7
feier,"joy, neutral",2
fort,"admiration, anger, annoyance, approval, disappointment, disgust, embarrassment, fear, joy, love, neutral, sadness",12
näher,"caring, neutral",2
mehrere,"anger, neutral",2
ecke,"anger, curiosity, neutral",3
holen,"admiration, curiosity, disappointment, joy, neutral",5
daggerhorn,"fear, neutral",2
vernichten,"desire, neutral",2
dunkelbraun,"neutral, realization",2
verstehen,"approval, neutral",2
geistig,"annoyance, neutral",2
behinderten,"annoyance, neutral",2
jüngling,"admiration, anger, annoyance, caring, curiosity, neutral, realization, relief, remorse, sadness",10
vorwand,"fear, neutral",2
hexerei,"annoyance, gratitude, neutral",3
helfer,"annoyance, neutral",2
dienen,"caring, neutral",2
eingesperrt,"love, neutral",2
albtraum,"fear, neutral",2
eigene,"anger, neutral",2
großmutter,"admiration, annoyance, caring, curiosity, disgust, fear, gratitude, joy, love, neutral, realization, sadness, surprise",13
messer,"admiration, neutral",2
woraufhin,"anger, disappointment, love, neutral",4
bauch,"caring, curiosity, joy, neutral, sadness",5
läuft,"curiosity, gratitude, neutral, sadness",4
besseres,"admiration, neutral",2
verstand,"admiration, curiosity, grief, joy, love, neutral, sadness",7
konnte,"admiration, anger, annoyance, confusion, curiosity, disappointment, disapproval, disgust, fear, gratitude, joy, love, neutral, realization, relief, sadness, surprise",17
blut,"admiration, amusement, anger, disapproval, excitement, neutral, realization, sadness",8
fließen,"anger, neutral",2
fiel,"admiration, annoyance, joy, love, neutral, pride, sadness",7
her,"admiration, annoyance, disapproval, disgust, fear, joy, neutral",7
betrogen,"admiration, disappointment, neutral, sadness",4
verletzte,"neutral, sadness",2
kampf,"desire, fear, neutral, realization, sadness",5
axt,"confusion, neutral",2
rücken,"admiration, disgust, embarrassment, gratitude, neutral, realization",6
brust,"admiration, neutral",2
wahrheit,"admiration, gratitude, love, neutral, realization",5
schneiden,"anger, neutral",2
toten,"neutral, sadness",2
steinen,"gratitude, neutral",2
fürchtet,"admiration, caring, fear, neutral",4
furcht,"approval, curiosity, desire, fear, neutral, realization, sadness",7
fortan,"admiration, joy, neutral",3
endet,"disappointment, love, neutral",3
ansehen,"admiration, fear, neutral, surprise",4
lächeln,"admiration, joy, neutral, sadness",4
baby,"disgust, neutral",2
arm,"admiration, disgust, fear, joy, neutral, sadness",6
offensichtlich,"disapproval, neutral, surprise",3
bärenfell,"admiration, amusement, annoyance, disgust, neutral",5
marius,"admiration, amusement, love, neutral, realization",5
eitel,"admiration, neutral",2
binden,"anger, neutral",2
gerät,"annoyance, love, neutral, optimism, sadness",5
falle,"joy, love, neutral",3
aussehens,"gratitude, neutral",2
wahrhaftig,"love, neutral",2
leichtes,"fear, neutral",2
untier,"love, neutral, realization",3
belohnung,"admiration, gratitude, neutral",3
jagd,"admiration, anger, fear, neutral, realization",5
begegnete,"admiration, embarrassment, love, neutral, pride, realization",6
elise,"caring, neutral, realization, sadness",4
gesucht,"approval, neutral, sadness",3
versteckt,"love, neutral",2
pflegt,"joy, neutral",2
hälfte,"fear, neutral, realization, sadness",4
paul,"approval, love, neutral",3
jüngeren,"annoyance, neutral",2
till,"admiration, amusement, joy, neutral, sadness",5
dummling,"admiration, amusement, annoyance, neutral, realization, sadness",6
preis,"disappointment, embarrassment, neutral, realization",4
edeltraud,"joy, neutral",2
nichte,"joy, neutral",2
fahrt,"fear, neutral",2
kutsche,"admiration, disgust, joy, love, neutral, sadness",6
sorgt,"admiration, neutral",2
dafür,"admiration, anger, annoyance, caring, curiosity, disgust, embarrassment, fear, gratitude, neutral, sadness",11
leicht,"admiration, fear, neutral, optimism, realization, sadness",6
schlechter,"annoyance, neutral, sadness",3
aschekuchen,"gratitude, neutral",2
trotzdem,"annoyance, joy, neutral, sadness",4
teilt,"love, neutral",2
fall,"caring, neutral",2
wurzel,"confusion, gratitude, neutral",3
traurigen,"neutral, realization, sadness",3
schenken,"admiration, gratitude, neutral",3
geraten,"caring, disgust, neutral, sadness, surprise",5
pfarrer,"approval, embarrassment, neutral, realization, sadness, surprise",6
geriet,"amusement, annoyance, disapproval, disgust, neutral, sadness",6
menschenkette,"joy, neutral",2
gescheitert,"disappointment, neutral",2
erstbesten,"annoyance, neutral",2
sogleich,"curiosity, neutral, realization, sadness",4
weitere,"admiration, confusion, love, neutral",4
gierige,"joy, neutral",2
unbedingt,"annoyance, neutral",2
drängen,"caring, neutral",2
stürzt,"annoyance, curiosity, fear, nervousness, neutral",5
gelächter,"embarrassment, neutral",2
halbe,"amusement, fear, joy, neutral",4
kerker,"anger, gratitude, neutral",3
schlosshof,"admiration, neutral",2
weiße,"admiration, annoyance, love, neutral",4
schlange,"caring, neutral",2
endres,"admiration, disappointment, gratitude, neutral, optimism, pride, realization",7
armer,"admiration, annoyance, disgust, love, neutral, sadness",6
lesen,"disapproval, neutral",2
lernen,"approval, disappointment, disapproval, neutral, realization",5
handwerk,"caring, neutral",2
fleisch,"admiration, love, neutral, realization",4
sprache,"admiration, approval, neutral",3
schüssel,"curiosity, disappointment, excitement, neutral, optimism, realization",6
feinde,"anger, neutral",2
unwetter,"fear, neutral",2
lieblingspferd,"grief, neutral, optimism",3
rettet,"caring, grief, neutral",3
leonora,"grief, neutral",2
verboten,"neutral, sadness",2
wundert,"neutral, surprise",2
chance,"excitement, neutral",2
beweisen,"neutral, realization",2
weißes,"admiration, love, neutral",3
teller,"anger, neutral",2
verschluckt,"admiration, neutral, sadness",3
zufällig,"neutral, realization, sadness",3
hinweis,"neutral, surprise",2
gegeben,"approval, caring, joy, love, neutral",5
seinerzeit,"grief, neutral",2
magische,"annoyance, neutral",2
gerissen,"disgust, neutral",2
sprachen,"admiration, annoyance, curiosity, neutral",4
hätte,"admiration, amusement, annoyance, caring, confusion, curiosity, desire, disappointment, disgust, embarrassment, fear, joy, love, neutral, relief, sadness",16
fähigkeiten,"admiration, annoyance, approval, neutral",4
erlangen,"neutral, optimism",2
versprochen,"admiration, annoyance, disgust, neutral, sadness",5
beschwört,"neutral, realization",2
fordert,"anger, disapproval, neutral",3
klugen,"admiration, disappointment, neutral",3
besiegen,"neutral, realization, sadness",3
regiert,"neutral, optimism",2
güte,"joy, neutral, realization",3
abgaben,"disapproval, neutral",2
meeren,"love, neutral",2
constanze,"anger, disappointment, love, neutral, sadness, surprise",6
löweneckerchen,"neutral, sadness",2
gewünscht,"admiration, annoyance, desire, embarrassment, neutral",5
vogel,"admiration, amusement, curiosity, love, neutral",5
löwen,"admiration, joy, neutral",3
stellte,"admiration, annoyance, caring, desire, disgust, fear, joy, love, neutral",9
gebe,"admiration, disgust, joy, love, neutral, realization",6
zuerst,"curiosity, neutral, realization",3
versprechen,"admiration, approval, disappointment, gratitude, love, neutral, sadness",7
brechen,"approval, disgust, love, neutral, sadness",5
mittag,"neutral, realization",2
leonhard,"love, neutral",2
mitternacht,"disappointment, joy, love, neutral",4
uhr,"disappointment, disgust, love, neutral",4
heiratsantrag,"love, neutral",2
verwandelte,"admiration, anger, disgust, excitement, fear, joy, love, neutral, optimism, realization",10
16,"excitement, neutral",2
medaillon,"love, neutral",2
blatt,"love, neutral",2
verlieren,"caring, neutral",2
schauen,"admiration, excitement, joy, neutral",4
lang,"admiration, amusement, caring, disappointment, fear, gratitude, neutral, realization",8
blickt,"admiration, neutral",2
taube,"joy, neutral, realization, sadness",4
fliegt,"admiration, neutral",2
halskette,"caring, neutral",2
insel,"admiration, neutral",2
verwandelten,"joy, neutral",2
vergangenheit,"disappointment, neutral",2
schiff,"admiration, neutral, realization",3
geholt,"joy, neutral",2
sonne,"admiration, curiosity, disappointment, fear, love, neutral, realization, sadness, surprise",9
tafel,"anger, joy, neutral",3
blätter,"love, nervousness, neutral",3
führte,"admiration, annoyance, grief, joy, love, neutral, sadness, surprise",8
schlägt,"love, neutral",2
fee,"admiration, annoyance, excitement, gratitude, joy, love, neutral, sadness",8
wahren,"joy, love, neutral, realization",4
mitte,"admiration, love, neutral",3
rosalie,"love, neutral",2
dünn,"annoyance, neutral",2
modedesignerinnen,"neutral, optimism",2
täglich,"admiration, neutral, sadness",3
leon,"admiration, love, neutral",3
petit,"approval, love, neutral",3
größten,"love, neutral",2
abendkleid,"excitement, neutral",2
meisterdieb,"admiration, neutral",2
vielen,"admiration, love, neutral, realization",4
geworden,"admiration, anger, annoyance, desire, disappointment, joy, neutral, realization, sadness",9
hört,"caring, neutral, sadness",3
ankunft,"joy, neutral",2
fremden,"curiosity, joy, neutral, optimism, sadness",5
preisgibt,"anger, neutral",2
grafen,"neutral, sadness",2
pastor,"neutral, optimism",2
leib,"fear, neutral, optimism, sadness",4
wette,"confusion, curiosity, neutral",3
kleines,"admiration, annoyance, caring, curiosity, love, neutral, surprise",7
wein,"admiration, curiosity, gratitude, joy, love, neutral, sadness",7
stall,"embarrassment, fear, joy, neutral",4
darauffolgenden,"fear, neutral",2
sack,"amusement, disgust, gratitude, neutral, surprise",5
vergeht,"admiration, joy, love, neutral",4
bett,"admiration, anger, annoyance, caring, curiosity, disgust, fear, love, neutral, realization, remorse",11
gräfin,"neutral, realization",2
bedecken,"caring, curiosity, neutral, surprise",4
bitte,"caring, nervousness, neutral, sadness",4
schelm,"neutral, sadness",2
zorn,"admiration, amusement, annoyance, excitement, fear, neutral, realization, sadness",8
kugel,"love, neutral",2
gewonnen,"approval, gratitude, neutral",3
froschkönig,"admiration, caring, neutral",3
heinrich,"admiration, approval, fear, joy, neutral, realization, sadness",7
treu,"admiration, joy, love, neutral, realization, sadness",6
zaubertrank,"caring, neutral",2
besitzt,"admiration, caring, neutral, surprise",4
los,"admiration, amusement, anger, annoyance, caring, fear, neutral, realization",8
berührt,"admiration, disgust, joy, love, neutral, realization",6
frosch,"admiration, anger, caring, disappointment, love, neutral, sadness",7
lediglich,"disappointment, neutral",2
kuss,"admiration, desire, love, neutral, realization",5
erlöst,"admiration, anger, caring, disappointment, excitement, joy, love, neutral, realization, sadness",10
alter,"admiration, disappointment, joy, love, neutral, realization, sadness, surprise",8
hilferufe,"caring, neutral",2
nähe,"desire, neutral, sadness",3
bediensteten,"annoyance, curiosity, neutral, sadness",4
gedanken,"admiration, caring, desire, disgust, neutral, realization, sadness, surprise",8
verhalten,"annoyance, curiosity, neutral, realization",4
recht,"admiration, anger, caring, desire, joy, love, neutral, sadness",8
feststellen,"annoyance, neutral",2
fünf,"fear, neutral",2
worden,"admiration, anger, annoyance, caring, joy, neutral, realization, sadness",8
enkel,"neutral, sadness",2
hinunter,"love, neutral",2
sophie,"joy, neutral",2
jeweils,"disappointment, neutral",2
jammernd,"amusement, neutral",2
susanne,"desire, excitement, neutral",3
tiefen,"admiration, anger, caring, desire, neutral, surprise",6
helfen.,"admiration, caring, love, neutral",4
spielkamerad,"love, neutral",2
becher,"admiration, anger, caring, love, neutral",5
bedingungen,"annoyance, neutral",2
aufsetzt,"neutral, realization",2
zimmer,"admiration, amusement, annoyance, fear, love, neutral, sadness",7
jüngste,"admiration, curiosity, desire, disgust, embarrassment, love, neutral, sadness, surprise",9
zunächst,"disappointment, disapproval, love, neutral, realization, sadness",6
einhalten,"approval, neutral",2
sicher,"approval, disappointment, neutral",3
küsst,"gratitude, love, neutral, realization",4
neun,"admiration, neutral, realization",3
tagen,"curiosity, fear, joy, love, neutral, sadness",6
herrn,"admiration, gratitude, neutral, realization",4
band,"anger, neutral, sadness",3
schmerz,"neutral, sadness",2
verlust,"admiration, neutral, sadness",3
aushalten,"neutral, sadness",2
vergisst,"love, neutral",2
ganze,"amusement, annoyance, caring, disappointment, disgust, gratitude, joy, love, neutral, optimism, realization, sadness, surprise",13
zweimal,"neutral, optimism",2
eigentlich,"caring, neutral, sadness",3
niemals,"admiration, curiosity, joy, neutral",4
männlein,"admiration, annoyance, approval, caring, neutral",5
waldmann,"curiosity, neutral",2
brüdern,"approval, joy, neutral, sadness",4
genannt,"admiration, disgust, neutral, surprise",4
belohnt,"neutral, remorse",2
kleben,"joy, neutral",2
bäcker,"love, neutral",2
wirtin,"admiration, neutral, sadness",3
schar,"annoyance, joy, neutral",3
jubelnd,"joy, neutral",2
lass,"annoyance, joy, neutral",3
beschluss,"amusement, neutral",2
wort,"admiration, amusement, annoyance, approval, caring, disapproval, disgust, fear, gratitude, neutral, surprise",11
erfüllen,"desire, disappointment, neutral",3
tapferen,"admiration, neutral",2
schmied,"admiration, annoyance, neutral, realization",4
schmiede,"admiration, desire, neutral",3
flackernden,"curiosity, neutral",2
komm,"admiration, caring, joy, love, neutral",5
schatten,"admiration, amusement, annoyance, confusion, disgust, fear, gratitude, joy, love, neutral, realization, sadness",12
berges,"admiration, neutral",2
berg,"admiration, annoyance, disgust, fear, neutral",5
bäume,"admiration, annoyance, joy, love, neutral, relief",6
träumen,"admiration, joy, neutral",3
schweigen,"fear, neutral, sadness",3
lust,"admiration, amusement, annoyance, desire, joy, neutral, sadness",7
fröhlich,"approval, joy, neutral, sadness",4
hell,"admiration, amusement, neutral",3
tränen,"admiration, amusement, approval, desire, gratitude, joy, neutral, sadness, surprise",9
gras,"disappointment, joy, love, neutral, optimism",5
glühen,"annoyance, neutral",2
eisen,"admiration, anger, neutral",3
mikeš,"admiration, caring, disapproval, neutral, realization",5
großvater,"neutral, sadness",2
schmiedete,"approval, neutral",2
schulter,"disgust, neutral",2
stark,"admiration, annoyance, curiosity, joy, love, neutral",6
mühle,"gratitude, neutral, pride, sadness",4
meister,"admiration, disapproval, neutral",3
matěj,"admiration, neutral",2
bereit,"admiration, approval, excitement, joy, neutral, surprise",6
schritte,"disappointment, disgust, neutral",3
burschen,"admiration, excitement, fear, neutral",4
fröhlichkeit,"neutral, sadness",2
entschluss,"approval, neutral, sadness",3
stroh,"fear, neutral, sadness",3
starken,"admiration, fear, neutral, sadness",4
gemälde,"admiration, neutral",2
schwarzen,"admiration, anger, caring, love, neutral",5
spielen,"neutral, sadness",2
mitleid,"disapproval, neutral, sadness",3
rat,"admiration, caring, neutral, sadness",4
muß,"fear, neutral",2
raten,"caring, neutral",2
herzens,"admiration, joy, neutral, sadness",4
überraschung,"neutral, surprise",2
schlimmste,"disappointment, disapproval, fear, neutral",4
erregt,"nervousness, neutral",2
wildnis,"neutral, sadness",2
braten,"neutral, surprise",2
silber,"love, neutral",2
widerstehen,"curiosity, neutral",2
magischen,"approval, joy, neutral, realization",4
traum,"caring, curiosity, desire, fear, love, neutral, realization, sadness",8
tapfer,"admiration, caring, neutral, optimism, surprise",5
gier,"love, neutral",2
zerrinnt,"neutral, realization",2
seltsames,"disgust, neutral",2
unheimliches,"amusement, neutral, sadness",3
brei,"amusement, neutral",2
fuchs,"admiration, anger, annoyance, disgust, neutral",5
ohnmacht,"caring, neutral",2
ergeht,"love, neutral",2
verführt,"amusement, neutral",2
allerlei,"excitement, neutral",2
betören,"love, neutral",2
wesen,"amusement, love, neutral, realization, surprise",5
erfahren,"admiration, approval, neutral",3
seil,"anger, fear, neutral",3
oben,"amusement, curiosity, disappointment, neutral",4
hinab,"admiration, annoyance, caring, disgust, fear, joy, love, nervousness, neutral, realization, remorse",11
kämpft,"admiration, neutral",2
ziel,"admiration, neutral",2
tore,"joy, neutral",2
gebrauchen,"amusement, neutral",2
lichtlein,"neutral, surprise",2
helle,"admiration, grief, neutral",3
labyrinth,"neutral, realization",2
herauf,"admiration, joy, love, neutral, realization, sadness",6
hinauf,"admiration, amusement, anger, disappointment, gratitude, joy, love, neutral",8
vertrauen,"disgust, neutral",2
eimer,"admiration, neutral",2
anschlag,"desire, neutral",2
gilt,"confusion, neutral",2
wahres,"admiration, disgust, neutral",3
schien,"admiration, joy, neutral, realization, surprise",5
trug,"admiration, desire, disgust, excitement, fear, love, neutral, realization, remorse, sadness",10
vertraut,"neutral, realization",2
pfeil,"neutral, surprise",2
frist,"desire, neutral",2
rosenring,"neutral, realization",2
müller,"admiration, annoyance, curiosity, disgust, embarrassment, gratitude, joy, love, neutral, sadness",10
strafe,"annoyance, approval, neutral",3
zurückgeschickt,"love, neutral",2
gerne,"annoyance, approval, caring, desire, joy, love, neutral, surprise",8
gemahl,"admiration, caring, gratitude, neutral, surprise",5
übers,"admiration, annoyance, neutral, sadness",4
dunkel,"admiration, disgust, fear, neutral, realization, surprise",6
angst,"admiration, fear, joy, nervousness, neutral, realization, sadness",7
bergen,"admiration, caring, neutral, realization",4
erschreckt,"admiration, fear, neutral",3
wohnen,"amusement, neutral",2
magie,"disgust, neutral, realization",3
aussehen,"disgust, neutral, realization",3
gebirge,"joy, neutral",2
blitz,"annoyance, neutral",2
tiefe,"admiration, amusement, disgust, gratitude, neutral, sadness",6
sarg,"admiration, love, neutral, optimism, sadness, surprise",6
agnes,"admiration, neutral",2
kamen,"annoyance, approval, caring, curiosity, disapproval, fear, gratitude, joy, love, nervousness, neutral, optimism, realization, sadness, surprise",15
anfangs,"disappointment, neutral, sadness",3
ottos,"neutral, realization",2
hinterlassen,"neutral, sadness",2
vermögen,"neutral, sadness",2
elvira,"admiration, caring, neutral",3
aufmerksamkeit,"approval, neutral",2
erregen,"approval, neutral",2
königreichs,"admiration, approval, joy, neutral",4
damen,"approval, neutral",2
ball,"admiration, gratitude, joy, neutral, realization, sadness, surprise",7
eingeladen,"approval, neutral",2
braut,"admiration, annoyance, caring, disgust, fear, joy, love, neutral, sadness, surprise",10
zähne,"approval, neutral",2
neu,"admiration, neutral",2
richten,"neutral, surprise",2
bohdanka,"excitement, neutral, sadness, surprise",4
verflucht,"annoyance, disapproval, neutral, surprise",4
irre,"admiration, neutral",2
hemden,"admiration, joy, neutral",3
nähen,"desire, neutral",2
weben,"confusion, neutral",2
milada,"love, neutral",2
stumm,"love, neutral",2
frisch,"admiration, amusement, curiosity, desire, love, neutral",6
vermählte,"love, neutral",2
vertauscht,"neutral, realization",2
ausgesetzt,"anger, neutral, realization, remorse",4
verurteilt,"grief, neutral",2
fertig,"curiosity, desire, embarrassment, neutral, sadness",5
geboren,"admiration, amusement, love, neutral, sadness",5
prophezeit,"joy, neutral",2
glückskind,"admiration, approval, disappointment, fear, joy, neutral",6
ottokar,"embarrassment, neutral",2
forschungen,"fear, neutral",2
beschäftigt,"excitement, neutral, realization",3
besessen,"anger, fear, neutral, sadness",4
herzustellen,"fear, neutral",2
isabell,"neutral, realization, sadness",3
felix,"admiration, desire, joy, neutral, realization",5
buch,"neutral, realization",2
dorfschenke,"neutral, realization",2
überlebt,"neutral, sadness",2
tode,"anger, annoyance, caring, grief, neutral, sadness",6
befohlen,"annoyance, fear, neutral",3
überbringer,"anger, neutral",2
altes,"amusement, annoyance, caring, neutral, realization, sadness",6
mitgebracht,"admiration, curiosity, neutral",3
geigenspiel,"admiration, joy, neutral",3
verzaubert,"admiration, anger, joy, love, neutral, realization, sadness",7
jordan,"neutral, realization",2
ersparen,"neutral, sadness",2
gesteht,"disappointment, love, neutral",3
versiegt,"curiosity, disapproval, neutral",3
ort,"admiration, desire, gratitude, neutral",4
früchte,"annoyance, disappointment, neutral",3
lebenden,"caring, neutral",2
gesetzt,"admiration, annoyance, neutral, sadness",4
boden,"anger, annoyance, approval, curiosity, disappointment, neutral, sadness",7
müssten,"embarrassment, neutral",2
drücken,"annoyance, neutral",2
wahrhaft,"love, neutral, realization",3
lieben,"curiosity, love, neutral",3
ruder,"approval, neutral",2
bewohnern,"admiration, neutral",2
fliegen,"admiration, fear, neutral",3
zeichen,"annoyance, gratitude, neutral, realization, sadness",5
grimmschen,"annoyance, neutral",2
müllerbursche,"admiration, neutral",2
weite,"excitement, neutral",2
mitsamt,"joy, love, neutral",3
einfachen,"disapproval, neutral",2
schluss,"admiration, amusement, neutral",3
steine,"anger, disgust, fear, nervousness, neutral",5
last,"gratitude, joy, neutral, realization, sadness",5
kunz,"joy, neutral",2
müllerstochter,"admiration, joy, neutral, sadness",4
geworfen,"anger, neutral, sadness",3
werk,"disappointment, neutral, optimism",3
männchen,"amusement, anger, annoyance, caring, disapproval, fear, joy, love, neutral, surprise",10
gegenleistung,"annoyance, neutral",2
menge,"admiration, disappointment, neutral, sadness",4
geholfen,"admiration, caring, disgust, joy, neutral, sadness",6
gebeten,"admiration, neutral",2
heute,"admiration, amusement, joy, neutral, surprise",5
back,"amusement, neutral",2
brau,"amusement, neutral",2
hol,"amusement, neutral",2
wünscht,"desire, neutral",2
lügen,"annoyance, neutral",2
einfältige,"love, neutral",2
nachbar,"admiration, neutral",2
berater,"disapproval, joy, neutral",3
klaus,"joy, neutral",2
verstorbenen,"admiration, love, neutral, realization",4
mütterchen,"annoyance, caring, love, neutral",4
idee,"neutral, realization",2
verdient,"admiration, neutral",2
unsinn,"approval, neutral",2
ritter,"love, neutral",2
beute,"anger, neutral",2
glauben,"fear, gratitude, neutral, realization",4
helden,"disgust, neutral, realization",3
mächtige,"admiration, neutral, realization",3
bedarf,"love, neutral",2
geliebte,"grief, love, neutral, sadness",4
kraftfeld,"neutral, realization",2
brach,"disgust, joy, neutral, sadness",4
seitdem,"annoyance, disappointment, grief, neutral, optimism, realization, remorse",7
nutzt,"annoyance, neutral",2
einsatz,"disappointment, neutral",2
blume,"admiration, desire, excitement, neutral, realization, surprise",6
teil,"disapproval, neutral",2
lebenszeit,"disappointment, neutral",2
erschleicht,"disgust, neutral",2
verfolgt,"annoyance, disapproval, neutral, realization",4
waldstück,"love, neutral",2
gauklerstochter,"neutral, realization",2
lande,"anger, neutral, sadness",3
betrachten,"admiration, neutral",2
vergessen,"curiosity, fear, love, neutral, realization",5
gewitter,"annoyance, neutral",2
aufziehen,"annoyance, neutral",2
zelt,"neutral, realization",2
innenhof,"disappointment, neutral, realization",3
hase,"admiration, amusement, anger, annoyance, curiosity, joy, neutral, pride",8
igel,"admiration, neutral",2
freundlichen,"admiration, gratitude, joy, love, neutral",5
schiefen,"amusement, neutral",2
wettrennen,"annoyance, curiosity, neutral",3
geißlein,"amusement, anger, annoyance, approval, caring, curiosity, fear, joy, love, neutral",10
lebte,"admiration, caring, disappointment, disapproval, disgust, fear, joy, neutral, sadness, surprise",10
kam,"admiration, anger, annoyance, caring, curiosity, desire, disappointment, disgust, embarrassment, fear, gratitude, grief, joy, love, neutral, optimism, realization, sadness, surprise",19
suchte,"caring, desire, disappointment, disapproval, fear, joy, neutral, relief, sadness",9
gucki,"curiosity, neutral",2
richtet,"neutral, surprise",2
schule,"admiration, joy, neutral",3
stunde,"admiration, annoyance, grief, love, neutral, realization",6
beste,"admiration, gratitude, neutral",3
räumen,"anger, neutral",2
genießen,"joy, neutral",2
mitten,"amusement, anger, embarrassment, fear, joy, neutral",6
einlass,"neutral, surprise",2
holzscheiten,"anger, neutral",2
frisst,"approval, neutral, optimism",3
prüfungen,"admiration, neutral, realization",3
eingelassen,"joy, neutral",2
fressen,"anger, annoyance, disgust, fear, neutral",5
siebente,"curiosity, neutral",2
sollten,"admiration, annoyance, love, neutral, realization",5
trauen,"caring, joy, neutral, realization",4
aschenputtel,"admiration, disgust, gratitude, joy, love, neutral",6
festes,"joy, neutral",2
tanzt,"admiration, joy, neutral",3
ausgelassen,"joy, neutral",2
vergangen,"admiration, gratitude, neutral, realization",4
bemüht,"amusement, neutral",2
verblendet,"admiration, neutral",2
therese,"admiration, neutral",2
clothilde,"admiration, desire, neutral",3
degradiert,"disapproval, neutral",2
stiefschwester,"admiration, curiosity, neutral",3
besonderen,"caring, neutral",2
sodann,"neutral, sadness",2
grab,"gratitude, neutral, sadness",3
groß,"admiration, disgust, excitement, fear, joy, love, neutral",7
alfons,"grief, neutral",2
karpfen,"grief, neutral",2
weit,"admiration, approval, excitement, neutral",4
veranstaltet,"neutral, realization, surprise",3
asche,"admiration, joy, neutral",3
rechtzeitig,"neutral, sadness",2
ballkleid,"admiration, neutral",2
passenden,"gratitude, neutral",2
schuhen,"gratitude, neutral, sadness",3
ermahnt,"caring, neutral",2
längst,"disappointment, neutral",2
bezaubert,"joy, love, neutral",3
ratlos,"neutral, sadness",2
schafft,"admiration, anger, fear, neutral",4
eingeschlossen,"caring, neutral",2
worte,"admiration, annoyance, disgust, joy, love, neutral, optimism, remorse",8
geheimnisvolle,"joy, neutral",2
tanzte,"amusement, joy, neutral, realization",4
abend,"admiration, annoyance, gratitude, grief, love, neutral, sadness",7
zukünftige,"desire, neutral",2
vorstellen,"admiration, neutral",2
hastig,"curiosity, fear, neutral",3
verliert,"approval, disappointment, fear, neutral, realization",5
schuh,"admiration, desire, disappointment, disapproval, joy, neutral",6
scheut,"disgust, neutral",2
davor,"admiration, caring, neutral",3
ferse,"joy, neutral",2
fuß,"admiration, fear, love, neutral",4
passt,"disapproval, neutral",2
rechte,"admiration, annoyance, caring, neutral, optimism",5
holzschuh,"neutral, sadness",2
stürmt,"excitement, neutral",2
draußen,"anger, curiosity, joy, neutral, sadness",5
kümmern,"annoyance, gratitude, neutral",3
rotkäppchen,"admiration, approval, curiosity, disgust, fear, gratitude, joy, love, nervousness, neutral, realization, surprise",12
schneiderin,"neutral, realization",2
gegend,"admiration, anger, caring, neutral",4
kranken,"caring, grief, neutral",3
kuchen,"joy, love, neutral, sadness",4
geschickt,"anger, neutral, realization",3
gewinnen,"desire, neutral, sadness",3
setzt,"approval, curiosity, joy, neutral, optimism",5
haube,"admiration, neutral",2
füllt,"caring, neutral",2
müllerbursch,"admiration, amusement, neutral, sadness",4
kätzchen,"approval, joy, love, neutral, sadness",5
hinaus,"admiration, approval, curiosity, excitement, fear, joy, neutral, realization, sadness, surprise",10
schönes,"admiration, amusement, approval, disapproval, joy, neutral, realization",7
schönste,"admiration, curiosity, grief, neutral",4
glühwürmchen,"joy, neutral",2
leuchtet,"annoyance, neutral",2
ganzes,"admiration, neutral",2
sense,"fear, neutral",2
bauen,"neutral, surprise",2
bursche,"admiration, desire, fear, love, neutral, pride, realization",7
falk,"admiration, neutral, pride, surprise",4
lennard,"neutral, pride",2
respekt,"approval, desire, neutral",3
behandelt,"annoyance, neutral",2
erfolg,"disappointment, neutral",2
düsterwald,"admiration, approval, neutral",3
nebel,"curiosity, neutral",2
liegen,"admiration, caring, disgust, fear, neutral, realization, surprise",7
schlafende,"love, neutral",2
erweckt,"love, neutral",2
versteckte,"disgust, neutral, realization",3
mitteilen,"fear, neutral",2
bereits,"amusement, approval, love, neutral, optimism, sadness",6
bestanden,"neutral, sadness",2
gekrönt,"neutral, optimism",2
stößt,"admiration, confusion, neutral, sadness",4
geschöpfe,"fear, neutral",2
wiederzukommen,"love, neutral",2
aufgehoben,"annoyance, neutral",2
erwachen,"admiration, love, neutral, realization",4
wahre,"joy, love, neutral, realization",4
betrug,"anger, annoyance, neutral, realization",4
umbringen,"caring, neutral",2
zuhörte,"neutral, sadness",2
hofe,"admiration, neutral, pride",3
königssohn,"admiration, annoyance, disappointment, joy, love, neutral, sadness",7
held,"admiration, neutral",2
hervor,"admiration, neutral, realization, sadness",4
vergebung,"love, neutral",2
ernennt,"gratitude, neutral",2
weissagung,"joy, neutral",2
ungeheuer,"disgust, gratitude, neutral",3
steigen,"anger, disappointment, gratitude, love, neutral, sadness",6
königstöchter,"amusement, desire, neutral",3
reihenfolge,"gratitude, neutral",2
abstand,"gratitude, neutral",2
monden,"gratitude, neutral",2
vermählung,"desire, neutral, optimism, sadness",4
anlass,"excitement, neutral",2
gäste,"excitement, love, neutral",3
darunter,"love, neutral, sadness",3
interessiert,"excitement, neutral",2
wünschen,"admiration, annoyance, neutral",3
königspaar,"admiration, neutral, realization",3
nachsichtig,"caring, neutral",2
zofe,"neutral, sadness",2
spaß,"excitement, neutral",2
hässliches,"disgust, neutral",2
wuchs,"admiration, fear, neutral, pride",4
laune,"neutral, surprise",2
wasserfall,"anger, neutral",2
empört,"anger, annoyance, neutral",3
folge,"approval, neutral",2
garten,"admiration, anger, desire, fear, neutral, realization, sadness",7
tags,"admiration, neutral, sadness",3
verfällt,"neutral, realization",2
komtess,"disappointment, neutral, surprise",3
trinkt,"annoyance, nervousness, neutral",3
augenblicklich,"love, neutral, realization",3
zurückkommen,"desire, neutral",2
oft,"admiration, amusement, annoyance, approval, curiosity, desire, disapproval, love, neutral, realization, sadness",11
weinen,"fear, neutral, sadness",3
grund,"neutral, surprise",2
vorüber,"joy, neutral, realization",3
zwingen,"annoyance, neutral",2
unheil,"annoyance, disappointment, neutral, realization",4
taucht,"gratitude, neutral",2
haaren,"admiration, approval, disgust, neutral",4
gefolge,"amusement, neutral",2
reiches,"approval, neutral",2
abgelegenen,"love, neutral",2
neugeborenen,"neutral, sadness",2
heimweg,"neutral, sadness, surprise",3
treibt,"neutral, realization",2
körbchen,"admiration, neutral, optimism",3
müllerin,"disgust, joy, neutral",3
knaben,"love, neutral, realization",3
knabe,"curiosity, neutral",2
eins,"admiration, love, neutral, realization",4
umgehend,"fear, neutral",2
verlobung,"admiration, neutral",2
hinrichten,"annoyance, fear, neutral",3
kenne,"joy, neutral",2
gasthaus,"desire, neutral",2
trocken,"embarrassment, neutral",2
aufhören,"admiration, amusement, neutral",3
fangen,"excitement, neutral",2
leuten,"joy, neutral, sadness",3
wurzeln,"love, neutral, sadness",3
mäuse,"caring, neutral, sadness",3
isabella,"admiration, joy, neutral, surprise",4
ausgetrocknet,"disapproval, neutral",2
jagt,"admiration, neutral",2
abschütteln,"caring, neutral",2
edlen,"annoyance, neutral",2
rand,"gratitude, neutral, realization, sadness",4
böser,"admiration, curiosity, disapproval, fear, neutral",5
matthias,"neutral, sadness",2
geblieben,"annoyance, caring, joy, neutral, sadness",5
wären,"curiosity, desire, excitement, love, neutral, realization, sadness",7
andreas,"neutral, sadness",2
verlieben,"love, neutral",2
gesamte,"anger, curiosity, love, neutral, realization",5
ware,"admiration, neutral, sadness",3
vorhaben,"disappointment, neutral",2
lichter,"admiration, grief, neutral, realization, surprise",5
teile,"embarrassment, neutral",2
erschöpft,"admiration, joy, neutral, sadness",4
gestein,"neutral, realization",2
jägern,"admiration, anger, joy, neutral",4
menschengestalt,"love, neutral, sadness",3
mensch,"admiration, caring, curiosity, disappointment, embarrassment, fear, gratitude, joy, love, neutral, realization",11
lagen,"admiration, amusement, anger, caring, love, neutral",6
gebüsch,"admiration, neutral",2
lockt,"caring, disgust, neutral",3
beschreibung,"curiosity, neutral",2
unsichtbar,"caring, neutral",2
zauberstab,"neutral, sadness",2
felsbrocken,"neutral, sadness",2
ehren,"admiration, joy, neutral",3
jindrich,"grief, neutral, sadness",3
prophezeiung,"fear, joy, neutral",3
zwillingsbrüder,"joy, neutral, sadness",3
jaromír,"admiration, joy, neutral",3
jaroslav,"confusion, fear, neutral",3
herrschen,"disappointment, neutral, realization",3
bruders,"annoyance, neutral",2
zigeunermädchen,"amusement, joy, neutral",3
bild,"admiration, caring, curiosity, neutral, remorse",5
tauschen,"joy, neutral",2
ferne,"annoyance, desire, neutral, surprise",4
milena,"confusion, fear, neutral",3
abweist,"admiration, neutral",2
billig,"love, neutral",2
hüten,"caring, neutral, sadness",3
aufs,"admiration, annoyance, fear, neutral, remorse",5
haar,"admiration, disgust, neutral, realization",4
schaf,"admiration, neutral",2
erschrickt,"annoyance, neutral",2
aufhalten,"fear, neutral",2
erblickt,"caring, curiosity, desire, joy, neutral, realization",6
unglück,"admiration, disappointment, fear, neutral, sadness, surprise",6
braucht,"annoyance, approval, neutral",3
schwarzgelockten,"admiration, neutral",2
weckt,"annoyance, neutral",2
týna,"confusion, neutral",2
gefeiert,"admiration, annoyance, joy, love, neutral",5
brautschau,"admiration, neutral",2
nördlichen,"neutral, sadness",2
wälder,"admiration, amusement, joy, neutral",4
gemieden,"neutral, sadness",2
geister,"annoyance, neutral",2
hexen,"anger, neutral",2
stefan,"anger, excitement, neutral, realization",4
rande,"admiration, neutral",2
dunklen,"admiration, anger, annoyance, love, neutral, sadness",6
vereinbarten,"annoyance, neutral",2
krug,"disgust, neutral",2
korb,"joy, neutral",2
guter,"admiration, disgust, embarrassment, joy, neutral",5
eiern,"fear, neutral",2
beeren,"love, neutral, sadness",3
milchkrug,"neutral, sadness",2
wütend,"anger, annoyance, disappointment, neutral",4
pflücken,"gratitude, neutral",2
streng,"neutral, surprise",2
verärgert,"annoyance, disappointment, neutral, relief",4
sonnenlicht,"admiration, neutral, realization",3
gefressen,"joy, love, neutral",3
hindurch,"admiration, neutral",2
zucker,"admiration, neutral",2
stimmen,"disgust, neutral",2
griselda,"admiration, neutral",2
bindet,"curiosity, neutral",2
schieben,"annoyance, neutral",2
zaubert,"admiration, neutral, sadness",3
ausrede,"admiration, neutral",2
befragt,"admiration, approval, grief, neutral",4
erhoffte,"grief, neutral",2
leber,"admiration, neutral",2
grausamen,"caring, neutral",2
gedeckten,"approval, neutral",2
tellerchen,"curiosity, neutral",2
bettchen,"admiration, curiosity, neutral",3
stühlchen,"curiosity, disgust, neutral",3
gesessen,"curiosity, neutral",2
brötchen,"curiosity, neutral",2
gemüschen,"curiosity, neutral",2
gäbelchen,"curiosity, neutral",2
gestochen,"curiosity, neutral",2
messerchen,"curiosity, neutral",2
geschnitten,"curiosity, neutral",2
becherchen,"curiosity, neutral",2
getrunken,"annoyance, curiosity, joy, nervousness, neutral",5
tönt,"disgust, neutral",2
niemandem,"caring, fear, neutral",3
tausendmal,"admiration, neutral, sadness",3
brauche,"annoyance, neutral",2
atmen,"fear, neutral",2
ohnmächtig,"admiration, joy, neutral",3
kurzer,"amusement, neutral, sadness",3
sterben.,"curiosity, neutral",2
präpariert,"gratitude, neutral",2
gift,"disgust, joy, neutral",3
rote,"admiration, confusion, fear, love, neutral",5
wache,"fear, neutral",2
liest,"neutral, surprise",2
male,"approval, neutral",2
hausarbeit,"annoyance, neutral",2
robert,"amusement, approval, joy, love, neutral, surprise",6
heran,"admiration, caring, joy, love, neutral",5
ehefrau,"annoyance, neutral",2
küster,"approval, neutral, realization",3
kirche,"neutral, realization, sadness",3
list,"amusement, annoyance, fear, joy, neutral, realization",6
soldat,"admiration, amusement, annoyance, approval, caring, confusion, disappointment, gratitude, neutral, realization, sadness, surprise",12
sold,"annoyance, neutral",2
wertlosen,"neutral, sadness",2
orden,"neutral, sadness",2
wunden,"admiration, neutral",2
täuschen,"fear, neutral",2
spüren,"joy, neutral",2
weiterziehen,"annoyance, neutral",2
beinen,"amusement, neutral",2
frische,"joy, neutral",2
lampe,"neutral, surprise",2
womit,"admiration, confusion, neutral, realization",4
spazieren,"curiosity, neutral",2
augustine,"approval, curiosity, neutral, realization",4
stecken,"caring, fear, neutral, sadness",4
vermählt,"admiration, annoyance, joy, love, neutral, optimism",6
gewähren,"desire, neutral, realization",3
böses,"anger, caring, disgust, neutral, realization, surprise",6
venedig,"approval, neutral",2
henriette,"anger, disappointment, neutral, remorse",4
verbannt,"anger, neutral",2
erbsen,"caring, neutral",2
schmerzen,"caring, neutral, sadness",3
waffen,"neutral, optimism",2
weise,"admiration, curiosity, neutral, realization, relief",5
posten,"neutral, realization",2
blaue,"admiration, approval, caring, neutral, sadness",5
überfallen,"anger, neutral",2
friedlicher,"admiration, neutral",2
einsames,"fear, neutral",2
zurecht,"admiration, neutral",2
misstrauisch,"curiosity, neutral",2
tabakspfeife,"neutral, sadness",2
lichts,"admiration, neutral",2
männchens,"joy, neutral",2
mutig,"admiration, caring, neutral",3
verlangen,"admiration, neutral, sadness",3
genau,"curiosity, neutral",2
leisten,"annoyance, neutral, sadness",3
frühen,"love, neutral",2
häscher,"annoyance, neutral",2
wilden,"anger, annoyance, joy, neutral",4
unerklärliche,"admiration, neutral",2
rauchen,"annoyance, neutral",2
versetzt,"desire, fear, neutral",3
schwerem,"neutral, sadness",2
anwesenden,"neutral, surprise",2
versehen,"neutral, sadness",2
vollständig,"love, neutral",2
kalt,"admiration, disgust, joy, love, neutral",5
begleitet,"admiration, love, neutral",3
rapunzel,"admiration, desire, disappointment, disgust, neutral, realization, sadness",7
verföhnt,"admiration, neutral",2
gothel,"admiration, annoyance, disappointment, neutral, realization",5
turm,"admiration, anger, excitement, neutral, sadness",5
nutzen,"confusion, neutral",2
dieb,"anger, annoyance, approval, caring, neutral, sadness",6
eindringling,"disgust, neutral",2
überwältigen,"annoyance, neutral",2
verstecken,"annoyance, neutral",2
eher,"amusement, disgust, neutral",3
geburtstag,"admiration, excitement, neutral, realization, sadness",5
rächen,"amusement, fear, neutral",3
laternen,"admiration, neutral",2
zurückgeben,"caring, neutral",2
wartet,"admiration, neutral",2
riders,"approval, neutral",2
schließt,"amusement, neutral, sadness",3
gesuchte,"neutral, realization",2
prozession,"amusement, neutral",2
träumt,"neutral, optimism",2
truthahn,"desire, neutral, realization",3
wahr,"admiration, caring, love, neutral",4
besorgte,"caring, neutral",2
macario,"admiration, amusement, disappointment, neutral, realization, sadness",6
berge,"curiosity, neutral",2
feinen,"disgust, neutral",2
teilen,"joy, neutral",2
``,"admiration, amusement, anger, annoyance, approval, caring, curiosity, desire, disappointment, disgust, embarrassment, excitement, gratitude, joy, love, neutral, sadness, surprise",18
geheilt,"love, neutral, realization",3
freundschaft,"gratitude, joy, neutral",3
heilt,"amusement, neutral",2
aufsehen,"admiration, neutral",2
dienste,"neutral, sadness, surprise",3
heilung,"desire, neutral",2
verbrannt,"joy, neutral",2
bestimmten,"excitement, neutral",2
geteilt,"neutral, realization",2
brüderchen,"admiration, anger, annoyance, desire, embarrassment, joy, love, nervousness, neutral, realization, sadness",11
schwesterchen,"admiration, anger, annoyance, embarrassment, joy, love, nervousness, neutral, realization, sadness",10
streiche,"disappointment, neutral",2
usa,"approval, desire, disappointment, gratitude, neutral, realization, sadness",7
sule,"neutral, sadness",2
springen,"neutral, sadness",2
schleicht,"fear, neutral",2
gekostet,"neutral, surprise",2
schaut,"admiration, disappointment, neutral",3
gesagt,"admiration, caring, love, neutral",4
schlafe,"disapproval, neutral",2
verbracht,"anger, neutral",2
durst,"fear, nervousness, neutral",3
wolf.,"love, nervousness, neutral",3
brünnlein,"annoyance, disapproval, nervousness, neutral",4
reh,"admiration, curiosity, joy, love, nervousness, neutral, realization",7
versichert,"desire, neutral",2
strumpfband,"anger, neutral",2
bleibe,"curiosity, neutral",2
rosenstrauch,"admiration, neutral",2
rehlein,"admiration, love, neutral, sadness",4
schwesterlein,"admiration, joy, nervousness, neutral, realization",5
herein.,"admiration, neutral",2
halsband,"admiration, neutral",2
hereingebeten,"neutral, sadness",2
spürt,"disappointment, neutral",2
geist,"admiration, anger, fear, gratitude, neutral, relief",6
sorge,"admiration, caring, fear, neutral, realization, sadness",6
stärker,"admiration, approval, caring, fear, gratitude, love, neutral",7
händen,"admiration, amusement, disgust, fear, joy, love, neutral, sadness",8
nimmermehr.,"love, neutral",2
leibarztes,"nervousness, neutral",2
ferkel,"fear, neutral",2
allerleirauh,"admiration, joy, neutral, sadness, surprise",5
gleiche,"caring, curiosity, neutral, realization",4
hofstaat,"anger, disappointment, neutral",3
anmut,"admiration, neutral, surprise",3
gottes,"annoyance, love, neutral",3
gesetz,"annoyance, joy, neutral",3
kleider,"admiration, annoyance, desire, embarrassment, love, neutral, optimism, sadness",8
mond,"disappointment, disgust, neutral",3
sterne,"neutral, realization",2
ruß,"admiration, neutral",2
lebendig,"admiration, fear, neutral, sadness",4
erwidert,"admiration, annoyance, confusion, neutral",4
angesehen,"disappointment, neutral",2
versteht,"desire, neutral",2
verzeihung,"neutral, sadness",2
silberne,"admiration, neutral",2
lotte,"curiosity, disapproval, neutral",3
spinnrädchen,"admiration, neutral",2
mathis,"admiration, neutral",2
redet,"disgust, neutral",2
lieb,"admiration, caring, love, neutral",4
fäden,"admiration, neutral",2
verbietet,"annoyance, neutral",2
pelz,"disappointment, neutral",2
tanz,"admiration, disappointment, joy, neutral, realization",5
kleiner,"amusement, disapproval, disgust, neutral, realization",5
vereint,"joy, love, neutral",3
waschen,"anger, disgust, neutral",3
christoffel,"admiration, disappointment, gratitude, love, neutral",5
entledigt,"fear, neutral",2
leere,"disapproval, neutral",2
goldschmieds,"love, neutral",2
erscheinung,"neutral, surprise",2
feld,"admiration, embarrassment, neutral, pride",4
frisieren,"anger, neutral",2
lady,"neutral, sadness",2
lilliana,"admiration, anger, disappointment, neutral, realization",5
hoffman,"neutral, sadness",2
frederick,"admiration, disgust, neutral",3
claudia,"admiration, annoyance, disappointment, joy, neutral, optimism, realization, sadness",8
schrank,"admiration, caring, disappointment, love, neutral, realization, sadness",7
form,"neutral, remorse",2
stummen,"confusion, neutral",2
lilly,"joy, neutral",2
schwanger,"neutral, optimism",2
erinnerung,"excitement, neutral, optimism",3
wunderbares,"admiration, neutral",2
gebannt,"admiration, neutral, relief",3
betritt,"neutral, sadness",2
zurückkehrte,"neutral, realization",2
zofen,"love, neutral",2
fehlgeburt,"neutral, sadness",2
nennt,"admiration, amusement, neutral, realization",4
spiegelbild,"admiration, love, neutral",3
claudias,"admiration, disappointment, neutral",3
hass,"anger, annoyance, neutral, optimism, realization",5
gemüt,"admiration, neutral",2
gerufen,"joy, neutral",2
vorzubereiten,"excitement, fear, neutral",3
sturm,"neutral, realization",2
aufgetragen,"admiration, neutral",2
lillianas,"joy, neutral",2
nächtlichen,"anger, neutral",2
zuflucht,"fear, neutral",2
verlassenen,"neutral, pride",2
bande,"neutral, sadness",2
angesicht,"admiration, neutral",2
gekleidete,"excitement, neutral",2
obst,"love, neutral",2
gläsernen,"neutral, optimism, sadness",3
herum,"admiration, anger, curiosity, desire, disgust, excitement, fear, love, neutral, realization, sadness",11
planen,"amusement, neutral",2
samen,"gratitude, neutral",2
stürzte,"amusement, anger, disgust, neutral",4
engelbert,"admiration, neutral, pride",3
aufgeben,"confusion, neutral",2
hingegen,"admiration, annoyance, disappointment, excitement, neutral, relief",6
gutes,"admiration, annoyance, approval, neutral, realization",5
rosenbäumchen,"admiration, neutral",2
wilbur,"approval, neutral, sadness",3
jasper,"annoyance, love, neutral, realization, surprise",5
spielt,"anger, caring, neutral",3
flora,"caring, neutral",2
schnellen,"neutral, sadness, surprise",3
läufer,"annoyance, caring, neutral",3
markus,"confusion, disappointment, neutral",3
wettlauf,"annoyance, neutral",2
erkannt,"love, neutral, realization",3
siegessicher,"approval, neutral",2
benjamin,"admiration, fear, neutral",3
schlafend,"fear, neutral, sadness",3
raum,"admiration, neutral, surprise",3
soviel,"gratitude, neutral",2
schatzkammer,"gratitude, neutral",2
ella,"annoyance, desire, excitement, grief, joy, love, neutral, realization, sadness",9
wilde,"disgust, neutral",2
sobald,"admiration, neutral",2
krankheit,"anger, approval, caring, joy, neutral, sadness",6
köhlerhütte,"confusion, neutral",2
köhler,"love, neutral",2
schicksalsgöttin,"caring, neutral",2
düstere,"annoyance, disgust, neutral, realization",4
seele,"annoyance, disgust, neutral",3
ermorden,"annoyance, neutral",2
müllers,"neutral, pride",2
schwemmling,"annoyance, caring, disgust, neutral, realization",5
bekam,"admiration, amusement, neutral, realization, surprise",5
ahnend,"embarrassment, gratitude, neutral",3
wendling,"love, neutral",2
zauberer,"desire, love, neutral",3
recken,"love, neutral",2
befragen,"approval, neutral",2
landes,"admiration, amusement, annoyance, neutral",4
verdorrt,"annoyance, confusion, disappointment, neutral",4
dunkle,"admiration, anger, curiosity, disgust, excitement, joy, neutral, sadness",8
steppenbrand,"disgust, neutral",2
könige,"desire, neutral",2
leidet,"annoyance, caring, neutral",3
wirt,"admiration, curiosity, fear, neutral, sadness, surprise",6
krieger,"admiration, neutral",2
worauf,"caring, neutral, sadness",3
schwört,"annoyance, neutral",2
fleht,"neutral, sadness",2
grünen,"love, neutral",2
gefährte,"joy, neutral",2
bestellt,"annoyance, neutral",2
mahlzeit,"admiration, neutral",2
aufgehört,"joy, neutral",2
wunder,"admiration, gratitude, neutral, pride, surprise",5
quellen,"curiosity, disapproval, love, neutral, realization",5
leeren,"joy, neutral",2
rotes,"anger, neutral",2
vorliebe,"admiration, neutral",2
überall,"admiration, disgust, neutral, sadness, surprise",5
rotkäppchens,"annoyance, disgust, grief, neutral",4
enkelin,"joy, neutral",2
angeln,"admiration, neutral",2
teig,"love, neutral",2
flasche,"fear, neutral",2
vorschlag,"admiration, neutral",2
verschlingt,"disgust, neutral",2
hast,"admiration, amusement, anger, annoyance, approval, caring, curiosity, disgust, embarrassment, fear, gratitude, joy, love, neutral, optimism, realization, sadness",17
besser,"annoyance, approval, curiosity, disgust, fear, joy, love, neutral, optimism, sadness",10
kann.,"admiration, fear, neutral",3
wollten,"admiration, amusement, neutral",3
schwere,"admiration, anger, annoyance, fear, neutral",5
erlebt,"curiosity, neutral",2
sonntag,"annoyance, neutral",2
gesehen.,"neutral, realization, surprise",3
sophia,"admiration, approval, fear, neutral, sadness",5
ärztin,"admiration, neutral",2
malick,"fear, neutral, surprise",3
praktikum,"disapproval, neutral, surprise",3
medikamentenkammer,"joy, neutral",2
mercurius,"joy, neutral",2
ungläubig,"admiration, neutral",2
betrachtet,"gratitude, neutral, surprise",3
erwartet,"admiration, disappointment, neutral",3
kräuterfrau,"admiration, neutral",2
traurige,"admiration, neutral",2
lieder,"admiration, neutral",2
räte,"approval, neutral",2
trauern,"annoyance, neutral",2
reden,"admiration, disapproval, joy, neutral, sadness",5
verschiedene,"neutral, realization",2
beschenkt,"annoyance, neutral, realization",3
mitgenommen,"caring, curiosity, neutral",3
schneider,"annoyance, desire, neutral",3
alsbald,"admiration, fear, neutral, realization",4
fell,"admiration, fear, neutral",3
wagen,"anger, approval, fear, joy, neutral, sadness",6
blicken,"amusement, neutral",2
unbekannte,"admiration, neutral",2
cinderella,"admiration, caring, desire, grief, joy, neutral, sadness, surprise",8
'',"admiration, amusement, anger, annoyance, approval, confusion, curiosity, desire, disappointment, embarrassment, excitement, gratitude, joy, love, neutral, realization, sadness, surprise",18
vivian,"joy, neutral",2
wiedertrifft,"joy, neutral",2
könnten,"curiosity, neutral, realization",3
stattfindet,"excitement, neutral",2
ellas,"admiration, neutral",2
besuch,"neutral, surprise",2
begleiten,"annoyance, caring, neutral, sadness",4
schlag,"annoyance, disappointment, neutral",3
saal,"admiration, embarrassment, fear, love, neutral, surprise",6
fab,"admiration, neutral, sadness",3
g.,"admiration, neutral",2
gestehen,"embarrassment, neutral",2
häschen,"love, neutral",2
aussieht,"disapproval, neutral",2
mund,"admiration, disapproval, love, neutral, sadness",5
gesperrt,"embarrassment, neutral",2
ernst,"admiration, annoyance, joy, neutral",4
einander,"amusement, annoyance, joy, love, neutral, realization",6
kindes,"annoyance, curiosity, fear, neutral, optimism",5
schwäne,"admiration, neutral",2
gealtert,"joy, neutral",2
davonläuft,"admiration, neutral",2
verzweiflung,"disappointment, neutral, realization, sadness",4
versöhnt,"joy, neutral",2
endgültig,"neutral, realization",2
flammen,"curiosity, fear, joy, neutral, sadness",5
unversehrten,"neutral, realization",2
bewiesen,"admiration, neutral",2
lüge,"fear, love, neutral",3
generationen,"fear, neutral",2
kräftige,"admiration, neutral",2
mut,"admiration, approval, disappointment, disgust, gratitude, joy, love, neutral, optimism, realization, sadness, surprise",12
dankbarkeit,"admiration, gratitude, love, neutral",4
pfeifen,"gratitude, neutral",2
schwach,"joy, love, neutral",3
kreis,"curiosity, neutral",2
schaukel,"nervousness, neutral",2
umarmt,"love, neutral",2
waldhexe,"caring, neutral",2
erlösung,"gratitude, joy, neutral",3
fertigen,"desire, neutral",2
zusätzlich,"admiration, neutral",2
waldlichtung,"admiration, neutral",2
grüne,"approval, curiosity, neutral, remorse",4
norbert,"curiosity, neutral",2
bartolomäus,"excitement, neutral",2
frohe,"grief, neutral",2
stunden,"disappointment, joy, neutral, realization",4
decke,"fear, neutral",2
birgt,"curiosity, neutral",2
kranke,"disappointment, neutral",2
stottern,"fear, neutral",2
alexandra,"anger, fear, nervousness, neutral",4
bewahren,"desire, neutral, sadness",3
vergnügt,"admiration, caring, joy, love, neutral",5
nachbarland,"disgust, neutral",2
minerva,"admiration, disapproval, excitement, neutral",4
calliope,"admiration, disapproval, excitement, neutral",4
jawort,"joy, neutral",2
anprobieren,"desire, neutral",2
stiefschwestern,"admiration, disapproval, neutral",3
wunderschönen,"admiration, neutral, sadness",3
verriet,"annoyance, neutral",2
verträumt,"admiration, approval, neutral",3
sang,"admiration, amusement, curiosity, joy, nervousness, neutral, sadness",7
bein,"disgust, neutral",2
tasche,"annoyance, caring, neutral, sadness",4
maleficent,"admiration, anger, annoyance, desire, disapproval, gratitude, neutral, realization, surprise",9
finsternis,"love, neutral",2
regierte,"admiration, gratitude, neutral",3
aurora,"admiration, anger, annoyance, desire, disappointment, disapproval, embarrassment, excitement, love, neutral, realization, surprise",12
moore,"admiration, amusement, neutral",3
wächterin,"neutral, pride",2
heimat,"neutral, sadness",2
phillip,"joy, neutral, optimism",3
bösewicht,"joy, love, neutral, sadness",4
john,"annoyance, neutral",2
frieden,"anger, joy, love, neutral, realization",5
ingrith,"anger, joy, neutral, optimism",4
feen,"caring, excitement, neutral",3
vertrauter,"anger, neutral",2
jemals,"admiration, neutral",2
stefans,"neutral, realization",2
zuletzt,"disappointment, neutral, sadness",3
schreit,"disgust, neutral",2
verwundet,"neutral, sadness",2
anführer,"love, neutral",2
mächtig,"admiration, neutral",2
bitter,"neutral, remorse, sadness",3
auroras,"love, neutral",2
ziege,"neutral, optimism",2
taufe,"annoyance, gratitude, love, neutral",4
bajaja,"confusion, love, neutral, realization",4
verlassene,"curiosity, neutral",2
dreiköpfigen,"admiration, neutral",2
drachen,"admiration, desire, excitement, fear, neutral, realization",6
schwarzer,"desire, neutral",2
schimmel,"gratitude, neutral",2
tuch,"neutral, sadness",2
verkleiden,"annoyance, neutral",2
drache,"anger, curiosity, disapproval, neutral",4
slavěna,"admiration, confusion, neutral",3
köpfe,"anger, neutral",2
versteck,"neutral, realization",2
geschehen,"admiration, disappointment, neutral, sadness",4
rüstung,"annoyance, neutral",2
sieg,"joy, love, neutral",3
turnier,"neutral, realization",2
szenen,"neutral, realization",2
früh,"anger, curiosity, grief, joy, neutral",5
geranien,"neutral, surprise",2
kurzzeitig,"anger, neutral",2
schutz,"neutral, pride, sadness",3
fremde,"admiration, curiosity, love, neutral, realization, surprise",6
richard,"admiration, neutral, realization, surprise",4
gepflegt,"admiration, neutral",2
süße,"admiration, love, neutral",3
gesprochen,"annoyance, gratitude, neutral",3
bittere,"admiration, neutral",2
gedenkt,"approval, neutral",2
situation,"confusion, neutral",2
marktes,"curiosity, neutral",2
reiter,"admiration, anger, annoyance, caring, desire, neutral, realization",7
hochzeitsfest,"admiration, love, neutral",3
schlossgarten,"admiration, neutral",2
gemach,"admiration, love, neutral",3
zugleich,"joy, love, neutral, sadness",4
sonnenschein,"joy, neutral",2
aussprechen,"gratitude, neutral",2
schützen,"fear, neutral",2
glühende,"admiration, neutral",2
funken,"amusement, neutral",2
augenblick,"admiration, curiosity, love, neutral, optimism, realization",6
schlaf,"annoyance, caring, desire, love, neutral, realization",6
neugierig,"curiosity, neutral",2
leid,"anger, approval, fear, love, neutral, realization, remorse, sadness",8
dunkles,"neutral, sadness",2
roswitha,"embarrassment, neutral, sadness, surprise",4
erleidet,"neutral, sadness",2
fremder,"curiosity, neutral",2
hochmütigen,"admiration, neutral",2
dreizehnte,"annoyance, neutral",2
korbflechten,"approval, neutral, realization",3
beizubringen,"neutral, realization",2
spieglein,"admiration, curiosity, neutral",3
clementianna,"admiration, neutral",2
liebestrank,"anger, neutral",2
naheliegenden,"neutral, realization",2
ewiger,"gratitude, neutral",2
herrscht,"excitement, neutral, sadness",3
bevölkerung,"amusement, love, neutral, optimism",4
stehe,"admiration, neutral",2
alcott,"anger, joy, neutral, sadness",4
nahegelegenen,"disappointment, neutral",2
bestie,"disgust, neutral, realization",3
angebliche,"neutral, remorse",2
fraß,"fear, love, neutral, sadness",4
leibwächter,"admiration, neutral",2
fährt,"anger, curiosity, neutral",3
brighton,"admiration, anger, neutral",3
gerecht,"admiration, neutral, pride",3
lebend,"disappointment, love, neutral",3
liebte,"admiration, fear, love, neutral, optimism, sadness",6
aufgeregt,"excitement, neutral",2
widerfahren,"love, neutral, realization",3
aufruhr,"excitement, neutral",2
schabe,"anger, neutral",2
hunde,"anger, neutral",2
rauben,"disgust, neutral, realization",3
halbmondkette,"admiration, disgust, neutral",3
kette,"neutral, realization",2
dolch,"neutral, realization, sadness",3
verhängt,"approval, neutral",2
tiana,"confusion, desire, disappointment, joy, love, neutral, sadness",7
naveen,"confusion, desire, disappointment, joy, love, neutral, sadness",7
charlotte,"confusion, neutral",2
lawrence,"disappointment, neutral",2
facilier,"annoyance, neutral",2
träume,"curiosity, fear, neutral",3
ray,"approval, neutral",2
funkelnden,"admiration, neutral",2
evangeline,"joy, neutral",2
frösche,"approval, joy, neutral",3
aufheben,"neutral, remorse",2
voodoozauber,"disappointment, neutral",2
amulett,"disappointment, neutral",2
begraben,"admiration, neutral",2
stern,"joy, neutral",2
neid,"admiration, neutral, realization, sadness",4
ertappt,"anger, neutral",2
eisenring,"love, neutral",2
verbrennt,"neutral, sadness",2
trank,"admiration, anger, love, nervousness, neutral",5
überwinden,"disappointment, neutral",2
flügel,"anger, fear, neutral",3
16.,"neutral, realization",2
ändert,"neutral, realization",2
tiefsten,"admiration, caring, neutral",3
blumenfeen,"gratitude, neutral",2
gewalt,"annoyance, joy, neutral, sadness",4
sterbenskrank,"curiosity, neutral",2
15,"anger, neutral",2
erden,"admiration, annoyance, neutral",3
tanten,"neutral, surprise",2
enttäuscht,"disappointment, neutral, sadness",3
traurig,"admiration, caring, confusion, disappointment, love, neutral, sadness, surprise",8
zustand,"neutral, realization, sadness",3
schlimmes,"love, neutral",2
phillips,"joy, neutral",2
beider,"neutral, realization",2
dornenhecke,"admiration, neutral, sadness",3
dornröschen,"admiration, excitement, neutral",3
mason,"anger, neutral",2
cthonia,"caring, neutral",2
stirn,"love, neutral",2
lilith,"amusement, neutral",2
dürfte,"excitement, fear, neutral",3
ernährt,"anger, neutral",2
leiche,"desire, neutral",2
niederlage,"annoyance, neutral",2
heller,"disapproval, neutral",2
niesen,"neutral, sadness",2
zerstörten,"fear, neutral",2
fiedler,"anger, neutral",2
musik,"amusement, neutral",2
schnelligkeit,"neutral, realization",2
ebenso,"admiration, curiosity, disappointment, disapproval, joy, love, neutral, sadness",8
sonnenblumenfeld,"neutral, realization",2
gestoßen,"love, neutral",2
gelassen,"approval, curiosity, fear, grief, neutral",5
eilen,"caring, neutral",2
ständig,"amusement, neutral",2
wasserkrug,"fear, neutral",2
eilig,"disgust, neutral",2
wände,"annoyance, neutral, sadness",3
schiefhütchen,"fear, neutral",2
hitze,"annoyance, neutral, sadness",3
frost,"neutral, sadness",2
hochzeitskleid,"love, neutral",2
spiegeln,"annoyance, neutral",2
teppichen,"annoyance, neutral",2
wirklichkeit,"desire, neutral, realization, sadness",4
jägermeister,"admiration, anger, annoyance, disappointment, neutral",5
fischerhütte,"neutral, realization",2
traumbild,"admiration, neutral",2
fischer,"caring, love, neutral",3
pfauenfeder,"admiration, neutral, realization, sadness",4
ahnung,"admiration, neutral, realization",3
hörten,"admiration, amusement, neutral",3
hierauf,"admiration, anger, neutral",3
verschonte,"love, neutral",2
setzte,"admiration, desire, disappointment, disgust, fear, grief, love, neutral, sadness",9
ocik,"caring, love, neutral",3
gehnichtunter,"admiration, anger, annoyance, love, neutral",5
königliche,"admiration, amusement, neutral",3
zornig,"anger, annoyance, caring, curiosity, disgust, fear, neutral, sadness",8
glückliche,"joy, neutral",2
verderben,"neutral, realization",2
amaryllis,"admiration, love, neutral",3
unmögliche,"admiration, neutral",2
eile,"neutral, realization",2
grenzen,"approval, neutral",2
herrschaft,"disappointment, love, neutral",3
königsmacht,"desire, neutral",2
sigismunds,"gratitude, neutral",2
leopold,"approval, gratitude, neutral, remorse",4
magdalena,"neutral, sadness",2
vergeblichen,"love, neutral",2
rollentausch,"approval, neutral, realization",3
blutstropfen,"joy, neutral",2
gänsemagd,"admiration, neutral, realization, sadness, surprise",5
kürdchen,"admiration, annoyance, neutral",3
gänse,"annoyance, neutral",2
schinder,"caring, neutral",2
befehlen,"neutral, surprise",2
derart,"admiration, amusement, disappointment, neutral",4
betrügen,"love, neutral",2
harte,"neutral, remorse",2
ankommt,"love, neutral",2
erblicken,"admiration, joy, neutral, surprise",4
nutz,"neutral, optimism",2
glück.,"neutral, optimism",2
hätten,"curiosity, neutral, sadness",3
nachfolge,"caring, neutral, realization",3
antreten,"approval, neutral",2
ruhe,"admiration, annoyance, caring, curiosity, love, neutral",6
versuchten,"amusement, disappointment, neutral",3
sausewind,"desire, neutral",2
heiße,"embarrassment, neutral",2
dahin,"caring, neutral, realization, sadness, surprise",5
meinte,"admiration, anger, excitement, joy, neutral, sadness, surprise",7
wittert,"admiration, neutral, sadness",3
geschäft,"approval, neutral, realization",3
goldschmied,"admiration, neutral",2
bekäme,"caring, joy, neutral",3
schlechtes,"neutral, realization",2
schrecklich,"annoyance, fear, neutral",3
goldschatz,"anger, neutral",2
läuten,"joy, neutral",2
wahlspruch,"neutral, optimism",2
erschrocken,"admiration, fear, neutral",3
vorwärts,"disgust, neutral",2
tauschgeschäften,"joy, neutral",2
wandert,"admiration, desire, neutral",3
ausfindig,"desire, neutral",2
fridolin,"embarrassment, neutral",2
vorsichtig,"caring, neutral",2
blauen,"admiration, annoyance, neutral",3
erkenn,"amusement, neutral",2
gütig,"admiration, neutral",2
mutters,"amusement, neutral",2
vorher,"admiration, annoyance, neutral",3
dachte,"admiration, anger, approval, curiosity, fear, joy, love, neutral, realization, sadness, surprise",11
amtsrichter,"annoyance, disappointment, neutral",3
mina,"annoyance, neutral, realization",3
muriel,"admiration, neutral",2
ritual,"anger, neutral",2
einzigen,"disappointment, love, neutral",3
geschehnisse,"approval, neutral",2
adrianna,"admiration, neutral",2
zutat,"anger, neutral",2
geschossen,"anger, neutral",2
hexenhaus,"joy, neutral",2
traf,"admiration, neutral",2
sagte,"admiration, amusement, anger, annoyance, approval, caring, curiosity, disappointment, disapproval, disgust, embarrassment, excitement, fear, gratitude, joy, love, neutral, realization, sadness, surprise",20
sprach,"admiration, amusement, anger, annoyance, approval, caring, confusion, curiosity, desire, disappointment, disgust, embarrassment, fear, gratitude, joy, love, nervousness, neutral, optimism, realization, remorse, sadness, surprise",23
kunst,"neutral, realization",2
sagst,"caring, neutral",2
bring,"caring, fear, neutral",3
ward,"admiration, anger, annoyance, caring, curiosity, disapproval, disgust, fear, joy, love, nervousness, neutral, relief, sadness",14
gab,"admiration, annoyance, desire, gratitude, joy, love, neutral, optimism, realization, relief, surprise",11
rad,"curiosity, disgust, neutral",3
blieb,"admiration, confusion, embarrassment, neutral, sadness",5
ging,"admiration, amusement, anger, annoyance, approval, caring, curiosity, disgust, embarrassment, excitement, fear, gratitude, joy, love, neutral, realization, sadness, surprise",18
türe,"admiration, amusement, anger, caring, curiosity, disappointment, fear, joy, love, neutral, realization, sadness, surprise",13
trat,"admiration, annoyance, curiosity, disgust, fear, gratitude, joy, love, neutral, realization, sadness, surprise",12
antwortete,"admiration, annoyance, approval, caring, confusion, curiosity, disappointment, embarrassment, fear, joy, love, neutral, realization, sadness",14
verstehe,"caring, neutral",2
gibst,"caring, fear, love, neutral",4
dirs,"amusement, anger, caring, fear, neutral",5
spinne,"annoyance, neutral",2
nahm,"admiration, amusement, annoyance, disapproval, disgust, fear, gratitude, joy, love, neutral, realization",11
ließ,"admiration, anger, annoyance, approval, caring, curiosity, desire, disapproval, disgust, fear, joy, love, neutral, realization, remorse, sadness, surprise",17
befahl,"annoyance, caring, gratitude, neutral",4
wusste,"admiration, approval, confusion, desire, disgust, joy, love, nervousness, neutral, realization, sadness",11
weinte,"admiration, amusement, annoyance, gratitude, grief, love, neutral, sadness",8
erschien,"admiration, anger, annoyance, fear, neutral, realization, surprise",7
fing,"amusement, anger, disgust, fear, neutral, optimism, sadness",7
freute,"admiration, caring, excitement, joy, love, neutral, pride, sadness",8
maßen,"admiration, disgust, love, neutral",4
anblick,"admiration, neutral",2
sollst,"anger, annoyance, caring, fear, gratitude, joy, neutral, optimism",8
gemahlin,"admiration, disapproval, fear, joy, love, nervousness, neutral, optimism",8
werden.,"admiration, disgust, fear, neutral, realization",5
wenns,"admiration, caring, neutral",3
finde,"annoyance, desire, neutral, realization",4
drittenmal,"love, neutral",2
weiss,"admiration, amusement, approval, caring, confusion, disapproval, love, neutral",8
versprach,"admiration, disapproval, gratitude, neutral",4
verlangte,"annoyance, confusion, desire, neutral, sadness, surprise",6
brachte,"admiration, amusement, anger, curiosity, desire, disapproval, disgust, excitement, fear, gratitude, grief, joy, love, neutral, realization, sadness",16
gib,"curiosity, desire, love, neutral, realization",5
erschrak,"admiration, confusion, curiosity, fear, grief, love, neutral, realization, sadness",9
bot,"disgust, gratitude, neutral",3
schätze,"admiration, annoyance, caring, curiosity, neutral, sadness",6
weisst,"admiration, fear, neutral",3
behalten.,"caring, neutral",2
schickte,"anger, fear, neutral",3
breit,"admiration, neutral",2
gäbe,"admiration, neutral",2
heiss,"fear, neutral",2
vielleicht,"approval, disappointment, fear, neutral, optimism",5
erzählte,"caring, disgust, embarrassment, grief, joy, love, neutral, realization, sadness",9
brannte,"love, neutral, realization, sadness",4
sprang,"admiration, amusement, annoyance, caring, fear, gratitude, joy, love, nervousness, neutral, sadness",11
schrie,"caring, curiosity, neutral, sadness, surprise",5
übermorgen,"amusement, neutral",2
rumpelstilzchen,"admiration, neutral",2
hörte,"admiration, amusement, caring, curiosity, desire, disgust, embarrassment, fear, joy, love, nervousness, neutral, optimism, realization, sadness",15
hernach,"anger, curiosity, neutral",3
fragte,"admiration, annoyance, curiosity, disappointment, fear, love, neutral, realization, surprise",9
etwa,"desire, excitement, neutral",3
stieß,"admiration, curiosity, disappointment, disgust, neutral",5
packte,"love, neutral",2
wut,"disgust, neutral",2
riss,"amusement, joy, neutral, sadness",4
entzwei,"admiration, neutral",2
machte,"admiration, anger, annoyance, curiosity, desire, disappointment, disgust, fear, gratitude, grief, love, neutral, sadness",13
ordentlich,"admiration, annoyance, caring, love, neutral",5
herbei,"annoyance, love, neutral, sadness",4
hundert,"neutral, surprise",2
stille,"admiration, neutral, realization",3
bewegen,"disappointment, neutral",2
kreiss,"neutral, sadness",2
tausend,"embarrassment, grief, neutral",3
gingen,"admiration, annoyance, joy, love, neutral, realization",6
klagte,"annoyance, neutral",2
bestürzt,"neutral, sadness",2
sahen,"admiration, curiosity, desire, embarrassment, fear, love, neutral",7
wussten,"admiration, annoyance, joy, love, neutral, realization",6
wohin,"curiosity, neutral, realization, sadness",4
vöglein,"curiosity, love, neutral",3
leide,"admiration, love, neutral",3
flog,"neutral, sadness",2
hu,"amusement, neutral",2
regen,"annoyance, disappointment, disapproval, fear, neutral",5
strauch,"anger, neutral",2
gelb,"admiration, neutral",2
mager,"neutral, sadness",2
reichte,"annoyance, love, neutral, realization, sadness",5
weib,"admiration, neutral",2
bat,"admiration, caring, desire, fear, love, neutral, sadness",7
rief,"admiration, amusement, anger, annoyance, caring, confusion, curiosity, disappointment, fear, joy, love, nervousness, neutral, realization, sadness, surprise",16
jammerte,"anger, neutral, sadness",3
umsonst,"curiosity, fear, neutral, realization, sadness",5
hütete,"admiration, anger, neutral",3
berührte,"admiration, neutral",2
träumte,"admiration, fear, neutral",3
morgens,"admiration, neutral, realization, sadness",4
erwachte,"admiration, fear, grief, neutral, realization, surprise",6
fände,"admiration, neutral",2
blutrote,"admiration, neutral",2
kehrte,"admiration, amusement, annoyance, approval, curiosity, disappointment, embarrassment, neutral",8
besah,"neutral, realization",2
lebten,"admiration, anger, disappointment, fear, joy, love, neutral",7
schenkte,"gratitude, neutral",2
käppchen,"admiration, curiosity, fear, neutral",4
rotem,"admiration, neutral",2
hieß,"admiration, disappointment, neutral, remorse",4
kommst,"embarrassment, fear, neutral, remorse",4
geh,"caring, neutral",2
sittsam,"admiration, neutral",2
stube,"anger, curiosity, embarrassment, neutral, surprise",5
wohnte,"amusement, neutral, realization, surprise",4
unten,"admiration, joy, neutral, sadness",4
ding,"amusement, fear, neutral",3
bissen,"love, neutral",2
listig,"admiration, desire, neutral",3
weilchen,"love, neutral",2
sieh,"gratitude, neutral",2
rings,"neutral, sadness",2
umher,"caring, disgust, love, neutral, sadness",5
stände,"admiration, neutral",2
lief,"admiration, anger, disappointment, disgust, fear, joy, love, neutral, sadness",9
tiefer,"admiration, disgust, love, neutral, pride, relief, sadness",7
klopfte,"admiration, amusement, joy, love, neutral",5
auf.,"joy, love, neutral",3
drückte,"disapproval, neutral",2
verschluckte,"love, neutral",2
legte,"admiration, caring, curiosity, love, neutral",5
zog,"admiration, anger, annoyance, fear, love, neutral, realization, sadness",8
vorhänge,"admiration, neutral",2
gelaufen,"admiration, curiosity, neutral",3
ohren,"admiration, curiosity, neutral, surprise",4
entsetzlich,"disgust, neutral",2
bette,"admiration, grief, love, neutral",4
verschlang,"annoyance, neutral, surprise",3
gelüsten,"joy, neutral",2
schlief,"curiosity, disapproval, neutral, realization, sadness",5
überlaut,"amusement, neutral",2
eben,"annoyance, joy, love, neutral, surprise",5
holte,"admiration, love, neutral, sadness",4
geschwind,"amusement, disgust, joy, neutral, surprise",5
aufwachte,"fear, neutral, surprise",3
aß,"admiration, curiosity, neutral, sadness",4
erholte,"neutral, relief",2
lebtag,"admiration, annoyance, confusion, neutral",4
hat.,"admiration, annoyance, caring, love, neutral",5
bös,"admiration, annoyance, confusion, disgust, neutral",5
straße,"admiration, neutral, sadness",3
still,"admiration, anger, annoyance, caring, joy, neutral",6
machten,"admiration, love, neutral",3
schlich,"disgust, neutral",2
ginge,"annoyance, neutral",2
nimm,"annoyance, neutral",2
trag,"neutral, sadness",2
worin,"caring, neutral",2
stieg,"admiration, anger, fear, gratitude, neutral, sadness",6
guckte,"admiration, disapproval, neutral, surprise",4
anfing,"love, neutral, sadness",3
einsam,"admiration, neutral, remorse, sadness",4
hüttchen,"joy, neutral",2
standen,"admiration, approval, fear, neutral, realization",5
rosen,"admiration, neutral",2
fromm,"love, neutral",2
arbeitsam,"joy, neutral",2
sanfter,"neutral, sadness",2
saß,"admiration, amusement, desire, disgust, joy, neutral, sadness",7
daheim,"admiration, curiosity, fear, joy, neutral",5
half,"curiosity, gratitude, neutral, sadness",4
las,"admiration, neutral, realization",3
unfall,"love, neutral, sadness",3
walde,"anger, annoyance, caring, curiosity, fear, grief, love, neutral, sadness",9
legten,"neutral, optimism",2
schliefen,"disappointment, neutral, sadness",3
sitzen,"approval, love, neutral",3
blickte,"fear, gratitude, neutral",3
gewiss,"fear, neutral, sadness",3
zündete,"annoyance, neutral",2
hing,"admiration, neutral",2
glänzte,"admiration, neutral",2
rein,"admiration, love, neutral, realization, sadness",5
fielen,"admiration, anger, neutral",3
setzten,"joy, love, neutral",3
herd,"desire, joy, neutral, sadness",4
saßen,"joy, neutral, realization, sadness",4
dicken,"admiration, amusement, neutral",3
tue,"annoyance, neutral",2
holten,"neutral, surprise",2
kehrten,"gratitude, neutral",2
gast,"anger, neutral",2
nahmen,"admiration, caring, joy, neutral",4
lachten,"amusement, fear, neutral, sadness",4
sichs,"desire, neutral",2
sies,"confusion, curiosity, fear, neutral",4
lasst,"caring, neutral",2
tot.,"fear, neutral",2
kannst,"anger, annoyance, caring, curiosity, embarrassment, love, neutral, sadness",8
ließen,"admiration, disgust, neutral, remorse",4
grün,"admiration, disgust, neutral",3
gehst,"curiosity, joy, neutral",3
bäumen,"amusement, disapproval, love, nervousness, neutral, sadness",6
reisig,"admiration, neutral",2
fanden,"admiration, embarrassment, joy, love, nervousness, neutral, realization, sadness",8
hündchen,"fear, neutral",2
neugierige,"curiosity, neutral",2
seid,"admiration, anger, caring, curiosity, disgust, joy, neutral",7
ungeduldig,"fear, neutral",2
schaffen,"annoyance, approval, curiosity, neutral",4
fühlte,"admiration, desire, joy, love, neutral, sadness",6
griff,"neutral, sadness",2
hob,"admiration, joy, neutral, realization",4
stolzen,"admiration, embarrassment, gratitude, neutral",4
liefen,"amusement, fear, love, neutral",4
erkannten,"admiration, neutral, realization",3
solch,"admiration, joy, neutral, surprise",4
narr,"annoyance, neutral",2
seht,"amusement, annoyance, neutral, realization",4
verwünschte,"admiration, joy, neutral, sadness",4
geschöpf,"neutral, surprise",2
hielt,"admiration, anger, approval, caring, fear, joy, neutral, pride, surprise",9
binsen,"anger, neutral",2
bewegungen,"admiration, neutral",2
rechter,"annoyance, joy, love, neutral",4
hielten,"amusement, anger, disgust, joy, love, neutral",6
verwirrt,"confusion, neutral",2
habt,"admiration, approval, curiosity, disappointment, disgust, neutral, sadness",7
perlen,"admiration, love, neutral, sadness",4
schleppte,"anger, neutral",2
verschwand,"amusement, anger, disappointment, excitement, joy, neutral, realization, sadness",8
heide,"neutral, sadness, surprise",3
senkte,"disapproval, embarrassment, neutral",3
schrei,"admiration, neutral, sadness",3
abendsonne,"admiration, neutral",2
leuchteten,"neutral, realization",2
farben,"admiration, neutral, realization",3
stehenblieben,"admiration, neutral",2
feil,"admiration, love, neutral",3
aschgraues,"confusion, neutral",2
lautes,"desire, neutral",2
zähnen,"fear, neutral",2
gottlosen,"fear, neutral",2
fett,"neutral, sadness",2
kümmerte,"caring, grief, neutral",3
regte,"joy, love, neutral",3
verwünscht,"caring, neutral",2
wilder,"joy, neutral",2
teilten,"love, neutral",2
getragen,"disappointment, neutral",2
sneewittchen,"admiration, anger, curiosity, fear, neutral, surprise",6
schneeflocken,"caring, neutral",2
ebenholz,"admiration, amusement, excitement, neutral, realization",5
stach,"joy, neutral",2
nadel,"neutral, sadness",2
tropfen,"nervousness, neutral, sadness",3
starb,"caring, grief, joy, neutral, sadness",5
erblickte,"admiration, annoyance, curiosity, fear, grief, joy, love, neutral, sadness",9
leibe,"caring, disgust, neutral, pride",4
wuchsen,"admiration, neutral",2
wills,"caring, neutral",2
lunge,"admiration, neutral",2
gehorchte,"admiration, neutral",2
sneewittchens,"admiration, neutral",2
unschuldiges,"grief, neutral",2
laß,"admiration, annoyance, joy, love, neutral, sadness",6
nimmermehr,"anger, annoyance, love, neutral",4
schön,"admiration, annoyance, love, neutral, realization, sadness",6
wars,"annoyance, desire, fear, neutral",4
boshafte,"admiration, neutral",2
dornen,"love, neutral, realization, sadness",4
sprangen,"disgust, joy, neutral",3
taten,"confusion, neutral, optimism",3
füße,"admiration, neutral, realization",3
gedecktes,"neutral, realization",2
tischlein,"love, neutral",2
tellerlein,"love, neutral",2
becherlein,"curiosity, love, neutral",3
wand,"admiration, anger, curiosity, neutral",4
bettlein,"admiration, love, neutral",3
laken,"neutral, optimism",2
keins,"admiration, neutral",2
häuslein,"neutral, realization",2
fragten,"curiosity, neutral",2
reinlich,"admiration, joy, neutral",3
fehlen.,"annoyance, neutral, sadness",3
suchten,"anger, love, neutral, optimism, sadness",5
erz,"neutral, realization",2
sann,"neutral, sadness",2
färbte,"neutral, sadness",2
kleidete,"desire, neutral, sadness",3
krämerin,"anger, neutral",2
hübschen,"admiration, neutral",2
schnürriemen,"admiration, neutral",2
schnürte,"gratitude, neutral",2
atem,"neutral, realization, surprise",3
verging,"admiration, amusement, neutral, sadness",4
eilte,"embarrassment, neutral",2
erschraken,"admiration, disgust, fear, neutral",4
liebes,"admiration, anger, love, neutral",4
hoben,"neutral, sadness",2
höhe,"admiration, curiosity, fear, neutral, realization, remorse",6
schnitten,"joy, neutral",2
schaute,"admiration, amusement, excitement, neutral, realization",5
besinnung,"annoyance, neutral",2
niederfiel,"joy, neutral",2
warnten,"admiration, neutral",2
kostet.,"caring, neutral",2
verborgene,"curiosity, neutral",2
einsame,"neutral, sadness",2
mirs,"excitement, neutral, sadness, surprise",4
siehst,"curiosity, disappointment, neutral",3
essen.,"admiration, love, neutral, sadness, surprise",5
giftige,"anger, disgust, neutral",3
zwerglein,"admiration, gratitude, neutral",3
weinten,"joy, neutral",2
buchstaben,"admiration, neutral",2
schwarzhaarig,"admiration, neutral",2
geschah,"admiration, anger, disappointment, joy, neutral, realization, sadness, surprise",8
gaben,"admiration, anger, disappointment, neutral",4
schultern,"joy, neutral, remorse",3
forttragen,"curiosity, fear, neutral",3
öffnete,"admiration, amusement, disappointment, love, neutral, sadness, surprise",7
richtete,"admiration, anger, neutral",3
zugetragen,"neutral, sadness",2
pracht,"admiration, annoyance, love, neutral",4
herrlichkeit,"admiration, curiosity, neutral",3
gottlose,"admiration, anger, neutral",3
daraus,"admiration, anger, annoyance, caring, curiosity, nervousness, neutral",7
umgeben,"admiration, neutral",2
wagte,"love, neutral, sadness",3
elend,"disappointment, disgust, neutral",3
rapunzeln,"admiration, anger, neutral",3
eh,"neutral, sadness",2
lässest,"love, neutral",2
holst,"annoyance, neutral",2
mag,"amusement, curiosity, love, neutral, sadness",5
will.,"admiration, love, neutral",3
gewaltig,"anger, caring, curiosity, disgust, fear, love, neutral",7
schlecht,"admiration, annoyance, confusion, embarrassment, neutral",5
gnade,"admiration, caring, fear, gratitude, love, neutral, optimism",7
ergehen,"caring, excitement, neutral",3
kinde,"desire, love, neutral",3
prächtige,"admiration, neutral",2
fein,"admiration, neutral",2
vernahm,"admiration, neutral",2
herunter,"neutral, sadness",2
ritt,"admiration, amusement, anger, desire, disappointment, fear, joy, neutral, optimism, sadness",10
lieblich,"curiosity, neutral",2
seide,"admiration, annoyance, neutral",3
merkte,"admiration, disappointment, disgust, neutral, realization, sadness",6
schlug,"admiration, desire, disappointment, disgust, joy, love, neutral, sadness",8
linke,"admiration, annoyance, neutral",3
verstoßen,"annoyance, neutral",2
ansah,"admiration, love, nervousness, neutral, realization",5
aha,"amusement, neutral",2
wanderte,"neutral, sadness",2
wüstenei,"disgust, neutral",2
erkannte,"admiration, fear, love, neutral, realization, sadness",6
schwank,"gratitude, neutral",2
vierte,"curiosity, neutral",2
fünfte,"curiosity, neutral",2
sechste,"curiosity, neutral",2
laßt,"fear, neutral",2
kleidern,"admiration, neutral",2
mußte,"amusement, neutral",2
bleibst,"approval, neutral",2
manne,"admiration, anger, love, neutral",4
leidlich,"annoyance, disgust, neutral",3
trieb,"anger, disgust, fear, neutral",4
gehts,"caring, neutral",2
weiden,"amusement, neutral",2
wund,"neutral, sadness",2
sehe,"approval, love, neutral, sadness",4
versuchte,"anger, joy, neutral, realization",4
ichs,"annoyance, neutral",2
töpfen,"approval, neutral",2
irdenem,"curiosity, neutral",2
hungers,"anger, annoyance, neutral",3
erstemal,"joy, neutral",2
forderte,"anger, annoyance, neutral",3
töpfe,"approval, disapproval, love, neutral",4
dauerte,"caring, neutral, sadness",3
husar,"love, neutral",2
zersprang,"joy, neutral",2
gefragt,"fear, neutral",2
nährten,"neutral, sadness",2
ältesten,"admiration, neutral, sadness",3
manchmal,"joy, neutral",2
weigerte,"love, neutral",2
spott,"anger, annoyance, disapproval, disgust, neutral",5
hingen,"admiration, neutral",2
herausbringen,"anger, neutral",2
zugegangen,"curiosity, embarrassment, joy, neutral, sadness",5
tanzten,"joy, neutral, sadness",3
meldete,"admiration, neutral",2
haupt,"caring, disgust, fear, neutral, sadness",5
befand,"approval, neutral",2
'du,"fear, neutral",2
wärst,"annoyance, neutral",2
schwamm,"admiration, neutral",2
öffneten,"neutral, surprise",2
freuten,"admiration, joy, neutral",3
rührte,"fear, neutral",2
glaubten,"admiration, love, neutral, realization",4
sank,"curiosity, love, neutral, sadness",4
einfältig,"annoyance, neutral",2
glänzten,"admiration, neutral",2
fuhr,"anger, annoyance, curiosity, disgust, joy, neutral, realization, sadness, surprise",9
krachte,"neutral, sadness",2
'ich,"desire, neutral, surprise",3
kräften,"admiration, neutral",2
warmen,"admiration, neutral",2
heiß,"admiration, neutral",2
zumut,"neutral, surprise",2
traten,"confusion, neutral, realization",3
leer,"disapproval, neutral, sadness",3
fuhren,"fear, joy, neutral",3
schnarchte,"curiosity, neutral",2
brachten,"embarrassment, neutral",2
stellten,"anger, neutral",2
unterirdischen,"fear, neutral",2
berichtete,"neutral, sadness",2
jung,"admiration, annoyance, neutral",3
nächte,"neutral, realization",2
getraute,"annoyance, neutral",2
sagten,"neutral, realization, sadness",3
himmels,"desire, neutral",2
glaubte,"admiration, caring, disapproval, excitement, fear, joy, love, neutral, optimism, realization, sadness",11
irgendwo,"joy, neutral",2
müdigkeit,"neutral, pride",2
morgenstern,"admiration, neutral",2
beinchen,"admiration, neutral",2
verschlossen,"disapproval, joy, neutral",3
herren,"joy, neutral, realization",3
ein.,"annoyance, neutral",2
geschwirr,"fear, neutral",2
vermählen,"neutral, sadness, surprise",3
trösten,"neutral, sadness",2
haben.,"admiration, annoyance, caring, neutral",4
käme,"admiration, anger, fear, neutral, sadness",5
gehabt,"annoyance, curiosity, desire, grief, neutral, sadness",6
räten,"amusement, neutral",2
hoffte,"neutral, optimism",2
abzubringen,"disappointment, neutral",2
euerm,"joy, neutral",2
geben.,"admiration, annoyance, gratitude, neutral",4
mussten,"disgust, gratitude, neutral, sadness",4
sein.,"annoyance, approval, caring, love, neutral",5
fasste,"approval, disgust, embarrassment, love, neutral, sadness",6
sternen,"disgust, neutral",2
schwarz,"admiration, amusement, excitement, neutral, realization, sadness",6
jagte,"anger, annoyance, neutral",3
nehmt,"fear, neutral",2
rupfte,"anger, neutral",2
federvieh,"excitement, neutral",2
halben,"neutral, realization",2
nuss,"love, neutral",2
kannte,"admiration, curiosity, neutral",3
meinten,"admiration, fear, neutral",3
ausgezogen,"caring, neutral",2
stiefeln,"fear, neutral",2
anstellte,"admiration, neutral",2
tust,"love, neutral",2
hingehen,"admiration, neutral",2
warf,"admiration, anger, caring, fear, gratitude, love, neutral, sadness",8
verbergen,"admiration, disgust, neutral",3
aufgegangen,"disgust, neutral",2
warm,"admiration, joy, neutral, sadness",4
sangen,"love, neutral",2
swinegel,"curiosity, gratitude, joy, neutral",4
felde,"curiosity, embarrassment, neutral",3
ertragen,"admiration, neutral",2
schief,"embarrassment, neutral",2
hasen,"admiration, annoyance, curiosity, gratitude, neutral",5
angenommen,"disgust, neutral",2
vornehmer,"curiosity, neutral",2
kerl,"admiration, caring, disappointment, fear, neutral",5
ankam,"joy, neutral",2
o,"annoyance, confusion, love, neutral, sadness",5
halt,"caring, disgust, neutral",3
's,"admiration, neutral",2
mochte,"admiration, neutral",2
furche,"admiration, fear, neutral",3
wies,"anger, annoyance, desire, neutral, realization",5
ungefähr,"neutral, sadness",2
ruhig,"joy, love, neutral",3
vollem,"admiration, neutral",2
verwunderte,"admiration, curiosity, love, neutral, surprise",5
dingen,"amusement, approval, neutral",3
flogen,"caring, joy, neutral",3
ärger,"admiration, anger, fear, neutral",4
meinetwegen,"amusement, neutral",2
begab,"admiration, neutral",2
friede,"annoyance, neutral, optimism",3
erhielt,"admiration, caring, joy, neutral, realization, sadness",6
aussah,"admiration, disgust, fear, love, neutral",5
schau,"admiration, neutral",2
dich.,"love, neutral",2
wen,"annoyance, confusion, neutral",3
richtigkeit,"gratitude, neutral",2
bärenhaut,"admiration, neutral",2
wehe,"neutral, sadness",2
orten,"neutral, sadness",2
bärenhäuter,"anger, annoyance, caring, desire, disappointment, love, neutral",7
ruf,"approval, love, neutral",3
freundliches,"admiration, neutral",2
ursache,"confusion, disapproval, neutral",3
offenbarte,"admiration, neutral, realization",3
freilich,"admiration, embarrassment, neutral, sadness",4
bringen.,"admiration, neutral",2
gefiel,"admiration, love, neutral",3
hüte,"admiration, caring, neutral",3
schwieg,"annoyance, neutral",2
reichlich,"disappointment, gratitude, love, neutral",4
vornehmen,"gratitude, neutral",2
kleide,"admiration, neutral",2
zeigte,"admiration, disgust, neutral, realization, sadness",5
eierkuchen,"gratitude, neutral",2
schluck,"joy, neutral",2
pack,"fear, neutral",2
hieb,"anger, disgust, neutral, sadness",4
gleichfalls,"embarrassment, neutral",2
verständig,"admiration, neutral",2
schaden,"neutral, sadness",2
klug,"admiration, caring, disappointment, neutral",4
finden.,"love, neutral",2
blieben,"admiration, curiosity, love, neutral",4
schrien,"neutral, surprise",2
bleib,"admiration, caring, disappointment, love, neutral",5
herzu,"fear, neutral",2
drein,"embarrassment, neutral",2
folgte,"admiration, curiosity, neutral, realization, surprise",5
möchten,"love, neutral, sadness",3
schwiegersohn,"curiosity, neutral",2
kalte,"neutral, relief, remorse",3
weh,"neutral, sadness",2
magen,"neutral, sadness",2
mehl,"anger, annoyance, love, neutral",4
bist.,"joy, love, neutral",3
futter,"anger, neutral",2
wehte,"neutral, realization, relief",3
fortgegangen,"embarrassment, neutral, realization",3
annehmen,"annoyance, neutral",2
laute,"neutral, sadness",2
kragen,"anger, neutral",2
sitze,"neutral, sadness",2
äste,"admiration, disgust, neutral",3
einschlief,"curiosity, neutral",2
sähe,"curiosity, neutral",2
schimmern,"neutral, sadness",2
ratschlagten,"annoyance, neutral",2
fingen,"anger, neutral",2
insgesamt,"annoyance, neutral",2
krähte,"disappointment, neutral",2
stürzten,"anger, neutral, sadness",3
aßen,"annoyance, joy, love, neutral",4
feurigen,"neutral, surprise",2
spie,"anger, disgust, neutral",3
rannte,"admiration, curiosity, neutral",3
munter,"admiration, neutral",2
schwarzes,"neutral, surprise",2
dache,"caring, curiosity, joy, neutral",4
richter,"annoyance, neutral",2
seyn,"fear, neutral",2
müßt,"neutral, surprise",2
graben,"anger, neutral",2
setze,"love, neutral, sadness",3
willigte,"admiration, approval, neutral",3
freuden,"gratitude, joy, love, neutral",4
bedachte,"fear, neutral",2
butter,"admiration, neutral",2
käse,"admiration, love, neutral",3
thier,"admiration, neutral",2
zeitlang,"annoyance, neutral, sadness",3
glücklicher,"joy, neutral, relief",3
strich,"admiration, joy, neutral",3
gedacht,"neutral, sadness, surprise",3
lassen.,"neutral, sadness",2
übergab,"amusement, neutral",2
bursch,"annoyance, embarrassment, neutral",3
getauscht,"confusion, neutral",2
gewicht,"caring, disappointment, neutral",3
indessen,"admiration, neutral, surprise",3
schüttelte,"caring, disgust, neutral",3
kopfkissen,"admiration, neutral",2
redete,"joy, neutral",2
gekauft,"neutral, sadness",2
läßt,"admiration, gratitude, neutral",3
lud,"gratitude, neutral",2
begann,"neutral, realization, remorse, sadness",4
mühe,"admiration, anger, neutral",3
erbärmlich,"neutral, sadness",2
frischen,"joy, neutral",2
drehte,"curiosity, neutral, sadness",3
sechse,"grief, love, neutral",3
künste,"admiration, neutral",2
auge,"admiration, neutral, sadness",3
blies,"joy, neutral, realization",3
springe,"love, neutral",2
begegneten,"annoyance, neutral",2
langte,"joy, neutral",2
schöpfte,"admiration, neutral",2
überkam,"curiosity, neutral",2
läge,"curiosity, neutral",2
gewöhnlicher,"admiration, neutral",2
verlor,"admiration, amusement, disappointment, neutral, sadness",5
bang,"fear, neutral",2
sollt,"annoyance, neutral",2
darinnen,"amusement, neutral",2
sechsen,"neutral, realization",2
merkten,"neutral, realization",2
sinne,"neutral, realization",2
schämen,"embarrassment, neutral",2
schüsseln,"admiration, excitement, neutral",3
aufging,"admiration, neutral",2
willst.,"neutral, sadness",2
holen.,"joy, love, neutral",3
stärksten,"disgust, neutral",2
wird.,"curiosity, neutral",2
ist.,"admiration, amusement, neutral, sadness",4
riefen,"admiration, amusement, curiosity, love, neutral",5
werdet,"confusion, neutral",2
sämtlich,"admiration, neutral",2
bescheid,"admiration, fear, neutral",3
krystallkugel,"neutral, relief",2
traute,"admiration, neutral",2
adler,"anger, fear, neutral",3
hausen,"joy, neutral",2
fürchtete,"admiration, caring, disgust, fear, love, neutral",6
säße,"love, neutral",2
rufe,"disappointment, neutral",2
lauft,"embarrassment, neutral",2
seufzte,"amusement, neutral, sadness",3
lippen,"excitement, joy, nervousness, neutral, realization, surprise",6
sage,"curiosity, neutral",2
eis,"admiration, neutral",2
langem,"love, neutral",2
erhob,"admiration, anger, neutral",3
erhoben,"anger, neutral",2
wellen,"neutral, remorse",2
getrieben,"approval, curiosity, joy, neutral",4
glanz,"neutral, surprise",2
weisheit,"admiration, neutral, optimism, realization",4
berühmt,"admiration, anger, annoyance, neutral",4
zurückhalten,"love, neutral",2
drohte,"anger, disappointment, fear, neutral",4
heftigen,"disappointment, fear, neutral",3
bessern,"fear, neutral",2
glatt,"joy, neutral",2
wünschte,"desire, neutral",2
bemerkte,"caring, neutral, realization, sadness",4
seitenweg,"fear, neutral",2
stolze,"admiration, amusement, neutral",3
verschmähte,"anger, disgust, neutral",3
sonnenstrahlen,"joy, neutral",2
körnchen,"neutral, sadness",2
fehlte,"admiration, neutral, sadness",3
gelesen,"admiration, neutral",2
königreiche,"disappointment, neutral",2
ästen,"love, neutral",2
geräusch,"fear, neutral",2
liebster,"admiration, caring, neutral",3
trauer,"love, neutral, realization, sadness",4
erbe,"admiration, neutral",2
kammern,"caring, neutral",2
ists,"admiration, fear, neutral",3
näpfe,"admiration, neutral",2
gewild,"admiration, neutral",2
wunderbaren,"admiration, neutral",2
herrlichsten,"admiration, neutral",2
schiffe,"admiration, neutral",2
kammerjungfer,"joy, neutral, sadness",3
meere,"gratitude, neutral, remorse",3
entdeckte,"curiosity, neutral",2
gehen.,"admiration, neutral",2
sprengte,"neutral, sadness",2
prächtiger,"admiration, neutral",2
getreuester,"caring, neutral, sadness",3
johannes.,"neutral, sadness",2
antlitz,"fear, neutral, sadness",3
kniete,"disappointment, gratitude, neutral",3
atmete,"curiosity, joy, neutral",3
gebar,"admiration, neutral",2
söhnlein,"love, neutral, sadness",3
blute,"neutral, sadness",2
bestrichen,"love, neutral",2
bestrich,"disapproval, neutral",2
heil,"joy, neutral",2
spielten,"admiration, neutral, sadness",3
dunkler,"admiration, gratitude, love, neutral, realization, surprise",6
liebstes,"neutral, sadness",2
spielwerk,"joy, neutral",2
händchen,"admiration, neutral",2
woher,"curiosity, neutral",2
weine,"curiosity, love, neutral",3
gekrochen,"admiration, neutral",2
garstiger,"admiration, neutral",2
frosch.,"admiration, neutral",2
spielte,"approval, neutral, sadness",3
durchaus,"neutral, realization",2
geselle,"admiration, love, neutral",3
fuße,"admiration, neutral",2
heb,"admiration, neutral",2
reinen,"love, neutral",2
pferden,"admiration, neutral, sadness",3
hinten,"joy, neutral",2
betrübt,"curiosity, joy, neutral",3
traurigkeit,"admiration, neutral, sadness",3
geweissagt,"gratitude, neutral",2
ärgerte,"annoyance, neutral",2
schachtel,"admiration, curiosity, neutral",3
unerwarteten,"neutral, surprise",2
drang,"anger, neutral",2
pflegten,"admiration, neutral",2
goldstücke,"neutral, surprise",2
hießen,"admiration, neutral",2
briefe,"curiosity, neutral",2
verirrte,"anger, disappointment, neutral",3
gelangte,"admiration, neutral, surprise",3
fürchte,"admiration, fear, love, neutral",4
zeigten,"love, neutral",2
habe.,"confusion, neutral",2
bringst,"excitement, neutral",2
marktbrunnen,"curiosity, neutral",2
quoll,"curiosity, neutral",2
abgelöst,"fear, neutral",2
ellermutter,"curiosity, neutral",2
dauerst,"love, neutral",2
möcht,"neutral, surprise",2
laub,"disappointment, neutral",2
schalt,"annoyance, caring, disgust, neutral",4
wirfst,"caring, neutral",2
menschenfleisch,"disapproval, neutral",2
geträumt,"annoyance, curiosity, disappointment, fear, neutral",5
übel,"curiosity, neutral, remorse",3
lauste,"curiosity, neutral",2
he,"confusion, curiosity, neutral",3
dummbart,"confusion, neutral",2
faule,"neutral, sadness",2
bückte,"admiration, neutral",2
heftig,"neutral, sadness",2
unbarmherzig,"disgust, neutral",2
herzensangst,"admiration, neutral",2
machst,"annoyance, curiosity, fear, neutral",4
jammer,"disgust, neutral",2
aufgetan,"joy, neutral",2
bedeckt,"disgust, neutral, sadness",3
hie.,"excitement, neutral, sadness",3
schmutzig,"disapproval, disgust, neutral",3
ausgeschüttet,"neutral, surprise",2
mahlen,"neutral, sadness",2
hör,"caring, neutral",2
handschuhe,"love, neutral",2
korn,"curiosity, neutral",2
rebhühner,"gratitude, neutral",2
wußte,"fear, gratitude, neutral",3
anzahl,"neutral, surprise",2
drinnen,"admiration, neutral",2
müllersohn,"neutral, surprise",2
durfte,"joy, love, neutral, realization",4
bade,"admiration, neutral",2
heu,"curiosity, neutral",2
könntest,"admiration, amusement, annoyance, love, neutral",5
löwe,"admiration, amusement, fear, love, neutral, realization",6
gewiß,"admiration, neutral, surprise",3
maus,"admiration, confusion, gratitude, love, neutral",5
aufnehmen,"fear, neutral",2
arbeitete,"admiration, annoyance, joy, neutral",4
machen.,"joy, neutral",2
bind,"admiration, neutral",2
führe,"admiration, neutral",2
geschrei,"fear, love, neutral, sadness",4
ausgerichtet,"admiration, neutral",2
befiehlst,"curiosity, neutral, surprise",3
möglich,"joy, neutral, sadness",3
wunderlichen,"amusement, annoyance, neutral",3
gemeine,"neutral, sadness",2
mägdedienste,"fear, neutral",2
riet,"annoyance, neutral",2
schlimm,"admiration, caring, disappointment, fear, neutral, sadness",6
erwiderte,"admiration, neutral, sadness, surprise",4
herauszog,"desire, neutral",2
verwunderung,"love, neutral, realization, surprise",4
betrachtete,"admiration, amusement, confusion, love, neutral",5
schloss.,"admiration, neutral",2
gesorgt,"curiosity, neutral",2
tun.,"caring, fear, neutral",3
sprichst,"joy, neutral",2
gestanden,"disappointment, neutral",2
geputzt,"amusement, neutral",2
begehr,"annoyance, love, neutral",3
quälte,"fear, neutral",2
dus,"caring, neutral",2
lilien,"admiration, neutral",2
ritten,"neutral, sadness",2
goldkinder,"neutral, sadness",2
erblickten,"neutral, realization",2
spotten,"anger, embarrassment, neutral",3
bärenfelle,"admiration, love, neutral",3
überzog,"neutral, sadness",2
getrost,"caring, neutral",2
rauschen,"nervousness, neutral",2
goldkind,"fear, love, neutral",3
aufstand,"neutral, surprise",2
gemeiner,"annoyance, neutral",2
hirsch,"fear, love, neutral",3
umsah,"neutral, realization",2
wiedersahen,"joy, neutral",2
küssten,"joy, neutral",2
herzten,"joy, neutral",2
ziehen.,"caring, neutral",2
dicke,"amusement, neutral",2
itschen,"neutral, sadness",2
albern,"annoyance, neutral",2
trugen,"admiration, curiosity, neutral, optimism, realization, sadness",6
erstaunte,"admiration, neutral",2
zogen,"admiration, annoyance, caring, excitement, fear, joy, neutral, realization, sadness",9
nochmals,"anger, caring, curiosity, neutral",4
gelbe,"neutral, sadness",2
rübe,"neutral, sadness",2
mäuschen,"neutral, sadness",2
küsste,"admiration, love, neutral",3
fräulein,"admiration, neutral, sadness",3
brachen,"admiration, neutral",2
zeiten,"admiration, neutral, realization",3
ladete,"desire, neutral",2
bloß,"annoyance, neutral",2
dreizehn,"gratitude, neutral",2
grüßen,"gratitude, neutral",2
verließ,"caring, neutral, sadness",3
umdrehte,"curiosity, neutral",2
empfand,"admiration, love, neutral",3
getreten,"curiosity, neutral",2
flackerte,"curiosity, love, neutral",3
königssöhne,"curiosity, neutral, sadness",3
dringen,"neutral, sadness",2
wunderschöne,"admiration, neutral, surprise",3
königssohns,"neutral, surprise",2
müllerburschen,"approval, neutral",2
dienten,"joy, neutral",2
kleinknecht,"curiosity, neutral",2
albernen,"amusement, neutral",2
geige,"neutral, sadness",2
leuchtete,"admiration, curiosity, neutral",3
schlafkammer,"neutral, remorse",2
halfen,"disappointment, neutral",2
sanft,"admiration, neutral, pride",3
geheißen,"caring, neutral, realization",3
heimkam,"grief, neutral",2
blind,"neutral, sadness",2
rechtes,"annoyance, neutral",2
bunte,"admiration, neutral",2
mahlbursch,"curiosity, neutral",2
werkzeug,"disgust, neutral",2
gebaut,"admiration, annoyance, joy, neutral",4
obendrein,"admiration, caring, neutral",3
gearbeitet,"admiration, neutral",2
reis,"gratitude, neutral",2
streifte,"admiration, neutral",2
staub,"love, neutral",2
schmutz,"admiration, disgust, neutral",3
anhielt,"amusement, neutral",2
helft,"fear, neutral",2
übrigen,"admiration, neutral",2
mich.,"nervousness, neutral",2
wartete,"annoyance, disappointment, neutral, sadness",4
schornstein,"fear, neutral",2
anhub,"curiosity, joy, neutral",3
vorigen,"neutral, realization",2
zierlich,"admiration, neutral",2
pantoffel,"annoyance, neutral",2
müsst,"gratitude, neutral, sadness",3
wunderbarer,"admiration, neutral",2
zurückgelassen,"fear, neutral",2
aufgelesen,"neutral, sadness",2
vollbracht,"fear, neutral, realization",3
kroch,"admiration, neutral, sadness",3
weniger,"neutral, surprise",2
bleibens,"neutral, sadness",2
verloren.,"caring, neutral",2
führten,"admiration, amusement, neutral",3
litt,"neutral, sadness",2
beständig,"neutral, sadness",2
angezündet,"admiration, neutral",2
unschuldig,"neutral, sadness",2
abhauen,"caring, neutral",2
goldvogel,"admiration, neutral",2
wirds,"amusement, neutral",2
vermisste,"neutral, realization",2
goldstück,"admiration, neutral",2
gefielen,"love, neutral",2
lernten,"caring, neutral",2
herangewachsen,"admiration, love, neutral, optimism",4
pflegevater,"caring, joy, neutral",3
euern,"neutral, sadness",2
schieß,"fear, neutral",2
gelang,"approval, neutral",2
ergehen.,"caring, fear, neutral",3
tranken,"annoyance, joy, neutral",3
ergangen,"caring, love, neutral, sadness",4
blank.,"fear, neutral",2
leiden,"admiration, disappointment, neutral",3
füchse,"admiration, neutral",2
trennen.,"gratitude, neutral",2
loch,"caring, fear, neutral",3
erwartete,"desire, fear, neutral, sadness",4
trost,"admiration, neutral, sadness",3
glut,"admiration, neutral, realization",3
dampf,"neutral, surprise",2
herbeigelaufen,"neutral, surprise",2
schweif,"amusement, neutral",2
zerrissen,"anger, embarrassment, joy, love, neutral",5
name,"admiration, neutral, realization",3
zungen,"love, neutral",2
zwang,"fear, neutral",2
weckte,"annoyance, neutral",2
fügte,"love, neutral, remorse",3
verkehrt,"neutral, realization",2
fehler,"neutral, optimism",2
heilte,"admiration, neutral, sadness",3
jahres,"desire, neutral",2
geringste,"fear, neutral",2
schreiend,"disgust, neutral, sadness",3
heulend,"neutral, sadness",2
zugemüs,"admiration, neutral",2
zuckerwerk,"admiration, neutral",2
gehn,"caring, neutral",2
brüllte,"annoyance, neutral",2
abgeholt,"caring, neutral",2
rachen,"curiosity, neutral",2
bleich,"admiration, neutral, sadness",3
verteilt,"love, neutral",2
beweise,"admiration, neutral",2
wunderbare,"admiration, neutral",2
hierher,"fear, neutral",2
mein.,"neutral, surprise",2
schenke,"approval, excitement, neutral",3
dazu.,"amusement, neutral",2
zauberwald,"disappointment, fear, neutral",3
gekommen.,"admiration, neutral",2
ächzen,"amusement, neutral",2
friert,"amusement, neutral",2
wärme,"caring, neutral",2
rute,"fear, neutral",2
gen,"fear, neutral",2
leichter,"caring, neutral",2
zweischneidiges,"neutral, realization",2
lachte,"amusement, anger, disgust, joy, love, neutral",6
griffen,"curiosity, neutral, sadness",3
gemerkt,"approval, neutral",2
einander.,"love, neutral",2
kanns,"annoyance, neutral, sadness",3
schlößchen,"admiration, joy, neutral",3
pfahl,"curiosity, neutral",2
lächelte,"joy, love, neutral",3
überfluß,"annoyance, neutral",2
nehme,"anger, annoyance, neutral",3
flossen,"joy, neutral, sadness",3
treibst,"curiosity, neutral",2
empfing,"admiration, joy, neutral",3
bettuch,"desire, neutral",2
merken,"neutral, sadness",2
merke,"neutral, surprise",2
runzeln,"confusion, neutral",2
fäßchen,"curiosity, neutral",2
findest,"admiration, love, neutral",3
heben,"admiration, love, neutral",3
trink,"nervousness, neutral",2
heda,"neutral, sadness",2
gepackt,"fear, neutral",2
geglückt,"caring, neutral",2
steinerne,"neutral, remorse, sadness",3
pflaster,"admiration, neutral",2
lauerte,"disgust, neutral",2
erhellt,"annoyance, neutral",2
ungern,"disappointment, neutral",2
gottesacker,"neutral, realization",2
freuen,"joy, neutral",2
heiler,"neutral, sadness",2
erhöhung,"admiration, neutral",2
erworben,"curiosity, neutral",2
hohe,"admiration, joy, neutral",3
lernte,"admiration, neutral, realization, sadness",4
schulen,"disapproval, neutral",2
beschwerlich,"neutral, sadness",2
anbruch,"neutral, sadness",2
abgehen,"neutral, sadness",2
suchen.,"neutral, sadness",2
stecke,"caring, love, neutral",3
schüler,"fear, gratitude, neutral",3
brechen.,"fear, neutral",2
magst,"nervousness, neutral",2
geringe,"joy, neutral",2
kläglich,"admiration, neutral",2
anhaben,"neutral, realization",2
bestreichst,"neutral, sadness",2
stahl,"confusion, neutral",2
geworden.,"love, neutral",2
verkauf,"approval, neutral",2
bezahlen.,"confusion, neutral",2
schuldig,"neutral, sadness",2
doppelte,"joy, neutral",2
überfluss,"joy, neutral",2
pate,"anger, caring, neutral, sadness",4
kraut,"caring, neutral",2
wolltest,"neutral, realization",2
erkrankte,"nervousness, neutral",2
wangen,"admiration, neutral, sadness",3
schienen,"amusement, neutral",2
frisches,"admiration, neutral",2
verstellt,"love, neutral",2
geislein,"love, neutral",2
mitgebracht.,"love, neutral",2
geiserchen,"love, neutral",2
feine,"love, neutral, realization",3
geis,"love, neutral",2
haustüre,"love, neutral",2
umgeworfen,"neutral, sadness",2
zitterten,"curiosity, fear, neutral",3
sinds,"neutral, sadness",2
unterweges,"caring, neutral",2
demütig,"admiration, neutral",2
kammerfrau,"gratitude, joy, neutral",3
freiem,"anger, neutral",2
finsteres,"anger, neutral",2
finstere,"fear, neutral",2
geflochten,"admiration, neutral",2
hüteten,"annoyance, neutral, sadness",3
hüten.,"caring, neutral",2
barg,"disgust, neutral",2
windstoß,"love, neutral",2
kürdchens,"approval, neutral",2
flocht,"anger, neutral",2
eisenofen,"neutral, sadness",2
würdig,"annoyance, caring, embarrassment, neutral",4
grethel,"admiration, anger, disgust, love, neutral, sadness",6
tröstete,"love, neutral",2
wart,"annoyance, neutral, sadness",3
aufgestiegen,"annoyance, neutral",2
geglaubt,"joy, neutral, realization, sadness",4
angemacht,"amusement, neutral",2
gerieten,"anger, excitement, neutral",3
hellem,"neutral, surprise",2
kopfe,"anger, neutral",2
vollen,"gratitude, neutral",2
fühle,"caring, neutral",2
trübe,"confusion, neutral",2
feuerflammen,"anger, neutral",2
aufessen,"annoyance, neutral",2
edelsteinen,"admiration, disgust, neutral, surprise",4
bekannter,"neutral, sadness",2
schüttete,"gratitude, neutral, sadness",3
erlauben,"admiration, neutral",2
einwilligte,"annoyance, joy, love, neutral",4
wenden,"neutral, sadness",2
übermütig,"admiration, caring, neutral, realization",4
eingesperrt.,"fear, neutral",2
dankte,"gratitude, neutral",2
anlangte,"disgust, neutral",2
gebührt,"amusement, neutral",2
meerwasser,"annoyance, neutral",2
klüger,"annoyance, neutral",2
dankbar,"caring, disgust, gratitude, neutral, realization",5
erlöser,"joy, neutral",2
regnete,"caring, neutral",2
rehchen,"anger, joy, neutral, sadness",4
nüsse,"admiration, neutral",2
hüfthorn,"neutral, sadness",2
hinaus.,"neutral, sadness",2
behend,"admiration, neutral",2
währte,"neutral, realization",2
rehkälbchen,"joy, nervousness, neutral",3
spürte,"joy, neutral, realization, sadness",4
häßlich,"annoyance, disgust, neutral",3
schlossen,"gratitude, joy, neutral",3
wiege,"love, neutral",2
gewöhnlich,"admiration, neutral",2
singende,"neutral, sadness",2
springende,"neutral, sadness",2
prächtiges,"admiration, neutral",2
zitterte,"admiration, neutral",2
fresse,"love, neutral",2
leben.,"joy, neutral",2
versprichst,"caring, love, neutral",3
eintrat,"neutral, surprise",2
besänftigen,"love, neutral",2
verzauberter,"love, neutral",2
hinzugehen,"fear, neutral",2
wiedersehen,"desire, neutral",2
heiratete,"admiration, gratitude, joy, love, neutral",5
erlösen.,"gratitude, neutral",2
greif,"love, neutral",2
vorkam,"gratitude, neutral",2
küchlein,"joy, neutral",2
schöneres,"admiration, neutral",2
ruhte,"excitement, neutral",2
mahl,"admiration, neutral, realization",3
menschenleben,"grief, neutral",2
wenigstens,"desire, neutral",2
ersann,"disappointment, neutral",2
nickte,"annoyance, neutral",2
schwor,"annoyance, neutral",2
wiederzufinden,"neutral, optimism",2
hinterher,"fear, neutral, sadness",3
fassten,"love, neutral",2
erzittern,"disgust, neutral",2
löste,"love, neutral",2
moores,"neutral, sadness",2
herrschte,"admiration, annoyance, neutral, realization, sadness",5
dornenkönigin,"fear, neutral, optimism",3
jenseits,"amusement, neutral",2
erschreckte,"fear, neutral",2
bosheit,"confusion, embarrassment, joy, neutral, optimism",5
floh,"admiration, disappointment, disapproval, embarrassment, neutral, sadness, surprise",7
ihresgleichen,"neutral, realization",2
glocken,"joy, neutral",2
klang,"amusement, curiosity, grief, neutral",4
schoss,"anger, neutral",2
zerfiel,"admiration, love, neutral",3
stolperte,"anger, disgust, neutral",3
tut.,"admiration, neutral",2
tauschte,"admiration, fear, neutral",3
rollten,"admiration, neutral",2
starrte,"amusement, neutral",2
flüsterte,"admiration, annoyance, disapproval, disgust, embarrassment, neutral, realization",7
kalter,"curiosity, love, neutral, realization",4
sechzehnten,"excitement, neutral",2
röschen,"admiration, excitement, neutral, realization",4
verfiel,"anger, neutral",2
öden,"disappointment, neutral",2
scheuten,"disgust, neutral",2
erreichte,"joy, neutral, realization",3
rauch,"annoyance, neutral",2
zerbarst,"admiration, neutral",2
jubel,"admiration, neutral",2
erfüllte,"admiration, desire, joy, neutral",4
jorik,"admiration, fear, neutral",3
stillen,"admiration, joy, neutral",3
vergingen,"admiration, neutral, realization",3
stehle,"annoyance, neutral",2
prächtigsten,"neutral, optimism",2
mähne,"admiration, neutral",2
verneigte,"joy, neutral, realization",3
cinderlind,"admiration, neutral, optimism, sadness",4
leise,"joy, neutral, sadness, surprise",4
trösteten,"admiration, neutral",2
entfloh,"neutral, sadness",2
größter,"admiration, disappointment, fear, neutral",4
erfuhr,"fear, neutral",2
befreiten,"joy, neutral",2
gläserne,"admiration, neutral",2
warmer,"admiration, neutral",2
hofes,"annoyance, neutral, sadness",3
gebeugt,"nervousness, neutral",2
fernes,"joy, neutral",2
gelehrten,"neutral, realization",2
—,"admiration, amusement, anger, annoyance, approval, confusion, disappointment, excitement, joy, love, neutral, optimism, realization, sadness, surprise",15
leuchtend,"admiration, neutral",2
selbst.,"neutral, realization",2
zögerte,"disappointment, neutral",2
liebreizende,"admiration, neutral",2
nannten,"admiration, amusement, disgust, neutral",4
schlüpfte,"disgust, neutral",2
aufzustellen,"admiration, neutral",2
erfand,"joy, neutral",2
leuchtendes,"admiration, neutral",2
palastes,"amusement, neutral",2
leiser,"neutral, relief",2
wispern,"joy, neutral",2
funkelten,"admiration, disgust, neutral",3
geküsst,"anger, disappointment, neutral",3
flehte,"neutral, sadness",2
seltsame,"amusement, disgust, embarrassment, fear, neutral",5
bebte,"admiration, anger, neutral, sadness, surprise",5
besaß,"admiration, neutral",2
begreifen,"joy, neutral, realization, surprise",4
bestrafen,"admiration, annoyance, neutral",3
sehen.,"admiration, neutral",2
gewölbe,"caring, neutral",2
spürten,"admiration, neutral",2
verbarg,"admiration, curiosity, neutral",3
verrätst,"caring, neutral",2
tragen.,"gratitude, neutral",2
vorbeiging,"neutral, surprise",2
kostbares,"admiration, neutral",2
malfina,"love, neutral, realization, sadness",4
stevan,"neutral, realization, sadness",3
verkündete,"joy, neutral",2
nannte,"admiration, amusement, annoyance, disappointment, gratitude, joy, love, neutral, realization",9
herrlichen,"admiration, neutral",2
rettete,"caring, fear, gratitude, grief, neutral",5
zurücknehmen,"admiration, neutral",2
siehe,"neutral, sadness, surprise",3
atmet,"neutral, sadness",2
küchenhilfe,"admiration, neutral",2
erklärte,"admiration, neutral, realization",3
funkelte,"amusement, joy, neutral",3
mild,"gratitude, neutral, sadness",3
befragte,"admiration, neutral",2
empfingen,"joy, neutral",2
offenen,"admiration, neutral",2
gerechter,"neutral, optimism",2
schweigend,"joy, neutral",2
beugte,"love, neutral, realization",3
winterwind,"admiration, neutral",2
hannes,"admiration, neutral, sadness",3
verstummt,"grief, neutral",2
zurückzulassen,"neutral, relief",2
umarmte,"joy, love, neutral",3
morgenröte,"admiration, neutral",2
fenstern,"love, neutral",2
reines,"gratitude, neutral",2
fernen,"admiration, approval, neutral, sadness",4
edles,"admiration, neutral",2
gebäck,"admiration, caring, neutral",3
fröhlichen,"joy, neutral",2
bann,"neutral, realization, sadness",3
strahlte,"admiration, neutral",2
feines,"disgust, joy, neutral, sadness",4
blutes,"neutral, sadness",2
glühte,"neutral, optimism",2
flohen,"fear, joy, neutral",3
scharfen,"disappointment, neutral",2
trauriger,"neutral, sadness",2
wunderte,"embarrassment, neutral, surprise",3
beschuldigte,"annoyance, neutral",2
gerechte,"approval, neutral",2
herrin,"curiosity, neutral",2
versank,"fear, neutral",2
knetete,"admiration, neutral",2
entschied,"neutral, realization",2
flink,"joy, neutral, sadness",3
freundes,"anger, neutral",2
heimzukehren,"neutral, sadness",2
betrat,"anger, neutral",2
geöffnet,"curiosity, neutral, surprise",3
endete,"disappointment, joy, neutral, realization, sadness",5
zerlumpt,"disgust, embarrassment, neutral",3
erkenntnis,"neutral, realization, sadness",3
leichtfüßig,"admiration, neutral",2
weiter.,"admiration, neutral",2
schmaler,"admiration, neutral",2
fröhlicher,"joy, neutral, realization",3
tautropfen,"amusement, neutral",2
unendlich,"neutral, sadness",2
errichten,"disapproval, neutral",2
gefunden.,"approval, neutral",2
heimkehren,"amusement, neutral",2
töricht,"neutral, realization",2
annabeth,"admiration, fear, neutral",3
begehrte,"desire, neutral, realization, surprise",4
erinnerte,"admiration, neutral",2
schmach,"disapproval, neutral",2
bitterlich,"annoyance, neutral, sadness",3
klagen,"anger, neutral",2
wassers,"amusement, neutral",2
‍,"neutral, sadness",2
raupe,"admiration, disgust, neutral",3
beschämt,"embarrassment, neutral",2
davonlief,"anger, neutral",2
unruhig,"nervousness, neutral, sadness",3
verstummte,"neutral, surprise",2
lastete,"neutral, remorse",2
verschworen,"anger, neutral",2
stimmte,"neutral, realization",2
gewaltige,"curiosity, neutral",2
entkamen,"disgust, neutral",2
feierten,"joy, neutral",2
krummen,"admiration, curiosity, neutral",3
weiten,"caring, neutral, sadness",3
ackers,"annoyance, neutral",2
überheblich,"love, neutral",2
unterschied,"annoyance, neutral",2
revanche,"annoyance, neutral",2
wichtigste,"disapproval, neutral, realization",3
gleichgewicht,"amusement, neutral",2
hüterin,"joy, neutral",2
kostete,"approval, neutral",2
leuchten,"excitement, fear, neutral",3
siebzehn,"admiration, neutral",2
kletterte,"admiration, neutral",2
treuem,"gratitude, neutral",2
warnte,"annoyance, caring, gratitude, neutral, sadness",5
behauptete,"fear, neutral",2
zweifel,"desire, neutral",2
erreichten,"joy, love, neutral",3
erschlug,"fear, neutral",2
gierig,"admiration, annoyance, disapproval, neutral",4
heirateten,"gratitude, joy, neutral",3
treuer,"admiration, annoyance, joy, neutral",4
geschieht.,"gratitude, neutral",2
beisammen,"joy, love, neutral",3
wacht.,"admiration, neutral",2
entstand,"embarrassment, neutral",2
demut,"joy, neutral, optimism, realization",4
klugheit,"neutral, optimism, realization",3
umfiel,"fear, neutral",2
schlimmer,"fear, joy, neutral",3
schnarchend,"disgust, neutral",2
überlistete,"love, neutral",2
lockte,"admiration, desire, love, neutral",4
krallen,"disgust, neutral",2
laden,"amusement, desire, neutral",3
fassbare,"anger, neutral",2
eingenommen,"neutral, sadness",2
gestand,"disappointment, neutral, sadness",3
tötete,"anger, neutral",2
gefangenen,"joy, neutral, sadness",3
scheiterte,"disappointment, neutral",2
lauschte,"neutral, realization",2
heimkehrte,"amusement, neutral, realization",3
unversehrt,"joy, neutral, relief",3
wackersteinen,"caring, neutral",2
nähten,"neutral, sadness",2
ideen,"admiration, neutral",2
rollstuhl,"love, neutral",2
label,"approval, neutral",2
verliebte,"love, neutral",2
kannten,"admiration, neutral, optimism",3
leons,"excitement, neutral",2
gewann,"grief, neutral",2
wettbewerb,"neutral, optimism, sadness",3
angebot,"disapproval, neutral",2
zerbrach,"annoyance, disgust, neutral, sadness",4
verliere,"disappointment, neutral",2
besiegte,"neutral, realization",2
zurückzuholen,"anger, neutral",2
staunte,"admiration, neutral",2
vierten,"fear, neutral",2
siebten,"admiration, neutral",2
scham,"annoyance, disgust, embarrassment, neutral, sadness",5
jemandem,"admiration, neutral",2
mitgefühl,"admiration, neutral",2
hofmusiker,"love, neutral",2
eitelkeit,"neutral, pride",2
musiker,"disapproval, neutral",2
verkleidung,"annoyance, neutral",2
übermut,"admiration, neutral",2
festmahl,"neutral, surprise",2
bäckerstochter,"neutral, surprise",2
weich,"neutral, sadness",2
waldfrau,"nervousness, neutral",2
pflichten,"neutral, pride",2
schützend,"caring, neutral",2
versorgen,"grief, neutral",2
krüge,"approval, neutral",2
irrte,"neutral, sadness",2
the,"admiration, neutral",2
ugly,"admiration, neutral",2
stepsister,"admiration, neutral",2
swedlandia,"admiration, neutral",2
birnenförmige,"caring, neutral",2
figur,"caring, desire, neutral",3
bandwurm,"caring, neutral",2
geformt,"admiration, neutral",2
wohnten,"admiration, neutral, realization",3
sophias,"neutral, surprise",2
geistes,"neutral, sadness",2
bewundern,"amusement, neutral",2
beraubt,"anger, neutral",2
verbot,"amusement, neutral",2
zauber.,"love, neutral",2
schicksals,"joy, neutral",2
ansgar,"caring, neutral",2
offenbar,"joy, neutral",2
einfache,"admiration, neutral",2
lerne,"admiration, neutral",2
staunten,"admiration, neutral",2
wagst,"anger, neutral",2
stirbst,"approval, neutral",2
verband,"admiration, neutral",2
quaken,"joy, neutral",2
königlicher,"love, neutral",2
hoffen,"neutral, optimism",2
tauchte,"love, neutral, sadness",3
spöttisch,"admiration, neutral",2
bedroht,"neutral, sadness",2
schimpfte,"amusement, neutral",2
wasserfällen,"neutral, optimism",2
verwöhnt,"neutral, sadness",2
wehrte,"neutral, surprise",2
schlosspriester,"neutral, sadness",2
vollzog,"neutral, sadness",2
übergesetzt,"anger, neutral",2
überqueren,"desire, neutral, realization",3
hackten,"neutral, realization",2
wich,"neutral, realization, sadness",3
stummer,"annoyance, neutral",2
tunnel,"fear, neutral",2
wahnsinn,"annoyance, neutral",2
umgestürzten,"neutral, sadness",2
leuchter,"neutral, sadness",2
verfallen,"grief, neutral, sadness",3
sprich,"admiration, joy, neutral",3
strauß,"gratitude, joy, neutral",3
pflanzte,"gratitude, neutral",2
ausgab,"love, neutral",2
bärenfalle,"disgust, neutral",2
wanderung,"neutral, sadness",2
ruine,"neutral, sadness",2
inne,"neutral, realization",2
kutscher,"desire, neutral",2
feierte,"joy, neutral",2
bogenschießen,"neutral, surprise",2
erhellte,"joy, neutral, realization",3
regierung,"approval, grief, love, neutral",4
vertrieb,"admiration, anger, neutral",3
hässlich,"disappointment, disgust, neutral",3
achtzehnten,"admiration, neutral, realization, sadness",4
eifersucht,"neutral, sadness",2
gerührt,"love, neutral, sadness",3
überfielen,"disappointment, neutral",2
gewährte,"fear, neutral",2
jakub,"admiration, neutral",2
bloßen,"admiration, neutral",2
blau,"admiration, joy, neutral",3
trauernden,"joy, neutral, sadness",3
gänge,"curiosity, neutral",2
felsigem,"neutral, realization",2
erklang,"annoyance, neutral",2
abgeschworen,"love, neutral",2
üben,"excitement, neutral",2
beeindruckt,"admiration, neutral",2
barfuß,"love, neutral",2
verdunkelte,"admiration, neutral",2
verschont,"admiration, disappointment, love, neutral",4
greis,"love, neutral",2
geiz,"disapproval, neutral",2
liege,"neutral, sadness",2
grausam,"curiosity, neutral",2
friedlichen,"excitement, neutral",2
bekamen,"neutral, realization",2
tiger,"nervousness, neutral",2
bitteren,"annoyance, neutral",2
bräche,"neutral, sadness",2
einsamkeit,"admiration, neutral",2
vollenden,"disapproval, neutral",2
dumm,"admiration, annoyance, neutral",3
melancholie,"grief, neutral",2
stolperten,"anger, neutral",2
drängte,"anger, neutral, sadness",3
schranken,"joy, neutral",2
fleck,"approval, neutral",2
bewunderte,"admiration, neutral",2
aufsuchen,"gratitude, neutral",2
gleiten,"desire, neutral",2
pläne,"disappointment, neutral",2
geläutert,"approval, neutral",2
brand,"embarrassment, neutral, relief, sadness",4
wehen,"annoyance, neutral, sadness",3
nottaufe,"fear, neutral",2
behütet,"joy, neutral",2
fasziniert,"admiration, neutral",2
misstraute,"anger, neutral",2
gelüftet,"anger, neutral",2
hexenjäger,"anger, neutral",2
ländern,"approval, neutral",2
ältester,"neutral, sadness",2
sturz,"joy, neutral",2
verwechselt,"neutral, realization",2
red,"fear, neutral",2
riding,"fear, neutral",2
hood,"fear, neutral",2
kindheit,"admiration, joy, neutral, realization",4
cesaires,"neutral, sadness",2
widersprechen,"disapproval, neutral",2
walnuss,"admiration, neutral",2
allerleihaut,"neutral, realization",2
ertrug,"caring, neutral",2
entwich,"joy, neutral",2
schande,"neutral, sadness",2
altert,"annoyance, fear",2
tiger.,"annoyance, nervousness",2
heilkräfte,"annoyance, disappointment",2
besaßen,"annoyance, disappointment",2
ära,"annoyance, realization",2
zünden,"annoyance, fear",2
angefangen,"annoyance, curiosity",2
anrührte,"annoyance, embarrassment",2
tugend,"admiration, annoyance",2
viere,"admiration, annoyance",2
angestellt,"admiration, annoyance",2
strafen,"admiration, annoyance",2
schimmernden,"admiration, annoyance",2
zerstörte,"anger, annoyance, sadness",3
wissend,"amusement, annoyance",2
zerstören,"annoyance, disgust",2
staunend,"excitement, surprise",2
zaubertricks,"amusement, excitement",2
jubelt,"excitement, joy",2
unbefangenheit,"admiration, approval",2
verändert,"approval, caring, embarrassment",3
gedrückt,"admiration, approval",2
abgebissen,"anger, approval",2
lächelnd,"approval, joy",2
klarem,"admiration, approval",2
jägers,"anger, gratitude, realization",3
königreiches,"admiration, gratitude",2
bedankt,"embarrassment, gratitude, love",3
beschützt,"admiration, gratitude",2
überschwänglich,"disappointment, embarrassment, gratitude",3
nagt,"confusion, gratitude",2
gebäude,"admiration, gratitude",2
dankten,"fear, gratitude",2
bedankte,"caring, gratitude",2
diebe,"admiration, anger",2
fürchterlichen,"admiration, fear",2
herrschaftliche,"admiration, love",2
erdboden,"admiration, disgust, sadness",3
erstaunt,"admiration, amusement, curiosity, surprise",4
schier,"admiration, desire",2
wunderschönes,"admiration, caring",2
hingezogen,"admiration, love",2
schütze,"admiration, love",2
wetten,"admiration, sadness, surprise",3
verstorbene,"admiration, sadness",2
erstaunen,"admiration, surprise",2
wunderlich,"admiration, fear, surprise",3
töchterlein,"admiration, love",2
erwecken.,"admiration, caring",2
hereintrat,"admiration, sadness",2
gestürzt,"admiration, fear, remorse",3
solls,"admiration, love",2
bildnis,"admiration, curiosity, joy, sadness",4
säle,"admiration, caring",2
neugierde,"admiration, curiosity",2
zerspringen,"admiration, fear",2
anstellen,"admiration, desire",2
traume,"admiration, fear",2
wunderliche,"admiration, surprise",2
garstig,"admiration, anger",2
antun,"admiration, fear",2
berühmteste,"admiration, caring",2
türlein,"admiration, joy",2
neugier,"admiration, curiosity",2
dunklem,"admiration, sadness",2
sigismund,"admiration, realization",2
schleier,"admiration, realization",2
auffiel,"admiration, curiosity",2
anerkennung,"admiration, desire",2
heilkunst,"admiration, realization",2
lobte,"admiration, disappointment",2
sohlbach,"admiration, joy",2
unheimlich,"admiration, fear",2
kaltes,"admiration, surprise",2
meisten,"admiration, love",2
untröstlich,"admiration, sadness",2
kostet,"disappointment, sadness",2
dreck,"disappointment, disapproval",2
rauen,"disappointment, realization",2
scheu,"disappointment, fear",2
zugestoßen,"disappointment, fear",2
fort.,"anger, disappointment, fear, nervousness",4
stolzer,"disappointment, fear, pride",3
munkelte,"disappointment, disgust",2
entsetzt,"anger, disappointment, fear, sadness",4
karoline,"disappointment, embarrassment",2
küchenmädchen,"disapproval, surprise",2
volksfest,"disapproval, disgust",2
rieche,"disapproval, disgust",2
dirne,"disapproval, love",2
gutmachen,"fear, optimism",2
fänden,"fear, sadness",2
fürchteten,"fear, love",2
gefährliches,"fear, realization",2
unzufrieden,"embarrassment, sadness",2
entfachte,"disgust, sadness",2
erschallte,"amusement, sadness",2
sterb,"caring, sadness",2
bitterer,"love, sadness",2
größtes,"realization, sadness",2
vermummten,"disgust, sadness",2
widersprach,"pride, sadness",2
wünschten,"desire, optimism",2
versöhnung,"joy, optimism",2
künftige,"desire, optimism",2
vogelkäfigen,"love, surprise",2
zaubers,"love, surprise",2
wüßten,"confusion, curiosity",2
gewählt,"confusion, joy",2
erleichtert,"joy, relief",2
zuliebe,"joy, love",2
vertraulich,"joy, love",2
glich,"disgust, joy",2
gefallen.,"caring, joy",2
herzlich,"amusement, joy, love",3
gelungen,"amusement, joy",2
schließ,"joy, love",2
berufe,"joy, love",2
behilflich,"caring, curiosity, desire",3
heftige,"caring, love",2
gewordenen,"anger, realization",2
narren,"love, realization",2
süßen,"love, realization",2
lustige,"amusement, love",2
lautet,"curiosity, realization",2
welch,"embarrassment, realization",2
