Token,EmotionCount,Emotions
drei,12,"admiration, amusement, anger, annoyance, caring, confusion, curiosity, gratitude, joy, neutral, optimism, sadness"
federn,5,"annoyance, caring, curiosity, desire, neutral"
fürst,4,"excitement, grief, joy, neutral"
müde,4,"admiration, caring, confusion, neutral"
söhnen,2,"excitement, neutral"
hofmeister,3,"desire, neutral, realization"
demjenigen,2,"admiration, neutral"
söhne,6,"admiration, approval, desire, joy, neutral, pride"
teppich,2,"gratitude, neutral"
hause,10,"admiration, approval, caring, disgust, gratitude, joy, neutral, realization, relief, sadness"
bringt,7,"amusement, caring, desire, embarrassment, joy, neutral, sadness"
älteren,4,"admiration, amusement, anger, neutral"
gerhard,2,"approval, neutral"
gebhard,2,"approval, neutral"
fest,12,"admiration, amusement, anger, annoyance, caring, desire, fear, joy, neutral, realization, sadness, surprise"
davon,16,"admiration, amusement, anger, annoyance, caring, confusion, curiosity, excitement, fear, gratitude, joy, love, neutral, optimism, sadness, surprise"
aufgabe,7,"admiration, caring, excitement, fear, neutral, realization, sadness"
zufriedenheit,2,"caring, neutral"
vaters,5,"admiration, fear, neutral, realization, surprise"
lösen,3,"disapproval, neutral, sadness"
bringen,11,"admiration, amusement, annoyance, approval, curiosity, desire, gratitude, joy, neutral, realization, sadness"
brüder,11,"admiration, annoyance, approval, caring, curiosity, embarrassment, grief, joy, love, neutral, sadness"
suchen,5,"desire, gratitude, neutral, realization, sadness"
wirft,3,"anger, annoyance, neutral"
geliebten,4,"caring, desire, neutral, realization"
luft,7,"amusement, anger, fear, joy, neutral, realization, sadness"
westen,2,"fear, neutral"
folgen,4,"approval, gratitude, neutral, optimism"
gustav,6,"annoyance, approval, disgust, fear, neutral, realization"
feder,3,"desire, neutral, realization"
wald,24,"admiration, amusement, anger, annoyance, approval, caring, curiosity, disappointment, disapproval, disgust, embarrassment, fear, gratitude, grief, joy, love, nervousness, neutral, pride, realization, relief, remorse, sadness, surprise"
kleinen,10,"admiration, anger, annoyance, disappointment, fear, gratitude, grief, joy, neutral, sadness"
höhle,7,"anger, disappointment, disgust, grief, neutral, sadness, surprise"
begegnet,4,"admiration, excitement, neutral, sadness"
sprechenden,2,"neutral, sadness"
kröte,4,"curiosity, fear, gratitude, neutral"
itsche,3,"admiration, neutral, sadness"
zehn,3,"admiration, curiosity, neutral"
jahre,8,"admiration, anger, desire, disappointment, excitement, joy, neutral, realization"
zuvor,6,"admiration, annoyance, excitement, grief, neutral, realization"
gerettet,4,"gratitude, neutral, realization, relief"
spricht,5,"admiration, annoyance, gratitude, neutral, surprise"
wunsch,9,"admiration, annoyance, desire, disappointment, gratitude, joy, neutral, realization, sadness"
schönsten,2,"admiration, neutral"
öffnet,2,"love, neutral"
vater,25,"admiration, amusement, anger, annoyance, approval, caring, confusion, curiosity, desire, disappointment, disapproval, disgust, embarrassment, fear, gratitude, grief, joy, love, neutral, optimism, pride, realization, relief, sadness, surprise"
währenddessen,4,"joy, neutral, realization, sadness"
seite,6,"amusement, embarrassment, joy, love, neutral, surprise"
waldes,5,"admiration, disgust, embarrassment, fear, neutral"
getroffen,2,"neutral, sadness"
gemeinsam,5,"approval, gratitude, joy, neutral, sadness"
wirtshaus,4,"approval, fear, joy, neutral"
nahe,4,"admiration, excitement, neutral, realization"
gelegenen,2,"excitement, neutral"
vergnügen,2,"neutral, realization"
bruder,9,"anger, disappointment, embarrassment, fear, love, neutral, optimism, realization, sadness"
schönen,6,"admiration, curiosity, gratitude, joy, neutral, remorse"
findet,6,"admiration, annoyance, joy, neutral, realization, sadness"
pakt,2,"anger, neutral"
leben,18,"admiration, amusement, anger, annoyance, approval, caring, curiosity, desire, disappointment, disgust, fear, gratitude, grief, joy, love, neutral, realization, sadness"
untertanin,2,"love, neutral"
alten,13,"admiration, amusement, anger, annoyance, caring, curiosity, disappointment, fear, joy, love, neutral, realization, sadness"
roten,4,"admiration, nervousness, neutral, surprise"
geschenk,8,"admiration, desire, disappointment, gratitude, joy, neutral, realization, sadness"
gustavs,3,"gratitude, joy, neutral"
kurz,7,"admiration, excitement, fear, grief, love, neutral, realization"
nacheinander,2,"disappointment, neutral"
bekommt,9,"approval, disappointment, excitement, fear, gratitude, grief, nervousness, neutral, surprise"
rät,2,"disapproval, neutral"
allein,11,"admiration, amusement, anger, annoyance, curiosity, desire, grief, love, nervousness, neutral, sadness"
entscheidung,3,"admiration, annoyance, neutral"
diesmal,7,"admiration, anger, disgust, joy, love, neutral, sadness"
sollen,4,"caring, fear, neutral, sadness"
ring,11,"admiration, approval, disgust, gratitude, joy, neutral, optimism, realization, remorse, sadness, surprise"
wege,4,"approval, caring, joy, neutral"
weisen,4,"admiration, annoyance, caring, neutral"
erneut,6,"admiration, amusement, anger, approval, neutral, sadness"
denen,3,"disapproval, excitement, neutral"
zwei,12,"admiration, annoyance, caring, curiosity, disgust, embarrassment, fear, gratitude, neutral, pride, realization, sadness"
zusammen,8,"admiration, approval, caring, disappointment, joy, love, neutral, sadness"
führen,3,"fear, neutral, surprise"
besorgt,2,"caring, neutral"
mann,18,"admiration, annoyance, approval, confusion, curiosity, desire, disappointment, disgust, fear, grief, joy, love, neutral, realization, relief, remorse, sadness, surprise"
pfeife,2,"annoyance, neutral"
trifft,5,"admiration, approval, fear, neutral, surprise"
fluss,8,"anger, approval, curiosity, disgust, joy, neutral, optimism, pride"
mädchen,20,"admiration, amusement, anger, approval, caring, desire, disappointment, disapproval, disgust, embarrassment, excitement, fear, gratitude, grief, joy, love, neutral, realization, sadness, surprise"
kleid,12,"admiration, amusement, annoyance, caring, curiosity, disgust, gratitude, love, neutral, realization, sadness, surprise"
trägt,5,"admiration, gratitude, neutral, realization, sadness"
sitzt,8,"admiration, curiosity, disapproval, gratitude, joy, love, neutral, sadness"
beiden,13,"admiration, amusement, anger, annoyance, confusion, disappointment, disgust, fear, joy, love, neutral, realization, sadness"
beginnen,4,"approval, excitement, neutral, realization"
stellt,4,"annoyance, fear, neutral, surprise"
heraus,11,"admiration, anger, annoyance, caring, fear, joy, love, neutral, realization, relief, sadness"
damals,3,"fear, neutral, sadness"
lassen,8,"admiration, anger, annoyance, caring, disgust, fear, love, neutral"
blonde,3,"desire, love, neutral"
verhindert,2,"neutral, realization"
koch,4,"admiration, annoyance, neutral, realization"
schlachten,2,"neutral, sadness"
wächter,2,"gratitude, neutral"
fürsten,3,"joy, neutral, realization"
dennoch,4,"annoyance, joy, neutral, sadness"
möchte,7,"admiration, caring, desire, disappointment, disapproval, fear, neutral"
weder,5,"admiration, annoyance, desire, neutral, optimism"
namen,8,"admiration, amusement, disappointment, excitement, gratitude, love, neutral, realization"
verraten,3,"anger, caring, neutral"
gesicht,10,"admiration, anger, confusion, curiosity, disgust, joy, nervousness, neutral, realization, sadness"
zeigen,2,"caring, neutral"
beide,7,"admiration, annoyance, approval, joy, love, neutral, optimism"
freiheit,5,"approval, curiosity, desire, joy, neutral"
zieht,2,"neutral, sadness"
daraufhin,7,"admiration, caring, disgust, gratitude, grief, neutral, realization"
maul,3,"disgust, love, neutral"
diamanten,2,"neutral, sadness"
präsentiert,2,"annoyance, neutral"
zunge,3,"approval, disgust, neutral"
nimmt,8,"admiration, annoyance, caring, disappointment, disgust, grief, neutral, surprise"
bekommen,6,"admiration, amusement, caring, gratitude, joy, neutral"
fingern,3,"joy, neutral, sadness"
begeistert,2,"excitement, neutral"
herz,18,"admiration, amusement, anger, annoyance, approval, caring, confusion, disgust, fear, gratitude, joy, love, neutral, optimism, pride, realization, sadness, surprise"
glück,15,"admiration, amusement, annoyance, approval, curiosity, desire, disappointment, fear, gratitude, joy, love, neutral, optimism, realization, sadness"
stehen,8,"admiration, amusement, annoyance, confusion, embarrassment, joy, neutral, sadness"
bleibt,6,"anger, caring, fear, neutral, optimism, sadness"
überzeugen,2,"admiration, neutral"
bald,16,"admiration, anger, annoyance, caring, curiosity, disgust, excitement, fear, gratitude, joy, love, neutral, optimism, pride, realization, sadness"
darauf,16,"admiration, amusement, anger, annoyance, caring, curiosity, disapproval, disgust, embarrassment, gratitude, grief, joy, love, neutral, realization, surprise"
letzte,7,"admiration, anger, caring, gratitude, love, neutral, surprise"
wer,16,"admiration, amusement, annoyance, approval, caring, curiosity, disapproval, fear, gratitude, joy, love, nervousness, neutral, optimism, realization, sadness"
wind,9,"admiration, approval, curiosity, fear, joy, neutral, realization, relief, sadness"
dritte,5,"annoyance, curiosity, fear, neutral, surprise"
führt,3,"annoyance, joy, neutral"
erwählt,2,"love, neutral"
erklärt,4,"caring, love, neutral, sadness"
dritten,3,"caring, nervousness, neutral"
jedoch,10,"admiration, amusement, annoyance, approval, joy, nervousness, neutral, optimism, sadness, surprise"
schon,19,"admiration, anger, annoyance, approval, caring, confusion, curiosity, desire, disgust, embarrassment, fear, joy, love, nervousness, neutral, pride, realization, sadness, surprise"
halb,3,"admiration, neutral, sadness"
junge,16,"admiration, amusement, annoyance, approval, desire, disappointment, disapproval, embarrassment, fear, gratitude, joy, love, neutral, realization, sadness, surprise"
grünem,2,"fear, neutral"
sinn,4,"admiration, desire, neutral, realization"
zauber,10,"admiration, annoyance, approval, gratitude, joy, love, neutral, optimism, sadness, surprise"
reiten,3,"fear, neutral, sadness"
nachdem,5,"admiration, anger, gratitude, neutral, sadness"
wenig,5,"admiration, annoyance, approval, joy, neutral"
konnten,3,"admiration, anger, neutral"
entzückt,2,"love, neutral"
jungen,18,"admiration, anger, annoyance, approval, caring, curiosity, desire, disappointment, disgust, embarrassment, fear, gratitude, grief, joy, neutral, optimism, realization, sadness"
letztes,2,"love, neutral"
mal,10,"admiration, amusement, annoyance, curiosity, fear, gratitude, love, neutral, relief, sadness"
versuchen,6,"amusement, annoyance, approval, love, neutral, sadness"
schönheit,8,"admiration, annoyance, curiosity, desire, fear, neutral, optimism, realization"
reich,12,"admiration, amusement, annoyance, approval, caring, disappointment, disgust, grief, joy, love, neutral, realization"
schloss,17,"admiration, amusement, anger, annoyance, caring, disappointment, embarrassment, excitement, fear, gratitude, joy, love, nervousness, neutral, realization, sadness, surprise"
dorf,13,"admiration, amusement, approval, caring, disapproval, excitement, fear, joy, love, neutral, realization, relief, sadness"
komme,3,"disappointment, joy, neutral"
verkündet,3,"admiration, amusement, neutral"
aufgaben,5,"amusement, annoyance, approval, desire, neutral"
erfüllt,8,"admiration, desire, disappointment, joy, love, neutral, pride, sadness"
sowie,3,"disapproval, neutral, surprise"
schickt,4,"embarrassment, fear, gratitude, neutral"
arbeiten,5,"anger, grief, love, neutral, sadness"
lässt,12,"admiration, approval, caring, desire, disappointment, fear, joy, love, neutral, realization, sadness, surprise"
sohn,14,"admiration, amusement, caring, confusion, disapproval, disgust, fear, gratitude, joy, love, neutral, optimism, realization, sadness"
platz,4,"fear, neutral, realization, sadness"
nehmen,8,"admiration, anger, annoyance, caring, confusion, neutral, relief, sadness"
sieht,8,"admiration, fear, joy, love, neutral, optimism, sadness, surprise"
lange,17,"admiration, anger, annoyance, approval, caring, curiosity, desire, disappointment, embarrassment, fear, joy, love, neutral, pride, realization, sadness, surprise"
hand,15,"admiration, amusement, annoyance, approval, caring, disgust, embarrassment, fear, gratitude, joy, love, neutral, optimism, realization, sadness"
tanzen,10,"admiration, amusement, anger, disapproval, disgust, embarrassment, joy, love, neutral, sadness"
später,8,"admiration, annoyance, approval, confusion, disappointment, love, neutral, realization"
königin,22,"admiration, amusement, anger, annoyance, approval, curiosity, desire, disappointment, disapproval, embarrassment, fear, gratitude, grief, joy, love, nervousness, neutral, optimism, realization, remorse, sadness, surprise"
krank,4,"curiosity, love, neutral, sadness"
wurde,18,"admiration, amusement, anger, annoyance, disapproval, disgust, fear, gratitude, grief, joy, love, nervousness, neutral, optimism, pride, realization, sadness, surprise"
gestorben,5,"admiration, grief, neutral, realization, sadness"
könig,28,"admiration, amusement, anger, annoyance, approval, caring, confusion, curiosity, desire, disappointment, disapproval, disgust, embarrassment, excitement, fear, gratitude, grief, joy, love, nervousness, neutral, optimism, pride, realization, relief, remorse, sadness, surprise"
schöne,10,"admiration, caring, curiosity, desire, disappointment, joy, neutral, realization, remorse, sadness"
zweiten,5,"admiration, disgust, nervousness, neutral, realization"
frau,24,"admiration, amusement, anger, annoyance, approval, caring, curiosity, desire, disappointment, disapproval, disgust, embarrassment, excitement, fear, gratitude, grief, joy, love, nervousness, neutral, optimism, realization, sadness, surprise"
neue,7,"admiration, annoyance, disappointment, excitement, neutral, realization, remorse"
macht,16,"admiration, amusement, annoyance, approval, caring, curiosity, desire, disappointment, fear, joy, love, nervousness, neutral, optimism, realization, sadness"
kehrt,2,"neutral, sadness"
nie,9,"approval, disappointment, disgust, joy, love, neutral, realization, sadness, surprise"
zurück,19,"admiration, amusement, anger, annoyance, approval, caring, curiosity, disappointment, disgust, excitement, fear, gratitude, joy, love, neutral, realization, remorse, sadness, surprise"
schneewittchen,17,"admiration, anger, annoyance, approval, curiosity, disapproval, excitement, fear, gratitude, grief, joy, love, neutral, optimism, realization, sadness, surprise"
lernt,2,"neutral, optimism"
namens,7,"admiration, annoyance, desire, grief, joy, neutral, realization"
jonathan,2,"gratitude, neutral"
kennen,2,"joy, neutral"
schlosses,5,"admiration, desire, gratitude, neutral, surprise"
essen,9,"admiration, anger, approval, disappointment, fear, joy, love, neutral, realization"
freunde,6,"admiration, annoyance, caring, fear, neutral, sadness"
stehlen,4,"anger, neutral, optimism, sadness"
fliehen,4,"disappointment, fear, neutral, sadness"
bittet,8,"anger, annoyance, desire, disappointment, fear, gratitude, love, neutral"
stiefmutter,12,"admiration, anger, annoyance, disgust, excitement, fear, grief, joy, neutral, realization, relief, sadness"
untertanen,2,"disappointment, neutral"
freundlich,7,"admiration, annoyance, disgust, joy, love, neutral, sadness"
behandeln,2,"fear, neutral"
gleichgültig,2,"joy, neutral"
böse,12,"admiration, anger, annoyance, curiosity, disappointment, disgust, embarrassment, fear, neutral, realization, sadness, surprise"
befiehlt,2,"annoyance, neutral"
eifersüchtig,2,"confusion, neutral"
schneewittchens,2,"admiration, neutral"
jäger,11,"admiration, anger, curiosity, disappointment, disgust, joy, love, neutral, realization, sadness, surprise"
absichten,2,"disappointment, neutral"
weiß,14,"admiration, approval, caring, confusion, desire, disapproval, excitement, joy, love, neutral, optimism, realization, sadness, surprise"
hütte,10,"admiration, annoyance, curiosity, excitement, fear, joy, love, neutral, realization, sadness"
sieben,15,"admiration, amusement, annoyance, approval, curiosity, desire, excitement, fear, gratitude, joy, love, neutral, realization, sadness, surprise"
zwergen,4,"admiration, love, neutral, sadness"
happy,2,"joy, neutral"
gehört,7,"caring, curiosity, disappointment, fear, gratitude, neutral, realization"
tage,5,"admiration, caring, joy, neutral, relief"
verbringen,3,"amusement, love, neutral"
erfährt,8,"admiration, anger, fear, love, neutral, remorse, sadness, surprise"
lebt,5,"admiration, annoyance, joy, neutral, sadness"
wachen,4,"admiration, caring, fear, neutral"
treffen,5,"disappointment, love, neutral, realization, sadness"
erkennen,3,"curiosity, neutral, realization"
bevor,9,"admiration, approval, confusion, disappointment, fear, joy, neutral, realization, sadness"
glaubt,3,"annoyance, caring, neutral"
gefangen,4,"anger, fear, neutral, sadness"
genommen,4,"anger, curiosity, neutral, remorse"
mittlerweile,2,"approval, neutral"
herausgefunden,2,"admiration, neutral"
verwandelt,8,"anger, annoyance, fear, gratitude, love, neutral, realization, sadness"
apfel,2,"love, neutral"
fluch,9,"admiration, annoyance, desire, embarrassment, fear, gratitude, love, neutral, sadness"
todes,3,"disappointment, neutral, sadness"
zwerge,9,"admiration, anger, annoyance, curiosity, joy, love, neutral, realization, sadness"
arbeit,13,"admiration, amusement, annoyance, approval, caring, confusion, curiosity, disappointment, fear, joy, neutral, optimism, realization"
gegangen,4,"approval, grief, joy, neutral"
häuschen,5,"admiration, curiosity, joy, love, neutral"
sei,17,"admiration, anger, annoyance, caring, curiosity, disapproval, embarrassment, fear, gratitude, grief, joy, love, neutral, optimism, realization, sadness, surprise"
stieftochter,3,"admiration, joy, neutral"
getötet,5,"anger, disappointment, disgust, neutral, realization"
gebracht,6,"admiration, annoyance, curiosity, neutral, realization, sadness"
süden,2,"desire, neutral"
tod,12,"admiration, amusement, anger, annoyance, approval, caring, grief, joy, love, neutral, realization, sadness"
fällt,7,"admiration, approval, curiosity, disgust, embarrassment, neutral, sadness"
zurückzieht,2,"disappointment, neutral"
finden,9,"admiration, annoyance, approval, caring, desire, disappointment, disapproval, neutral, sadness"
körper,2,"neutral, sadness"
rückkehr,3,"disappointment, joy, neutral"
erwacht,4,"admiration, annoyance, neutral, realization"
stürzen,2,"anger, neutral"
kammer,4,"caring, curiosity, joy, neutral"
tritt,2,"curiosity, neutral"
spiegel,9,"admiration, approval, curiosity, disgust, fear, grief, love, neutral, sadness"
zerstört,3,"annoyance, disappointment, neutral"
quelle,2,"nervousness, neutral"
kräfte,2,"annoyance, neutral"
glas,5,"fear, joy, neutral, optimism, sadness"
verschwindet,2,"neutral, realization"
zauberspiegel,3,"admiration, disappointment, neutral"
heiraten,7,"annoyance, desire, disapproval, excitement, joy, love, neutral"
hans,17,"admiration, amusement, anger, annoyance, approval, caring, curiosity, embarrassment, fear, gratitude, joy, love, neutral, optimism, realization, sadness, surprise"
jahren,10,"admiration, amusement, anger, approval, caring, disappointment, joy, love, neutral, sadness"
lehre,2,"neutral, realization"
mutter,18,"admiration, amusement, anger, annoyance, approval, caring, curiosity, disappointment, disapproval, embarrassment, gratitude, grief, joy, love, neutral, optimism, realization, sadness"
ans,5,"admiration, joy, love, neutral, realization"
meer,5,"annoyance, approval, joy, love, neutral"
zurückkehren,2,"joy, neutral"
lohn,8,"admiration, annoyance, desire, disapproval, fear, neutral, remorse, sadness"
erhält,6,"admiration, disappointment, excitement, neutral, remorse, surprise"
klumpen,2,"neutral, surprise"
gold,13,"admiration, anger, annoyance, caring, curiosity, disapproval, excitement, fear, gratitude, love, neutral, sadness, surprise"
froh,4,"curiosity, joy, neutral, relief"
gelaunt,2,"admiration, neutral"
langen,6,"caring, curiosity, gratitude, love, neutral, pride"
unterwegs,3,"caring, gratitude, neutral"
händler,2,"disappointment, neutral"
tochter,18,"admiration, amusement, anger, annoyance, curiosity, desire, disappointment, disapproval, excitement, fear, gratitude, joy, love, neutral, optimism, realization, sadness, surprise"
elisabeth,7,"annoyance, approval, gratitude, joy, neutral, realization, surprise"
handel,4,"approval, fear, joy, neutral"
treiben,2,"disappointment, neutral"
großen,11,"admiration, amusement, curiosity, disappointment, fear, joy, love, nervousness, neutral, realization, sadness"
goldklumpen,4,"annoyance, disappointment, neutral, realization"
unangenehm,2,"embarrassment, neutral"
reise,5,"approval, caring, neutral, realization, sadness"
erste,9,"admiration, amusement, approval, curiosity, disapproval, excitement, love, neutral, optimism"
gelegenheit,2,"annoyance, neutral"
tausch,2,"disappointment, neutral"
beim,10,"admiration, desire, excitement, gratitude, joy, nervousness, neutral, realization, sadness, surprise"
goldes,2,"anger, neutral"
pferd,15,"admiration, anger, annoyance, approval, caring, curiosity, desire, disappointment, disgust, joy, love, neutral, optimism, realization, surprise"
glücklich,8,"amusement, desire, joy, love, neutral, optimism, realization, sadness"
mehr,17,"admiration, anger, annoyance, approval, confusion, curiosity, desire, disappointment, fear, grief, joy, love, neutral, optimism, realization, sadness, surprise"
selber,6,"admiration, desire, disgust, embarrassment, love, neutral"
laufen,9,"admiration, anger, annoyance, curiosity, disappointment, embarrassment, neutral, sadness, surprise"
müssen,6,"admiration, annoyance, caring, fear, neutral, sadness"
schneller,3,"admiration, neutral, pride"
schwer,7,"anger, disappointment, fear, joy, neutral, realization, sadness"
tragen,7,"admiration, annoyance, confusion, gratitude, neutral, realization, sadness"
zufrieden,4,"admiration, disappointment, joy, neutral"
ab,8,"admiration, anger, annoyance, disapproval, disgust, joy, neutral, sadness"
bauer,4,"approval, fear, joy, neutral"
kuh,5,"admiration, love, neutral, realization, surprise"
tier,10,"admiration, anger, annoyance, caring, disgust, gratitude, love, nervousness, neutral, realization"
besitzen,3,"admiration, love, neutral"
milch,4,"admiration, love, neutral, realization"
geben,8,"admiration, annoyance, caring, desire, disapproval, love, neutral, sadness"
danach,5,"admiration, annoyance, curiosity, desire, neutral"
ende,13,"amusement, annoyance, approval, caring, disappointment, grief, joy, love, neutral, optimism, realization, sadness, surprise"
tages,16,"admiration, amusement, anger, caring, curiosity, desire, disappointment, disgust, grief, joy, neutral, optimism, pride, realization, sadness, surprise"
trinken,11,"admiration, anger, annoyance, approval, disapproval, gratitude, joy, love, nervousness, neutral, realization"
erst,10,"admiration, anger, annoyance, curiosity, fear, love, nervousness, neutral, optimism, realization"
bemerkt,4,"gratitude, neutral, realization, sadness"
gar,13,"admiration, amusement, anger, annoyance, curiosity, disapproval, disgust, fear, joy, love, nervousness, neutral, sadness"
gibt,11,"admiration, disappointment, embarrassment, excitement, gratitude, joy, love, neutral, realization, sadness, surprise"
schwein,2,"fear, neutral"
karl,2,"admiration, neutral"
erkennt,7,"admiration, annoyance, curiosity, joy, love, neutral, realization"
einfach,2,"embarrassment, neutral"
erzählt,6,"admiration, approval, confusion, excitement, neutral, sadness"
wäre,16,"admiration, anger, annoyance, approval, caring, curiosity, desire, disgust, embarrassment, fear, joy, love, neutral, realization, sadness, surprise"
deshalb,6,"annoyance, caring, disapproval, love, neutral, pride"
gans,8,"admiration, amusement, annoyance, curiosity, fear, gratitude, joy, neutral"
weiteren,2,"neutral, surprise"
scherenschleifer,2,"joy, neutral"
mühsam,2,"anger, neutral"
kommt,15,"admiration, annoyance, approval, curiosity, disappointment, disapproval, disgust, excitement, fear, gratitude, joy, love, neutral, realization, sadness"
brunnen,10,"admiration, amusement, curiosity, disapproval, disgust, gratitude, joy, neutral, realization, sadness"
schleifstein,2,"joy, neutral"
hinein,8,"admiration, anger, curiosity, disgust, excitement, joy, neutral, sadness"
drosselbart,8,"admiration, amusement, annoyance, curiosity, embarrassment, neutral, optimism, remorse"
königstochter,12,"admiration, amusement, annoyance, caring, curiosity, disappointment, fear, joy, love, neutral, realization, sadness"
verspottet,2,"admiration, neutral"
bewerber,2,"disappointment, neutral"
bemerkung,2,"gratitude, neutral"
reichen,5,"admiration, annoyance, fear, love, neutral"
wegen,6,"admiration, anger, disgust, joy, neutral, sadness"
„,24,"admiration, amusement, anger, annoyance, approval, caring, confusion, curiosity, disappointment, disapproval, disgust, embarrassment, excitement, fear, gratitude, joy, love, nervousness, neutral, optimism, realization, remorse, sadness, surprise"
“,25,"admiration, amusement, anger, annoyance, approval, caring, confusion, curiosity, disappointment, disapproval, disgust, embarrassment, excitement, fear, gratitude, grief, joy, love, nervousness, neutral, optimism, realization, remorse, sadness, surprise"
prinzessin,24,"admiration, amusement, anger, annoyance, approval, caring, confusion, curiosity, desire, disappointment, disapproval, disgust, embarrassment, excitement, fear, gratitude, grief, joy, love, neutral, realization, remorse, sadness, surprise"
endlich,12,"admiration, anger, annoyance, caring, curiosity, desire, joy, love, neutral, optimism, realization, sadness"
verheiraten,3,"desire, neutral, realization"
geld,6,"admiration, annoyance, approval, disappointment, joy, neutral"
langsam,3,"annoyance, approval, neutral"
reagiert,4,"annoyance, disgust, fear, neutral"
ersten,12,"admiration, amusement, anger, annoyance, curiosity, disgust, gratitude, love, nervousness, neutral, realization, sadness"
bettler,9,"anger, annoyance, disapproval, joy, love, neutral, realization, sadness, surprise"
nächsten,13,"admiration, caring, curiosity, desire, disappointment, disapproval, excitement, gratitude, joy, nervousness, neutral, realization, sadness"
morgen,13,"admiration, amusement, curiosity, disappointment, embarrassment, fear, gratitude, joy, love, neutral, realization, sadness, surprise"
schloß,3,"admiration, amusement, neutral"
plan,2,"approval, neutral"
verkleidet,6,"anger, annoyance, disgust, love, neutral, realization"
stelle,4,"annoyance, caring, love, neutral"
schwur,2,"anger, neutral"
fühlt,5,"joy, love, neutral, pride, realization"
prächtigen,4,"admiration, fear, neutral, surprise"
wissen,7,"admiration, caring, curiosity, desire, fear, love, neutral"
wem,5,"annoyance, caring, curiosity, neutral, realization"
gehöre,4,"annoyance, curiosity, disgust, neutral"
antwortet,2,"admiration, neutral"
meint,13,"admiration, annoyance, approval, confusion, disapproval, embarrassment, gratitude, joy, love, neutral, optimism, realization, sadness"
oh,2,"gratitude, neutral"
arme,9,"admiration, amusement, caring, disgust, grief, joy, nervousness, neutral, sadness"
jungfrau,8,"admiration, desire, disgust, excitement, fear, neutral, realization, sadness"
zart,2,"admiration, neutral"
hätt,3,"admiration, neutral, surprise"
drosselbart.,2,"annoyance, neutral"
spiel,4,"approval, fear, neutral, realization"
wiederholt,2,"annoyance, neutral"
königs,14,"admiration, anger, curiosity, disappointment, disapproval, embarrassment, joy, love, neutral, optimism, pride, realization, sadness, surprise"
gewohnt,2,"love, neutral"
sofort,7,"admiration, caring, curiosity, love, neutral, realization, sadness"
hart,4,"amusement, neutral, pride, sadness"
dinge,5,"admiration, caring, joy, neutral, optimism"
entsetzen,2,"neutral, realization"
wider,3,"admiration, neutral, sadness"
erwarten,4,"excitement, gratitude, neutral, sadness"
schicksal,7,"admiration, caring, disappointment, neutral, optimism, realization, sadness"
versucht,8,"anger, approval, disappointment, disgust, fear, neutral, realization, sadness"
bewältigen,2,"approval, neutral"
besonders,6,"admiration, approval, disgust, nervousness, neutral, sadness"
gut,10,"admiration, caring, disapproval, disgust, fear, gratitude, love, neutral, realization, sadness"
geschirr,3,"admiration, curiosity, neutral"
menschen,16,"admiration, amusement, anger, annoyance, approval, curiosity, desire, disapproval, disgust, fear, joy, love, neutral, optimism, realization, sadness"
verkaufen,3,"admiration, desire, neutral"
mannes,5,"admiration, disapproval, joy, neutral, optimism"
küchenmagd,3,"annoyance, embarrassment, neutral"
großem,2,"disgust, neutral"
hält,6,"caring, curiosity, disapproval, joy, neutral, surprise"
zeit,16,"admiration, amusement, anger, annoyance, approval, caring, curiosity, disappointment, disgust, gratitude, joy, love, neutral, realization, sadness, surprise"
gekommen,12,"admiration, anger, caring, curiosity, excitement, joy, love, nervousness, neutral, optimism, realization, sadness"
tatsächlich,4,"admiration, approval, neutral, surprise"
verheiratet,2,"love, neutral"
prachtvollen,2,"desire, neutral"
hochzeit,11,"admiration, amusement, caring, disappointment, disgust, excitement, joy, love, neutral, realization, surprise"
standesgemäß,2,"disapproval, neutral"
ähnlich,3,"love, neutral, sadness"
inzwischen,8,"admiration, annoyance, caring, grief, neutral, optimism, realization, sadness"
erscheint,10,"admiration, amusement, annoyance, caring, desire, disapproval, joy, love, neutral, surprise"
festlich,2,"joy, neutral"
gekleidet,3,"admiration, joy, neutral"
strahlend,3,"admiration, love, neutral"
gevatter,3,"annoyance, love, neutral"
kind,20,"admiration, amusement, anger, annoyance, approval, caring, desire, disappointment, disapproval, disgust, excitement, fear, grief, joy, love, nervousness, neutral, optimism, realization, sadness"
jörg,2,"grief, neutral"
gott,11,"admiration, amusement, desire, disappointment, fear, gratitude, love, neutral, realization, sadness, surprise"
teufel,13,"amusement, anger, annoyance, caring, confusion, curiosity, disappointment, disgust, fear, gratitude, love, neutral, realization"
abgelehnt,2,"disappointment, neutral"
mache,3,"admiration, caring, neutral"
verführen,2,"approval, neutral"
paten,2,"annoyance, neutral"
patenkind,2,"neutral, realization"
medizin,3,"gratitude, neutral, surprise"
arzt,4,"admiration, caring, grief, neutral"
berühmter,2,"admiration, neutral"
reicher,3,"annoyance, neutral, surprise"
abmachung,2,"amusement, neutral"
darf,6,"anger, disapproval, joy, neutral, realization, sadness"
heilen,3,"admiration, approval, neutral"
kopf,12,"admiration, amusement, annoyance, approval, confusion, disgust, fear, joy, love, neutral, realization, sadness"
füßen,6,"admiration, confusion, disgust, grief, joy, neutral"
aus.,2,"love, neutral"
stadt,7,"admiration, anger, annoyance, curiosity, gratitude, neutral, remorse"
bricht,6,"anger, disgust, fear, joy, neutral, sadness"
bürgermeister,2,"neutral, sadness"
willen,4,"caring, gratitude, neutral, surprise"
ebenfalls,4,"approval, gratitude, neutral, sadness"
sterben,8,"admiration, anger, annoyance, caring, curiosity, love, neutral, sadness"
darüber,7,"admiration, annoyance, disappointment, joy, neutral, remorse, sadness"
aufgenommen,2,"admiration, neutral"
verliebt,5,"admiration, love, neutral, realization, sadness"
barbaras,2,"grief, neutral"
retten,6,"anger, caring, fear, grief, neutral, sadness"
daher,5,"admiration, annoyance, caring, neutral, surprise"
abermals,3,"annoyance, caring, neutral"
fast,10,"admiration, anger, curiosity, disgust, excitement, fear, grief, joy, neutral, sadness"
erinnert,2,"joy, neutral"
natur,3,"annoyance, neutral, pride"
jugend,2,"neutral, sadness"
weigert,3,"disappointment, neutral, sadness"
fragt,4,"curiosity, desire, neutral, surprise"
schließlich,8,"admiration, curiosity, fear, joy, love, neutral, realization, sadness"
sag,2,"curiosity, neutral"
willst,7,"annoyance, caring, confusion, fear, love, nervousness, neutral"
mädchens,4,"admiration, annoyance, joy, neutral"
sehen,11,"admiration, annoyance, curiosity, desire, disgust, gratitude, love, neutral, realization, sadness, surprise"
große,15,"admiration, amusement, approval, caring, curiosity, excitement, fear, joy, love, nervousness, neutral, optimism, remorse, sadness, surprise"
kerze,2,"disappointment, neutral"
licht,12,"admiration, anger, annoyance, approval, caring, curiosity, disgust, fear, joy, neutral, realization, sadness"
worten,3,"love, neutral, realization"
zurückgekehrt,2,"joy, neutral"
stanislaus,2,"grief, neutral"
gehörte,3,"love, neutral, pride"
tot,9,"amusement, anger, fear, grief, joy, love, neutral, sadness, surprise"
treppe,5,"admiration, annoyance, joy, neutral, sadness"
hauses,3,"admiration, joy, neutral"
liegt,4,"curiosity, fear, neutral, sadness"
getan,8,"amusement, annoyance, approval, caring, fear, neutral, realization, remorse"
verlässt,2,"love, neutral"
letzten,7,"amusement, approval, disapproval, fear, joy, neutral, realization"
begegnung,3,"admiration, neutral, sadness"
liebsten,4,"caring, love, neutral, sadness"
sagt,8,"admiration, approval, curiosity, disgust, joy, love, neutral, realization"
viele,11,"admiration, annoyance, approval, curiosity, disappointment, fear, joy, love, neutral, realization, sadness"
wohl.,2,"love, neutral"
michael,3,"admiration, neutral, sadness"
volk,5,"anger, annoyance, joy, love, neutral"
maria,2,"neutral, sadness"
stück,6,"admiration, caring, disgust, joy, neutral, sadness"
matthäus,2,"neutral, surprise"
anna,4,"admiration, neutral, sadness, surprise"
gedient,3,"admiration, neutral, optimism"
urteil,2,"love, neutral"
weshalb,2,"neutral, surprise"
hof,9,"admiration, annoyance, curiosity, disappointment, disgust, fear, neutral, optimism, sadness"
falschen,3,"annoyance, joy, neutral"
bart,5,"admiration, anger, disgust, joy, neutral"
kinn,2,"amusement, neutral"
fenster,8,"admiration, amusement, anger, annoyance, curiosity, disgust, love, neutral"
blick,7,"admiration, anger, curiosity, embarrassment, love, neutral, realization"
schlafgemach,2,"disapproval, neutral"
drossel,3,"admiration, amusement, neutral"
freier,5,"admiration, amusement, anger, joy, neutral"
weist,3,"annoyance, joy, neutral"
lustig,4,"amusement, joy, love, neutral"
lieber,6,"admiration, curiosity, disgust, embarrassment, love, neutral"
genug,4,"admiration, anger, neutral, realization"
hochmut,3,"admiration, annoyance, neutral"
erstes,2,"neutral, optimism"
schwelle,2,"admiration, neutral"
folgenden,4,"amusement, anger, neutral, relief"
gefunden,8,"admiration, approval, caring, disgust, joy, love, neutral, realization"
nieder,10,"admiration, disgust, gratitude, grief, joy, love, nervousness, neutral, optimism, sadness"
verbirgt,2,"disappointment, neutral"
arbeitet,2,"anger, neutral"
finger,5,"admiration, anger, disgust, neutral, optimism"
rühren,2,"disgust, neutral"
brot,8,"admiration, annoyance, approval, disgust, embarrassment, neutral, sadness, surprise"
zerbricht,3,"neutral, optimism, realization"
ungeschickt,4,"admiration, embarrassment, neutral, realization"
kleidung,4,"admiration, fear, neutral, realization"
fährmann,3,"approval, fear, neutral"
befehl,2,"neutral, sadness"
erhalten,2,"love, neutral"
paar,7,"admiration, annoyance, curiosity, desire, fear, joy, neutral"
übrig,2,"anger, neutral"
zeigt,6,"admiration, approval, curiosity, joy, neutral, realization"
steuern,4,"admiration, approval, disappointment, neutral"
bezahlen,5,"confusion, disapproval, neutral, sadness, surprise"
sparen,2,"amusement, neutral"
wenigen,3,"fear, neutral, sadness"
neues,7,"annoyance, approval, joy, love, neutral, realization, sadness"
erscheinen,4,"admiration, joy, neutral, sadness"
männer,7,"anger, annoyance, desire, disappointment, fear, neutral, realization"
geht,8,"admiration, anger, curiosity, joy, love, neutral, realization, sadness"
statt,6,"curiosity, love, neutral, remorse, sadness, surprise"
krügen,2,"approval, neutral"
markt,3,"anger, approval, neutral"
stand,17,"admiration, amusement, anger, annoyance, caring, desire, excitement, fear, gratitude, grief, joy, love, neutral, pride, realization, sadness, surprise"
außer,3,"annoyance, neutral, sadness"
samt,5,"admiration, annoyance, disgust, neutral, optimism"
handelt,4,"admiration, curiosity, neutral, realization"
hilfe,9,"admiration, approval, caring, desire, disappointment, gratitude, neutral, optimism, sadness"
gelangt,5,"curiosity, fear, joy, neutral, realization"
unterdessen,2,"anger, neutral"
köchin,5,"admiration, desire, disapproval, gratitude, neutral"
bleiben,6,"admiration, fear, joy, love, neutral, sadness"
verloren,9,"annoyance, approval, caring, curiosity, disappointment, gratitude, joy, neutral, sadness"
appetit,2,"caring, neutral"
küche,4,"admiration, amusement, desire, neutral"
überaus,3,"admiration, annoyance, neutral"
fleißig,4,"admiration, annoyance, neutral, realization"
immer,18,"admiration, amusement, annoyance, approval, caring, curiosity, desire, disappointment, disgust, excitement, fear, love, neutral, optimism, realization, remorse, sadness, surprise"
vermeintlichen,4,"joy, love, neutral, realization"
eilt,3,"admiration, love, neutral"
frei,7,"admiration, approval, gratitude, joy, love, neutral, sadness"
bietet,3,"approval, neutral, surprise"
tun,6,"annoyance, caring, gratitude, joy, neutral, sadness"
bedeutet,3,"joy, neutral, realization"
eigenes,4,"disappointment, joy, neutral, realization"
länger,6,"confusion, disapproval, nervousness, neutral, realization, sadness"
hochmütig,2,"admiration, neutral"
klärt,2,"confusion, neutral"
hals,5,"admiration, anger, caring, fear, neutral"
fallen,7,"caring, disgust, fear, joy, love, neutral, sadness"
warten,4,"caring, love, nervousness, neutral"
gelernt,4,"approval, love, neutral, realization"
wirklich,4,"admiration, caring, nervousness, neutral"
weinend,2,"neutral, sadness"
küssen,2,"love, neutral"
fahren,5,"anger, annoyance, fear, joy, neutral"
königlichen,6,"annoyance, caring, desire, love, neutral, sadness"
jorinde,6,"admiration, amusement, excitement, joy, love, neutral"
and,2,"amusement, neutral"
joringel,10,"admiration, amusement, annoyance, disgust, excitement, grief, joy, love, neutral, sadness"
märchen,4,"admiration, joy, love, neutral"
gestellt,3,"admiration, neutral, optimism"
wobei,3,"curiosity, joy, neutral"
miteinander,2,"joy, neutral"
wurden,8,"admiration, anger, annoyance, disappointment, embarrassment, joy, neutral, sadness"
töchterchen,3,"admiration, desire, neutral"
heißt,3,"admiration, neutral, realization"
nennen,3,"excitement, love, neutral"
familie,5,"admiration, annoyance, grief, neutral, sadness"
kindern,6,"anger, annoyance, curiosity, joy, neutral, sadness"
verborgen,3,"caring, neutral, optimism"
wäldern,2,"neutral, sadness"
moor,3,"disappointment, neutral, sadness"
unterschlupf,3,"annoyance, neutral, sadness"
kinder,14,"admiration, anger, annoyance, approval, caring, curiosity, disappointment, fear, gratitude, grief, love, neutral, relief, sadness"
währt,2,"neutral, surprise"
welt,19,"admiration, anger, annoyance, caring, curiosity, desire, disapproval, embarrassment, excitement, fear, gratitude, grief, joy, love, neutral, optimism, realization, sadness, surprise"
krieg,7,"admiration, anger, disappointment, grief, neutral, realization, sadness"
dabei,11,"admiration, annoyance, approval, caring, curiosity, desire, gratitude, love, neutral, realization, sadness"
mordgesellen,2,"disappointment, neutral"
spur,3,"caring, neutral, surprise"
steht,11,"admiration, approval, caring, curiosity, disgust, fear, joy, love, neutral, sadness, surprise"
singt,3,"joy, love, neutral"
wollt,3,"admiration, annoyance, neutral"
fern,3,"admiration, gratitude, neutral"
…,3,"love, neutral, sadness"
könnt,4,"admiration, annoyance, neutral, sadness"
plötzlich,11,"admiration, annoyance, curiosity, excitement, fear, gratitude, love, neutral, realization, sadness, surprise"
augen,17,"admiration, amusement, anger, annoyance, approval, caring, confusion, disappointment, disgust, gratitude, joy, love, neutral, realization, remorse, sadness, surprise"
verschwunden,6,"admiration, annoyance, disappointment, neutral, realization, sadness"
seltsam,3,"disgust, neutral, surprise"
eule,2,"annoyance, neutral"
offen,2,"neutral, sadness"
jorindes,2,"disappointment, neutral"
verschwinden,5,"anger, annoyance, disgust, joy, neutral"
eltern,10,"admiration, anger, approval, desire, disappointment, joy, love, neutral, sadness, surprise"
tag,16,"admiration, amusement, annoyance, approval, caring, curiosity, desire, embarrassment, excitement, gratitude, joy, love, neutral, realization, relief, sadness"
nacht,11,"admiration, amusement, confusion, disgust, fear, joy, love, neutral, realization, sadness, surprise"
landsknechte,2,"anger, neutral"
durchs,4,"anger, embarrassment, love, neutral"
heim,9,"embarrassment, fear, gratitude, joy, love, neutral, optimism, sadness, surprise"
entdeckt,4,"admiration, caring, neutral, realization"
burg,10,"amusement, annoyance, curiosity, desire, disappointment, fear, joy, neutral, realization, sadness"
lied,6,"amusement, excitement, joy, love, nervousness, neutral"
ringlein,3,"love, nervousness, neutral"
singen,6,"admiration, amusement, curiosity, excitement, love, neutral"
kraft,3,"excitement, neutral, realization"
käfige,2,"neutral, surprise"
darin,9,"admiration, anger, annoyance, caring, curiosity, desire, neutral, sadness, surprise"
hängen,5,"annoyance, curiosity, embarrassment, neutral, sadness"
dürfe,4,"annoyance, disapproval, gratitude, neutral"
mitnehmen,3,"neutral, realization, sadness"
möge,3,"joy, neutral, optimism"
schlüssel,2,"joy, neutral"
liebenden,2,"neutral, optimism"
zauberin,3,"love, neutral, surprise"
schenkt,5,"amusement, confusion, disappointment, neutral, pride"
menschliche,7,"annoyance, confusion, desire, joy, love, neutral, realization"
gestalt,11,"admiration, annoyance, confusion, desire, disappointment, disgust, joy, love, neutral, realization, sadness"
gehen,10,"admiration, annoyance, approval, curiosity, disappointment, excitement, gratitude, love, neutral, sadness"
ewig,3,"annoyance, fear, neutral"
erreichen,2,"disappointment, neutral"
festen,2,"approval, neutral"
abwesenheit,2,"curiosity, neutral"
gefahr,5,"admiration, fear, gratitude, neutral, sadness"
rennt,4,"curiosity, disappointment, fear, neutral"
gerade,9,"admiration, amusement, anger, annoyance, caring, gratitude, joy, neutral, sadness"
gelingt,5,"admiration, amusement, approval, disappointment, neutral"
kreaturen,2,"anger, neutral"
schlagen,4,"admiration, fear, neutral, surprise"
beginnt,6,"admiration, annoyance, joy, love, neutral, realization"
vernehmen,3,"amusement, neutral, surprise"
rennen,2,"neutral, sadness"
freudig,2,"admiration, neutral"
alte,16,"admiration, amusement, anger, annoyance, caring, curiosity, disapproval, disgust, embarrassment, fear, grief, joy, love, neutral, realization, sadness"
baum,10,"admiration, amusement, annoyance, confusion, curiosity, disappointment, fear, joy, neutral, realization"
holle,7,"admiration, annoyance, caring, fear, gratitude, neutral, sadness"
witwe,2,"annoyance, neutral"
töchter,6,"admiration, annoyance, confusion, curiosity, neutral, sadness"
kaum,13,"admiration, annoyance, approval, disappointment, disgust, embarrassment, fear, joy, love, neutral, realization, sadness, surprise"
marie,8,"admiration, caring, fear, gratitude, joy, love, neutral, sadness"
fleiß,2,"joy, neutral"
haushalt,2,"caring, neutral"
luise,10,"admiration, amusement, annoyance, curiosity, grief, joy, neutral, realization, remorse, sadness"
haut,4,"excitement, neutral, realization, sadness"
gegensatz,2,"approval, neutral"
jedermann,4,"admiration, annoyance, love, neutral"
hilft,4,"caring, embarrassment, love, neutral"
faul,4,"admiration, annoyance, neutral, realization"
neidisch,3,"annoyance, disapproval, neutral"
struppi,2,"joy, neutral"
hund,5,"annoyance, desire, disappointment, joy, neutral"
kümmert,3,"confusion, joy, neutral"
wohl,14,"admiration, amusement, approval, caring, confusion, curiosity, desire, fear, joy, love, neutral, pride, realization, sadness"
sodass,4,"curiosity, disappointment, fear, neutral"
schwester,8,"amusement, annoyance, curiosity, joy, love, neutral, optimism, sadness"
sogar,5,"admiration, approval, desire, joy, neutral"
überlassen,2,"admiration, neutral"
geschützt,2,"neutral, realization"
tanzfest,2,"joy, neutral"
wolle,5,"admiration, curiosity, joy, neutral, realization"
spinnen,6,"amusement, fear, joy, neutral, realization, sadness"
spindel,6,"amusement, annoyance, curiosity, joy, neutral, sadness"
land,15,"admiration, amusement, anger, approval, curiosity, desire, disapproval, fear, gratitude, grief, joy, neutral, optimism, realization, sadness"
frage,3,"confusion, fear, neutral"
winter,3,"admiration, neutral, sadness"
frühling,3,"admiration, gratitude, neutral"
ruft,2,"caring, neutral"
jemand,7,"admiration, curiosity, embarrassment, joy, neutral, sadness, surprise"
zieh,2,"admiration, neutral"
verbrennen,2,"anger, neutral"
natürlich,3,"admiration, curiosity, neutral"
befreit,3,"gratitude, love, neutral"
backofen,2,"neutral, realization"
ach,14,"admiration, amusement, caring, curiosity, disappointment, excitement, fear, love, nervousness, neutral, realization, remorse, sadness, surprise"
äpfel,6,"admiration, confusion, curiosity, disappointment, gratitude, neutral"
begrüßt,2,"admiration, neutral"
tisch,7,"admiration, approval, embarrassment, fear, joy, love, neutral"
könne,12,"admiration, annoyance, caring, confusion, desire, fear, gratitude, joy, love, neutral, optimism, realization"
müsse,4,"admiration, anger, disapproval, neutral"
haus,13,"admiration, amusement, annoyance, approval, curiosity, embarrassment, fear, gratitude, love, neutral, realization, sadness, surprise"
sauber,2,"admiration, neutral"
halten,5,"admiration, amusement, annoyance, neutral, realization"
blumen,2,"joy, neutral"
betten,2,"neutral, sadness"
–,21,"admiration, amusement, anger, annoyance, caring, confusion, curiosity, desire, disappointment, disapproval, disgust, excitement, fear, gratitude, joy, love, neutral, optimism, pride, realization, sadness"
maries,4,"admiration, joy, neutral, sadness"
gemacht,2,"admiration, neutral"
überhaupt,3,"admiration, neutral, surprise"
gefällt,3,"love, neutral, surprise"
mault,2,"neutral, sadness"
ecken,2,"disapproval, neutral"
solle,9,"anger, annoyance, confusion, disgust, fear, gratitude, joy, neutral, surprise"
erde,12,"admiration, anger, disappointment, embarrassment, fear, gratitude, joy, love, neutral, realization, sadness, surprise"
freude,12,"admiration, approval, curiosity, desire, disgust, gratitude, joy, love, neutral, optimism, realization, sadness"
sehnsucht,3,"confusion, neutral, surprise"
freunden,3,"joy, neutral, surprise"
herab,4,"admiration, neutral, realization, sadness"
gefallen,8,"admiration, anger, annoyance, caring, joy, love, neutral, sadness"
reinem,2,"admiration, neutral"
feiert,2,"excitement, neutral"
niemand,13,"admiration, annoyance, approval, caring, confusion, curiosity, disappointment, disapproval, joy, love, neutral, realization, sadness"
beschließt,2,"anger, neutral"
springt,3,"caring, gratitude, neutral"
absichtlich,2,"neutral, sadness"
verletzt,3,"confusion, neutral, sadness"
selben,4,"admiration, love, neutral, realization"
allerdings,6,"amusement, anger, annoyance, disgust, fear, neutral"
völlig,2,"neutral, sadness"
herausziehen,2,"joy, neutral"
einziges,4,"annoyance, caring, love, neutral"
ofen,3,"admiration, annoyance, neutral"
hunger,2,"neutral, sadness"
raben,8,"anger, annoyance, desire, disgust, fear, neutral, realization, surprise"
zeige,2,"admiration, neutral"
gute,10,"admiration, anger, desire, fear, gratitude, joy, neutral, realization, sadness, surprise"
schlechte,3,"neutral, realization, sadness"
erledigt,2,"admiration, neutral"
widerwillig,4,"approval, desire, neutral, relief"
schnee,7,"admiration, amusement, excitement, joy, neutral, realization, sadness"
hofft,3,"neutral, optimism, sadness"
schnell,10,"admiration, anger, approval, curiosity, disappointment, fear, gratitude, neutral, remorse, surprise"
kissen,2,"caring, neutral"
verdienten,2,"fear, neutral"
schicken,2,"annoyance, neutral"
kräht,2,"excitement, neutral"
hahn,8,"admiration, amusement, approval, curiosity, disappointment, excitement, neutral, sadness"
kikeriki,4,"amusement, excitement, neutral, sadness"
hie,2,"neutral, sadness"
dorfbewohner,3,"caring, fear, neutral"
lachen,7,"amusement, annoyance, joy, love, neutral, sadness, surprise"
früher,4,"caring, fear, neutral, sadness"
neuer,2,"joy, neutral"
ganz,15,"admiration, amusement, anger, annoyance, caring, curiosity, desire, fear, joy, love, neutral, pride, realization, sadness, surprise"
hilfsbereitschaft,2,"admiration, neutral"
guten,8,"admiration, annoyance, fear, gratitude, joy, neutral, sadness, surprise"
tat,12,"admiration, anger, annoyance, approval, caring, confusion, joy, love, neutral, realization, remorse, sadness"
stückchen,2,"admiration, neutral"
pech,4,"annoyance, neutral, realization, sadness"
golden,2,"admiration, neutral"
vergaß,3,"admiration, neutral, realization"
tut,6,"approval, caring, neutral, optimism, realization, sadness"
helfen,11,"admiration, caring, desire, fear, love, nervousness, neutral, realization, relief, sadness, surprise"
gleich,8,"admiration, anger, annoyance, fear, love, nervousness, neutral, sadness"
’,4,"amusement, neutral, realization, sadness"
jakob,8,"annoyance, approval, curiosity, embarrassment, love, neutral, realization, surprise"
eigenen,9,"admiration, approval, curiosity, desire, fear, love, neutral, realization, sadness"
beine,6,"amusement, annoyance, curiosity, neutral, pride, realization"
steuereintreiber,2,"disapproval, neutral"
entgegen,6,"fear, joy, love, neutral, realization, sadness"
bauern,4,"anger, annoyance, disapproval, neutral"
obwohl,9,"admiration, amusement, anger, annoyance, fear, love, neutral, sadness, surprise"
je,5,"admiration, caring, joy, neutral, realization"
räuber,5,"admiration, approval, curiosity, fear, neutral"
gesehen,8,"admiration, disgust, joy, love, neutral, realization, sadness, surprise"
kurzerhand,2,"caring, neutral"
empfangen,3,"admiration, joy, neutral"
stets,6,"admiration, annoyance, joy, neutral, realization, sadness"
vermutet,2,"joy, neutral"
brief,7,"admiration, anger, caring, fear, neutral, realization, surprise"
schreiben,3,"disapproval, neutral, realization"
bestimmt,4,"admiration, disappointment, gratitude, neutral"
geführt,4,"anger, gratitude, neutral, sadness"
tief,9,"admiration, caring, disgust, fear, gratitude, joy, love, neutral, realization"
ehe,5,"admiration, disapproval, love, neutral, surprise"
willigt,2,"joy, neutral"
bedingung,2,"admiration, neutral"
goldenen,11,"admiration, annoyance, caring, curiosity, desire, fear, joy, love, neutral, realization, surprise"
haare,6,"admiration, caring, confusion, excitement, neutral, sadness"
bringe,3,"admiration, gratitude, neutral"
fragen,4,"annoyance, caring, curiosity, neutral"
warum,8,"admiration, annoyance, confusion, curiosity, neutral, realization, sadness, surprise"
wasser,15,"admiration, amusement, annoyance, caring, curiosity, desire, gratitude, joy, love, nervousness, neutral, realization, relief, sadness, surprise"
hölle,4,"annoyance, caring, joy, neutral"
angekommen,7,"admiration, approval, disappointment, joy, nervousness, neutral, surprise"
gehalten,5,"caring, disappointment, disgust, joy, neutral"
freut,3,"joy, neutral, surprise"
streit,3,"disappointment, neutral, sadness"
suppe,2,"admiration, neutral"
rolle,2,"admiration, neutral"
ziehen,5,"anger, annoyance, desire, fear, neutral"
befindet,2,"embarrassment, neutral"
esel,8,"admiration, approval, disappointment, disapproval, gratitude, neutral, realization, sadness"
legen,2,"anger, neutral"
ganzen,11,"admiration, amusement, anger, annoyance, caring, curiosity, excitement, grief, joy, neutral, sadness"
gegessen,4,"admiration, curiosity, joy, neutral"
weinfass,2,"gratitude, neutral"
bräutigam,3,"love, neutral, sadness"
getanzt,2,"admiration, neutral"
hänsel,7,"admiration, anger, disgust, joy, neutral, realization, sadness"
gretel,7,"anger, annoyance, caring, disappointment, joy, neutral, sadness"
armen,6,"admiration, annoyance, joy, love, neutral, sadness"
großer,7,"admiration, caring, fear, joy, love, neutral, surprise"
armut,5,"admiration, disappointment, love, neutral, sadness"
dadurch,2,"admiration, neutral"
lage,2,"neutral, sadness"
sorgen,9,"amusement, annoyance, caring, fear, joy, love, nervousness, neutral, realization"
not,10,"approval, caring, disapproval, disgust, fear, gratitude, joy, love, neutral, optimism"
größer,4,"admiration, fear, neutral, sadness"
überredet,2,"neutral, relief"
geschwister,5,"admiration, love, neutral, realization, sadness"
frühe,2,"admiration, neutral"
feuer,13,"admiration, amusement, anger, annoyance, approval, caring, curiosity, disgust, fear, love, neutral, realization, sadness"
gesteckt,2,"fear, neutral"
dämmerung,2,"neutral, realization"
hoffnung,4,"desire, neutral, optimism, realization"
gelegt,3,"love, neutral, realization"
abends,10,"admiration, anger, desire, disapproval, fear, joy, love, neutral, realization, surprise"
haustür,2,"love, neutral"
schöner,3,"admiration, joy, neutral"
vögel,6,"admiration, caring, joy, love, neutral, sadness"
weile,4,"desire, disappointment, neutral, sadness"
hungrig,3,"fear, neutral, sadness"
verwundert,2,"neutral, surprise"
anfangen,5,"annoyance, disappointment, fear, neutral, sadness"
daran,9,"admiration, approval, curiosity, disappointment, fear, love, neutral, realization, sadness"
hören,5,"curiosity, disappointment, joy, neutral, realization"
stimme,11,"admiration, curiosity, disapproval, disgust, fear, joy, love, neutral, realization, sadness, surprise"
antworten,2,"confusion, neutral"
hexe,10,"admiration, amusement, anger, annoyance, caring, disgust, fear, neutral, realization, sadness"
trotz,11,"admiration, approval, caring, disgust, gratitude, grief, joy, love, neutral, realization, surprise"
besteht,2,"disapproval, neutral"
einladung,2,"neutral, surprise"
ahnen,2,"disapproval, neutral"
mästen,2,"anger, neutral"
backen,3,"admiration, neutral, sadness"
entdecken,3,"admiration, caring, neutral"
öffnen,3,"disappointment, neutral, optimism"
edelsteine,3,"admiration, love, neutral"
taschen,2,"neutral, sadness"
voll,11,"admiration, annoyance, caring, confusion, desire, disappointment, joy, nervousness, neutral, realization, sadness"
verlassen,9,"anger, caring, desire, embarrassment, grief, love, neutral, optimism, sadness"
kehren,2,"neutral, sadness"
lebens,8,"admiration, caring, grief, joy, love, neutral, realization, sadness"
königreich,10,"admiration, amusement, confusion, desire, excitement, grief, joy, neutral, realization, sadness"
jüngsten,5,"admiration, caring, fear, gratitude, neutral"
schneeweißchen,7,"admiration, joy, love, neutral, optimism, relief, sadness"
rosenrot,6,"admiration, annoyance, joy, love, neutral, relief"
weißen,4,"admiration, joy, neutral, surprise"
rose,3,"admiration, confusion, neutral"
kleine,10,"admiration, annoyance, caring, confusion, curiosity, disgust, gratitude, love, neutral, sadness"
verabschiedet,2,"love, neutral"
töchtern,3,"disgust, embarrassment, neutral"
leute,12,"admiration, amusement, anger, annoyance, curiosity, embarrassment, excitement, fear, love, neutral, realization, sadness"
rosenöl,2,"neutral, sadness"
schwestern,9,"admiration, anger, approval, caring, curiosity, disapproval, excitement, neutral, sadness"
nahen,2,"approval, neutral"
prinz,14,"admiration, annoyance, caring, curiosity, desire, disappointment, fear, gratitude, joy, love, neutral, realization, remorse, surprise"
sohnes,2,"grief, neutral"
zwerg,11,"annoyance, caring, curiosity, disapproval, disgust, fear, joy, neutral, realization, sadness, surprise"
gewand,6,"admiration, desire, disappointment, love, neutral, realization"
kaufmann,5,"admiration, anger, desire, gratitude, neutral"
garstigen,2,"embarrassment, neutral"
gesellen,3,"admiration, annoyance, neutral"
ausgehängt,2,"curiosity, neutral"
pferde,8,"admiration, caring, curiosity, disgust, fear, joy, neutral, sadness"
stellen,3,"neutral, realization, remorse"
zudem,3,"love, neutral, optimism"
neben,6,"joy, love, neutral, realization, remorse, sadness"
geburt,4,"fear, gratitude, neutral, sadness"
verzauberte,3,"admiration, love, neutral"
tor,3,"annoyance, joy, neutral"
pflanzen,3,"caring, gratitude, neutral"
unmöglich,3,"amusement, neutral, sadness"
herzen,15,"admiration, annoyance, approval, caring, desire, excitement, fear, gratitude, joy, love, neutral, pride, realization, sadness, surprise"
dürfen,2,"anger, neutral"
eintreten,2,"neutral, sadness"
prinzen,17,"admiration, anger, annoyance, approval, caring, desire, disappointment, fear, gratitude, grief, joy, love, neutral, optimism, realization, sadness, surprise"
begegnen,3,"excitement, fear, neutral"
bösen,7,"annoyance, disgust, joy, neutral, realization, relief, sadness"
befreien,2,"love, neutral"
beschimpft,2,"disappointment, neutral"
schwert,5,"anger, disgust, neutral, realization, sadness"
bären,3,"annoyance, neutral, realization"
jagen,2,"disgust, neutral"
durchstreifen,2,"admiration, neutral"
wiederum,5,"admiration, anger, embarrassment, gratitude, neutral"
notlage,2,"neutral, sadness"
fisch,3,"caring, desire, neutral"
schneidet,3,"caring, joy, neutral"
dank,2,"gratitude, neutral"
hohen,2,"disappointment, neutral"
felsen,6,"admiration, disappointment, disgust, fear, neutral, sadness"
erzählen,6,"annoyance, approval, joy, love, neutral, realization"
gegenüber,4,"annoyance, approval, curiosity, neutral"
langer,4,"admiration, disgust, neutral, realization"
größte,4,"admiration, joy, neutral, pride"
schatz,4,"admiration, anger, neutral, sadness"
zwerges,2,"admiration, neutral"
verwandeln,2,"admiration, neutral"
klopft,3,"annoyance, neutral, surprise"
tür,7,"admiration, caring, fear, love, neutral, sadness, surprise"
bär,8,"admiration, annoyance, caring, fear, love, neutral, realization, sadness"
dorthin,2,"fear, neutral"
gesund,7,"admiration, curiosity, joy, love, neutral, relief, sadness"
sprechen,5,"annoyance, caring, love, neutral, sadness"
traut,3,"neutral, optimism, sadness"
naht,4,"caring, desire, neutral, optimism"
rosenhecke,3,"annoyance, desire, neutral"
verschlungen,2,"neutral, realization"
lag,10,"admiration, anger, curiosity, disappointment, fear, gratitude, nervousness, neutral, realization, sadness"
löst,3,"admiration, love, neutral"
abenteuer,2,"excitement, neutral"
genauso,3,"admiration, love, neutral"
zukunft,4,"gratitude, love, neutral, realization"
gestiefelte,2,"annoyance, neutral"
kater,9,"admiration, annoyance, desire, fear, gratitude, joy, neutral, sadness, surprise"
eingegangen,2,"neutral, surprise"
humpty,3,"fear, neutral, sadness"
dumpty,2,"neutral, sadness"
katze,4,"admiration, curiosity, disappointment, neutral"
kitty,4,"fear, joy, neutral, sadness"
bekannte,3,"admiration, love, neutral"
goldene,13,"admiration, confusion, curiosity, desire, disappointment, excitement, gratitude, joy, love, neutral, optimism, realization, sadness"
eier,2,"admiration, neutral"
zauberbohnen,2,"gratitude, neutral"
ranke,2,"caring, neutral"
himmel,7,"admiration, anger, gratitude, joy, love, neutral, surprise"
wachsen,3,"caring, fear, neutral"
bohnen,2,"caring, neutral"
gehören,3,"admiration, neutral, remorse"
jack,2,"fear, neutral"
jill,2,"fear, neutral"
bewacht,2,"fear, neutral"
einzige,6,"admiration, caring, curiosity, gratitude, neutral, realization"
kämpfen,3,"admiration, neutral, realization"
schwarze,7,"admiration, approval, desire, disgust, love, neutral, realization"
entbrennt,2,"curiosity, neutral"
samtpfote,2,"joy, neutral"
entpuppt,2,"annoyance, neutral"
freund,7,"amusement, anger, annoyance, fear, neutral, realization, sadness"
alexander,2,"neutral, sadness"
mithilfe,2,"admiration, neutral"
schuld,8,"curiosity, disappointment, fear, grief, neutral, realization, remorse, sadness"
lehnt,2,"disapproval, neutral"
geschichte,4,"embarrassment, excitement, neutral, sadness"
wächst,6,"admiration, curiosity, gratitude, joy, love, neutral"
gründen,2,"curiosity, neutral"
ziemlich,2,"curiosity, neutral"
gerechtigkeit,2,"neutral, realization"
moment,6,"amusement, disappointment, joy, neutral, realization, surprise"
hut,2,"annoyance, neutral"
stiefel,2,"neutral, surprise"
bewundert,2,"admiration, neutral"
nachts,3,"admiration, fear, neutral"
sache,3,"annoyance, neutral, sadness"
schulden,3,"approval, neutral, sadness"
merkt,2,"neutral, realization"
san-ricardo-bank,2,"admiration, neutral"
auszurauben,2,"admiration, neutral"
spät,4,"admiration, fear, neutral, surprise"
flieht,4,"anger, disappointment, fear, neutral"
festgenommen,2,"admiration, neutral"
stimmt,2,"approval, neutral"
verfolgen,2,"fear, neutral"
entkommen,3,"annoyance, gratitude, neutral"
gelangen,3,"fear, neutral, sadness"
hoch,3,"joy, neutral, realization"
riesen,2,"annoyance, neutral"
verstorben,2,"grief, neutral"
voller,9,"admiration, curiosity, disappointment, grief, joy, love, neutral, realization, sadness"
goldener,3,"annoyance, neutral, realization"
schrecken,3,"fear, neutral, realization"
entführt,2,"neutral, sadness"
knapp,2,"annoyance, neutral"
schlafen,4,"admiration, anger, love, neutral"
bewusstlos,3,"curiosity, neutral, sadness"
geschlagen,2,"fear, neutral"
gang,2,"gratitude, neutral"
erlangt,2,"joy, neutral"
reichtum,4,"annoyance, joy, love, neutral"
laut,5,"admiration, amusement, anger, disappointment, neutral"
verrat,2,"caring, neutral"
früheren,2,"admiration, neutral"
einst,8,"admiration, anger, curiosity, fear, gratitude, neutral, realization, surprise"
goldenes,6,"admiration, anger, disappointment, neutral, realization, sadness"
ei,8,"admiration, amusement, annoyance, neutral, realization, relief, sadness, surprise"
steckt,4,"disgust, embarrassment, joy, neutral"
gänsemutter,2,"neutral, realization"
neuen,10,"admiration, annoyance, approval, curiosity, love, neutral, optimism, pride, realization, sadness"
abenteuern,2,"admiration, neutral"
bischof,3,"annoyance, neutral, sadness"
seien,3,"disapproval, neutral, realization"
berichtet,2,"admiration, neutral"
lauter,4,"disappointment, joy, neutral, sadness"
graf,8,"admiration, amusement, desire, fear, gratitude, joy, neutral, surprise"
herzog,2,"joy, neutral"
ja,12,"admiration, anger, annoyance, approval, caring, curiosity, joy, love, neutral, optimism, sadness, surprise"
sagen,9,"admiration, anger, annoyance, confusion, fear, nervousness, neutral, realization, surprise"
edelleute,2,"approval, neutral"
thronsaal,2,"neutral, sadness"
spitze,2,"approval, neutral"
dick,2,"admiration, neutral"
geschick,3,"amusement, caring, neutral"
nein,7,"annoyance, approval, curiosity, disgust, fear, neutral, sadness"
klein,5,"admiration, caring, disgust, gratitude, neutral"
äußert,2,"gratitude, neutral"
blass,2,"neutral, sadness"
rot,7,"admiration, amusement, excitement, love, neutral, realization, sadness"
holz,5,"admiration, disgust, gratitude, joy, neutral"
beleidigt,2,"annoyance, neutral"
schnabel,3,"amusement, neutral, sadness"
gesang,5,"admiration, annoyance, love, neutral, sadness"
spielmann,7,"approval, curiosity, embarrassment, joy, love, neutral, realization"
herein,10,"admiration, annoyance, disappointment, disgust, fear, gratitude, joy, neutral, sadness, surprise"
jammern,3,"desire, neutral, sadness"
trauung,2,"neutral, sadness"
vollzogen,3,"love, neutral, sadness"
abschied,4,"neutral, optimism, realization, sadness"
wünsche,3,"desire, gratitude, neutral"
stolz,6,"admiration, curiosity, joy, neutral, pride, sadness"
ablegen,2,"neutral, sadness"
mahnt,3,"caring, love, neutral"
denken,2,"neutral, surprise"
liebe,11,"admiration, approval, caring, desire, disapproval, gratitude, joy, love, neutral, realization, sadness"
hättest,2,"fear, neutral"
wär,4,"admiration, disappointment, joy, neutral"
antwort,9,"admiration, approval, disapproval, disgust, fear, grief, neutral, realization, surprise"
wiese,5,"admiration, curiosity, neutral, remorse, sadness"
weiteres,3,"admiration, disappointment, neutral"
bedauert,2,"neutral, remorse"
verschmäht,2,"annoyance, neutral"
winzige,2,"curiosity, neutral"
verlangt,3,"annoyance, disappointment, neutral"
geduld,2,"neutral, realization"
wunde,2,"admiration, neutral"
hände,7,"admiration, anger, disapproval, disgust, neutral, realization, sadness"
gekocht,2,"admiration, neutral"
gern,6,"admiration, annoyance, curiosity, desire, love, neutral"
missgeschick,2,"fear, neutral"
ausgelacht,2,"neutral, pride"
verspottete,2,"amusement, neutral"
falsche,4,"caring, neutral, realization, sadness"
angetan,3,"admiration, neutral, realization"
fehlern,2,"love, neutral"
geliebt,3,"love, neutral, realization"
großes,11,"admiration, annoyance, caring, desire, disappointment, disgust, fear, joy, neutral, realization, remorse"
unrecht,6,"admiration, annoyance, disapproval, love, neutral, realization"
wert,6,"admiration, annoyance, confusion, joy, neutral, surprise"
vorbei,5,"gratitude, joy, love, neutral, relief"
feiern,3,"disappointment, joy, neutral"
zweite,7,"admiration, confusion, curiosity, gratitude, neutral, optimism, surprise"
martha,2,"admiration, neutral"
lissi,2,"admiration, neutral"
knecht,2,"admiration, neutral"
wohnt,2,"caring, neutral"
eitle,3,"annoyance, curiosity, neutral"
felder,3,"admiration, disapproval, neutral"
kommen,13,"admiration, anger, annoyance, approval, disgust, embarrassment, fear, gratitude, grief, love, nervousness, neutral, surprise"
liebt,3,"love, neutral, sadness"
bremen,3,"admiration, excitement, neutral"
jahr,10,"admiration, amusement, caring, disapproval, disgust, fear, joy, neutral, sadness, surprise"
see,6,"anger, fear, neutral, realization, sadness, surprise"
vier,2,"disappointment, neutral"
tiere,13,"admiration, anger, annoyance, approval, curiosity, disappointment, excitement, fear, gratitude, joy, neutral, realization, sadness"
alt,4,"admiration, disappointment, disgust, neutral"
wurst,2,"disapproval, neutral"
verarbeiten,2,"disapproval, neutral"
zwingt,2,"admiration, neutral"
beschließen,3,"admiration, neutral, surprise"
wandern,2,"excitement, neutral"
suche,3,"admiration, desire, neutral"
räubern,2,"anger, neutral"
gezwungen,2,"anger, neutral"
abdecker,2,"disapproval, neutral"
tieren,7,"admiration, anger, caring, fear, gratitude, joy, neutral"
flucht,8,"admiration, annoyance, caring, embarrassment, fear, neutral, sadness, surprise"
gleichen,3,"admiration, love, neutral"
rechten,3,"annoyance, approval, neutral"
heiratet,2,"admiration, neutral"
reiche,4,"admiration, desire, love, neutral"
zertanzten,2,"admiration, neutral"
schuhe,6,"admiration, annoyance, confusion, desire, neutral, sadness"
zwölf,7,"admiration, amusement, confusion, disappointment, fear, joy, neutral"
geschieht,2,"love, neutral"
älteste,6,"admiration, amusement, fear, gratitude, neutral, optimism"
amanda,3,"desire, joy, neutral"
deren,9,"admiration, amusement, caring, curiosity, disgust, joy, neutral, realization, sadness"
herausfinden,2,"annoyance, neutral"
heimlich,4,"gratitude, love, neutral, surprise"
geheimnis,7,"admiration, anger, annoyance, love, neutral, realization, sadness"
nächten,3,"confusion, gratitude, neutral"
melden,2,"fear, neutral"
scharf,2,"admiration, neutral"
soldaten,5,"anger, caring, desire, neutral, sadness"
puppenspieler,2,"desire, neutral"
anton,3,"desire, joy, neutral"
tarnmantel,2,"gratitude, neutral"
abendtrunk,2,"gratitude, neutral"
frauen,4,"admiration, annoyance, joy, neutral"
dreimal,2,"admiration, neutral"
unbemerkt,3,"admiration, neutral, surprise"
unterwelt,2,"neutral, realization"
denkt,3,"curiosity, fear, neutral"
prinzessinnen,7,"admiration, confusion, disgust, gratitude, joy, neutral, sadness"
elf,2,"joy, neutral"
erlösen,2,"approval, neutral"
unglücklich,2,"neutral, sadness"
zweige,2,"joy, neutral"
heirat,3,"disapproval, embarrassment, neutral"
treue,6,"caring, curiosity, joy, neutral, remorse, sadness"
johannes,6,"admiration, caring, curiosity, neutral, realization, sadness"
herr,12,"admiration, annoyance, approval, curiosity, fear, gratitude, joy, love, neutral, realization, sadness, surprise"
all,8,"anger, confusion, curiosity, joy, love, neutral, realization, sadness"
junger,7,"admiration, annoyance, caring, disappointment, love, neutral, realization"
stirbt,6,"annoyance, approval, desire, neutral, realization, sadness"
treuen,4,"annoyance, approval, neutral, sadness"
diener,7,"admiration, curiosity, desire, love, neutral, realization, surprise"
eiserne,2,"admiration, neutral"
krone,6,"curiosity, disgust, love, neutral, realization, sadness"
zauberkraft,5,"curiosity, disappointment, gratitude, love, neutral"
stein,8,"admiration, curiosity, disappointment, disgust, fear, gratitude, neutral, sadness"
sechs,9,"admiration, anger, annoyance, approval, excitement, joy, love, neutral, sadness"
dienern,2,"gratitude, neutral"
getreue,4,"admiration, caring, neutral, sadness"
erzürnt,3,"admiration, annoyance, neutral"
gefahren,5,"admiration, caring, curiosity, disgust, neutral"
entgehen,2,"embarrassment, neutral"
mahalena,2,"desire, neutral"
rettung,2,"gratitude, neutral"
ertränken,2,"gratitude, neutral"
versinkt,2,"disappointment, neutral"
verzweifelt,2,"love, neutral"
vergeblich,5,"amusement, annoyance, desire, neutral, sadness"
darum,8,"admiration, amusement, anger, annoyance, disgust, joy, neutral, realization"
abzuhalten,2,"fear, neutral"
gebrochen,4,"love, neutral, realization, sadness"
art,7,"admiration, amusement, gratitude, joy, neutral, pride, realization"
wolf,13,"admiration, amusement, anger, annoyance, curiosity, disgust, fear, joy, love, nervousness, neutral, sadness, surprise"
valerie,4,"anger, joy, neutral, realization"
seit,9,"admiration, amusement, disgust, embarrassment, fear, grief, love, neutral, sadness"
holzfäller,4,"admiration, grief, neutral, sadness"
peter,2,"joy, neutral"
cesaire,2,"disappointment, neutral"
henry,2,"admiration, neutral"
schmieds,2,"neutral, sadness"
adrien,2,"neutral, sadness"
misslingt,2,"disapproval, neutral"
werwolf,3,"anger, fear, neutral"
unerwartet,3,"love, neutral, surprise"
valeries,2,"neutral, sadness"
lucie,3,"disappointment, neutral, sadness"
tötet,2,"gratitude, neutral"
wahrer,3,"love, neutral, realization"
strecke,2,"anger, neutral"
salomon,2,"caring, neutral"
rufen,4,"admiration, caring, desire, neutral"
gruppe,2,"love, neutral"
scheint,4,"admiration, joy, neutral, sadness"
erreicht,5,"admiration, disappointment, fear, neutral, sadness"
wolfes,2,"caring, neutral"
besseren,2,"amusement, neutral"
bewohner,3,"admiration, fear, neutral"
daggerhorns,2,"admiration, neutral"
müsste,4,"admiration, annoyance, fear, neutral"
eigener,2,"neutral, sadness"
erfahrung,2,"neutral, sadness"
besten,2,"anger, neutral"
ermordet,4,"anger, disgust, neutral, sadness"
steckte,2,"anger, neutral"
fand,13,"admiration, confusion, desire, disapproval, fear, joy, love, neutral, optimism, realization, relief, remorse, sadness"
zuhause,4,"approval, love, neutral, sadness"
pfote,2,"love, neutral"
zurückverwandelt,2,"neutral, realization"
sah,18,"admiration, amusement, anger, annoyance, caring, curiosity, disappointment, disgust, embarrassment, excitement, fear, gratitude, joy, love, neutral, realization, sadness, surprise"
töten,9,"admiration, anger, confusion, curiosity, disappointment, fear, gratitude, neutral, sadness"
hinzu,5,"admiration, desire, love, neutral, remorse"
werwolfs,2,"neutral, realization"
glaube,4,"annoyance, curiosity, neutral, surprise"
geschenkt,3,"caring, love, neutral"
setzen,7,"annoyance, approval, fear, joy, neutral, realization, sadness"
feier,2,"joy, neutral"
fort,12,"admiration, anger, annoyance, approval, disappointment, disgust, embarrassment, fear, joy, love, neutral, sadness"
näher,2,"caring, neutral"
mehrere,2,"anger, neutral"
ecke,3,"anger, curiosity, neutral"
holen,5,"admiration, curiosity, disappointment, joy, neutral"
daggerhorn,2,"fear, neutral"
vernichten,2,"desire, neutral"
dunkelbraun,2,"neutral, realization"
verstehen,2,"approval, neutral"
geistig,2,"annoyance, neutral"
behinderten,2,"annoyance, neutral"
jüngling,10,"admiration, anger, annoyance, caring, curiosity, neutral, realization, relief, remorse, sadness"
vorwand,2,"fear, neutral"
hexerei,3,"annoyance, gratitude, neutral"
helfer,2,"annoyance, neutral"
dienen,2,"caring, neutral"
eingesperrt,2,"love, neutral"
albtraum,2,"fear, neutral"
eigene,2,"anger, neutral"
großmutter,13,"admiration, annoyance, caring, curiosity, disgust, fear, gratitude, joy, love, neutral, realization, sadness, surprise"
messer,2,"admiration, neutral"
woraufhin,4,"anger, disappointment, love, neutral"
bauch,5,"caring, curiosity, joy, neutral, sadness"
läuft,4,"curiosity, gratitude, neutral, sadness"
besseres,2,"admiration, neutral"
verstand,7,"admiration, curiosity, grief, joy, love, neutral, sadness"
konnte,17,"admiration, anger, annoyance, confusion, curiosity, disappointment, disapproval, disgust, fear, gratitude, joy, love, neutral, realization, relief, sadness, surprise"
blut,8,"admiration, amusement, anger, disapproval, excitement, neutral, realization, sadness"
fließen,2,"anger, neutral"
fiel,7,"admiration, annoyance, joy, love, neutral, pride, sadness"
her,7,"admiration, annoyance, disapproval, disgust, fear, joy, neutral"
betrogen,4,"admiration, disappointment, neutral, sadness"
verletzte,2,"neutral, sadness"
kampf,5,"desire, fear, neutral, realization, sadness"
axt,2,"confusion, neutral"
rücken,6,"admiration, disgust, embarrassment, gratitude, neutral, realization"
brust,2,"admiration, neutral"
wahrheit,5,"admiration, gratitude, love, neutral, realization"
schneiden,2,"anger, neutral"
toten,2,"neutral, sadness"
steinen,2,"gratitude, neutral"
fürchtet,4,"admiration, caring, fear, neutral"
furcht,7,"approval, curiosity, desire, fear, neutral, realization, sadness"
fortan,3,"admiration, joy, neutral"
endet,3,"disappointment, love, neutral"
ansehen,4,"admiration, fear, neutral, surprise"
lächeln,4,"admiration, joy, neutral, sadness"
baby,2,"disgust, neutral"
arm,6,"admiration, disgust, fear, joy, neutral, sadness"
offensichtlich,3,"disapproval, neutral, surprise"
bärenfell,5,"admiration, amusement, annoyance, disgust, neutral"
marius,5,"admiration, amusement, love, neutral, realization"
eitel,2,"admiration, neutral"
binden,2,"anger, neutral"
gerät,5,"annoyance, love, neutral, optimism, sadness"
falle,3,"joy, love, neutral"
aussehens,2,"gratitude, neutral"
wahrhaftig,2,"love, neutral"
leichtes,2,"fear, neutral"
untier,3,"love, neutral, realization"
belohnung,3,"admiration, gratitude, neutral"
jagd,5,"admiration, anger, fear, neutral, realization"
begegnete,6,"admiration, embarrassment, love, neutral, pride, realization"
elise,4,"caring, neutral, realization, sadness"
gesucht,3,"approval, neutral, sadness"
versteckt,2,"love, neutral"
pflegt,2,"joy, neutral"
hälfte,4,"fear, neutral, realization, sadness"
paul,3,"approval, love, neutral"
jüngeren,2,"annoyance, neutral"
till,5,"admiration, amusement, joy, neutral, sadness"
dummling,6,"admiration, amusement, annoyance, neutral, realization, sadness"
preis,4,"disappointment, embarrassment, neutral, realization"
edeltraud,2,"joy, neutral"
nichte,2,"joy, neutral"
fahrt,2,"fear, neutral"
kutsche,6,"admiration, disgust, joy, love, neutral, sadness"
sorgt,2,"admiration, neutral"
dafür,11,"admiration, anger, annoyance, caring, curiosity, disgust, embarrassment, fear, gratitude, neutral, sadness"
leicht,6,"admiration, fear, neutral, optimism, realization, sadness"
schlechter,3,"annoyance, neutral, sadness"
aschekuchen,2,"gratitude, neutral"
trotzdem,4,"annoyance, joy, neutral, sadness"
teilt,2,"love, neutral"
fall,2,"caring, neutral"
wurzel,3,"confusion, gratitude, neutral"
traurigen,3,"neutral, realization, sadness"
schenken,3,"admiration, gratitude, neutral"
geraten,5,"caring, disgust, neutral, sadness, surprise"
pfarrer,6,"approval, embarrassment, neutral, realization, sadness, surprise"
geriet,6,"amusement, annoyance, disapproval, disgust, neutral, sadness"
menschenkette,2,"joy, neutral"
gescheitert,2,"disappointment, neutral"
erstbesten,2,"annoyance, neutral"
sogleich,4,"curiosity, neutral, realization, sadness"
weitere,4,"admiration, confusion, love, neutral"
gierige,2,"joy, neutral"
unbedingt,2,"annoyance, neutral"
drängen,2,"caring, neutral"
stürzt,5,"annoyance, curiosity, fear, nervousness, neutral"
gelächter,2,"embarrassment, neutral"
halbe,4,"amusement, fear, joy, neutral"
kerker,3,"anger, gratitude, neutral"
schlosshof,2,"admiration, neutral"
weiße,4,"admiration, annoyance, love, neutral"
schlange,2,"caring, neutral"
endres,7,"admiration, disappointment, gratitude, neutral, optimism, pride, realization"
armer,6,"admiration, annoyance, disgust, love, neutral, sadness"
lesen,2,"disapproval, neutral"
lernen,5,"approval, disappointment, disapproval, neutral, realization"
handwerk,2,"caring, neutral"
fleisch,4,"admiration, love, neutral, realization"
sprache,3,"admiration, approval, neutral"
schüssel,6,"curiosity, disappointment, excitement, neutral, optimism, realization"
feinde,2,"anger, neutral"
unwetter,2,"fear, neutral"
lieblingspferd,3,"grief, neutral, optimism"
rettet,3,"caring, grief, neutral"
leonora,2,"grief, neutral"
verboten,2,"neutral, sadness"
wundert,2,"neutral, surprise"
chance,2,"excitement, neutral"
beweisen,2,"neutral, realization"
weißes,3,"admiration, love, neutral"
teller,2,"anger, neutral"
verschluckt,3,"admiration, neutral, sadness"
zufällig,3,"neutral, realization, sadness"
hinweis,2,"neutral, surprise"
gegeben,5,"approval, caring, joy, love, neutral"
seinerzeit,2,"grief, neutral"
magische,2,"annoyance, neutral"
gerissen,2,"disgust, neutral"
sprachen,4,"admiration, annoyance, curiosity, neutral"
hätte,16,"admiration, amusement, annoyance, caring, confusion, curiosity, desire, disappointment, disgust, embarrassment, fear, joy, love, neutral, relief, sadness"
fähigkeiten,4,"admiration, annoyance, approval, neutral"
erlangen,2,"neutral, optimism"
versprochen,5,"admiration, annoyance, disgust, neutral, sadness"
beschwört,2,"neutral, realization"
fordert,3,"anger, disapproval, neutral"
klugen,3,"admiration, disappointment, neutral"
besiegen,3,"neutral, realization, sadness"
regiert,2,"neutral, optimism"
güte,3,"joy, neutral, realization"
abgaben,2,"disapproval, neutral"
meeren,2,"love, neutral"
constanze,6,"anger, disappointment, love, neutral, sadness, surprise"
löweneckerchen,2,"neutral, sadness"
gewünscht,5,"admiration, annoyance, desire, embarrassment, neutral"
vogel,5,"admiration, amusement, curiosity, love, neutral"
löwen,3,"admiration, joy, neutral"
stellte,9,"admiration, annoyance, caring, desire, disgust, fear, joy, love, neutral"
gebe,6,"admiration, disgust, joy, love, neutral, realization"
zuerst,3,"curiosity, neutral, realization"
versprechen,7,"admiration, approval, disappointment, gratitude, love, neutral, sadness"
brechen,5,"approval, disgust, love, neutral, sadness"
mittag,2,"neutral, realization"
leonhard,2,"love, neutral"
mitternacht,4,"disappointment, joy, love, neutral"
uhr,4,"disappointment, disgust, love, neutral"
heiratsantrag,2,"love, neutral"
verwandelte,10,"admiration, anger, disgust, excitement, fear, joy, love, neutral, optimism, realization"
16,2,"excitement, neutral"
medaillon,2,"love, neutral"
blatt,2,"love, neutral"
verlieren,2,"caring, neutral"
schauen,4,"admiration, excitement, joy, neutral"
lang,8,"admiration, amusement, caring, disappointment, fear, gratitude, neutral, realization"
blickt,2,"admiration, neutral"
taube,4,"joy, neutral, realization, sadness"
fliegt,2,"admiration, neutral"
halskette,2,"caring, neutral"
insel,2,"admiration, neutral"
verwandelten,2,"joy, neutral"
vergangenheit,2,"disappointment, neutral"
schiff,3,"admiration, neutral, realization"
geholt,2,"joy, neutral"
sonne,9,"admiration, curiosity, disappointment, fear, love, neutral, realization, sadness, surprise"
tafel,3,"anger, joy, neutral"
blätter,3,"love, nervousness, neutral"
führte,8,"admiration, annoyance, grief, joy, love, neutral, sadness, surprise"
schlägt,2,"love, neutral"
fee,8,"admiration, annoyance, excitement, gratitude, joy, love, neutral, sadness"
wahren,4,"joy, love, neutral, realization"
mitte,3,"admiration, love, neutral"
rosalie,2,"love, neutral"
dünn,2,"annoyance, neutral"
modedesignerinnen,2,"neutral, optimism"
täglich,3,"admiration, neutral, sadness"
leon,3,"admiration, love, neutral"
petit,3,"approval, love, neutral"
größten,2,"love, neutral"
abendkleid,2,"excitement, neutral"
meisterdieb,2,"admiration, neutral"
vielen,4,"admiration, love, neutral, realization"
geworden,9,"admiration, anger, annoyance, desire, disappointment, joy, neutral, realization, sadness"
hört,3,"caring, neutral, sadness"
ankunft,2,"joy, neutral"
fremden,5,"curiosity, joy, neutral, optimism, sadness"
preisgibt,2,"anger, neutral"
grafen,2,"neutral, sadness"
pastor,2,"neutral, optimism"
leib,4,"fear, neutral, optimism, sadness"
wette,3,"confusion, curiosity, neutral"
kleines,7,"admiration, annoyance, caring, curiosity, love, neutral, surprise"
wein,7,"admiration, curiosity, gratitude, joy, love, neutral, sadness"
stall,4,"embarrassment, fear, joy, neutral"
darauffolgenden,2,"fear, neutral"
sack,5,"amusement, disgust, gratitude, neutral, surprise"
vergeht,4,"admiration, joy, love, neutral"
bett,11,"admiration, anger, annoyance, caring, curiosity, disgust, fear, love, neutral, realization, remorse"
gräfin,2,"neutral, realization"
bedecken,4,"caring, curiosity, neutral, surprise"
bitte,4,"caring, nervousness, neutral, sadness"
schelm,2,"neutral, sadness"
zorn,8,"admiration, amusement, annoyance, excitement, fear, neutral, realization, sadness"
kugel,2,"love, neutral"
gewonnen,3,"approval, gratitude, neutral"
froschkönig,3,"admiration, caring, neutral"
heinrich,7,"admiration, approval, fear, joy, neutral, realization, sadness"
treu,6,"admiration, joy, love, neutral, realization, sadness"
zaubertrank,2,"caring, neutral"
besitzt,4,"admiration, caring, neutral, surprise"
los,8,"admiration, amusement, anger, annoyance, caring, fear, neutral, realization"
berührt,6,"admiration, disgust, joy, love, neutral, realization"
frosch,7,"admiration, anger, caring, disappointment, love, neutral, sadness"
lediglich,2,"disappointment, neutral"
kuss,5,"admiration, desire, love, neutral, realization"
erlöst,10,"admiration, anger, caring, disappointment, excitement, joy, love, neutral, realization, sadness"
alter,8,"admiration, disappointment, joy, love, neutral, realization, sadness, surprise"
hilferufe,2,"caring, neutral"
nähe,3,"desire, neutral, sadness"
bediensteten,4,"annoyance, curiosity, neutral, sadness"
gedanken,8,"admiration, caring, desire, disgust, neutral, realization, sadness, surprise"
verhalten,4,"annoyance, curiosity, neutral, realization"
recht,8,"admiration, anger, caring, desire, joy, love, neutral, sadness"
feststellen,2,"annoyance, neutral"
fünf,2,"fear, neutral"
worden,8,"admiration, anger, annoyance, caring, joy, neutral, realization, sadness"
enkel,2,"neutral, sadness"
hinunter,2,"love, neutral"
sophie,2,"joy, neutral"
jeweils,2,"disappointment, neutral"
jammernd,2,"amusement, neutral"
susanne,3,"desire, excitement, neutral"
tiefen,6,"admiration, anger, caring, desire, neutral, surprise"
helfen.,4,"admiration, caring, love, neutral"
spielkamerad,2,"love, neutral"
becher,5,"admiration, anger, caring, love, neutral"
bedingungen,2,"annoyance, neutral"
aufsetzt,2,"neutral, realization"
zimmer,7,"admiration, amusement, annoyance, fear, love, neutral, sadness"
jüngste,9,"admiration, curiosity, desire, disgust, embarrassment, love, neutral, sadness, surprise"
zunächst,6,"disappointment, disapproval, love, neutral, realization, sadness"
einhalten,2,"approval, neutral"
sicher,3,"approval, disappointment, neutral"
küsst,4,"gratitude, love, neutral, realization"
neun,3,"admiration, neutral, realization"
tagen,6,"curiosity, fear, joy, love, neutral, sadness"
herrn,4,"admiration, gratitude, neutral, realization"
band,3,"anger, neutral, sadness"
schmerz,2,"neutral, sadness"
verlust,3,"admiration, neutral, sadness"
aushalten,2,"neutral, sadness"
vergisst,2,"love, neutral"
ganze,13,"amusement, annoyance, caring, disappointment, disgust, gratitude, joy, love, neutral, optimism, realization, sadness, surprise"
zweimal,2,"neutral, optimism"
eigentlich,3,"caring, neutral, sadness"
niemals,4,"admiration, curiosity, joy, neutral"
männlein,5,"admiration, annoyance, approval, caring, neutral"
waldmann,2,"curiosity, neutral"
brüdern,4,"approval, joy, neutral, sadness"
genannt,4,"admiration, disgust, neutral, surprise"
belohnt,2,"neutral, remorse"
kleben,2,"joy, neutral"
bäcker,2,"love, neutral"
wirtin,3,"admiration, neutral, sadness"
schar,3,"annoyance, joy, neutral"
jubelnd,2,"joy, neutral"
lass,3,"annoyance, joy, neutral"
beschluss,2,"amusement, neutral"
wort,11,"admiration, amusement, annoyance, approval, caring, disapproval, disgust, fear, gratitude, neutral, surprise"
erfüllen,3,"desire, disappointment, neutral"
tapferen,2,"admiration, neutral"
schmied,4,"admiration, annoyance, neutral, realization"
schmiede,3,"admiration, desire, neutral"
flackernden,2,"curiosity, neutral"
komm,5,"admiration, caring, joy, love, neutral"
schatten,12,"admiration, amusement, annoyance, confusion, disgust, fear, gratitude, joy, love, neutral, realization, sadness"
berges,2,"admiration, neutral"
berg,5,"admiration, annoyance, disgust, fear, neutral"
bäume,6,"admiration, annoyance, joy, love, neutral, relief"
träumen,3,"admiration, joy, neutral"
schweigen,3,"fear, neutral, sadness"
lust,7,"admiration, amusement, annoyance, desire, joy, neutral, sadness"
fröhlich,4,"approval, joy, neutral, sadness"
hell,3,"admiration, amusement, neutral"
tränen,9,"admiration, amusement, approval, desire, gratitude, joy, neutral, sadness, surprise"
gras,5,"disappointment, joy, love, neutral, optimism"
glühen,2,"annoyance, neutral"
eisen,3,"admiration, anger, neutral"
mikeš,5,"admiration, caring, disapproval, neutral, realization"
großvater,2,"neutral, sadness"
schmiedete,2,"approval, neutral"
schulter,2,"disgust, neutral"
stark,6,"admiration, annoyance, curiosity, joy, love, neutral"
mühle,4,"gratitude, neutral, pride, sadness"
meister,3,"admiration, disapproval, neutral"
matěj,2,"admiration, neutral"
bereit,6,"admiration, approval, excitement, joy, neutral, surprise"
schritte,3,"disappointment, disgust, neutral"
burschen,4,"admiration, excitement, fear, neutral"
fröhlichkeit,2,"neutral, sadness"
entschluss,3,"approval, neutral, sadness"
stroh,3,"fear, neutral, sadness"
starken,4,"admiration, fear, neutral, sadness"
gemälde,2,"admiration, neutral"
schwarzen,5,"admiration, anger, caring, love, neutral"
spielen,2,"neutral, sadness"
mitleid,3,"disapproval, neutral, sadness"
rat,4,"admiration, caring, neutral, sadness"
muß,2,"fear, neutral"
raten,2,"caring, neutral"
herzens,4,"admiration, joy, neutral, sadness"
überraschung,2,"neutral, surprise"
schlimmste,4,"disappointment, disapproval, fear, neutral"
erregt,2,"nervousness, neutral"
wildnis,2,"neutral, sadness"
braten,2,"neutral, surprise"
silber,2,"love, neutral"
widerstehen,2,"curiosity, neutral"
magischen,4,"approval, joy, neutral, realization"
traum,8,"caring, curiosity, desire, fear, love, neutral, realization, sadness"
tapfer,5,"admiration, caring, neutral, optimism, surprise"
gier,2,"love, neutral"
zerrinnt,2,"neutral, realization"
seltsames,2,"disgust, neutral"
unheimliches,3,"amusement, neutral, sadness"
brei,2,"amusement, neutral"
fuchs,5,"admiration, anger, annoyance, disgust, neutral"
ohnmacht,2,"caring, neutral"
ergeht,2,"love, neutral"
verführt,2,"amusement, neutral"
allerlei,2,"excitement, neutral"
betören,2,"love, neutral"
wesen,5,"amusement, love, neutral, realization, surprise"
erfahren,3,"admiration, approval, neutral"
seil,3,"anger, fear, neutral"
oben,4,"amusement, curiosity, disappointment, neutral"
hinab,11,"admiration, annoyance, caring, disgust, fear, joy, love, nervousness, neutral, realization, remorse"
kämpft,2,"admiration, neutral"
ziel,2,"admiration, neutral"
tore,2,"joy, neutral"
gebrauchen,2,"amusement, neutral"
lichtlein,2,"neutral, surprise"
helle,3,"admiration, grief, neutral"
labyrinth,2,"neutral, realization"
herauf,6,"admiration, joy, love, neutral, realization, sadness"
hinauf,8,"admiration, amusement, anger, disappointment, gratitude, joy, love, neutral"
vertrauen,2,"disgust, neutral"
eimer,2,"admiration, neutral"
anschlag,2,"desire, neutral"
gilt,2,"confusion, neutral"
wahres,3,"admiration, disgust, neutral"
schien,5,"admiration, joy, neutral, realization, surprise"
trug,10,"admiration, desire, disgust, excitement, fear, love, neutral, realization, remorse, sadness"
vertraut,2,"neutral, realization"
pfeil,2,"neutral, surprise"
frist,2,"desire, neutral"
rosenring,2,"neutral, realization"
müller,10,"admiration, annoyance, curiosity, disgust, embarrassment, gratitude, joy, love, neutral, sadness"
strafe,3,"annoyance, approval, neutral"
zurückgeschickt,2,"love, neutral"
gerne,8,"annoyance, approval, caring, desire, joy, love, neutral, surprise"
gemahl,5,"admiration, caring, gratitude, neutral, surprise"
übers,4,"admiration, annoyance, neutral, sadness"
dunkel,6,"admiration, disgust, fear, neutral, realization, surprise"
angst,7,"admiration, fear, joy, nervousness, neutral, realization, sadness"
bergen,4,"admiration, caring, neutral, realization"
erschreckt,3,"admiration, fear, neutral"
wohnen,2,"amusement, neutral"
magie,3,"disgust, neutral, realization"
aussehen,3,"disgust, neutral, realization"
gebirge,2,"joy, neutral"
blitz,2,"annoyance, neutral"
tiefe,6,"admiration, amusement, disgust, gratitude, neutral, sadness"
sarg,6,"admiration, love, neutral, optimism, sadness, surprise"
agnes,2,"admiration, neutral"
kamen,15,"annoyance, approval, caring, curiosity, disapproval, fear, gratitude, joy, love, nervousness, neutral, optimism, realization, sadness, surprise"
anfangs,3,"disappointment, neutral, sadness"
ottos,2,"neutral, realization"
hinterlassen,2,"neutral, sadness"
vermögen,2,"neutral, sadness"
elvira,3,"admiration, caring, neutral"
aufmerksamkeit,2,"approval, neutral"
erregen,2,"approval, neutral"
königreichs,4,"admiration, approval, joy, neutral"
damen,2,"approval, neutral"
ball,7,"admiration, gratitude, joy, neutral, realization, sadness, surprise"
eingeladen,2,"approval, neutral"
braut,10,"admiration, annoyance, caring, disgust, fear, joy, love, neutral, sadness, surprise"
zähne,2,"approval, neutral"
neu,2,"admiration, neutral"
richten,2,"neutral, surprise"
bohdanka,4,"excitement, neutral, sadness, surprise"
verflucht,4,"annoyance, disapproval, neutral, surprise"
irre,2,"admiration, neutral"
hemden,3,"admiration, joy, neutral"
nähen,2,"desire, neutral"
weben,2,"confusion, neutral"
milada,2,"love, neutral"
stumm,2,"love, neutral"
frisch,6,"admiration, amusement, curiosity, desire, love, neutral"
vermählte,2,"love, neutral"
vertauscht,2,"neutral, realization"
ausgesetzt,4,"anger, neutral, realization, remorse"
verurteilt,2,"grief, neutral"
fertig,5,"curiosity, desire, embarrassment, neutral, sadness"
geboren,5,"admiration, amusement, love, neutral, sadness"
prophezeit,2,"joy, neutral"
glückskind,6,"admiration, approval, disappointment, fear, joy, neutral"
ottokar,2,"embarrassment, neutral"
forschungen,2,"fear, neutral"
beschäftigt,3,"excitement, neutral, realization"
besessen,4,"anger, fear, neutral, sadness"
herzustellen,2,"fear, neutral"
isabell,3,"neutral, realization, sadness"
felix,5,"admiration, desire, joy, neutral, realization"
buch,2,"neutral, realization"
dorfschenke,2,"neutral, realization"
überlebt,2,"neutral, sadness"
tode,6,"anger, annoyance, caring, grief, neutral, sadness"
befohlen,3,"annoyance, fear, neutral"
überbringer,2,"anger, neutral"
altes,6,"amusement, annoyance, caring, neutral, realization, sadness"
mitgebracht,3,"admiration, curiosity, neutral"
geigenspiel,3,"admiration, joy, neutral"
verzaubert,7,"admiration, anger, joy, love, neutral, realization, sadness"
jordan,2,"neutral, realization"
ersparen,2,"neutral, sadness"
gesteht,3,"disappointment, love, neutral"
versiegt,3,"curiosity, disapproval, neutral"
ort,4,"admiration, desire, gratitude, neutral"
früchte,3,"annoyance, disappointment, neutral"
lebenden,2,"caring, neutral"
gesetzt,4,"admiration, annoyance, neutral, sadness"
boden,7,"anger, annoyance, approval, curiosity, disappointment, neutral, sadness"
müssten,2,"embarrassment, neutral"
drücken,2,"annoyance, neutral"
wahrhaft,3,"love, neutral, realization"
lieben,3,"curiosity, love, neutral"
ruder,2,"approval, neutral"
bewohnern,2,"admiration, neutral"
fliegen,3,"admiration, fear, neutral"
zeichen,5,"annoyance, gratitude, neutral, realization, sadness"
grimmschen,2,"annoyance, neutral"
müllerbursche,2,"admiration, neutral"
weite,2,"excitement, neutral"
mitsamt,3,"joy, love, neutral"
einfachen,2,"disapproval, neutral"
schluss,3,"admiration, amusement, neutral"
steine,5,"anger, disgust, fear, nervousness, neutral"
last,5,"gratitude, joy, neutral, realization, sadness"
kunz,2,"joy, neutral"
müllerstochter,4,"admiration, joy, neutral, sadness"
geworfen,3,"anger, neutral, sadness"
werk,3,"disappointment, neutral, optimism"
männchen,10,"amusement, anger, annoyance, caring, disapproval, fear, joy, love, neutral, surprise"
gegenleistung,2,"annoyance, neutral"
menge,4,"admiration, disappointment, neutral, sadness"
geholfen,6,"admiration, caring, disgust, joy, neutral, sadness"
gebeten,2,"admiration, neutral"
heute,5,"admiration, amusement, joy, neutral, surprise"
back,2,"amusement, neutral"
brau,2,"amusement, neutral"
hol,2,"amusement, neutral"
wünscht,2,"desire, neutral"
lügen,2,"annoyance, neutral"
einfältige,2,"love, neutral"
nachbar,2,"admiration, neutral"
berater,3,"disapproval, joy, neutral"
klaus,2,"joy, neutral"
verstorbenen,4,"admiration, love, neutral, realization"
mütterchen,4,"annoyance, caring, love, neutral"
idee,2,"neutral, realization"
verdient,2,"admiration, neutral"
unsinn,2,"approval, neutral"
ritter,2,"love, neutral"
beute,2,"anger, neutral"
glauben,4,"fear, gratitude, neutral, realization"
helden,3,"disgust, neutral, realization"
mächtige,3,"admiration, neutral, realization"
bedarf,2,"love, neutral"
geliebte,4,"grief, love, neutral, sadness"
kraftfeld,2,"neutral, realization"
brach,4,"disgust, joy, neutral, sadness"
seitdem,7,"annoyance, disappointment, grief, neutral, optimism, realization, remorse"
nutzt,2,"annoyance, neutral"
einsatz,2,"disappointment, neutral"
blume,6,"admiration, desire, excitement, neutral, realization, surprise"
teil,2,"disapproval, neutral"
lebenszeit,2,"disappointment, neutral"
erschleicht,2,"disgust, neutral"
verfolgt,4,"annoyance, disapproval, neutral, realization"
waldstück,2,"love, neutral"
gauklerstochter,2,"neutral, realization"
lande,3,"anger, neutral, sadness"
betrachten,2,"admiration, neutral"
vergessen,5,"curiosity, fear, love, neutral, realization"
gewitter,2,"annoyance, neutral"
aufziehen,2,"annoyance, neutral"
zelt,2,"neutral, realization"
innenhof,3,"disappointment, neutral, realization"
hase,8,"admiration, amusement, anger, annoyance, curiosity, joy, neutral, pride"
igel,2,"admiration, neutral"
freundlichen,5,"admiration, gratitude, joy, love, neutral"
schiefen,2,"amusement, neutral"
wettrennen,3,"annoyance, curiosity, neutral"
geißlein,10,"amusement, anger, annoyance, approval, caring, curiosity, fear, joy, love, neutral"
lebte,10,"admiration, caring, disappointment, disapproval, disgust, fear, joy, neutral, sadness, surprise"
kam,19,"admiration, anger, annoyance, caring, curiosity, desire, disappointment, disgust, embarrassment, fear, gratitude, grief, joy, love, neutral, optimism, realization, sadness, surprise"
suchte,9,"caring, desire, disappointment, disapproval, fear, joy, neutral, relief, sadness"
gucki,2,"curiosity, neutral"
richtet,2,"neutral, surprise"
schule,3,"admiration, joy, neutral"
stunde,6,"admiration, annoyance, grief, love, neutral, realization"
beste,3,"admiration, gratitude, neutral"
räumen,2,"anger, neutral"
genießen,2,"joy, neutral"
mitten,6,"amusement, anger, embarrassment, fear, joy, neutral"
einlass,2,"neutral, surprise"
holzscheiten,2,"anger, neutral"
frisst,3,"approval, neutral, optimism"
prüfungen,3,"admiration, neutral, realization"
eingelassen,2,"joy, neutral"
fressen,5,"anger, annoyance, disgust, fear, neutral"
siebente,2,"curiosity, neutral"
sollten,5,"admiration, annoyance, love, neutral, realization"
trauen,4,"caring, joy, neutral, realization"
aschenputtel,6,"admiration, disgust, gratitude, joy, love, neutral"
festes,2,"joy, neutral"
tanzt,3,"admiration, joy, neutral"
ausgelassen,2,"joy, neutral"
vergangen,4,"admiration, gratitude, neutral, realization"
bemüht,2,"amusement, neutral"
verblendet,2,"admiration, neutral"
therese,2,"admiration, neutral"
clothilde,3,"admiration, desire, neutral"
degradiert,2,"disapproval, neutral"
stiefschwester,3,"admiration, curiosity, neutral"
besonderen,2,"caring, neutral"
sodann,2,"neutral, sadness"
grab,3,"gratitude, neutral, sadness"
groß,7,"admiration, disgust, excitement, fear, joy, love, neutral"
alfons,2,"grief, neutral"
karpfen,2,"grief, neutral"
weit,4,"admiration, approval, excitement, neutral"
veranstaltet,3,"neutral, realization, surprise"
asche,3,"admiration, joy, neutral"
rechtzeitig,2,"neutral, sadness"
ballkleid,2,"admiration, neutral"
passenden,2,"gratitude, neutral"
schuhen,3,"gratitude, neutral, sadness"
ermahnt,2,"caring, neutral"
längst,2,"disappointment, neutral"
bezaubert,3,"joy, love, neutral"
ratlos,2,"neutral, sadness"
schafft,4,"admiration, anger, fear, neutral"
eingeschlossen,2,"caring, neutral"
worte,8,"admiration, annoyance, disgust, joy, love, neutral, optimism, remorse"
geheimnisvolle,2,"joy, neutral"
tanzte,4,"amusement, joy, neutral, realization"
abend,7,"admiration, annoyance, gratitude, grief, love, neutral, sadness"
zukünftige,2,"desire, neutral"
vorstellen,2,"admiration, neutral"
hastig,3,"curiosity, fear, neutral"
verliert,5,"approval, disappointment, fear, neutral, realization"
schuh,6,"admiration, desire, disappointment, disapproval, joy, neutral"
scheut,2,"disgust, neutral"
davor,3,"admiration, caring, neutral"
ferse,2,"joy, neutral"
fuß,4,"admiration, fear, love, neutral"
passt,2,"disapproval, neutral"
rechte,5,"admiration, annoyance, caring, neutral, optimism"
holzschuh,2,"neutral, sadness"
stürmt,2,"excitement, neutral"
draußen,5,"anger, curiosity, joy, neutral, sadness"
kümmern,3,"annoyance, gratitude, neutral"
rotkäppchen,12,"admiration, approval, curiosity, disgust, fear, gratitude, joy, love, nervousness, neutral, realization, surprise"
schneiderin,2,"neutral, realization"
gegend,4,"admiration, anger, caring, neutral"
kranken,3,"caring, grief, neutral"
kuchen,4,"joy, love, neutral, sadness"
geschickt,3,"anger, neutral, realization"
gewinnen,3,"desire, neutral, sadness"
setzt,5,"approval, curiosity, joy, neutral, optimism"
haube,2,"admiration, neutral"
füllt,2,"caring, neutral"
müllerbursch,4,"admiration, amusement, neutral, sadness"
kätzchen,5,"approval, joy, love, neutral, sadness"
hinaus,10,"admiration, approval, curiosity, excitement, fear, joy, neutral, realization, sadness, surprise"
schönes,7,"admiration, amusement, approval, disapproval, joy, neutral, realization"
schönste,4,"admiration, curiosity, grief, neutral"
glühwürmchen,2,"joy, neutral"
leuchtet,2,"annoyance, neutral"
ganzes,2,"admiration, neutral"
sense,2,"fear, neutral"
bauen,2,"neutral, surprise"
bursche,7,"admiration, desire, fear, love, neutral, pride, realization"
falk,4,"admiration, neutral, pride, surprise"
lennard,2,"neutral, pride"
respekt,3,"approval, desire, neutral"
behandelt,2,"annoyance, neutral"
erfolg,2,"disappointment, neutral"
düsterwald,3,"admiration, approval, neutral"
nebel,2,"curiosity, neutral"
liegen,7,"admiration, caring, disgust, fear, neutral, realization, surprise"
schlafende,2,"love, neutral"
erweckt,2,"love, neutral"
versteckte,3,"disgust, neutral, realization"
mitteilen,2,"fear, neutral"
bereits,6,"amusement, approval, love, neutral, optimism, sadness"
bestanden,2,"neutral, sadness"
gekrönt,2,"neutral, optimism"
stößt,4,"admiration, confusion, neutral, sadness"
geschöpfe,2,"fear, neutral"
wiederzukommen,2,"love, neutral"
aufgehoben,2,"annoyance, neutral"
erwachen,4,"admiration, love, neutral, realization"
wahre,4,"joy, love, neutral, realization"
betrug,4,"anger, annoyance, neutral, realization"
umbringen,2,"caring, neutral"
zuhörte,2,"neutral, sadness"
hofe,3,"admiration, neutral, pride"
königssohn,7,"admiration, annoyance, disappointment, joy, love, neutral, sadness"
held,2,"admiration, neutral"
hervor,4,"admiration, neutral, realization, sadness"
vergebung,2,"love, neutral"
ernennt,2,"gratitude, neutral"
weissagung,2,"joy, neutral"
ungeheuer,3,"disgust, gratitude, neutral"
steigen,6,"anger, disappointment, gratitude, love, neutral, sadness"
königstöchter,3,"amusement, desire, neutral"
reihenfolge,2,"gratitude, neutral"
abstand,2,"gratitude, neutral"
monden,2,"gratitude, neutral"
vermählung,4,"desire, neutral, optimism, sadness"
anlass,2,"excitement, neutral"
gäste,3,"excitement, love, neutral"
darunter,3,"love, neutral, sadness"
interessiert,2,"excitement, neutral"
wünschen,3,"admiration, annoyance, neutral"
königspaar,3,"admiration, neutral, realization"
nachsichtig,2,"caring, neutral"
zofe,2,"neutral, sadness"
spaß,2,"excitement, neutral"
hässliches,2,"disgust, neutral"
wuchs,4,"admiration, fear, neutral, pride"
laune,2,"neutral, surprise"
wasserfall,2,"anger, neutral"
empört,3,"anger, annoyance, neutral"
folge,2,"approval, neutral"
garten,7,"admiration, anger, desire, fear, neutral, realization, sadness"
tags,3,"admiration, neutral, sadness"
verfällt,2,"neutral, realization"
komtess,3,"disappointment, neutral, surprise"
trinkt,3,"annoyance, nervousness, neutral"
augenblicklich,3,"love, neutral, realization"
zurückkommen,2,"desire, neutral"
oft,11,"admiration, amusement, annoyance, approval, curiosity, desire, disapproval, love, neutral, realization, sadness"
weinen,3,"fear, neutral, sadness"
grund,2,"neutral, surprise"
vorüber,3,"joy, neutral, realization"
zwingen,2,"annoyance, neutral"
unheil,4,"annoyance, disappointment, neutral, realization"
taucht,2,"gratitude, neutral"
haaren,4,"admiration, approval, disgust, neutral"
gefolge,2,"amusement, neutral"
reiches,2,"approval, neutral"
abgelegenen,2,"love, neutral"
neugeborenen,2,"neutral, sadness"
heimweg,3,"neutral, sadness, surprise"
treibt,2,"neutral, realization"
körbchen,3,"admiration, neutral, optimism"
müllerin,3,"disgust, joy, neutral"
knaben,3,"love, neutral, realization"
knabe,2,"curiosity, neutral"
eins,4,"admiration, love, neutral, realization"
umgehend,2,"fear, neutral"
verlobung,2,"admiration, neutral"
hinrichten,3,"annoyance, fear, neutral"
kenne,2,"joy, neutral"
gasthaus,2,"desire, neutral"
trocken,2,"embarrassment, neutral"
aufhören,3,"admiration, amusement, neutral"
fangen,2,"excitement, neutral"
leuten,3,"joy, neutral, sadness"
wurzeln,3,"love, neutral, sadness"
mäuse,3,"caring, neutral, sadness"
isabella,4,"admiration, joy, neutral, surprise"
ausgetrocknet,2,"disapproval, neutral"
jagt,2,"admiration, neutral"
abschütteln,2,"caring, neutral"
edlen,2,"annoyance, neutral"
rand,4,"gratitude, neutral, realization, sadness"
böser,5,"admiration, curiosity, disapproval, fear, neutral"
matthias,2,"neutral, sadness"
geblieben,5,"annoyance, caring, joy, neutral, sadness"
wären,7,"curiosity, desire, excitement, love, neutral, realization, sadness"
andreas,2,"neutral, sadness"
verlieben,2,"love, neutral"
gesamte,5,"anger, curiosity, love, neutral, realization"
ware,3,"admiration, neutral, sadness"
vorhaben,2,"disappointment, neutral"
lichter,5,"admiration, grief, neutral, realization, surprise"
teile,2,"embarrassment, neutral"
erschöpft,4,"admiration, joy, neutral, sadness"
gestein,2,"neutral, realization"
jägern,4,"admiration, anger, joy, neutral"
menschengestalt,3,"love, neutral, sadness"
mensch,11,"admiration, caring, curiosity, disappointment, embarrassment, fear, gratitude, joy, love, neutral, realization"
lagen,6,"admiration, amusement, anger, caring, love, neutral"
gebüsch,2,"admiration, neutral"
lockt,3,"caring, disgust, neutral"
beschreibung,2,"curiosity, neutral"
unsichtbar,2,"caring, neutral"
zauberstab,2,"neutral, sadness"
felsbrocken,2,"neutral, sadness"
ehren,3,"admiration, joy, neutral"
jindrich,3,"grief, neutral, sadness"
prophezeiung,3,"fear, joy, neutral"
zwillingsbrüder,3,"joy, neutral, sadness"
jaromír,3,"admiration, joy, neutral"
jaroslav,3,"confusion, fear, neutral"
herrschen,3,"disappointment, neutral, realization"
bruders,2,"annoyance, neutral"
zigeunermädchen,3,"amusement, joy, neutral"
bild,5,"admiration, caring, curiosity, neutral, remorse"
tauschen,2,"joy, neutral"
ferne,4,"annoyance, desire, neutral, surprise"
milena,3,"confusion, fear, neutral"
abweist,2,"admiration, neutral"
billig,2,"love, neutral"
hüten,3,"caring, neutral, sadness"
aufs,5,"admiration, annoyance, fear, neutral, remorse"
haar,4,"admiration, disgust, neutral, realization"
schaf,2,"admiration, neutral"
erschrickt,2,"annoyance, neutral"
aufhalten,2,"fear, neutral"
erblickt,6,"caring, curiosity, desire, joy, neutral, realization"
unglück,6,"admiration, disappointment, fear, neutral, sadness, surprise"
braucht,3,"annoyance, approval, neutral"
schwarzgelockten,2,"admiration, neutral"
weckt,2,"annoyance, neutral"
týna,2,"confusion, neutral"
gefeiert,5,"admiration, annoyance, joy, love, neutral"
brautschau,2,"admiration, neutral"
nördlichen,2,"neutral, sadness"
wälder,4,"admiration, amusement, joy, neutral"
gemieden,2,"neutral, sadness"
geister,2,"annoyance, neutral"
hexen,2,"anger, neutral"
stefan,4,"anger, excitement, neutral, realization"
rande,2,"admiration, neutral"
dunklen,6,"admiration, anger, annoyance, love, neutral, sadness"
vereinbarten,2,"annoyance, neutral"
krug,2,"disgust, neutral"
korb,2,"joy, neutral"
guter,5,"admiration, disgust, embarrassment, joy, neutral"
eiern,2,"fear, neutral"
beeren,3,"love, neutral, sadness"
milchkrug,2,"neutral, sadness"
wütend,4,"anger, annoyance, disappointment, neutral"
pflücken,2,"gratitude, neutral"
streng,2,"neutral, surprise"
verärgert,4,"annoyance, disappointment, neutral, relief"
sonnenlicht,3,"admiration, neutral, realization"
gefressen,3,"joy, love, neutral"
hindurch,2,"admiration, neutral"
zucker,2,"admiration, neutral"
stimmen,2,"disgust, neutral"
griselda,2,"admiration, neutral"
bindet,2,"curiosity, neutral"
schieben,2,"annoyance, neutral"
zaubert,3,"admiration, neutral, sadness"
ausrede,2,"admiration, neutral"
befragt,4,"admiration, approval, grief, neutral"
erhoffte,2,"grief, neutral"
leber,2,"admiration, neutral"
grausamen,2,"caring, neutral"
gedeckten,2,"approval, neutral"
tellerchen,2,"curiosity, neutral"
bettchen,3,"admiration, curiosity, neutral"
stühlchen,3,"curiosity, disgust, neutral"
gesessen,2,"curiosity, neutral"
brötchen,2,"curiosity, neutral"
gemüschen,2,"curiosity, neutral"
gäbelchen,2,"curiosity, neutral"
gestochen,2,"curiosity, neutral"
messerchen,2,"curiosity, neutral"
geschnitten,2,"curiosity, neutral"
becherchen,2,"curiosity, neutral"
getrunken,5,"annoyance, curiosity, joy, nervousness, neutral"
tönt,2,"disgust, neutral"
niemandem,3,"caring, fear, neutral"
tausendmal,3,"admiration, neutral, sadness"
brauche,2,"annoyance, neutral"
atmen,2,"fear, neutral"
ohnmächtig,3,"admiration, joy, neutral"
kurzer,3,"amusement, neutral, sadness"
sterben.,2,"curiosity, neutral"
präpariert,2,"gratitude, neutral"
gift,3,"disgust, joy, neutral"
rote,5,"admiration, confusion, fear, love, neutral"
wache,2,"fear, neutral"
liest,2,"neutral, surprise"
male,2,"approval, neutral"
hausarbeit,2,"annoyance, neutral"
robert,6,"amusement, approval, joy, love, neutral, surprise"
heran,5,"admiration, caring, joy, love, neutral"
ehefrau,2,"annoyance, neutral"
küster,3,"approval, neutral, realization"
kirche,3,"neutral, realization, sadness"
list,6,"amusement, annoyance, fear, joy, neutral, realization"
soldat,12,"admiration, amusement, annoyance, approval, caring, confusion, disappointment, gratitude, neutral, realization, sadness, surprise"
sold,2,"annoyance, neutral"
wertlosen,2,"neutral, sadness"
orden,2,"neutral, sadness"
wunden,2,"admiration, neutral"
täuschen,2,"fear, neutral"
spüren,2,"joy, neutral"
weiterziehen,2,"annoyance, neutral"
beinen,2,"amusement, neutral"
frische,2,"joy, neutral"
lampe,2,"neutral, surprise"
womit,4,"admiration, confusion, neutral, realization"
spazieren,2,"curiosity, neutral"
augustine,4,"approval, curiosity, neutral, realization"
stecken,4,"caring, fear, neutral, sadness"
vermählt,6,"admiration, annoyance, joy, love, neutral, optimism"
gewähren,3,"desire, neutral, realization"
böses,6,"anger, caring, disgust, neutral, realization, surprise"
venedig,2,"approval, neutral"
henriette,4,"anger, disappointment, neutral, remorse"
verbannt,2,"anger, neutral"
erbsen,2,"caring, neutral"
schmerzen,3,"caring, neutral, sadness"
waffen,2,"neutral, optimism"
weise,5,"admiration, curiosity, neutral, realization, relief"
posten,2,"neutral, realization"
blaue,5,"admiration, approval, caring, neutral, sadness"
überfallen,2,"anger, neutral"
friedlicher,2,"admiration, neutral"
einsames,2,"fear, neutral"
zurecht,2,"admiration, neutral"
misstrauisch,2,"curiosity, neutral"
tabakspfeife,2,"neutral, sadness"
lichts,2,"admiration, neutral"
männchens,2,"joy, neutral"
mutig,3,"admiration, caring, neutral"
verlangen,3,"admiration, neutral, sadness"
genau,2,"curiosity, neutral"
leisten,3,"annoyance, neutral, sadness"
frühen,2,"love, neutral"
häscher,2,"annoyance, neutral"
wilden,4,"anger, annoyance, joy, neutral"
unerklärliche,2,"admiration, neutral"
rauchen,2,"annoyance, neutral"
versetzt,3,"desire, fear, neutral"
schwerem,2,"neutral, sadness"
anwesenden,2,"neutral, surprise"
versehen,2,"neutral, sadness"
vollständig,2,"love, neutral"
kalt,5,"admiration, disgust, joy, love, neutral"
begleitet,3,"admiration, love, neutral"
rapunzel,7,"admiration, desire, disappointment, disgust, neutral, realization, sadness"
verföhnt,2,"admiration, neutral"
gothel,5,"admiration, annoyance, disappointment, neutral, realization"
turm,5,"admiration, anger, excitement, neutral, sadness"
nutzen,2,"confusion, neutral"
dieb,6,"anger, annoyance, approval, caring, neutral, sadness"
eindringling,2,"disgust, neutral"
überwältigen,2,"annoyance, neutral"
verstecken,2,"annoyance, neutral"
eher,3,"amusement, disgust, neutral"
geburtstag,5,"admiration, excitement, neutral, realization, sadness"
rächen,3,"amusement, fear, neutral"
laternen,2,"admiration, neutral"
zurückgeben,2,"caring, neutral"
wartet,2,"admiration, neutral"
riders,2,"approval, neutral"
schließt,3,"amusement, neutral, sadness"
gesuchte,2,"neutral, realization"
prozession,2,"amusement, neutral"
träumt,2,"neutral, optimism"
truthahn,3,"desire, neutral, realization"
wahr,4,"admiration, caring, love, neutral"
besorgte,2,"caring, neutral"
macario,6,"admiration, amusement, disappointment, neutral, realization, sadness"
berge,2,"curiosity, neutral"
feinen,2,"disgust, neutral"
teilen,2,"joy, neutral"
``,18,"admiration, amusement, anger, annoyance, approval, caring, curiosity, desire, disappointment, disgust, embarrassment, excitement, gratitude, joy, love, neutral, sadness, surprise"
geheilt,3,"love, neutral, realization"
freundschaft,3,"gratitude, joy, neutral"
heilt,2,"amusement, neutral"
aufsehen,2,"admiration, neutral"
dienste,3,"neutral, sadness, surprise"
heilung,2,"desire, neutral"
verbrannt,2,"joy, neutral"
bestimmten,2,"excitement, neutral"
geteilt,2,"neutral, realization"
brüderchen,11,"admiration, anger, annoyance, desire, embarrassment, joy, love, nervousness, neutral, realization, sadness"
schwesterchen,10,"admiration, anger, annoyance, embarrassment, joy, love, nervousness, neutral, realization, sadness"
streiche,2,"disappointment, neutral"
usa,7,"approval, desire, disappointment, gratitude, neutral, realization, sadness"
sule,2,"neutral, sadness"
springen,2,"neutral, sadness"
schleicht,2,"fear, neutral"
gekostet,2,"neutral, surprise"
schaut,3,"admiration, disappointment, neutral"
gesagt,4,"admiration, caring, love, neutral"
schlafe,2,"disapproval, neutral"
verbracht,2,"anger, neutral"
durst,3,"fear, nervousness, neutral"
wolf.,3,"love, nervousness, neutral"
brünnlein,4,"annoyance, disapproval, nervousness, neutral"
reh,7,"admiration, curiosity, joy, love, nervousness, neutral, realization"
versichert,2,"desire, neutral"
strumpfband,2,"anger, neutral"
bleibe,2,"curiosity, neutral"
rosenstrauch,2,"admiration, neutral"
rehlein,4,"admiration, love, neutral, sadness"
schwesterlein,5,"admiration, joy, nervousness, neutral, realization"
herein.,2,"admiration, neutral"
halsband,2,"admiration, neutral"
hereingebeten,2,"neutral, sadness"
spürt,2,"disappointment, neutral"
geist,6,"admiration, anger, fear, gratitude, neutral, relief"
sorge,6,"admiration, caring, fear, neutral, realization, sadness"
stärker,7,"admiration, approval, caring, fear, gratitude, love, neutral"
händen,8,"admiration, amusement, disgust, fear, joy, love, neutral, sadness"
nimmermehr.,2,"love, neutral"
leibarztes,2,"nervousness, neutral"
ferkel,2,"fear, neutral"
allerleirauh,5,"admiration, joy, neutral, sadness, surprise"
gleiche,4,"caring, curiosity, neutral, realization"
hofstaat,3,"anger, disappointment, neutral"
anmut,3,"admiration, neutral, surprise"
gottes,3,"annoyance, love, neutral"
gesetz,3,"annoyance, joy, neutral"
kleider,8,"admiration, annoyance, desire, embarrassment, love, neutral, optimism, sadness"
mond,3,"disappointment, disgust, neutral"
sterne,2,"neutral, realization"
ruß,2,"admiration, neutral"
lebendig,4,"admiration, fear, neutral, sadness"
erwidert,4,"admiration, annoyance, confusion, neutral"
angesehen,2,"disappointment, neutral"
versteht,2,"desire, neutral"
verzeihung,2,"neutral, sadness"
silberne,2,"admiration, neutral"
lotte,3,"curiosity, disapproval, neutral"
spinnrädchen,2,"admiration, neutral"
mathis,2,"admiration, neutral"
redet,2,"disgust, neutral"
lieb,4,"admiration, caring, love, neutral"
fäden,2,"admiration, neutral"
verbietet,2,"annoyance, neutral"
pelz,2,"disappointment, neutral"
tanz,5,"admiration, disappointment, joy, neutral, realization"
kleiner,5,"amusement, disapproval, disgust, neutral, realization"
vereint,3,"joy, love, neutral"
waschen,3,"anger, disgust, neutral"
christoffel,5,"admiration, disappointment, gratitude, love, neutral"
entledigt,2,"fear, neutral"
leere,2,"disapproval, neutral"
goldschmieds,2,"love, neutral"
erscheinung,2,"neutral, surprise"
feld,4,"admiration, embarrassment, neutral, pride"
frisieren,2,"anger, neutral"
lady,2,"neutral, sadness"
lilliana,5,"admiration, anger, disappointment, neutral, realization"
hoffman,2,"neutral, sadness"
frederick,3,"admiration, disgust, neutral"
claudia,8,"admiration, annoyance, disappointment, joy, neutral, optimism, realization, sadness"
schrank,7,"admiration, caring, disappointment, love, neutral, realization, sadness"
form,2,"neutral, remorse"
stummen,2,"confusion, neutral"
lilly,2,"joy, neutral"
schwanger,2,"neutral, optimism"
erinnerung,3,"excitement, neutral, optimism"
wunderbares,2,"admiration, neutral"
gebannt,3,"admiration, neutral, relief"
betritt,2,"neutral, sadness"
zurückkehrte,2,"neutral, realization"
zofen,2,"love, neutral"
fehlgeburt,2,"neutral, sadness"
nennt,4,"admiration, amusement, neutral, realization"
spiegelbild,3,"admiration, love, neutral"
claudias,3,"admiration, disappointment, neutral"
hass,5,"anger, annoyance, neutral, optimism, realization"
gemüt,2,"admiration, neutral"
gerufen,2,"joy, neutral"
vorzubereiten,3,"excitement, fear, neutral"
sturm,2,"neutral, realization"
aufgetragen,2,"admiration, neutral"
lillianas,2,"joy, neutral"
nächtlichen,2,"anger, neutral"
zuflucht,2,"fear, neutral"
verlassenen,2,"neutral, pride"
bande,2,"neutral, sadness"
angesicht,2,"admiration, neutral"
gekleidete,2,"excitement, neutral"
obst,2,"love, neutral"
gläsernen,3,"neutral, optimism, sadness"
herum,11,"admiration, anger, curiosity, desire, disgust, excitement, fear, love, neutral, realization, sadness"
planen,2,"amusement, neutral"
samen,2,"gratitude, neutral"
stürzte,4,"amusement, anger, disgust, neutral"
engelbert,3,"admiration, neutral, pride"
aufgeben,2,"confusion, neutral"
hingegen,6,"admiration, annoyance, disappointment, excitement, neutral, relief"
gutes,5,"admiration, annoyance, approval, neutral, realization"
rosenbäumchen,2,"admiration, neutral"
wilbur,3,"approval, neutral, sadness"
jasper,5,"annoyance, love, neutral, realization, surprise"
spielt,3,"anger, caring, neutral"
flora,2,"caring, neutral"
schnellen,3,"neutral, sadness, surprise"
läufer,3,"annoyance, caring, neutral"
markus,3,"confusion, disappointment, neutral"
wettlauf,2,"annoyance, neutral"
erkannt,3,"love, neutral, realization"
siegessicher,2,"approval, neutral"
benjamin,3,"admiration, fear, neutral"
schlafend,3,"fear, neutral, sadness"
raum,3,"admiration, neutral, surprise"
soviel,2,"gratitude, neutral"
schatzkammer,2,"gratitude, neutral"
ella,9,"annoyance, desire, excitement, grief, joy, love, neutral, realization, sadness"
wilde,2,"disgust, neutral"
sobald,2,"admiration, neutral"
krankheit,6,"anger, approval, caring, joy, neutral, sadness"
köhlerhütte,2,"confusion, neutral"
köhler,2,"love, neutral"
schicksalsgöttin,2,"caring, neutral"
düstere,4,"annoyance, disgust, neutral, realization"
seele,3,"annoyance, disgust, neutral"
ermorden,2,"annoyance, neutral"
müllers,2,"neutral, pride"
schwemmling,5,"annoyance, caring, disgust, neutral, realization"
bekam,5,"admiration, amusement, neutral, realization, surprise"
ahnend,3,"embarrassment, gratitude, neutral"
wendling,2,"love, neutral"
zauberer,3,"desire, love, neutral"
recken,2,"love, neutral"
befragen,2,"approval, neutral"
landes,4,"admiration, amusement, annoyance, neutral"
verdorrt,4,"annoyance, confusion, disappointment, neutral"
dunkle,8,"admiration, anger, curiosity, disgust, excitement, joy, neutral, sadness"
steppenbrand,2,"disgust, neutral"
könige,2,"desire, neutral"
leidet,3,"annoyance, caring, neutral"
wirt,6,"admiration, curiosity, fear, neutral, sadness, surprise"
krieger,2,"admiration, neutral"
worauf,3,"caring, neutral, sadness"
schwört,2,"annoyance, neutral"
fleht,2,"neutral, sadness"
grünen,2,"love, neutral"
gefährte,2,"joy, neutral"
bestellt,2,"annoyance, neutral"
mahlzeit,2,"admiration, neutral"
aufgehört,2,"joy, neutral"
wunder,5,"admiration, gratitude, neutral, pride, surprise"
quellen,5,"curiosity, disapproval, love, neutral, realization"
leeren,2,"joy, neutral"
rotes,2,"anger, neutral"
vorliebe,2,"admiration, neutral"
überall,5,"admiration, disgust, neutral, sadness, surprise"
rotkäppchens,4,"annoyance, disgust, grief, neutral"
enkelin,2,"joy, neutral"
angeln,2,"admiration, neutral"
teig,2,"love, neutral"
flasche,2,"fear, neutral"
vorschlag,2,"admiration, neutral"
verschlingt,2,"disgust, neutral"
hast,17,"admiration, amusement, anger, annoyance, approval, caring, curiosity, disgust, embarrassment, fear, gratitude, joy, love, neutral, optimism, realization, sadness"
besser,10,"annoyance, approval, curiosity, disgust, fear, joy, love, neutral, optimism, sadness"
kann.,3,"admiration, fear, neutral"
wollten,3,"admiration, amusement, neutral"
schwere,5,"admiration, anger, annoyance, fear, neutral"
erlebt,2,"curiosity, neutral"
sonntag,2,"annoyance, neutral"
gesehen.,3,"neutral, realization, surprise"
sophia,5,"admiration, approval, fear, neutral, sadness"
ärztin,2,"admiration, neutral"
malick,3,"fear, neutral, surprise"
praktikum,3,"disapproval, neutral, surprise"
medikamentenkammer,2,"joy, neutral"
mercurius,2,"joy, neutral"
ungläubig,2,"admiration, neutral"
betrachtet,3,"gratitude, neutral, surprise"
erwartet,3,"admiration, disappointment, neutral"
kräuterfrau,2,"admiration, neutral"
traurige,2,"admiration, neutral"
lieder,2,"admiration, neutral"
räte,2,"approval, neutral"
trauern,2,"annoyance, neutral"
reden,5,"admiration, disapproval, joy, neutral, sadness"
verschiedene,2,"neutral, realization"
beschenkt,3,"annoyance, neutral, realization"
mitgenommen,3,"caring, curiosity, neutral"
schneider,3,"annoyance, desire, neutral"
alsbald,4,"admiration, fear, neutral, realization"
fell,3,"admiration, fear, neutral"
wagen,6,"anger, approval, fear, joy, neutral, sadness"
blicken,2,"amusement, neutral"
unbekannte,2,"admiration, neutral"
cinderella,8,"admiration, caring, desire, grief, joy, neutral, sadness, surprise"
'',18,"admiration, amusement, anger, annoyance, approval, confusion, curiosity, desire, disappointment, embarrassment, excitement, gratitude, joy, love, neutral, realization, sadness, surprise"
vivian,2,"joy, neutral"
wiedertrifft,2,"joy, neutral"
könnten,3,"curiosity, neutral, realization"
stattfindet,2,"excitement, neutral"
ellas,2,"admiration, neutral"
besuch,2,"neutral, surprise"
begleiten,4,"annoyance, caring, neutral, sadness"
schlag,3,"annoyance, disappointment, neutral"
saal,6,"admiration, embarrassment, fear, love, neutral, surprise"
fab,3,"admiration, neutral, sadness"
g.,2,"admiration, neutral"
gestehen,2,"embarrassment, neutral"
häschen,2,"love, neutral"
aussieht,2,"disapproval, neutral"
mund,5,"admiration, disapproval, love, neutral, sadness"
gesperrt,2,"embarrassment, neutral"
ernst,4,"admiration, annoyance, joy, neutral"
einander,6,"amusement, annoyance, joy, love, neutral, realization"
kindes,5,"annoyance, curiosity, fear, neutral, optimism"
schwäne,2,"admiration, neutral"
gealtert,2,"joy, neutral"
davonläuft,2,"admiration, neutral"
verzweiflung,4,"disappointment, neutral, realization, sadness"
versöhnt,2,"joy, neutral"
endgültig,2,"neutral, realization"
flammen,5,"curiosity, fear, joy, neutral, sadness"
unversehrten,2,"neutral, realization"
bewiesen,2,"admiration, neutral"
lüge,3,"fear, love, neutral"
generationen,2,"fear, neutral"
kräftige,2,"admiration, neutral"
mut,12,"admiration, approval, disappointment, disgust, gratitude, joy, love, neutral, optimism, realization, sadness, surprise"
dankbarkeit,4,"admiration, gratitude, love, neutral"
pfeifen,2,"gratitude, neutral"
schwach,3,"joy, love, neutral"
kreis,2,"curiosity, neutral"
schaukel,2,"nervousness, neutral"
umarmt,2,"love, neutral"
waldhexe,2,"caring, neutral"
erlösung,3,"gratitude, joy, neutral"
fertigen,2,"desire, neutral"
zusätzlich,2,"admiration, neutral"
waldlichtung,2,"admiration, neutral"
grüne,4,"approval, curiosity, neutral, remorse"
norbert,2,"curiosity, neutral"
bartolomäus,2,"excitement, neutral"
frohe,2,"grief, neutral"
stunden,4,"disappointment, joy, neutral, realization"
decke,2,"fear, neutral"
birgt,2,"curiosity, neutral"
kranke,2,"disappointment, neutral"
stottern,2,"fear, neutral"
alexandra,4,"anger, fear, nervousness, neutral"
bewahren,3,"desire, neutral, sadness"
vergnügt,5,"admiration, caring, joy, love, neutral"
nachbarland,2,"disgust, neutral"
minerva,4,"admiration, disapproval, excitement, neutral"
calliope,4,"admiration, disapproval, excitement, neutral"
jawort,2,"joy, neutral"
anprobieren,2,"desire, neutral"
stiefschwestern,3,"admiration, disapproval, neutral"
wunderschönen,3,"admiration, neutral, sadness"
verriet,2,"annoyance, neutral"
verträumt,3,"admiration, approval, neutral"
sang,7,"admiration, amusement, curiosity, joy, nervousness, neutral, sadness"
bein,2,"disgust, neutral"
tasche,4,"annoyance, caring, neutral, sadness"
maleficent,9,"admiration, anger, annoyance, desire, disapproval, gratitude, neutral, realization, surprise"
finsternis,2,"love, neutral"
regierte,3,"admiration, gratitude, neutral"
aurora,12,"admiration, anger, annoyance, desire, disappointment, disapproval, embarrassment, excitement, love, neutral, realization, surprise"
moore,3,"admiration, amusement, neutral"
wächterin,2,"neutral, pride"
heimat,2,"neutral, sadness"
phillip,3,"joy, neutral, optimism"
bösewicht,4,"joy, love, neutral, sadness"
john,2,"annoyance, neutral"
frieden,5,"anger, joy, love, neutral, realization"
ingrith,4,"anger, joy, neutral, optimism"
feen,3,"caring, excitement, neutral"
vertrauter,2,"anger, neutral"
jemals,2,"admiration, neutral"
stefans,2,"neutral, realization"
zuletzt,3,"disappointment, neutral, sadness"
schreit,2,"disgust, neutral"
verwundet,2,"neutral, sadness"
anführer,2,"love, neutral"
mächtig,2,"admiration, neutral"
bitter,3,"neutral, remorse, sadness"
auroras,2,"love, neutral"
ziege,2,"neutral, optimism"
taufe,4,"annoyance, gratitude, love, neutral"
bajaja,4,"confusion, love, neutral, realization"
verlassene,2,"curiosity, neutral"
dreiköpfigen,2,"admiration, neutral"
drachen,6,"admiration, desire, excitement, fear, neutral, realization"
schwarzer,2,"desire, neutral"
schimmel,2,"gratitude, neutral"
tuch,2,"neutral, sadness"
verkleiden,2,"annoyance, neutral"
drache,4,"anger, curiosity, disapproval, neutral"
slavěna,3,"admiration, confusion, neutral"
köpfe,2,"anger, neutral"
versteck,2,"neutral, realization"
geschehen,4,"admiration, disappointment, neutral, sadness"
rüstung,2,"annoyance, neutral"
sieg,3,"joy, love, neutral"
turnier,2,"neutral, realization"
szenen,2,"neutral, realization"
früh,5,"anger, curiosity, grief, joy, neutral"
geranien,2,"neutral, surprise"
kurzzeitig,2,"anger, neutral"
schutz,3,"neutral, pride, sadness"
fremde,6,"admiration, curiosity, love, neutral, realization, surprise"
richard,4,"admiration, neutral, realization, surprise"
gepflegt,2,"admiration, neutral"
süße,3,"admiration, love, neutral"
gesprochen,3,"annoyance, gratitude, neutral"
bittere,2,"admiration, neutral"
gedenkt,2,"approval, neutral"
situation,2,"confusion, neutral"
marktes,2,"curiosity, neutral"
reiter,7,"admiration, anger, annoyance, caring, desire, neutral, realization"
hochzeitsfest,3,"admiration, love, neutral"
schlossgarten,2,"admiration, neutral"
gemach,3,"admiration, love, neutral"
zugleich,4,"joy, love, neutral, sadness"
sonnenschein,2,"joy, neutral"
aussprechen,2,"gratitude, neutral"
schützen,2,"fear, neutral"
glühende,2,"admiration, neutral"
funken,2,"amusement, neutral"
augenblick,6,"admiration, curiosity, love, neutral, optimism, realization"
schlaf,6,"annoyance, caring, desire, love, neutral, realization"
neugierig,2,"curiosity, neutral"
leid,8,"anger, approval, fear, love, neutral, realization, remorse, sadness"
dunkles,2,"neutral, sadness"
roswitha,4,"embarrassment, neutral, sadness, surprise"
erleidet,2,"neutral, sadness"
fremder,2,"curiosity, neutral"
hochmütigen,2,"admiration, neutral"
dreizehnte,2,"annoyance, neutral"
korbflechten,3,"approval, neutral, realization"
beizubringen,2,"neutral, realization"
spieglein,3,"admiration, curiosity, neutral"
clementianna,2,"admiration, neutral"
liebestrank,2,"anger, neutral"
naheliegenden,2,"neutral, realization"
ewiger,2,"gratitude, neutral"
herrscht,3,"excitement, neutral, sadness"
bevölkerung,4,"amusement, love, neutral, optimism"
stehe,2,"admiration, neutral"
alcott,4,"anger, joy, neutral, sadness"
nahegelegenen,2,"disappointment, neutral"
bestie,3,"disgust, neutral, realization"
angebliche,2,"neutral, remorse"
fraß,4,"fear, love, neutral, sadness"
leibwächter,2,"admiration, neutral"
fährt,3,"anger, curiosity, neutral"
brighton,3,"admiration, anger, neutral"
gerecht,3,"admiration, neutral, pride"
lebend,3,"disappointment, love, neutral"
liebte,6,"admiration, fear, love, neutral, optimism, sadness"
aufgeregt,2,"excitement, neutral"
widerfahren,3,"love, neutral, realization"
aufruhr,2,"excitement, neutral"
schabe,2,"anger, neutral"
hunde,2,"anger, neutral"
rauben,3,"disgust, neutral, realization"
halbmondkette,3,"admiration, disgust, neutral"
kette,2,"neutral, realization"
dolch,3,"neutral, realization, sadness"
verhängt,2,"approval, neutral"
tiana,7,"confusion, desire, disappointment, joy, love, neutral, sadness"
naveen,7,"confusion, desire, disappointment, joy, love, neutral, sadness"
charlotte,2,"confusion, neutral"
lawrence,2,"disappointment, neutral"
facilier,2,"annoyance, neutral"
träume,3,"curiosity, fear, neutral"
ray,2,"approval, neutral"
funkelnden,2,"admiration, neutral"
evangeline,2,"joy, neutral"
frösche,3,"approval, joy, neutral"
aufheben,2,"neutral, remorse"
voodoozauber,2,"disappointment, neutral"
amulett,2,"disappointment, neutral"
begraben,2,"admiration, neutral"
stern,2,"joy, neutral"
neid,4,"admiration, neutral, realization, sadness"
ertappt,2,"anger, neutral"
eisenring,2,"love, neutral"
verbrennt,2,"neutral, sadness"
trank,5,"admiration, anger, love, nervousness, neutral"
überwinden,2,"disappointment, neutral"
flügel,3,"anger, fear, neutral"
16.,2,"neutral, realization"
ändert,2,"neutral, realization"
tiefsten,3,"admiration, caring, neutral"
blumenfeen,2,"gratitude, neutral"
gewalt,4,"annoyance, joy, neutral, sadness"
sterbenskrank,2,"curiosity, neutral"
15,2,"anger, neutral"
erden,3,"admiration, annoyance, neutral"
tanten,2,"neutral, surprise"
enttäuscht,3,"disappointment, neutral, sadness"
traurig,8,"admiration, caring, confusion, disappointment, love, neutral, sadness, surprise"
zustand,3,"neutral, realization, sadness"
schlimmes,2,"love, neutral"
phillips,2,"joy, neutral"
beider,2,"neutral, realization"
dornenhecke,3,"admiration, neutral, sadness"
dornröschen,3,"admiration, excitement, neutral"
mason,2,"anger, neutral"
cthonia,2,"caring, neutral"
stirn,2,"love, neutral"
lilith,2,"amusement, neutral"
dürfte,3,"excitement, fear, neutral"
ernährt,2,"anger, neutral"
leiche,2,"desire, neutral"
niederlage,2,"annoyance, neutral"
heller,2,"disapproval, neutral"
niesen,2,"neutral, sadness"
zerstörten,2,"fear, neutral"
fiedler,2,"anger, neutral"
musik,2,"amusement, neutral"
schnelligkeit,2,"neutral, realization"
ebenso,8,"admiration, curiosity, disappointment, disapproval, joy, love, neutral, sadness"
sonnenblumenfeld,2,"neutral, realization"
gestoßen,2,"love, neutral"
gelassen,5,"approval, curiosity, fear, grief, neutral"
eilen,2,"caring, neutral"
ständig,2,"amusement, neutral"
wasserkrug,2,"fear, neutral"
eilig,2,"disgust, neutral"
wände,3,"annoyance, neutral, sadness"
schiefhütchen,2,"fear, neutral"
hitze,3,"annoyance, neutral, sadness"
frost,2,"neutral, sadness"
hochzeitskleid,2,"love, neutral"
spiegeln,2,"annoyance, neutral"
teppichen,2,"annoyance, neutral"
wirklichkeit,4,"desire, neutral, realization, sadness"
jägermeister,5,"admiration, anger, annoyance, disappointment, neutral"
fischerhütte,2,"neutral, realization"
traumbild,2,"admiration, neutral"
fischer,3,"caring, love, neutral"
pfauenfeder,4,"admiration, neutral, realization, sadness"
ahnung,3,"admiration, neutral, realization"
hörten,3,"admiration, amusement, neutral"
hierauf,3,"admiration, anger, neutral"
verschonte,2,"love, neutral"
setzte,9,"admiration, desire, disappointment, disgust, fear, grief, love, neutral, sadness"
ocik,3,"caring, love, neutral"
gehnichtunter,5,"admiration, anger, annoyance, love, neutral"
königliche,3,"admiration, amusement, neutral"
zornig,8,"anger, annoyance, caring, curiosity, disgust, fear, neutral, sadness"
glückliche,2,"joy, neutral"
verderben,2,"neutral, realization"
amaryllis,3,"admiration, love, neutral"
unmögliche,2,"admiration, neutral"
eile,2,"neutral, realization"
grenzen,2,"approval, neutral"
herrschaft,3,"disappointment, love, neutral"
königsmacht,2,"desire, neutral"
sigismunds,2,"gratitude, neutral"
leopold,4,"approval, gratitude, neutral, remorse"
magdalena,2,"neutral, sadness"
vergeblichen,2,"love, neutral"
rollentausch,3,"approval, neutral, realization"
blutstropfen,2,"joy, neutral"
gänsemagd,5,"admiration, neutral, realization, sadness, surprise"
kürdchen,3,"admiration, annoyance, neutral"
gänse,2,"annoyance, neutral"
schinder,2,"caring, neutral"
befehlen,2,"neutral, surprise"
derart,4,"admiration, amusement, disappointment, neutral"
betrügen,2,"love, neutral"
harte,2,"neutral, remorse"
ankommt,2,"love, neutral"
erblicken,4,"admiration, joy, neutral, surprise"
nutz,2,"neutral, optimism"
glück.,2,"neutral, optimism"
hätten,3,"curiosity, neutral, sadness"
nachfolge,3,"caring, neutral, realization"
antreten,2,"approval, neutral"
ruhe,6,"admiration, annoyance, caring, curiosity, love, neutral"
versuchten,3,"amusement, disappointment, neutral"
sausewind,2,"desire, neutral"
heiße,2,"embarrassment, neutral"
dahin,5,"caring, neutral, realization, sadness, surprise"
meinte,7,"admiration, anger, excitement, joy, neutral, sadness, surprise"
wittert,3,"admiration, neutral, sadness"
geschäft,3,"approval, neutral, realization"
goldschmied,2,"admiration, neutral"
bekäme,3,"caring, joy, neutral"
schlechtes,2,"neutral, realization"
schrecklich,3,"annoyance, fear, neutral"
goldschatz,2,"anger, neutral"
läuten,2,"joy, neutral"
wahlspruch,2,"neutral, optimism"
erschrocken,3,"admiration, fear, neutral"
vorwärts,2,"disgust, neutral"
tauschgeschäften,2,"joy, neutral"
wandert,3,"admiration, desire, neutral"
ausfindig,2,"desire, neutral"
fridolin,2,"embarrassment, neutral"
vorsichtig,2,"caring, neutral"
blauen,3,"admiration, annoyance, neutral"
erkenn,2,"amusement, neutral"
gütig,2,"admiration, neutral"
mutters,2,"amusement, neutral"
vorher,3,"admiration, annoyance, neutral"
dachte,11,"admiration, anger, approval, curiosity, fear, joy, love, neutral, realization, sadness, surprise"
amtsrichter,3,"annoyance, disappointment, neutral"
mina,3,"annoyance, neutral, realization"
muriel,2,"admiration, neutral"
ritual,2,"anger, neutral"
einzigen,3,"disappointment, love, neutral"
geschehnisse,2,"approval, neutral"
adrianna,2,"admiration, neutral"
zutat,2,"anger, neutral"
geschossen,2,"anger, neutral"
hexenhaus,2,"joy, neutral"
traf,2,"admiration, neutral"
sagte,20,"admiration, amusement, anger, annoyance, approval, caring, curiosity, disappointment, disapproval, disgust, embarrassment, excitement, fear, gratitude, joy, love, neutral, realization, sadness, surprise"
sprach,23,"admiration, amusement, anger, annoyance, approval, caring, confusion, curiosity, desire, disappointment, disgust, embarrassment, fear, gratitude, joy, love, nervousness, neutral, optimism, realization, remorse, sadness, surprise"
kunst,2,"neutral, realization"
sagst,2,"caring, neutral"
bring,3,"caring, fear, neutral"
ward,14,"admiration, anger, annoyance, caring, curiosity, disapproval, disgust, fear, joy, love, nervousness, neutral, relief, sadness"
gab,11,"admiration, annoyance, desire, gratitude, joy, love, neutral, optimism, realization, relief, surprise"
rad,3,"curiosity, disgust, neutral"
blieb,5,"admiration, confusion, embarrassment, neutral, sadness"
ging,18,"admiration, amusement, anger, annoyance, approval, caring, curiosity, disgust, embarrassment, excitement, fear, gratitude, joy, love, neutral, realization, sadness, surprise"
türe,13,"admiration, amusement, anger, caring, curiosity, disappointment, fear, joy, love, neutral, realization, sadness, surprise"
trat,12,"admiration, annoyance, curiosity, disgust, fear, gratitude, joy, love, neutral, realization, sadness, surprise"
antwortete,14,"admiration, annoyance, approval, caring, confusion, curiosity, disappointment, embarrassment, fear, joy, love, neutral, realization, sadness"
verstehe,2,"caring, neutral"
gibst,4,"caring, fear, love, neutral"
dirs,5,"amusement, anger, caring, fear, neutral"
spinne,2,"annoyance, neutral"
nahm,11,"admiration, amusement, annoyance, disapproval, disgust, fear, gratitude, joy, love, neutral, realization"
ließ,17,"admiration, anger, annoyance, approval, caring, curiosity, desire, disapproval, disgust, fear, joy, love, neutral, realization, remorse, sadness, surprise"
befahl,4,"annoyance, caring, gratitude, neutral"
wusste,11,"admiration, approval, confusion, desire, disgust, joy, love, nervousness, neutral, realization, sadness"
weinte,8,"admiration, amusement, annoyance, gratitude, grief, love, neutral, sadness"
erschien,7,"admiration, anger, annoyance, fear, neutral, realization, surprise"
fing,7,"amusement, anger, disgust, fear, neutral, optimism, sadness"
freute,8,"admiration, caring, excitement, joy, love, neutral, pride, sadness"
maßen,4,"admiration, disgust, love, neutral"
anblick,2,"admiration, neutral"
sollst,8,"anger, annoyance, caring, fear, gratitude, joy, neutral, optimism"
gemahlin,8,"admiration, disapproval, fear, joy, love, nervousness, neutral, optimism"
werden.,5,"admiration, disgust, fear, neutral, realization"
wenns,3,"admiration, caring, neutral"
finde,4,"annoyance, desire, neutral, realization"
drittenmal,2,"love, neutral"
weiss,8,"admiration, amusement, approval, caring, confusion, disapproval, love, neutral"
versprach,4,"admiration, disapproval, gratitude, neutral"
verlangte,6,"annoyance, confusion, desire, neutral, sadness, surprise"
brachte,16,"admiration, amusement, anger, curiosity, desire, disapproval, disgust, excitement, fear, gratitude, grief, joy, love, neutral, realization, sadness"
gib,5,"curiosity, desire, love, neutral, realization"
erschrak,9,"admiration, confusion, curiosity, fear, grief, love, neutral, realization, sadness"
bot,3,"disgust, gratitude, neutral"
schätze,6,"admiration, annoyance, caring, curiosity, neutral, sadness"
weisst,3,"admiration, fear, neutral"
behalten.,2,"caring, neutral"
schickte,3,"anger, fear, neutral"
breit,2,"admiration, neutral"
gäbe,2,"admiration, neutral"
heiss,2,"fear, neutral"
vielleicht,5,"approval, disappointment, fear, neutral, optimism"
erzählte,9,"caring, disgust, embarrassment, grief, joy, love, neutral, realization, sadness"
brannte,4,"love, neutral, realization, sadness"
sprang,11,"admiration, amusement, annoyance, caring, fear, gratitude, joy, love, nervousness, neutral, sadness"
schrie,5,"caring, curiosity, neutral, sadness, surprise"
übermorgen,2,"amusement, neutral"
rumpelstilzchen,2,"admiration, neutral"
hörte,15,"admiration, amusement, caring, curiosity, desire, disgust, embarrassment, fear, joy, love, nervousness, neutral, optimism, realization, sadness"
hernach,3,"anger, curiosity, neutral"
fragte,9,"admiration, annoyance, curiosity, disappointment, fear, love, neutral, realization, surprise"
etwa,3,"desire, excitement, neutral"
stieß,5,"admiration, curiosity, disappointment, disgust, neutral"
packte,2,"love, neutral"
wut,2,"disgust, neutral"
riss,4,"amusement, joy, neutral, sadness"
entzwei,2,"admiration, neutral"
machte,13,"admiration, anger, annoyance, curiosity, desire, disappointment, disgust, fear, gratitude, grief, love, neutral, sadness"
ordentlich,5,"admiration, annoyance, caring, love, neutral"
herbei,4,"annoyance, love, neutral, sadness"
hundert,2,"neutral, surprise"
stille,3,"admiration, neutral, realization"
bewegen,2,"disappointment, neutral"
kreiss,2,"neutral, sadness"
tausend,3,"embarrassment, grief, neutral"
gingen,6,"admiration, annoyance, joy, love, neutral, realization"
klagte,2,"annoyance, neutral"
bestürzt,2,"neutral, sadness"
sahen,7,"admiration, curiosity, desire, embarrassment, fear, love, neutral"
wussten,6,"admiration, annoyance, joy, love, neutral, realization"
wohin,4,"curiosity, neutral, realization, sadness"
vöglein,3,"curiosity, love, neutral"
leide,3,"admiration, love, neutral"
flog,2,"neutral, sadness"
hu,2,"amusement, neutral"
regen,5,"annoyance, disappointment, disapproval, fear, neutral"
strauch,2,"anger, neutral"
gelb,2,"admiration, neutral"
mager,2,"neutral, sadness"
reichte,5,"annoyance, love, neutral, realization, sadness"
weib,2,"admiration, neutral"
bat,7,"admiration, caring, desire, fear, love, neutral, sadness"
rief,16,"admiration, amusement, anger, annoyance, caring, confusion, curiosity, disappointment, fear, joy, love, nervousness, neutral, realization, sadness, surprise"
jammerte,3,"anger, neutral, sadness"
umsonst,5,"curiosity, fear, neutral, realization, sadness"
hütete,3,"admiration, anger, neutral"
berührte,2,"admiration, neutral"
träumte,3,"admiration, fear, neutral"
morgens,4,"admiration, neutral, realization, sadness"
erwachte,6,"admiration, fear, grief, neutral, realization, surprise"
fände,2,"admiration, neutral"
blutrote,2,"admiration, neutral"
kehrte,8,"admiration, amusement, annoyance, approval, curiosity, disappointment, embarrassment, neutral"
besah,2,"neutral, realization"
lebten,7,"admiration, anger, disappointment, fear, joy, love, neutral"
schenkte,2,"gratitude, neutral"
käppchen,4,"admiration, curiosity, fear, neutral"
rotem,2,"admiration, neutral"
hieß,4,"admiration, disappointment, neutral, remorse"
kommst,4,"embarrassment, fear, neutral, remorse"
geh,2,"caring, neutral"
sittsam,2,"admiration, neutral"
stube,5,"anger, curiosity, embarrassment, neutral, surprise"
wohnte,4,"amusement, neutral, realization, surprise"
unten,4,"admiration, joy, neutral, sadness"
ding,3,"amusement, fear, neutral"
bissen,2,"love, neutral"
listig,3,"admiration, desire, neutral"
weilchen,2,"love, neutral"
sieh,2,"gratitude, neutral"
rings,2,"neutral, sadness"
umher,5,"caring, disgust, love, neutral, sadness"
stände,2,"admiration, neutral"
lief,9,"admiration, anger, disappointment, disgust, fear, joy, love, neutral, sadness"
tiefer,7,"admiration, disgust, love, neutral, pride, relief, sadness"
klopfte,5,"admiration, amusement, joy, love, neutral"
auf.,3,"joy, love, neutral"
drückte,2,"disapproval, neutral"
verschluckte,2,"love, neutral"
legte,5,"admiration, caring, curiosity, love, neutral"
zog,8,"admiration, anger, annoyance, fear, love, neutral, realization, sadness"
vorhänge,2,"admiration, neutral"
gelaufen,3,"admiration, curiosity, neutral"
ohren,4,"admiration, curiosity, neutral, surprise"
entsetzlich,2,"disgust, neutral"
bette,4,"admiration, grief, love, neutral"
verschlang,3,"annoyance, neutral, surprise"
gelüsten,2,"joy, neutral"
schlief,5,"curiosity, disapproval, neutral, realization, sadness"
überlaut,2,"amusement, neutral"
eben,5,"annoyance, joy, love, neutral, surprise"
holte,4,"admiration, love, neutral, sadness"
geschwind,5,"amusement, disgust, joy, neutral, surprise"
aufwachte,3,"fear, neutral, surprise"
aß,4,"admiration, curiosity, neutral, sadness"
erholte,2,"neutral, relief"
lebtag,4,"admiration, annoyance, confusion, neutral"
hat.,5,"admiration, annoyance, caring, love, neutral"
bös,5,"admiration, annoyance, confusion, disgust, neutral"
straße,3,"admiration, neutral, sadness"
still,6,"admiration, anger, annoyance, caring, joy, neutral"
machten,3,"admiration, love, neutral"
schlich,2,"disgust, neutral"
ginge,2,"annoyance, neutral"
nimm,2,"annoyance, neutral"
trag,2,"neutral, sadness"
worin,2,"caring, neutral"
stieg,6,"admiration, anger, fear, gratitude, neutral, sadness"
guckte,4,"admiration, disapproval, neutral, surprise"
anfing,3,"love, neutral, sadness"
einsam,4,"admiration, neutral, remorse, sadness"
hüttchen,2,"joy, neutral"
standen,5,"admiration, approval, fear, neutral, realization"
rosen,2,"admiration, neutral"
fromm,2,"love, neutral"
arbeitsam,2,"joy, neutral"
sanfter,2,"neutral, sadness"
saß,7,"admiration, amusement, desire, disgust, joy, neutral, sadness"
daheim,5,"admiration, curiosity, fear, joy, neutral"
half,4,"curiosity, gratitude, neutral, sadness"
las,3,"admiration, neutral, realization"
unfall,3,"love, neutral, sadness"
walde,9,"anger, annoyance, caring, curiosity, fear, grief, love, neutral, sadness"
legten,2,"neutral, optimism"
schliefen,3,"disappointment, neutral, sadness"
sitzen,3,"approval, love, neutral"
blickte,3,"fear, gratitude, neutral"
gewiss,3,"fear, neutral, sadness"
zündete,2,"annoyance, neutral"
hing,2,"admiration, neutral"
glänzte,2,"admiration, neutral"
rein,5,"admiration, love, neutral, realization, sadness"
fielen,3,"admiration, anger, neutral"
setzten,3,"joy, love, neutral"
herd,4,"desire, joy, neutral, sadness"
saßen,4,"joy, neutral, realization, sadness"
dicken,3,"admiration, amusement, neutral"
tue,2,"annoyance, neutral"
holten,2,"neutral, surprise"
kehrten,2,"gratitude, neutral"
gast,2,"anger, neutral"
nahmen,4,"admiration, caring, joy, neutral"
lachten,4,"amusement, fear, neutral, sadness"
sichs,2,"desire, neutral"
sies,4,"confusion, curiosity, fear, neutral"
lasst,2,"caring, neutral"
tot.,2,"fear, neutral"
kannst,8,"anger, annoyance, caring, curiosity, embarrassment, love, neutral, sadness"
ließen,4,"admiration, disgust, neutral, remorse"
grün,3,"admiration, disgust, neutral"
gehst,3,"curiosity, joy, neutral"
bäumen,6,"amusement, disapproval, love, nervousness, neutral, sadness"
reisig,2,"admiration, neutral"
fanden,8,"admiration, embarrassment, joy, love, nervousness, neutral, realization, sadness"
hündchen,2,"fear, neutral"
neugierige,2,"curiosity, neutral"
seid,7,"admiration, anger, caring, curiosity, disgust, joy, neutral"
ungeduldig,2,"fear, neutral"
schaffen,4,"annoyance, approval, curiosity, neutral"
fühlte,6,"admiration, desire, joy, love, neutral, sadness"
griff,2,"neutral, sadness"
hob,4,"admiration, joy, neutral, realization"
stolzen,4,"admiration, embarrassment, gratitude, neutral"
liefen,4,"amusement, fear, love, neutral"
erkannten,3,"admiration, neutral, realization"
solch,4,"admiration, joy, neutral, surprise"
narr,2,"annoyance, neutral"
seht,4,"amusement, annoyance, neutral, realization"
verwünschte,4,"admiration, joy, neutral, sadness"
geschöpf,2,"neutral, surprise"
hielt,9,"admiration, anger, approval, caring, fear, joy, neutral, pride, surprise"
binsen,2,"anger, neutral"
bewegungen,2,"admiration, neutral"
rechter,4,"annoyance, joy, love, neutral"
hielten,6,"amusement, anger, disgust, joy, love, neutral"
verwirrt,2,"confusion, neutral"
habt,7,"admiration, approval, curiosity, disappointment, disgust, neutral, sadness"
perlen,4,"admiration, love, neutral, sadness"
schleppte,2,"anger, neutral"
verschwand,8,"amusement, anger, disappointment, excitement, joy, neutral, realization, sadness"
heide,3,"neutral, sadness, surprise"
senkte,3,"disapproval, embarrassment, neutral"
schrei,3,"admiration, neutral, sadness"
abendsonne,2,"admiration, neutral"
leuchteten,2,"neutral, realization"
farben,3,"admiration, neutral, realization"
stehenblieben,2,"admiration, neutral"
feil,3,"admiration, love, neutral"
aschgraues,2,"confusion, neutral"
lautes,2,"desire, neutral"
zähnen,2,"fear, neutral"
gottlosen,2,"fear, neutral"
fett,2,"neutral, sadness"
kümmerte,3,"caring, grief, neutral"
regte,3,"joy, love, neutral"
verwünscht,2,"caring, neutral"
wilder,2,"joy, neutral"
teilten,2,"love, neutral"
getragen,2,"disappointment, neutral"
sneewittchen,6,"admiration, anger, curiosity, fear, neutral, surprise"
schneeflocken,2,"caring, neutral"
ebenholz,5,"admiration, amusement, excitement, neutral, realization"
stach,2,"joy, neutral"
nadel,2,"neutral, sadness"
tropfen,3,"nervousness, neutral, sadness"
starb,5,"caring, grief, joy, neutral, sadness"
erblickte,9,"admiration, annoyance, curiosity, fear, grief, joy, love, neutral, sadness"
leibe,4,"caring, disgust, neutral, pride"
wuchsen,2,"admiration, neutral"
wills,2,"caring, neutral"
lunge,2,"admiration, neutral"
gehorchte,2,"admiration, neutral"
sneewittchens,2,"admiration, neutral"
unschuldiges,2,"grief, neutral"
laß,6,"admiration, annoyance, joy, love, neutral, sadness"
nimmermehr,4,"anger, annoyance, love, neutral"
schön,6,"admiration, annoyance, love, neutral, realization, sadness"
wars,4,"annoyance, desire, fear, neutral"
boshafte,2,"admiration, neutral"
dornen,4,"love, neutral, realization, sadness"
sprangen,3,"disgust, joy, neutral"
taten,3,"confusion, neutral, optimism"
füße,3,"admiration, neutral, realization"
gedecktes,2,"neutral, realization"
tischlein,2,"love, neutral"
tellerlein,2,"love, neutral"
becherlein,3,"curiosity, love, neutral"
wand,4,"admiration, anger, curiosity, neutral"
bettlein,3,"admiration, love, neutral"
laken,2,"neutral, optimism"
keins,2,"admiration, neutral"
häuslein,2,"neutral, realization"
fragten,2,"curiosity, neutral"
reinlich,3,"admiration, joy, neutral"
fehlen.,3,"annoyance, neutral, sadness"
suchten,5,"anger, love, neutral, optimism, sadness"
erz,2,"neutral, realization"
sann,2,"neutral, sadness"
färbte,2,"neutral, sadness"
kleidete,3,"desire, neutral, sadness"
krämerin,2,"anger, neutral"
hübschen,2,"admiration, neutral"
schnürriemen,2,"admiration, neutral"
schnürte,2,"gratitude, neutral"
atem,3,"neutral, realization, surprise"
verging,4,"admiration, amusement, neutral, sadness"
eilte,2,"embarrassment, neutral"
erschraken,4,"admiration, disgust, fear, neutral"
liebes,4,"admiration, anger, love, neutral"
hoben,2,"neutral, sadness"
höhe,6,"admiration, curiosity, fear, neutral, realization, remorse"
schnitten,2,"joy, neutral"
schaute,5,"admiration, amusement, excitement, neutral, realization"
besinnung,2,"annoyance, neutral"
niederfiel,2,"joy, neutral"
warnten,2,"admiration, neutral"
kostet.,2,"caring, neutral"
verborgene,2,"curiosity, neutral"
einsame,2,"neutral, sadness"
mirs,4,"excitement, neutral, sadness, surprise"
siehst,3,"curiosity, disappointment, neutral"
essen.,5,"admiration, love, neutral, sadness, surprise"
giftige,3,"anger, disgust, neutral"
zwerglein,3,"admiration, gratitude, neutral"
weinten,2,"joy, neutral"
buchstaben,2,"admiration, neutral"
schwarzhaarig,2,"admiration, neutral"
geschah,8,"admiration, anger, disappointment, joy, neutral, realization, sadness, surprise"
gaben,4,"admiration, anger, disappointment, neutral"
schultern,3,"joy, neutral, remorse"
forttragen,3,"curiosity, fear, neutral"
öffnete,7,"admiration, amusement, disappointment, love, neutral, sadness, surprise"
richtete,3,"admiration, anger, neutral"
zugetragen,2,"neutral, sadness"
pracht,4,"admiration, annoyance, love, neutral"
herrlichkeit,3,"admiration, curiosity, neutral"
gottlose,3,"admiration, anger, neutral"
daraus,7,"admiration, anger, annoyance, caring, curiosity, nervousness, neutral"
umgeben,2,"admiration, neutral"
wagte,3,"love, neutral, sadness"
elend,3,"disappointment, disgust, neutral"
rapunzeln,3,"admiration, anger, neutral"
eh,2,"neutral, sadness"
lässest,2,"love, neutral"
holst,2,"annoyance, neutral"
mag,5,"amusement, curiosity, love, neutral, sadness"
will.,3,"admiration, love, neutral"
gewaltig,7,"anger, caring, curiosity, disgust, fear, love, neutral"
schlecht,5,"admiration, annoyance, confusion, embarrassment, neutral"
gnade,7,"admiration, caring, fear, gratitude, love, neutral, optimism"
ergehen,3,"caring, excitement, neutral"
kinde,3,"desire, love, neutral"
prächtige,2,"admiration, neutral"
fein,2,"admiration, neutral"
vernahm,2,"admiration, neutral"
herunter,2,"neutral, sadness"
ritt,10,"admiration, amusement, anger, desire, disappointment, fear, joy, neutral, optimism, sadness"
lieblich,2,"curiosity, neutral"
seide,3,"admiration, annoyance, neutral"
merkte,6,"admiration, disappointment, disgust, neutral, realization, sadness"
schlug,8,"admiration, desire, disappointment, disgust, joy, love, neutral, sadness"
linke,3,"admiration, annoyance, neutral"
verstoßen,2,"annoyance, neutral"
ansah,5,"admiration, love, nervousness, neutral, realization"
aha,2,"amusement, neutral"
wanderte,2,"neutral, sadness"
wüstenei,2,"disgust, neutral"
erkannte,6,"admiration, fear, love, neutral, realization, sadness"
schwank,2,"gratitude, neutral"
vierte,2,"curiosity, neutral"
fünfte,2,"curiosity, neutral"
sechste,2,"curiosity, neutral"
laßt,2,"fear, neutral"
kleidern,2,"admiration, neutral"
mußte,2,"amusement, neutral"
bleibst,2,"approval, neutral"
manne,4,"admiration, anger, love, neutral"
leidlich,3,"annoyance, disgust, neutral"
trieb,4,"anger, disgust, fear, neutral"
gehts,2,"caring, neutral"
weiden,2,"amusement, neutral"
wund,2,"neutral, sadness"
sehe,4,"approval, love, neutral, sadness"
versuchte,4,"anger, joy, neutral, realization"
ichs,2,"annoyance, neutral"
töpfen,2,"approval, neutral"
irdenem,2,"curiosity, neutral"
hungers,3,"anger, annoyance, neutral"
erstemal,2,"joy, neutral"
forderte,3,"anger, annoyance, neutral"
töpfe,4,"approval, disapproval, love, neutral"
dauerte,3,"caring, neutral, sadness"
husar,2,"love, neutral"
zersprang,2,"joy, neutral"
gefragt,2,"fear, neutral"
nährten,2,"neutral, sadness"
ältesten,3,"admiration, neutral, sadness"
manchmal,2,"joy, neutral"
weigerte,2,"love, neutral"
spott,5,"anger, annoyance, disapproval, disgust, neutral"
hingen,2,"admiration, neutral"
herausbringen,2,"anger, neutral"
zugegangen,5,"curiosity, embarrassment, joy, neutral, sadness"
tanzten,3,"joy, neutral, sadness"
meldete,2,"admiration, neutral"
haupt,5,"caring, disgust, fear, neutral, sadness"
befand,2,"approval, neutral"
'du,2,"fear, neutral"
wärst,2,"annoyance, neutral"
schwamm,2,"admiration, neutral"
öffneten,2,"neutral, surprise"
freuten,3,"admiration, joy, neutral"
rührte,2,"fear, neutral"
glaubten,4,"admiration, love, neutral, realization"
sank,4,"curiosity, love, neutral, sadness"
einfältig,2,"annoyance, neutral"
glänzten,2,"admiration, neutral"
fuhr,9,"anger, annoyance, curiosity, disgust, joy, neutral, realization, sadness, surprise"
krachte,2,"neutral, sadness"
'ich,3,"desire, neutral, surprise"
kräften,2,"admiration, neutral"
warmen,2,"admiration, neutral"
heiß,2,"admiration, neutral"
zumut,2,"neutral, surprise"
traten,3,"confusion, neutral, realization"
leer,3,"disapproval, neutral, sadness"
fuhren,3,"fear, joy, neutral"
schnarchte,2,"curiosity, neutral"
brachten,2,"embarrassment, neutral"
stellten,2,"anger, neutral"
unterirdischen,2,"fear, neutral"
berichtete,2,"neutral, sadness"
jung,3,"admiration, annoyance, neutral"
nächte,2,"neutral, realization"
getraute,2,"annoyance, neutral"
sagten,3,"neutral, realization, sadness"
himmels,2,"desire, neutral"
glaubte,11,"admiration, caring, disapproval, excitement, fear, joy, love, neutral, optimism, realization, sadness"
irgendwo,2,"joy, neutral"
müdigkeit,2,"neutral, pride"
morgenstern,2,"admiration, neutral"
beinchen,2,"admiration, neutral"
verschlossen,3,"disapproval, joy, neutral"
herren,3,"joy, neutral, realization"
ein.,2,"annoyance, neutral"
geschwirr,2,"fear, neutral"
vermählen,3,"neutral, sadness, surprise"
trösten,2,"neutral, sadness"
haben.,4,"admiration, annoyance, caring, neutral"
käme,5,"admiration, anger, fear, neutral, sadness"
gehabt,6,"annoyance, curiosity, desire, grief, neutral, sadness"
räten,2,"amusement, neutral"
hoffte,2,"neutral, optimism"
abzubringen,2,"disappointment, neutral"
euerm,2,"joy, neutral"
geben.,4,"admiration, annoyance, gratitude, neutral"
mussten,4,"disgust, gratitude, neutral, sadness"
sein.,5,"annoyance, approval, caring, love, neutral"
fasste,6,"approval, disgust, embarrassment, love, neutral, sadness"
sternen,2,"disgust, neutral"
schwarz,6,"admiration, amusement, excitement, neutral, realization, sadness"
jagte,3,"anger, annoyance, neutral"
nehmt,2,"fear, neutral"
rupfte,2,"anger, neutral"
federvieh,2,"excitement, neutral"
halben,2,"neutral, realization"
nuss,2,"love, neutral"
kannte,3,"admiration, curiosity, neutral"
meinten,3,"admiration, fear, neutral"
ausgezogen,2,"caring, neutral"
stiefeln,2,"fear, neutral"
anstellte,2,"admiration, neutral"
tust,2,"love, neutral"
hingehen,2,"admiration, neutral"
warf,8,"admiration, anger, caring, fear, gratitude, love, neutral, sadness"
verbergen,3,"admiration, disgust, neutral"
aufgegangen,2,"disgust, neutral"
warm,4,"admiration, joy, neutral, sadness"
sangen,2,"love, neutral"
swinegel,4,"curiosity, gratitude, joy, neutral"
felde,3,"curiosity, embarrassment, neutral"
ertragen,2,"admiration, neutral"
schief,2,"embarrassment, neutral"
hasen,5,"admiration, annoyance, curiosity, gratitude, neutral"
angenommen,2,"disgust, neutral"
vornehmer,2,"curiosity, neutral"
kerl,5,"admiration, caring, disappointment, fear, neutral"
ankam,2,"joy, neutral"
o,5,"annoyance, confusion, love, neutral, sadness"
halt,3,"caring, disgust, neutral"
's,2,"admiration, neutral"
mochte,2,"admiration, neutral"
furche,3,"admiration, fear, neutral"
wies,5,"anger, annoyance, desire, neutral, realization"
ungefähr,2,"neutral, sadness"
ruhig,3,"joy, love, neutral"
vollem,2,"admiration, neutral"
verwunderte,5,"admiration, curiosity, love, neutral, surprise"
dingen,3,"amusement, approval, neutral"
flogen,3,"caring, joy, neutral"
ärger,4,"admiration, anger, fear, neutral"
meinetwegen,2,"amusement, neutral"
begab,2,"admiration, neutral"
friede,3,"annoyance, neutral, optimism"
erhielt,6,"admiration, caring, joy, neutral, realization, sadness"
aussah,5,"admiration, disgust, fear, love, neutral"
schau,2,"admiration, neutral"
dich.,2,"love, neutral"
wen,3,"annoyance, confusion, neutral"
richtigkeit,2,"gratitude, neutral"
bärenhaut,2,"admiration, neutral"
wehe,2,"neutral, sadness"
orten,2,"neutral, sadness"
bärenhäuter,7,"anger, annoyance, caring, desire, disappointment, love, neutral"
ruf,3,"approval, love, neutral"
freundliches,2,"admiration, neutral"
ursache,3,"confusion, disapproval, neutral"
offenbarte,3,"admiration, neutral, realization"
freilich,4,"admiration, embarrassment, neutral, sadness"
bringen.,2,"admiration, neutral"
gefiel,3,"admiration, love, neutral"
hüte,3,"admiration, caring, neutral"
schwieg,2,"annoyance, neutral"
reichlich,4,"disappointment, gratitude, love, neutral"
vornehmen,2,"gratitude, neutral"
kleide,2,"admiration, neutral"
zeigte,5,"admiration, disgust, neutral, realization, sadness"
eierkuchen,2,"gratitude, neutral"
schluck,2,"joy, neutral"
pack,2,"fear, neutral"
hieb,4,"anger, disgust, neutral, sadness"
gleichfalls,2,"embarrassment, neutral"
verständig,2,"admiration, neutral"
schaden,2,"neutral, sadness"
klug,4,"admiration, caring, disappointment, neutral"
finden.,2,"love, neutral"
blieben,4,"admiration, curiosity, love, neutral"
schrien,2,"neutral, surprise"
bleib,5,"admiration, caring, disappointment, love, neutral"
herzu,2,"fear, neutral"
drein,2,"embarrassment, neutral"
folgte,5,"admiration, curiosity, neutral, realization, surprise"
möchten,3,"love, neutral, sadness"
schwiegersohn,2,"curiosity, neutral"
kalte,3,"neutral, relief, remorse"
weh,2,"neutral, sadness"
magen,2,"neutral, sadness"
mehl,4,"anger, annoyance, love, neutral"
bist.,3,"joy, love, neutral"
futter,2,"anger, neutral"
wehte,3,"neutral, realization, relief"
fortgegangen,3,"embarrassment, neutral, realization"
annehmen,2,"annoyance, neutral"
laute,2,"neutral, sadness"
kragen,2,"anger, neutral"
sitze,2,"neutral, sadness"
äste,3,"admiration, disgust, neutral"
einschlief,2,"curiosity, neutral"
sähe,2,"curiosity, neutral"
schimmern,2,"neutral, sadness"
ratschlagten,2,"annoyance, neutral"
fingen,2,"anger, neutral"
insgesamt,2,"annoyance, neutral"
krähte,2,"disappointment, neutral"
stürzten,3,"anger, neutral, sadness"
aßen,4,"annoyance, joy, love, neutral"
feurigen,2,"neutral, surprise"
spie,3,"anger, disgust, neutral"
rannte,3,"admiration, curiosity, neutral"
munter,2,"admiration, neutral"
schwarzes,2,"neutral, surprise"
dache,4,"caring, curiosity, joy, neutral"
richter,2,"annoyance, neutral"
seyn,2,"fear, neutral"
müßt,2,"neutral, surprise"
graben,2,"anger, neutral"
setze,3,"love, neutral, sadness"
willigte,3,"admiration, approval, neutral"
freuden,4,"gratitude, joy, love, neutral"
bedachte,2,"fear, neutral"
butter,2,"admiration, neutral"
käse,3,"admiration, love, neutral"
thier,2,"admiration, neutral"
zeitlang,3,"annoyance, neutral, sadness"
glücklicher,3,"joy, neutral, relief"
strich,3,"admiration, joy, neutral"
gedacht,3,"neutral, sadness, surprise"
lassen.,2,"neutral, sadness"
übergab,2,"amusement, neutral"
bursch,3,"annoyance, embarrassment, neutral"
getauscht,2,"confusion, neutral"
gewicht,3,"caring, disappointment, neutral"
indessen,3,"admiration, neutral, surprise"
schüttelte,3,"caring, disgust, neutral"
kopfkissen,2,"admiration, neutral"
redete,2,"joy, neutral"
gekauft,2,"neutral, sadness"
läßt,3,"admiration, gratitude, neutral"
lud,2,"gratitude, neutral"
begann,4,"neutral, realization, remorse, sadness"
mühe,3,"admiration, anger, neutral"
erbärmlich,2,"neutral, sadness"
frischen,2,"joy, neutral"
drehte,3,"curiosity, neutral, sadness"
sechse,3,"grief, love, neutral"
künste,2,"admiration, neutral"
auge,3,"admiration, neutral, sadness"
blies,3,"joy, neutral, realization"
springe,2,"love, neutral"
begegneten,2,"annoyance, neutral"
langte,2,"joy, neutral"
schöpfte,2,"admiration, neutral"
überkam,2,"curiosity, neutral"
läge,2,"curiosity, neutral"
gewöhnlicher,2,"admiration, neutral"
verlor,5,"admiration, amusement, disappointment, neutral, sadness"
bang,2,"fear, neutral"
sollt,2,"annoyance, neutral"
darinnen,2,"amusement, neutral"
sechsen,2,"neutral, realization"
merkten,2,"neutral, realization"
sinne,2,"neutral, realization"
schämen,2,"embarrassment, neutral"
schüsseln,3,"admiration, excitement, neutral"
aufging,2,"admiration, neutral"
willst.,2,"neutral, sadness"
holen.,3,"joy, love, neutral"
stärksten,2,"disgust, neutral"
wird.,2,"curiosity, neutral"
ist.,4,"admiration, amusement, neutral, sadness"
riefen,5,"admiration, amusement, curiosity, love, neutral"
werdet,2,"confusion, neutral"
sämtlich,2,"admiration, neutral"
bescheid,3,"admiration, fear, neutral"
krystallkugel,2,"neutral, relief"
traute,2,"admiration, neutral"
adler,3,"anger, fear, neutral"
hausen,2,"joy, neutral"
fürchtete,6,"admiration, caring, disgust, fear, love, neutral"
säße,2,"love, neutral"
rufe,2,"disappointment, neutral"
lauft,2,"embarrassment, neutral"
seufzte,3,"amusement, neutral, sadness"
lippen,6,"excitement, joy, nervousness, neutral, realization, surprise"
sage,2,"curiosity, neutral"
eis,2,"admiration, neutral"
langem,2,"love, neutral"
erhob,3,"admiration, anger, neutral"
erhoben,2,"anger, neutral"
wellen,2,"neutral, remorse"
getrieben,4,"approval, curiosity, joy, neutral"
glanz,2,"neutral, surprise"
weisheit,4,"admiration, neutral, optimism, realization"
berühmt,4,"admiration, anger, annoyance, neutral"
zurückhalten,2,"love, neutral"
drohte,4,"anger, disappointment, fear, neutral"
heftigen,3,"disappointment, fear, neutral"
bessern,2,"fear, neutral"
glatt,2,"joy, neutral"
wünschte,2,"desire, neutral"
bemerkte,4,"caring, neutral, realization, sadness"
seitenweg,2,"fear, neutral"
stolze,3,"admiration, amusement, neutral"
verschmähte,3,"anger, disgust, neutral"
sonnenstrahlen,2,"joy, neutral"
körnchen,2,"neutral, sadness"
fehlte,3,"admiration, neutral, sadness"
gelesen,2,"admiration, neutral"
königreiche,2,"disappointment, neutral"
ästen,2,"love, neutral"
geräusch,2,"fear, neutral"
liebster,3,"admiration, caring, neutral"
trauer,4,"love, neutral, realization, sadness"
erbe,2,"admiration, neutral"
kammern,2,"caring, neutral"
ists,3,"admiration, fear, neutral"
näpfe,2,"admiration, neutral"
gewild,2,"admiration, neutral"
wunderbaren,2,"admiration, neutral"
herrlichsten,2,"admiration, neutral"
schiffe,2,"admiration, neutral"
kammerjungfer,3,"joy, neutral, sadness"
meere,3,"gratitude, neutral, remorse"
entdeckte,2,"curiosity, neutral"
gehen.,2,"admiration, neutral"
sprengte,2,"neutral, sadness"
prächtiger,2,"admiration, neutral"
getreuester,3,"caring, neutral, sadness"
johannes.,2,"neutral, sadness"
antlitz,3,"fear, neutral, sadness"
kniete,3,"disappointment, gratitude, neutral"
atmete,3,"curiosity, joy, neutral"
gebar,2,"admiration, neutral"
söhnlein,3,"love, neutral, sadness"
blute,2,"neutral, sadness"
bestrichen,2,"love, neutral"
bestrich,2,"disapproval, neutral"
heil,2,"joy, neutral"
spielten,3,"admiration, neutral, sadness"
dunkler,6,"admiration, gratitude, love, neutral, realization, surprise"
liebstes,2,"neutral, sadness"
spielwerk,2,"joy, neutral"
händchen,2,"admiration, neutral"
woher,2,"curiosity, neutral"
weine,3,"curiosity, love, neutral"
gekrochen,2,"admiration, neutral"
garstiger,2,"admiration, neutral"
frosch.,2,"admiration, neutral"
spielte,3,"approval, neutral, sadness"
durchaus,2,"neutral, realization"
geselle,3,"admiration, love, neutral"
fuße,2,"admiration, neutral"
heb,2,"admiration, neutral"
reinen,2,"love, neutral"
pferden,3,"admiration, neutral, sadness"
hinten,2,"joy, neutral"
betrübt,3,"curiosity, joy, neutral"
traurigkeit,3,"admiration, neutral, sadness"
geweissagt,2,"gratitude, neutral"
ärgerte,2,"annoyance, neutral"
schachtel,3,"admiration, curiosity, neutral"
unerwarteten,2,"neutral, surprise"
drang,2,"anger, neutral"
pflegten,2,"admiration, neutral"
goldstücke,2,"neutral, surprise"
hießen,2,"admiration, neutral"
briefe,2,"curiosity, neutral"
verirrte,3,"anger, disappointment, neutral"
gelangte,3,"admiration, neutral, surprise"
fürchte,4,"admiration, fear, love, neutral"
zeigten,2,"love, neutral"
habe.,2,"confusion, neutral"
bringst,2,"excitement, neutral"
marktbrunnen,2,"curiosity, neutral"
quoll,2,"curiosity, neutral"
abgelöst,2,"fear, neutral"
ellermutter,2,"curiosity, neutral"
dauerst,2,"love, neutral"
möcht,2,"neutral, surprise"
laub,2,"disappointment, neutral"
schalt,4,"annoyance, caring, disgust, neutral"
wirfst,2,"caring, neutral"
menschenfleisch,2,"disapproval, neutral"
geträumt,5,"annoyance, curiosity, disappointment, fear, neutral"
übel,3,"curiosity, neutral, remorse"
lauste,2,"curiosity, neutral"
he,3,"confusion, curiosity, neutral"
dummbart,2,"confusion, neutral"
faule,2,"neutral, sadness"
bückte,2,"admiration, neutral"
heftig,2,"neutral, sadness"
unbarmherzig,2,"disgust, neutral"
herzensangst,2,"admiration, neutral"
machst,4,"annoyance, curiosity, fear, neutral"
jammer,2,"disgust, neutral"
aufgetan,2,"joy, neutral"
bedeckt,3,"disgust, neutral, sadness"
hie.,3,"excitement, neutral, sadness"
schmutzig,3,"disapproval, disgust, neutral"
ausgeschüttet,2,"neutral, surprise"
mahlen,2,"neutral, sadness"
hör,2,"caring, neutral"
handschuhe,2,"love, neutral"
korn,2,"curiosity, neutral"
rebhühner,2,"gratitude, neutral"
wußte,3,"fear, gratitude, neutral"
anzahl,2,"neutral, surprise"
drinnen,2,"admiration, neutral"
müllersohn,2,"neutral, surprise"
durfte,4,"joy, love, neutral, realization"
bade,2,"admiration, neutral"
heu,2,"curiosity, neutral"
könntest,5,"admiration, amusement, annoyance, love, neutral"
löwe,6,"admiration, amusement, fear, love, neutral, realization"
gewiß,3,"admiration, neutral, surprise"
maus,5,"admiration, confusion, gratitude, love, neutral"
aufnehmen,2,"fear, neutral"
arbeitete,4,"admiration, annoyance, joy, neutral"
machen.,2,"joy, neutral"
bind,2,"admiration, neutral"
führe,2,"admiration, neutral"
geschrei,4,"fear, love, neutral, sadness"
ausgerichtet,2,"admiration, neutral"
befiehlst,3,"curiosity, neutral, surprise"
möglich,3,"joy, neutral, sadness"
wunderlichen,3,"amusement, annoyance, neutral"
gemeine,2,"neutral, sadness"
mägdedienste,2,"fear, neutral"
riet,2,"annoyance, neutral"
schlimm,6,"admiration, caring, disappointment, fear, neutral, sadness"
erwiderte,4,"admiration, neutral, sadness, surprise"
herauszog,2,"desire, neutral"
verwunderung,4,"love, neutral, realization, surprise"
betrachtete,5,"admiration, amusement, confusion, love, neutral"
schloss.,2,"admiration, neutral"
gesorgt,2,"curiosity, neutral"
tun.,3,"caring, fear, neutral"
sprichst,2,"joy, neutral"
gestanden,2,"disappointment, neutral"
geputzt,2,"amusement, neutral"
begehr,3,"annoyance, love, neutral"
quälte,2,"fear, neutral"
dus,2,"caring, neutral"
lilien,2,"admiration, neutral"
ritten,2,"neutral, sadness"
goldkinder,2,"neutral, sadness"
erblickten,2,"neutral, realization"
spotten,3,"anger, embarrassment, neutral"
bärenfelle,3,"admiration, love, neutral"
überzog,2,"neutral, sadness"
getrost,2,"caring, neutral"
rauschen,2,"nervousness, neutral"
goldkind,3,"fear, love, neutral"
aufstand,2,"neutral, surprise"
gemeiner,2,"annoyance, neutral"
hirsch,3,"fear, love, neutral"
umsah,2,"neutral, realization"
wiedersahen,2,"joy, neutral"
küssten,2,"joy, neutral"
herzten,2,"joy, neutral"
ziehen.,2,"caring, neutral"
dicke,2,"amusement, neutral"
itschen,2,"neutral, sadness"
albern,2,"annoyance, neutral"
trugen,6,"admiration, curiosity, neutral, optimism, realization, sadness"
erstaunte,2,"admiration, neutral"
zogen,9,"admiration, annoyance, caring, excitement, fear, joy, neutral, realization, sadness"
nochmals,4,"anger, caring, curiosity, neutral"
gelbe,2,"neutral, sadness"
rübe,2,"neutral, sadness"
mäuschen,2,"neutral, sadness"
küsste,3,"admiration, love, neutral"
fräulein,3,"admiration, neutral, sadness"
brachen,2,"admiration, neutral"
zeiten,3,"admiration, neutral, realization"
ladete,2,"desire, neutral"
bloß,2,"annoyance, neutral"
dreizehn,2,"gratitude, neutral"
grüßen,2,"gratitude, neutral"
verließ,3,"caring, neutral, sadness"
umdrehte,2,"curiosity, neutral"
empfand,3,"admiration, love, neutral"
getreten,2,"curiosity, neutral"
flackerte,3,"curiosity, love, neutral"
königssöhne,3,"curiosity, neutral, sadness"
dringen,2,"neutral, sadness"
wunderschöne,3,"admiration, neutral, surprise"
königssohns,2,"neutral, surprise"
müllerburschen,2,"approval, neutral"
dienten,2,"joy, neutral"
kleinknecht,2,"curiosity, neutral"
albernen,2,"amusement, neutral"
geige,2,"neutral, sadness"
leuchtete,3,"admiration, curiosity, neutral"
schlafkammer,2,"neutral, remorse"
halfen,2,"disappointment, neutral"
sanft,3,"admiration, neutral, pride"
geheißen,3,"caring, neutral, realization"
heimkam,2,"grief, neutral"
blind,2,"neutral, sadness"
rechtes,2,"annoyance, neutral"
bunte,2,"admiration, neutral"
mahlbursch,2,"curiosity, neutral"
werkzeug,2,"disgust, neutral"
gebaut,4,"admiration, annoyance, joy, neutral"
obendrein,3,"admiration, caring, neutral"
gearbeitet,2,"admiration, neutral"
reis,2,"gratitude, neutral"
streifte,2,"admiration, neutral"
staub,2,"love, neutral"
schmutz,3,"admiration, disgust, neutral"
anhielt,2,"amusement, neutral"
helft,2,"fear, neutral"
übrigen,2,"admiration, neutral"
mich.,2,"nervousness, neutral"
wartete,4,"annoyance, disappointment, neutral, sadness"
schornstein,2,"fear, neutral"
anhub,3,"curiosity, joy, neutral"
vorigen,2,"neutral, realization"
zierlich,2,"admiration, neutral"
pantoffel,2,"annoyance, neutral"
müsst,3,"gratitude, neutral, sadness"
wunderbarer,2,"admiration, neutral"
zurückgelassen,2,"fear, neutral"
aufgelesen,2,"neutral, sadness"
vollbracht,3,"fear, neutral, realization"
kroch,3,"admiration, neutral, sadness"
weniger,2,"neutral, surprise"
bleibens,2,"neutral, sadness"
verloren.,2,"caring, neutral"
führten,3,"admiration, amusement, neutral"
litt,2,"neutral, sadness"
beständig,2,"neutral, sadness"
angezündet,2,"admiration, neutral"
unschuldig,2,"neutral, sadness"
abhauen,2,"caring, neutral"
goldvogel,2,"admiration, neutral"
wirds,2,"amusement, neutral"
vermisste,2,"neutral, realization"
goldstück,2,"admiration, neutral"
gefielen,2,"love, neutral"
lernten,2,"caring, neutral"
herangewachsen,4,"admiration, love, neutral, optimism"
pflegevater,3,"caring, joy, neutral"
euern,2,"neutral, sadness"
schieß,2,"fear, neutral"
gelang,2,"approval, neutral"
ergehen.,3,"caring, fear, neutral"
tranken,3,"annoyance, joy, neutral"
ergangen,4,"caring, love, neutral, sadness"
blank.,2,"fear, neutral"
leiden,3,"admiration, disappointment, neutral"
füchse,2,"admiration, neutral"
trennen.,2,"gratitude, neutral"
loch,3,"caring, fear, neutral"
erwartete,4,"desire, fear, neutral, sadness"
trost,3,"admiration, neutral, sadness"
glut,3,"admiration, neutral, realization"
dampf,2,"neutral, surprise"
herbeigelaufen,2,"neutral, surprise"
schweif,2,"amusement, neutral"
zerrissen,5,"anger, embarrassment, joy, love, neutral"
name,3,"admiration, neutral, realization"
zungen,2,"love, neutral"
zwang,2,"fear, neutral"
weckte,2,"annoyance, neutral"
fügte,3,"love, neutral, remorse"
verkehrt,2,"neutral, realization"
fehler,2,"neutral, optimism"
heilte,3,"admiration, neutral, sadness"
jahres,2,"desire, neutral"
geringste,2,"fear, neutral"
schreiend,3,"disgust, neutral, sadness"
heulend,2,"neutral, sadness"
zugemüs,2,"admiration, neutral"
zuckerwerk,2,"admiration, neutral"
gehn,2,"caring, neutral"
brüllte,2,"annoyance, neutral"
abgeholt,2,"caring, neutral"
rachen,2,"curiosity, neutral"
bleich,3,"admiration, neutral, sadness"
verteilt,2,"love, neutral"
beweise,2,"admiration, neutral"
wunderbare,2,"admiration, neutral"
hierher,2,"fear, neutral"
mein.,2,"neutral, surprise"
schenke,3,"approval, excitement, neutral"
dazu.,2,"amusement, neutral"
zauberwald,3,"disappointment, fear, neutral"
gekommen.,2,"admiration, neutral"
ächzen,2,"amusement, neutral"
friert,2,"amusement, neutral"
wärme,2,"caring, neutral"
rute,2,"fear, neutral"
gen,2,"fear, neutral"
leichter,2,"caring, neutral"
zweischneidiges,2,"neutral, realization"
lachte,6,"amusement, anger, disgust, joy, love, neutral"
griffen,3,"curiosity, neutral, sadness"
gemerkt,2,"approval, neutral"
einander.,2,"love, neutral"
kanns,3,"annoyance, neutral, sadness"
schlößchen,3,"admiration, joy, neutral"
pfahl,2,"curiosity, neutral"
lächelte,3,"joy, love, neutral"
überfluß,2,"annoyance, neutral"
nehme,3,"anger, annoyance, neutral"
flossen,3,"joy, neutral, sadness"
treibst,2,"curiosity, neutral"
empfing,3,"admiration, joy, neutral"
bettuch,2,"desire, neutral"
merken,2,"neutral, sadness"
merke,2,"neutral, surprise"
runzeln,2,"confusion, neutral"
fäßchen,2,"curiosity, neutral"
findest,3,"admiration, love, neutral"
heben,3,"admiration, love, neutral"
trink,2,"nervousness, neutral"
heda,2,"neutral, sadness"
gepackt,2,"fear, neutral"
geglückt,2,"caring, neutral"
steinerne,3,"neutral, remorse, sadness"
pflaster,2,"admiration, neutral"
lauerte,2,"disgust, neutral"
erhellt,2,"annoyance, neutral"
ungern,2,"disappointment, neutral"
gottesacker,2,"neutral, realization"
freuen,2,"joy, neutral"
heiler,2,"neutral, sadness"
erhöhung,2,"admiration, neutral"
erworben,2,"curiosity, neutral"
hohe,3,"admiration, joy, neutral"
lernte,4,"admiration, neutral, realization, sadness"
schulen,2,"disapproval, neutral"
beschwerlich,2,"neutral, sadness"
anbruch,2,"neutral, sadness"
abgehen,2,"neutral, sadness"
suchen.,2,"neutral, sadness"
stecke,3,"caring, love, neutral"
schüler,3,"fear, gratitude, neutral"
brechen.,2,"fear, neutral"
magst,2,"nervousness, neutral"
geringe,2,"joy, neutral"
kläglich,2,"admiration, neutral"
anhaben,2,"neutral, realization"
bestreichst,2,"neutral, sadness"
stahl,2,"confusion, neutral"
geworden.,2,"love, neutral"
verkauf,2,"approval, neutral"
bezahlen.,2,"confusion, neutral"
schuldig,2,"neutral, sadness"
doppelte,2,"joy, neutral"
überfluss,2,"joy, neutral"
pate,4,"anger, caring, neutral, sadness"
kraut,2,"caring, neutral"
wolltest,2,"neutral, realization"
erkrankte,2,"nervousness, neutral"
wangen,3,"admiration, neutral, sadness"
schienen,2,"amusement, neutral"
frisches,2,"admiration, neutral"
verstellt,2,"love, neutral"
geislein,2,"love, neutral"
mitgebracht.,2,"love, neutral"
geiserchen,2,"love, neutral"
feine,3,"love, neutral, realization"
geis,2,"love, neutral"
haustüre,2,"love, neutral"
umgeworfen,2,"neutral, sadness"
zitterten,3,"curiosity, fear, neutral"
sinds,2,"neutral, sadness"
unterweges,2,"caring, neutral"
demütig,2,"admiration, neutral"
kammerfrau,3,"gratitude, joy, neutral"
freiem,2,"anger, neutral"
finsteres,2,"anger, neutral"
finstere,2,"fear, neutral"
geflochten,2,"admiration, neutral"
hüteten,3,"annoyance, neutral, sadness"
hüten.,2,"caring, neutral"
barg,2,"disgust, neutral"
windstoß,2,"love, neutral"
kürdchens,2,"approval, neutral"
flocht,2,"anger, neutral"
eisenofen,2,"neutral, sadness"
würdig,4,"annoyance, caring, embarrassment, neutral"
grethel,6,"admiration, anger, disgust, love, neutral, sadness"
tröstete,2,"love, neutral"
wart,3,"annoyance, neutral, sadness"
aufgestiegen,2,"annoyance, neutral"
geglaubt,4,"joy, neutral, realization, sadness"
angemacht,2,"amusement, neutral"
gerieten,3,"anger, excitement, neutral"
hellem,2,"neutral, surprise"
kopfe,2,"anger, neutral"
vollen,2,"gratitude, neutral"
fühle,2,"caring, neutral"
trübe,2,"confusion, neutral"
feuerflammen,2,"anger, neutral"
aufessen,2,"annoyance, neutral"
edelsteinen,4,"admiration, disgust, neutral, surprise"
bekannter,2,"neutral, sadness"
schüttete,3,"gratitude, neutral, sadness"
erlauben,2,"admiration, neutral"
einwilligte,4,"annoyance, joy, love, neutral"
wenden,2,"neutral, sadness"
übermütig,4,"admiration, caring, neutral, realization"
eingesperrt.,2,"fear, neutral"
dankte,2,"gratitude, neutral"
anlangte,2,"disgust, neutral"
gebührt,2,"amusement, neutral"
meerwasser,2,"annoyance, neutral"
klüger,2,"annoyance, neutral"
dankbar,5,"caring, disgust, gratitude, neutral, realization"
erlöser,2,"joy, neutral"
regnete,2,"caring, neutral"
rehchen,4,"anger, joy, neutral, sadness"
nüsse,2,"admiration, neutral"
hüfthorn,2,"neutral, sadness"
hinaus.,2,"neutral, sadness"
behend,2,"admiration, neutral"
währte,2,"neutral, realization"
rehkälbchen,3,"joy, nervousness, neutral"
spürte,4,"joy, neutral, realization, sadness"
häßlich,3,"annoyance, disgust, neutral"
schlossen,3,"gratitude, joy, neutral"
wiege,2,"love, neutral"
gewöhnlich,2,"admiration, neutral"
singende,2,"neutral, sadness"
springende,2,"neutral, sadness"
prächtiges,2,"admiration, neutral"
zitterte,2,"admiration, neutral"
fresse,2,"love, neutral"
leben.,2,"joy, neutral"
versprichst,3,"caring, love, neutral"
eintrat,2,"neutral, surprise"
besänftigen,2,"love, neutral"
verzauberter,2,"love, neutral"
hinzugehen,2,"fear, neutral"
wiedersehen,2,"desire, neutral"
heiratete,5,"admiration, gratitude, joy, love, neutral"
erlösen.,2,"gratitude, neutral"
greif,2,"love, neutral"
vorkam,2,"gratitude, neutral"
küchlein,2,"joy, neutral"
schöneres,2,"admiration, neutral"
ruhte,2,"excitement, neutral"
mahl,3,"admiration, neutral, realization"
menschenleben,2,"grief, neutral"
wenigstens,2,"desire, neutral"
ersann,2,"disappointment, neutral"
nickte,2,"annoyance, neutral"
schwor,2,"annoyance, neutral"
wiederzufinden,2,"neutral, optimism"
hinterher,3,"fear, neutral, sadness"
fassten,2,"love, neutral"
erzittern,2,"disgust, neutral"
löste,2,"love, neutral"
moores,2,"neutral, sadness"
herrschte,5,"admiration, annoyance, neutral, realization, sadness"
dornenkönigin,3,"fear, neutral, optimism"
jenseits,2,"amusement, neutral"
erschreckte,2,"fear, neutral"
bosheit,5,"confusion, embarrassment, joy, neutral, optimism"
floh,7,"admiration, disappointment, disapproval, embarrassment, neutral, sadness, surprise"
ihresgleichen,2,"neutral, realization"
glocken,2,"joy, neutral"
klang,4,"amusement, curiosity, grief, neutral"
schoss,2,"anger, neutral"
zerfiel,3,"admiration, love, neutral"
stolperte,3,"anger, disgust, neutral"
tut.,2,"admiration, neutral"
tauschte,3,"admiration, fear, neutral"
rollten,2,"admiration, neutral"
starrte,2,"amusement, neutral"
flüsterte,7,"admiration, annoyance, disapproval, disgust, embarrassment, neutral, realization"
kalter,4,"curiosity, love, neutral, realization"
sechzehnten,2,"excitement, neutral"
röschen,4,"admiration, excitement, neutral, realization"
verfiel,2,"anger, neutral"
öden,2,"disappointment, neutral"
scheuten,2,"disgust, neutral"
erreichte,3,"joy, neutral, realization"
rauch,2,"annoyance, neutral"
zerbarst,2,"admiration, neutral"
jubel,2,"admiration, neutral"
erfüllte,4,"admiration, desire, joy, neutral"
jorik,3,"admiration, fear, neutral"
stillen,3,"admiration, joy, neutral"
vergingen,3,"admiration, neutral, realization"
stehle,2,"annoyance, neutral"
prächtigsten,2,"neutral, optimism"
mähne,2,"admiration, neutral"
verneigte,3,"joy, neutral, realization"
cinderlind,4,"admiration, neutral, optimism, sadness"
leise,4,"joy, neutral, sadness, surprise"
trösteten,2,"admiration, neutral"
entfloh,2,"neutral, sadness"
größter,4,"admiration, disappointment, fear, neutral"
erfuhr,2,"fear, neutral"
befreiten,2,"joy, neutral"
gläserne,2,"admiration, neutral"
warmer,2,"admiration, neutral"
hofes,3,"annoyance, neutral, sadness"
gebeugt,2,"nervousness, neutral"
fernes,2,"joy, neutral"
gelehrten,2,"neutral, realization"
—,15,"admiration, amusement, anger, annoyance, approval, confusion, disappointment, excitement, joy, love, neutral, optimism, realization, sadness, surprise"
leuchtend,2,"admiration, neutral"
selbst.,2,"neutral, realization"
zögerte,2,"disappointment, neutral"
liebreizende,2,"admiration, neutral"
nannten,4,"admiration, amusement, disgust, neutral"
schlüpfte,2,"disgust, neutral"
aufzustellen,2,"admiration, neutral"
erfand,2,"joy, neutral"
leuchtendes,2,"admiration, neutral"
palastes,2,"amusement, neutral"
leiser,2,"neutral, relief"
wispern,2,"joy, neutral"
funkelten,3,"admiration, disgust, neutral"
geküsst,3,"anger, disappointment, neutral"
flehte,2,"neutral, sadness"
seltsame,5,"amusement, disgust, embarrassment, fear, neutral"
bebte,5,"admiration, anger, neutral, sadness, surprise"
besaß,2,"admiration, neutral"
begreifen,4,"joy, neutral, realization, surprise"
bestrafen,3,"admiration, annoyance, neutral"
sehen.,2,"admiration, neutral"
gewölbe,2,"caring, neutral"
spürten,2,"admiration, neutral"
verbarg,3,"admiration, curiosity, neutral"
verrätst,2,"caring, neutral"
tragen.,2,"gratitude, neutral"
vorbeiging,2,"neutral, surprise"
kostbares,2,"admiration, neutral"
malfina,4,"love, neutral, realization, sadness"
stevan,3,"neutral, realization, sadness"
verkündete,2,"joy, neutral"
nannte,9,"admiration, amusement, annoyance, disappointment, gratitude, joy, love, neutral, realization"
herrlichen,2,"admiration, neutral"
rettete,5,"caring, fear, gratitude, grief, neutral"
zurücknehmen,2,"admiration, neutral"
siehe,3,"neutral, sadness, surprise"
atmet,2,"neutral, sadness"
küchenhilfe,2,"admiration, neutral"
erklärte,3,"admiration, neutral, realization"
funkelte,3,"amusement, joy, neutral"
mild,3,"gratitude, neutral, sadness"
befragte,2,"admiration, neutral"
empfingen,2,"joy, neutral"
offenen,2,"admiration, neutral"
gerechter,2,"neutral, optimism"
schweigend,2,"joy, neutral"
beugte,3,"love, neutral, realization"
winterwind,2,"admiration, neutral"
hannes,3,"admiration, neutral, sadness"
verstummt,2,"grief, neutral"
zurückzulassen,2,"neutral, relief"
umarmte,3,"joy, love, neutral"
morgenröte,2,"admiration, neutral"
fenstern,2,"love, neutral"
reines,2,"gratitude, neutral"
fernen,4,"admiration, approval, neutral, sadness"
edles,2,"admiration, neutral"
gebäck,3,"admiration, caring, neutral"
fröhlichen,2,"joy, neutral"
bann,3,"neutral, realization, sadness"
strahlte,2,"admiration, neutral"
feines,4,"disgust, joy, neutral, sadness"
blutes,2,"neutral, sadness"
glühte,2,"neutral, optimism"
flohen,3,"fear, joy, neutral"
scharfen,2,"disappointment, neutral"
trauriger,2,"neutral, sadness"
wunderte,3,"embarrassment, neutral, surprise"
beschuldigte,2,"annoyance, neutral"
gerechte,2,"approval, neutral"
herrin,2,"curiosity, neutral"
versank,2,"fear, neutral"
knetete,2,"admiration, neutral"
entschied,2,"neutral, realization"
flink,3,"joy, neutral, sadness"
freundes,2,"anger, neutral"
heimzukehren,2,"neutral, sadness"
betrat,2,"anger, neutral"
geöffnet,3,"curiosity, neutral, surprise"
endete,5,"disappointment, joy, neutral, realization, sadness"
zerlumpt,3,"disgust, embarrassment, neutral"
erkenntnis,3,"neutral, realization, sadness"
leichtfüßig,2,"admiration, neutral"
weiter.,2,"admiration, neutral"
schmaler,2,"admiration, neutral"
fröhlicher,3,"joy, neutral, realization"
tautropfen,2,"amusement, neutral"
unendlich,2,"neutral, sadness"
errichten,2,"disapproval, neutral"
gefunden.,2,"approval, neutral"
heimkehren,2,"amusement, neutral"
töricht,2,"neutral, realization"
annabeth,3,"admiration, fear, neutral"
begehrte,4,"desire, neutral, realization, surprise"
erinnerte,2,"admiration, neutral"
schmach,2,"disapproval, neutral"
bitterlich,3,"annoyance, neutral, sadness"
klagen,2,"anger, neutral"
wassers,2,"amusement, neutral"
‍,2,"neutral, sadness"
raupe,3,"admiration, disgust, neutral"
beschämt,2,"embarrassment, neutral"
davonlief,2,"anger, neutral"
unruhig,3,"nervousness, neutral, sadness"
verstummte,2,"neutral, surprise"
lastete,2,"neutral, remorse"
verschworen,2,"anger, neutral"
stimmte,2,"neutral, realization"
gewaltige,2,"curiosity, neutral"
entkamen,2,"disgust, neutral"
feierten,2,"joy, neutral"
krummen,3,"admiration, curiosity, neutral"
weiten,3,"caring, neutral, sadness"
ackers,2,"annoyance, neutral"
überheblich,2,"love, neutral"
unterschied,2,"annoyance, neutral"
revanche,2,"annoyance, neutral"
wichtigste,3,"disapproval, neutral, realization"
gleichgewicht,2,"amusement, neutral"
hüterin,2,"joy, neutral"
kostete,2,"approval, neutral"
leuchten,3,"excitement, fear, neutral"
siebzehn,2,"admiration, neutral"
kletterte,2,"admiration, neutral"
treuem,2,"gratitude, neutral"
warnte,5,"annoyance, caring, gratitude, neutral, sadness"
behauptete,2,"fear, neutral"
zweifel,2,"desire, neutral"
erreichten,3,"joy, love, neutral"
erschlug,2,"fear, neutral"
gierig,4,"admiration, annoyance, disapproval, neutral"
heirateten,3,"gratitude, joy, neutral"
treuer,4,"admiration, annoyance, joy, neutral"
geschieht.,2,"gratitude, neutral"
beisammen,3,"joy, love, neutral"
wacht.,2,"admiration, neutral"
entstand,2,"embarrassment, neutral"
demut,4,"joy, neutral, optimism, realization"
klugheit,3,"neutral, optimism, realization"
umfiel,2,"fear, neutral"
schlimmer,3,"fear, joy, neutral"
schnarchend,2,"disgust, neutral"
überlistete,2,"love, neutral"
lockte,4,"admiration, desire, love, neutral"
krallen,2,"disgust, neutral"
laden,3,"amusement, desire, neutral"
fassbare,2,"anger, neutral"
eingenommen,2,"neutral, sadness"
gestand,3,"disappointment, neutral, sadness"
tötete,2,"anger, neutral"
gefangenen,3,"joy, neutral, sadness"
scheiterte,2,"disappointment, neutral"
lauschte,2,"neutral, realization"
heimkehrte,3,"amusement, neutral, realization"
unversehrt,3,"joy, neutral, relief"
wackersteinen,2,"caring, neutral"
nähten,2,"neutral, sadness"
ideen,2,"admiration, neutral"
rollstuhl,2,"love, neutral"
label,2,"approval, neutral"
verliebte,2,"love, neutral"
kannten,3,"admiration, neutral, optimism"
leons,2,"excitement, neutral"
gewann,2,"grief, neutral"
wettbewerb,3,"neutral, optimism, sadness"
angebot,2,"disapproval, neutral"
zerbrach,4,"annoyance, disgust, neutral, sadness"
verliere,2,"disappointment, neutral"
besiegte,2,"neutral, realization"
zurückzuholen,2,"anger, neutral"
staunte,2,"admiration, neutral"
vierten,2,"fear, neutral"
siebten,2,"admiration, neutral"
scham,5,"annoyance, disgust, embarrassment, neutral, sadness"
jemandem,2,"admiration, neutral"
mitgefühl,2,"admiration, neutral"
hofmusiker,2,"love, neutral"
eitelkeit,2,"neutral, pride"
musiker,2,"disapproval, neutral"
verkleidung,2,"annoyance, neutral"
übermut,2,"admiration, neutral"
festmahl,2,"neutral, surprise"
bäckerstochter,2,"neutral, surprise"
weich,2,"neutral, sadness"
waldfrau,2,"nervousness, neutral"
pflichten,2,"neutral, pride"
schützend,2,"caring, neutral"
versorgen,2,"grief, neutral"
krüge,2,"approval, neutral"
irrte,2,"neutral, sadness"
the,2,"admiration, neutral"
ugly,2,"admiration, neutral"
stepsister,2,"admiration, neutral"
swedlandia,2,"admiration, neutral"
birnenförmige,2,"caring, neutral"
figur,3,"caring, desire, neutral"
bandwurm,2,"caring, neutral"
geformt,2,"admiration, neutral"
wohnten,3,"admiration, neutral, realization"
sophias,2,"neutral, surprise"
geistes,2,"neutral, sadness"
bewundern,2,"amusement, neutral"
beraubt,2,"anger, neutral"
verbot,2,"amusement, neutral"
zauber.,2,"love, neutral"
schicksals,2,"joy, neutral"
ansgar,2,"caring, neutral"
offenbar,2,"joy, neutral"
einfache,2,"admiration, neutral"
lerne,2,"admiration, neutral"
staunten,2,"admiration, neutral"
wagst,2,"anger, neutral"
stirbst,2,"approval, neutral"
verband,2,"admiration, neutral"
quaken,2,"joy, neutral"
königlicher,2,"love, neutral"
hoffen,2,"neutral, optimism"
tauchte,3,"love, neutral, sadness"
spöttisch,2,"admiration, neutral"
bedroht,2,"neutral, sadness"
schimpfte,2,"amusement, neutral"
wasserfällen,2,"neutral, optimism"
verwöhnt,2,"neutral, sadness"
wehrte,2,"neutral, surprise"
schlosspriester,2,"neutral, sadness"
vollzog,2,"neutral, sadness"
übergesetzt,2,"anger, neutral"
überqueren,3,"desire, neutral, realization"
hackten,2,"neutral, realization"
wich,3,"neutral, realization, sadness"
stummer,2,"annoyance, neutral"
tunnel,2,"fear, neutral"
wahnsinn,2,"annoyance, neutral"
umgestürzten,2,"neutral, sadness"
leuchter,2,"neutral, sadness"
verfallen,3,"grief, neutral, sadness"
sprich,3,"admiration, joy, neutral"
strauß,3,"gratitude, joy, neutral"
pflanzte,2,"gratitude, neutral"
ausgab,2,"love, neutral"
bärenfalle,2,"disgust, neutral"
wanderung,2,"neutral, sadness"
ruine,2,"neutral, sadness"
inne,2,"neutral, realization"
kutscher,2,"desire, neutral"
feierte,2,"joy, neutral"
bogenschießen,2,"neutral, surprise"
erhellte,3,"joy, neutral, realization"
regierung,4,"approval, grief, love, neutral"
vertrieb,3,"admiration, anger, neutral"
hässlich,3,"disappointment, disgust, neutral"
achtzehnten,4,"admiration, neutral, realization, sadness"
eifersucht,2,"neutral, sadness"
gerührt,3,"love, neutral, sadness"
überfielen,2,"disappointment, neutral"
gewährte,2,"fear, neutral"
jakub,2,"admiration, neutral"
bloßen,2,"admiration, neutral"
blau,3,"admiration, joy, neutral"
trauernden,3,"joy, neutral, sadness"
gänge,2,"curiosity, neutral"
felsigem,2,"neutral, realization"
erklang,2,"annoyance, neutral"
abgeschworen,2,"love, neutral"
üben,2,"excitement, neutral"
beeindruckt,2,"admiration, neutral"
barfuß,2,"love, neutral"
verdunkelte,2,"admiration, neutral"
verschont,4,"admiration, disappointment, love, neutral"
greis,2,"love, neutral"
geiz,2,"disapproval, neutral"
liege,2,"neutral, sadness"
grausam,2,"curiosity, neutral"
friedlichen,2,"excitement, neutral"
bekamen,2,"neutral, realization"
tiger,2,"nervousness, neutral"
bitteren,2,"annoyance, neutral"
bräche,2,"neutral, sadness"
einsamkeit,2,"admiration, neutral"
vollenden,2,"disapproval, neutral"
dumm,3,"admiration, annoyance, neutral"
melancholie,2,"grief, neutral"
stolperten,2,"anger, neutral"
drängte,3,"anger, neutral, sadness"
schranken,2,"joy, neutral"
fleck,2,"approval, neutral"
bewunderte,2,"admiration, neutral"
aufsuchen,2,"gratitude, neutral"
gleiten,2,"desire, neutral"
pläne,2,"disappointment, neutral"
geläutert,2,"approval, neutral"
brand,4,"embarrassment, neutral, relief, sadness"
wehen,3,"annoyance, neutral, sadness"
nottaufe,2,"fear, neutral"
behütet,2,"joy, neutral"
fasziniert,2,"admiration, neutral"
misstraute,2,"anger, neutral"
gelüftet,2,"anger, neutral"
hexenjäger,2,"anger, neutral"
ländern,2,"approval, neutral"
ältester,2,"neutral, sadness"
sturz,2,"joy, neutral"
verwechselt,2,"neutral, realization"
red,2,"fear, neutral"
riding,2,"fear, neutral"
hood,2,"fear, neutral"
kindheit,4,"admiration, joy, neutral, realization"
cesaires,2,"neutral, sadness"
widersprechen,2,"disapproval, neutral"
walnuss,2,"admiration, neutral"
allerleihaut,2,"neutral, realization"
ertrug,2,"caring, neutral"
entwich,2,"joy, neutral"
schande,2,"neutral, sadness"
altert,2,"annoyance, fear"
tiger.,2,"annoyance, nervousness"
heilkräfte,2,"annoyance, disappointment"
besaßen,2,"annoyance, disappointment"
ära,2,"annoyance, realization"
zünden,2,"annoyance, fear"
angefangen,2,"annoyance, curiosity"
anrührte,2,"annoyance, embarrassment"
tugend,2,"admiration, annoyance"
viere,2,"admiration, annoyance"
angestellt,2,"admiration, annoyance"
strafen,2,"admiration, annoyance"
schimmernden,2,"admiration, annoyance"
zerstörte,3,"anger, annoyance, sadness"
wissend,2,"amusement, annoyance"
zerstören,2,"annoyance, disgust"
staunend,2,"excitement, surprise"
zaubertricks,2,"amusement, excitement"
jubelt,2,"excitement, joy"
unbefangenheit,2,"admiration, approval"
verändert,3,"approval, caring, embarrassment"
gedrückt,2,"admiration, approval"
abgebissen,2,"anger, approval"
lächelnd,2,"approval, joy"
klarem,2,"admiration, approval"
jägers,3,"anger, gratitude, realization"
königreiches,2,"admiration, gratitude"
bedankt,3,"embarrassment, gratitude, love"
beschützt,2,"admiration, gratitude"
überschwänglich,3,"disappointment, embarrassment, gratitude"
nagt,2,"confusion, gratitude"
gebäude,2,"admiration, gratitude"
dankten,2,"fear, gratitude"
bedankte,2,"caring, gratitude"
diebe,2,"admiration, anger"
fürchterlichen,2,"admiration, fear"
herrschaftliche,2,"admiration, love"
erdboden,3,"admiration, disgust, sadness"
erstaunt,4,"admiration, amusement, curiosity, surprise"
schier,2,"admiration, desire"
wunderschönes,2,"admiration, caring"
hingezogen,2,"admiration, love"
schütze,2,"admiration, love"
wetten,3,"admiration, sadness, surprise"
verstorbene,2,"admiration, sadness"
erstaunen,2,"admiration, surprise"
wunderlich,3,"admiration, fear, surprise"
töchterlein,2,"admiration, love"
erwecken.,2,"admiration, caring"
hereintrat,2,"admiration, sadness"
gestürzt,3,"admiration, fear, remorse"
solls,2,"admiration, love"
bildnis,4,"admiration, curiosity, joy, sadness"
säle,2,"admiration, caring"
neugierde,2,"admiration, curiosity"
zerspringen,2,"admiration, fear"
anstellen,2,"admiration, desire"
traume,2,"admiration, fear"
wunderliche,2,"admiration, surprise"
garstig,2,"admiration, anger"
antun,2,"admiration, fear"
berühmteste,2,"admiration, caring"
türlein,2,"admiration, joy"
neugier,2,"admiration, curiosity"
dunklem,2,"admiration, sadness"
sigismund,2,"admiration, realization"
schleier,2,"admiration, realization"
auffiel,2,"admiration, curiosity"
anerkennung,2,"admiration, desire"
heilkunst,2,"admiration, realization"
lobte,2,"admiration, disappointment"
sohlbach,2,"admiration, joy"
unheimlich,2,"admiration, fear"
kaltes,2,"admiration, surprise"
meisten,2,"admiration, love"
untröstlich,2,"admiration, sadness"
kostet,2,"disappointment, sadness"
dreck,2,"disappointment, disapproval"
rauen,2,"disappointment, realization"
scheu,2,"disappointment, fear"
zugestoßen,2,"disappointment, fear"
fort.,4,"anger, disappointment, fear, nervousness"
stolzer,3,"disappointment, fear, pride"
munkelte,2,"disappointment, disgust"
entsetzt,4,"anger, disappointment, fear, sadness"
karoline,2,"disappointment, embarrassment"
küchenmädchen,2,"disapproval, surprise"
volksfest,2,"disapproval, disgust"
rieche,2,"disapproval, disgust"
dirne,2,"disapproval, love"
gutmachen,2,"fear, optimism"
fänden,2,"fear, sadness"
fürchteten,2,"fear, love"
gefährliches,2,"fear, realization"
unzufrieden,2,"embarrassment, sadness"
entfachte,2,"disgust, sadness"
erschallte,2,"amusement, sadness"
sterb,2,"caring, sadness"
bitterer,2,"love, sadness"
größtes,2,"realization, sadness"
vermummten,2,"disgust, sadness"
widersprach,2,"pride, sadness"
wünschten,2,"desire, optimism"
versöhnung,2,"joy, optimism"
künftige,2,"desire, optimism"
vogelkäfigen,2,"love, surprise"
zaubers,2,"love, surprise"
wüßten,2,"confusion, curiosity"
gewählt,2,"confusion, joy"
erleichtert,2,"joy, relief"
zuliebe,2,"joy, love"
vertraulich,2,"joy, love"
glich,2,"disgust, joy"
gefallen.,2,"caring, joy"
herzlich,3,"amusement, joy, love"
gelungen,2,"amusement, joy"
schließ,2,"joy, love"
berufe,2,"joy, love"
behilflich,3,"caring, curiosity, desire"
heftige,2,"caring, love"
gewordenen,2,"anger, realization"
narren,2,"love, realization"
süßen,2,"love, realization"
lustige,2,"amusement, love"
lautet,2,"curiosity, realization"
welch,2,"embarrassment, realization"
