Emotion,Token,Frequency
neutral,kleine,257
neutral,große,105
neutral,klaus,162
neutral,kleinen,140
neutral,dorf,7
neutral,wohnen,9
neutral,zwei,70
neutral,männer,19
neutral,namen,16
neutral,voneinander,2
neutral,unterscheiden,4
neutral,nennt,6
neutral,höhe,5
neutral,vermögens,1
neutral,großen,105
neutral,tages,32
neutral,reiche,7
neutral,gutsbesitzerstochter,1
neutral,dora,2
neutral,heiratet,7
neutral,guter,3
neutral,laune,3
neutral,macht,49
neutral,arme,45
neutral,angebot,3
neutral,acker,1
neutral,klein,11
neutral,solle,21
neutral,vier,17
neutral,pferde,29
neutral,leihen,4
neutral,schon,50
neutral,bald,33
neutral,arbeit,18
neutral,fertig,20
neutral,rest,2
neutral,woche,4
neutral,arbeiten,11
neutral,willigt,8
neutral,missfällt,1
neutral,nächsten,41
neutral,tag,54
neutral,überall,4
neutral,verkündet,4
neutral,wären,15
neutral,kurzerhand,4
neutral,geschäft,1
neutral,rückgängig,3
neutral,nimmt,30
neutral,eigenen,26
neutral,mageren,1
neutral,klepper,1
neutral,schweren,6
neutral,pflug,3
neutral,ziehen,12
neutral,tier,5
neutral,erschöpfung,1
neutral,zusammenbricht,2
neutral,bietet,8
neutral,zigeuner,5
neutral,taler,5
neutral,pferd,25
neutral,gleich,42
neutral,entscheiden,4
neutral,erst,43
neutral,später,33
neutral,zurückkommt,1
neutral,altes,12
neutral,fell,5
neutral,enttäuscht,4
neutral,packt,1
neutral,beutel,8
neutral,hause,59
neutral,spät,7
neutral,geworden,22
neutral,müllerin,7
neutral,weist,3
neutral,ab,62
neutral,angeblich,5
neutral,allein,36
neutral,müller,15
neutral,heimlich,18
neutral,durchs,5
neutral,fenster,46
neutral,schaut,2
neutral,sieht,33
neutral,reich,31
neutral,gedeckten,2
neutral,tisch,15
neutral,zusammen,34
neutral,liebhaber,4
neutral,haus,31
neutral,entdeckt,5
neutral,lädt,2
neutral,setzt,8
neutral,einfachen,1
neutral,haferbrei,3
neutral,abendessen,1
neutral,widerwillig,2
neutral,brei,2
neutral,essen,21
neutral,beginnt,9
neutral,kommt,43
neutral,tierhaut,1
neutral,eigenartig,1
neutral,knarrt,1
neutral,listig,2
neutral,meint,6
neutral,gast,1
neutral,hätte,49
neutral,zauberer,48
neutral,sack,45
neutral,sagte,435
neutral,sollen,13
neutral,lieber,20
neutral,leckeren,3
neutral,speisen,5
neutral,ofen,17
neutral,gezaubert,2
neutral,findet,25
neutral,gebratene,4
neutral,gans,3
neutral,weiteres,6
neutral,mal,40
neutral,„,241
neutral,spricht,4
neutral,“,239
neutral,verrät,2
neutral,beiden,58
neutral,rotwein,2
neutral,kamin,2
neutral,erklärt,7
neutral,teufel,10
neutral,unbedingt,10
neutral,sehen,112
neutral,gestalt,17
neutral,küsters,1
neutral,truhe,12
neutral,sitzen,15
neutral,tatsächlich,11
neutral,jemanden,7
neutral,küster,16
neutral,dorfes,1
neutral,aussieht,6
neutral,selber,2
neutral,besitzen,6
neutral,silbertaler,3
neutral,drin,2
neutral,allerdings,12
neutral,mitnehmen,3
neutral,wasser,122
neutral,werfen,8
neutral,lässt,38
neutral,unterwegs,13
neutral,frei,12
neutral,erfährt,10
neutral,eintauschen,1
neutral,bringt,8
neutral,schönen,29
neutral,zigeunern,2
neutral,verkaufen,12
neutral,tauscht,3
neutral,felle,4
neutral,denkt,6
neutral,häute,10
neutral,teuer,3
neutral,stadt,54
neutral,vergeblich,7
neutral,bemüht,3
neutral,schutt,1
neutral,finden,30
neutral,mittellos,1
neutral,kehrt,7
neutral,herberge,2
neutral,voll,19
neutral,asche,6
neutral,mitgenommen,2
neutral,gibt,23
neutral,wirt,13
neutral,verwahrung,1
neutral,trägt,8
neutral,ja,126
neutral,hineinzusehen,1
neutral,darinnen,2
neutral,widerstehen,2
neutral,wirklich,14
neutral,schenkt,3
neutral,ausgleich,1
neutral,wirtshaus,7
neutral,tochter,51
neutral,neidisch,2
neutral,überfällt,1
neutral,steckt,5
neutral,fluss,10
neutral,gerade,118
neutral,vorbeikommen,2
neutral,lenken,1
neutral,befreien,7
neutral,bringen,20
neutral,hochzeitsgeschenk,2
neutral,hochzeitsgästen,1
neutral,zählt,1
neutral,müllerpaar,1
neutral,plötzlich,26
neutral,fällt,8
neutral,silberschatz,2
neutral,versteckt,6
neutral,unversehrt,3
neutral,wiederfinden,1
neutral,inzwischen,23
neutral,hof,20
neutral,gejagt,3
neutral,enkelsohn,1
neutral,sohn,22
neutral,joe,6
neutral,beide,39
neutral,näherkommen,1
neutral,duttons,6
neutral,kinder,37
neutral,verirren,1
neutral,zunächst,12
neutral,währenddessen,16
neutral,aufgebrachte,3
neutral,menge,10
neutral,obdachlosen,2
neutral,protest,1
neutral,räumung,2
neutral,versammelt,3
neutral,gefängnis,8
neutral,ebenfalls,14
neutral,beruhigen,2
neutral,greift,2
neutral,betrunkener,2
neutral,waffe,3
neutral,haywood,6
neutral,dutton,5
neutral,erschießen,3
neutral,molly,3
neutral,rechtzeitig,5
neutral,gelungen,2
neutral,kommen,31
neutral,versöhnt,1
neutral,beschließt,8
neutral,häuser,7
neutral,schneekönigin,76
neutral,prophezeiung,3
neutral,besagt,1
neutral,sterne,12
neutral,nördlichen,2
neutral,himmels,6
neutral,aufs,4
neutral,neue,27
neutral,geboren,7
neutral,derjenige,4
neutral,schwarzen,23
neutral,schwert,11
neutral,eis,35
neutral,zerschlägt,2
neutral,kristallenen,2
neutral,grünen,39
neutral,stein,31
neutral,krone,26
neutral,dunkelheit,13
neutral,bedeckt,4
neutral,besitz,8
neutral,steins,1
neutral,gar,54
neutral,haupt,13
neutral,herrscher,4
neutral,welt,64
neutral,wäre,62
neutral,mehr,109
neutral,vorher,7
neutral,kristall,2
neutral,verwandeln,14
neutral,sonne,70
neutral,reif,2
neutral,hüllen,1
neutral,mond,17
neutral,silber,10
neutral,erbleichen,1
neutral,zeit,45
neutral,stehenbleiben,2
neutral,strand,9
neutral,gerda,196
neutral,kai,64
neutral,beim,36
neutral,spielen,12
neutral,düne,1
neutral,spieldose,6
neutral,ballerina,3
neutral,drei,59
neutral,goldenen,6
neutral,knöpfen,4
neutral,bekommt,8
neutral,erhält,7
neutral,knöpfe,8
neutral,nachts,17
neutral,geholt,3
neutral,fliegenden,3
neutral,pferdeschlitten,3
neutral,daraufhin,14
neutral,glühen,1
neutral,beginnen,6
neutral,wirft,4
neutral,kalte,12
neutral,erde,38
neutral,hinunter,20
neutral,morgen,47
neutral,betrübt,20
neutral,verschwinden,6
neutral,kais,13
neutral,straße,21
neutral,suche,18
neutral,begeben,4
neutral,boot,13
neutral,einsamen,3
neutral,hexe,67
neutral,beherrschte,1
neutral,wasserreich,3
neutral,gelockt,1
neutral,hilfe,20
neutral,verhexter,1
neutral,zuckerherzen,2
neutral,gebracht,15
neutral,vorhaben,1
neutral,vergessen,24
neutral,einsame,5
neutral,bleibt,16
neutral,geheimnis,5
neutral,täuscht,1
neutral,fortan,3
neutral,erscheinen,7
neutral,rosenmädchen,4
neutral,erzählen,13
neutral,mädchen,116
neutral,tanzen,22
neutral,befehlen,2
neutral,gehorchen,1
neutral,müssen,22
neutral,rosen,32
neutral,wänden,6
neutral,verwandelt,24
neutral,außerdem,4
neutral,raten,2
neutral,davonzuschleichen,1
neutral,schläft,1
neutral,folgt,15
neutral,rat,4
neutral,erwischt,5
neutral,trotzdem,2
neutral,entkommen,3
neutral,woraufhin,1
neutral,augenblicklich,5
neutral,vergeht,2
neutral,erlöst,4
neutral,kalten,9
neutral,derweil,1
neutral,eisigen,2
neutral,prinzen,77
neutral,erzählt,21
neutral,eisprinzen,3
neutral,mag,8
neutral,bittet,13
neutral,darum,17
neutral,zerschlagen,5
neutral,kronend,1
neutral,alte,97
neutral,kraft,8
neutral,verleihen,1
neutral,wodurch,5
neutral,erheben,3
neutral,unterdessen,4
neutral,zweiten,5
neutral,schloss,62
neutral,hingewiesen,1
neutral,geliebter,2
neutral,prinzessin,220
neutral,leben,54
neutral,heraus,26
neutral,handelt,6
neutral,frisur,1
neutral,neues,10
neutral,kleid,19
neutral,geschenk,6
neutral,sowie,12
neutral,paar,28
neutral,weitere,1
neutral,reise,16
neutral,mitgegeben,1
neutral,gemeinschaft,1
neutral,jedoch,46
neutral,räubern,5
neutral,überfallen,4
neutral,entführen,1
neutral,gaben,5
neutral,verliert,6
neutral,gesetzlosen,1
neutral,dafür,27
neutral,deren,24
neutral,lager,2
neutral,dritten,14
neutral,knopf,4
neutral,räuber,13
neutral,schlafen,23
neutral,entwendet,1
neutral,fliegendes,2
neutral,zauberrentier,2
neutral,womit,2
neutral,norden,4
neutral,begibt,5
neutral,dorthin,11
neutral,magischen,2
neutral,fertigkeiten,1
neutral,kaltherzigen,2
neutral,rentierschlitten,1
neutral,erdspalte,2
neutral,gestoßen,2
neutral,zauberin,6
neutral,nordens,2
neutral,begegnet,10
neutral,ebenbürtige,1
neutral,einst,20
neutral,wirr,1
neutral,wüst,1
neutral,licht,23
neutral,miteinander,5
neutral,rangen,1
neutral,zauberkräftiger,1
neutral,grüner,1
neutral,quelle,8
neutral,fiel,25
neutral,erstarrte,3
neutral,trachtet,1
neutral,danach,9
neutral,kristallstein,1
neutral,zurückzubekommen,1
neutral,langsam,4
neutral,erschöpfen,1
neutral,ewig,4
neutral,währen,1
neutral,gelingen,1
neutral,holen,12
neutral,darin,43
neutral,erstarren,3
neutral,sobald,14
neutral,nahe,18
neutral,käme,4
neutral,hände,35
neutral,wärme,7
neutral,strömt,2
neutral,menschen,93
neutral,benötigt,1
neutral,entführte,3
neutral,machte,29
neutral,bestimmten,2
neutral,stunde,7
neutral,zerbricht,1
neutral,aufsetzen,1
neutral,weißen,23
neutral,tarnumhang,2
neutral,mutige,1
neutral,richtigen,1
neutral,zeitpunkt,1
neutral,kurz,17
neutral,darauf,58
neutral,eintreffende,1
neutral,enttarnt,1
neutral,verzweifelt,13
neutral,fasst,3
neutral,hand,72
neutral,weglaufen,1
neutral,bewegen,6
neutral,eisige,2
neutral,zeigt,11
neutral,regung,1
neutral,angreifen,1
neutral,entgegen,14
neutral,guten,16
neutral,innewohnt,1
neutral,feuerbälle,2
neutral,hält,9
neutral,lange,33
neutral,eingefroren,3
neutral,daran,34
neutral,bekommene,1
neutral,setzen,12
neutral,erwacht,10
neutral,schwachen,1
neutral,rufe,2
neutral,gerdas,16
neutral,berührung,2
neutral,gelandet,1
neutral,knopfes,1
neutral,dunkle,5
neutral,zerstört,2
neutral,sand,8
neutral,vergraben,1
neutral,uraltes,3
neutral,märchen,16
neutral,armer,3
neutral,puppenspieler,10
neutral,präsentiert,3
neutral,abend,39
neutral,künste,4
neutral,ahnt,2
neutral,fortgehen,3
neutral,heimlicher,1
neutral,nacht,92
neutral,einschlafen,1
neutral,präsentieren,1
neutral,puppen,5
neutral,märchenspiel,1
neutral,soldat,51
neutral,puppenspielers,1
neutral,wurde,156
neutral,armee,1
neutral,entlassen,5
neutral,geht,35
neutral,arm,18
neutral,trifft,20
neutral,brunnen,6
neutral,goldvorkommen,1
neutral,lagern,1
neutral,hinab,21
neutral,gold,42
neutral,tornister,8
neutral,sammelt,2
neutral,verspricht,8
neutral,hochzuziehen,1
neutral,zurück,90
neutral,ans,10
neutral,tageslicht,7
neutral,befördern,1
neutral,versprechen,5
neutral,eilt,4
neutral,fort,62
neutral,soldaten,40
neutral,trick,2
neutral,gelangt,12
neutral,holt,5
neutral,besiegt,1
neutral,marktplatz,3
neutral,hochmütige,1
neutral,wirtstochter,3
neutral,sofort,32
neutral,verliebt,11
neutral,wirbt,2
neutral,viele,48
neutral,freier,16
neutral,verursacht,2
neutral,vater,62
neutral,wirts,1
neutral,verdruss,1
neutral,königreich,22
neutral,geld,45
neutral,reichen,9
neutral,ehemann,3
neutral,angewiesen,1
neutral,sodass,5
neutral,schäbigste,1
neutral,hotel,7
neutral,königreichs,3
neutral,bekanntschaft,2
neutral,kleineren,1
neutral,königreiches,4
neutral,geworben,1
neutral,zünden,1
neutral,steht,29
neutral,gute,11
neutral,feuerzeug,29
neutral,gerufen,1
neutral,wunsch,23
neutral,erfüllen,6
neutral,müsse,15
neutral,wünscht,8
neutral,her,19
neutral,fährt,5
neutral,kurze,7
neutral,himmelbett,4
neutral,schlafenden,4
neutral,stube,20
neutral,schlafende,2
neutral,glaubt,9
neutral,träume,9
neutral,spaziergang,2
neutral,dächer,2
neutral,erfreut,8
neutral,gewünschten,1
neutral,schnee,27
neutral,sommer,19
neutral,herbeizaubert,1
neutral,küssen,13
neutral,erkennt,5
neutral,traum,28
neutral,empört,3
neutral,davon,62
neutral,bett,25
neutral,merkwürdigen,1
neutral,genug,24
neutral,befindlichkeiten,1
neutral,ordnet,1
neutral,hochzeit,23
neutral,besteht,2
neutral,märchentraditionsgemäß,1
neutral,testen,1
neutral,stellt,14
neutral,knifflige,1
neutral,frage,17
neutral,mithilfe,2
neutral,zauberers,3
neutral,richtig,10
neutral,beantworten,2
neutral,darf,14
neutral,heiraten,19
neutral,befiehlt,3
neutral,dächern,2
neutral,bemerkt,7
neutral,rettende,1
neutral,hotelzimmer,1
neutral,liegt,15
neutral,beauftragt,4
neutral,kurzen,4
neutral,gerichtsverhandlung,2
neutral,erscheint,20
neutral,bereits,12
neutral,hinrichtung,6
neutral,beschlossen,3
neutral,löst,7
neutral,unsichtbar,5
neutral,fesseln,1
neutral,gefangenen,4
neutral,kettet,1
neutral,könig,101
neutral,zaubert,2
neutral,nase,6
neutral,möchte,20
neutral,schicksal,13
neutral,entgehen,1
neutral,heirat,4
neutral,wege,15
neutral,geleitet,4
neutral,aufgabe,1
neutral,erfüllt,9
neutral,verlangt,6
neutral,prinz,119
neutral,geliebte,5
neutral,suchen,16
neutral,letztendlich,2
neutral,ehe,19
neutral,sinnvoll,1
neutral,liebt,6
neutral,trennt,2
neutral,eheschließung,1
neutral,abschiedskuss,2
neutral,eröffnet,1
neutral,könne,39
neutral,sei,102
neutral,ort,3
neutral,verwurzelt,1
neutral,zurücklassen,1
neutral,versteht,4
neutral,puppentheater,2
neutral,kleinbauer,1
neutral,lebt,13
neutral,frau,106
neutral,sieben,6
neutral,kindern,6
neutral,ärmlichen,2
neutral,verhältnissen,1
neutral,montag,1
neutral,samstag,1
neutral,arbeitet,3
neutral,großbauer,1
neutral,sonntag,6
neutral,leiht,1
neutral,hans,58
neutral,feld,7
neutral,bestellen,2
neutral,familie,14
neutral,weiterhin,1
neutral,ernähren,1
neutral,haut,13
neutral,pferdes,2
neutral,markt,5
neutral,aufgrund,3
neutral,starken,4
neutral,regens,1
neutral,müllers,2
neutral,übernachten,3
neutral,schickt,9
neutral,kriecht,2
neutral,deswegen,3
neutral,boden,18
neutral,scheune,3
neutral,beobachtet,7
neutral,müllersfrau,1
neutral,verhältnis,1
neutral,empfängt,3
neutral,üppiges,1
neutral,vorsetzt,1
neutral,pferdefell,4
neutral,behauptet,4
neutral,beweist,1
neutral,vorhersagt,1
neutral,braten,8
neutral,kuchen,7
neutral,befinden,1
neutral,sogar,26
neutral,``,593
neutral,'',627
neutral,sitzt,12
neutral,nachhauseweges,1
neutral,dankbarkeit,2
neutral,schuhe,61
neutral,daheim,6
neutral,scheffelmaß,5
neutral,nachdem,13
neutral,mitbekommt,1
neutral,scheinbar,3
neutral,toten,11
neutral,bekommen,30
neutral,erschlägt,2
neutral,anschließend,2
neutral,versucht,16
neutral,wegen,7
neutral,preisvorstellungen,1
neutral,verjagt,1
neutral,zuvor,9
neutral,kirche,23
neutral,seelisch,2
neutral,stärken,2
neutral,davor,7
neutral,stehen,22
neutral,befreit,5
neutral,vorbeikommende,1
neutral,schäfer,2
neutral,füllen,2
neutral,steine,8
neutral,feind,1
neutral,geworfen,4
neutral,wenig,26
neutral,wiese,4
neutral,neben,10
neutral,schafherde,3
neutral,berichtet,12
neutral,grund,9
neutral,flusses,2
neutral,fee,17
neutral,tiere,5
neutral,geschenkt,4
neutral,ertrinkt,1
neutral,meerjungfrau,19
neutral,meereswelt,1
neutral,erdkugel,1
neutral,umspült,1
neutral,kreisende,1
neutral,–,77
neutral,strengen,1
neutral,auge,17
neutral,meerkönigs,4
neutral,tiefsten,4
neutral,stelle,12
neutral,see,29
neutral,wilde,13
neutral,klippen,7
neutral,ragen,1
neutral,nixen,1
neutral,meeresgrund,3
neutral,jüngsten,3
neutral,töchter,2
neutral,glänzenden,5
neutral,perlen,5
neutral,murmeln,1
neutral,ältere,2
neutral,heute,7
neutral,geburtstag,12
neutral,jüngere,2
neutral,übermütige,1
neutral,perlenspiel,1
neutral,singen,12
neutral,gesellt,1
neutral,singt,5
neutral,mitternacht/läuten,1
neutral,fern/glocken,1
neutral,hochzeit./da,1
neutral,braut/,1
neutral,schneeweiß,1
neutral,meerschaum,2
neutral,kleid./denn,1
neutral,wird/heiraten,1
neutral,heut/stolz,1
neutral,naht,1
neutral,könig/sie,1
neutral,seufzt,1
neutral,kummer./ja,1
neutral,liebe,18
neutral,voller,18
neutral,trauer,4
neutral,stürmisch,1
neutral,see/da,1
neutral,bricht,5
neutral,mast/so,1
neutral,treibt,4
neutral,schiff/hilflos,1
neutral,dahin/keiner,1
neutral,retten,15
neutral,spät./unten,1
neutral,strand/wartet,1
neutral,braut/weint,1
neutral,augen,88
neutral,aus/niemals,1
neutral,wieder./ja,1
neutral,trauer.,1
neutral,schiff,38
neutral,liedes,1
neutral,meereskönig,2
neutral,zauberischen,1
neutral,allsehenden,1
neutral,ringes,1
neutral,geblickt,1
neutral,lassen,27
neutral,zerschellt,1
neutral,sinkende,1
neutral,fracht,1
neutral,gleitet,1
neutral,sanft,5
neutral,herab,10
neutral,blaue,5
neutral,haar,20
neutral,schwester,38
neutral,erste,29
neutral,wasseroberfläche,3
neutral,seejungfrau,3
neutral,verzehrt,2
neutral,berichten,2
neutral,schwestern,20
neutral,großmutter,56
neutral,befragt,2
neutral,königin,42
neutral,nordmeer,1
neutral,schwärmt,1
neutral,nordlicht,1
neutral,gelben,4
neutral,meer,49
neutral,stöhnt,1
neutral,feuer,25
neutral,krieg,1
neutral,singenden,1
neutral,fischen,3
neutral,blumen,44
neutral,schafen,1
neutral,schafhirtprinzen,1
neutral,fragt,6
neutral,nixe,15
neutral,verbleib,1
neutral,mutter,49
neutral,300,1
neutral,jahre,30
neutral,alt,16
neutral,meere,17
neutral,übergangen,1
neutral,sehnsuchtsvoll,2
neutral,blickt,3
neutral,älteren,4
neutral,oberfläche,8
neutral,schwimmt,8
neutral,vergleicht,1
neutral,aussehen,9
neutral,frosch,2
neutral,vergangen,1
neutral,fest,35
neutral,bevor,35
neutral,bäumen,7
neutral,gefährlichen,3
neutral,kuss,14
neutral,königliche,7
neutral,meeresfamilie,3
neutral,kette,3
neutral,kostbaren,3
neutral,steinen,4
neutral,rote,6
neutral,inneren,2
neutral,meeresvulkans,1
neutral,gefunden,27
neutral,behausung,1
neutral,meereshexe,1
neutral,roten,32
neutral,zweimal,6
neutral,behielt,4
neutral,schenkte,7
neutral,stürme,5
neutral,besänftigen,2
neutral,begehren,1
neutral,wunderschöne,2
neutral,stimme,43
neutral,hören,21
neutral,weiß,34
neutral,/blendet,1
neutral,sinne/,1
neutral,rot,12
neutral,zweite/er,1
neutral,verschließt,1
neutral,lippen/,1
neutral,schwarz,4
neutral,dritte/er,1
neutral,versteinert,2
neutral,herzen/,1
neutral,wer,31
neutral,/der,1
neutral,spürt,2
neutral,nie,66
neutral,schmerzen.,1
neutral,segelt,4
neutral,oben,51
neutral,jungen,33
neutral,hört,14
neutral,sehnsucht,7
neutral,kurs,1
neutral,tiefe,12
neutral,meeres,7
neutral,schar,2
neutral,königlichen,8
neutral,begleiten,3
neutral,feiert,3
neutral,prächtigen,18
neutral,feuerwerk,2
neutral,kentern,1
neutral,schleicht,4
neutral,bewusstlosen,1
neutral,meeresschaum,6
neutral,auflöst,1
neutral,erdenmädchen,1
neutral,land,33
neutral,fröhlich,4
neutral,herbeireitet,1
neutral,schöne,19
neutral,kummervoll,1
neutral,meerkönig,5
neutral,lieblingstochter,1
neutral,streng,4
neutral,erdenprinz,1
neutral,immer,57
neutral,dunkelhaarige,2
neutral,denken,15
neutral,vorstellung,9
neutral,halben,3
neutral,jahr,12
neutral,meerprinzen,1
neutral,untergehenden,1
neutral,festes,2
neutral,gekommen,21
neutral,flüchtet,4
neutral,läuft,6
neutral,meerhexe,5
neutral,menschliche,6
neutral,erhalten,18
neutral,vollkommene,1
neutral,lied,9
neutral,erfüllte,3
neutral,herz,89
neutral,brechen,9
neutral,auflösen,1
neutral,brautwahl,1
neutral,wildheit,1
neutral,heimgesuchten,1
neutral,brautschau,1
neutral,staatsfinanzen,1
neutral,aufgewühlte,1
neutral,natur,3
neutral,zerrüttet,1
neutral,prinzessinnen,10
neutral,vielen,15
neutral,ländern,12
neutral,garten,37
neutral,wandelt,2
neutral,einsam,6
neutral,bildschöne,1
neutral,menschengestalt,1
neutral,trauen,1
neutral,reisen,7
neutral,innere,2
neutral,flehen,1
neutral,fischernetze,1
neutral,schweigen,3
neutral,muscheln,1
neutral,finanzen,1
neutral,sichern,1
neutral,schiffe,18
neutral,laufen,11
neutral,färbt,1
neutral,zuweilen,3
neutral,blutrot,1
neutral,blutigen,2
neutral,füße,16
neutral,reinigen,1
neutral,scheint,6
neutral,stummen,1
neutral,meeresschönen,1
neutral,zuneigen,1
neutral,südreichs,1
neutral,ratgeber,2
neutral,veranlassen,1
neutral,brautbesuch,1
neutral,fernen,2
neutral,südreich,2
neutral,südreiches,1
neutral,erkennen,9
neutral,meermädchen,2
neutral,benommen,1
neutral,hochzeitspaar,1
neutral,zauberschlaf,1
neutral,messer,13
neutral,sonnenaufgang,1
neutral,umbringen,2
neutral,ratlos,4
neutral,dolch,2
neutral,liebespaar,1
neutral,meervaters,1
neutral,mahnt,1
neutral,eile,3
neutral,drängt,2
neutral,fall,3
neutral,zerschellen,1
neutral,neigt,2
neutral,schrei,4
neutral,erwachen,2
neutral,braut,18
neutral,rauscht,2
neutral,erhebt,2
neutral,darüber,24
neutral,gesang,13
neutral,meermädchens,1
neutral,evan,28
neutral,zauberstab,3
neutral,verloren,12
neutral,daher,7
neutral,baum,20
neutral,rettet,2
neutral,freigibt,1
neutral,bart,10
neutral,gefällt,2
neutral,maria,28
neutral,wegzaubern,1
neutral,verstorbenen,2
neutral,königs,27
neutral,verschollenen,2
neutral,königssohn,3
neutral,rücken,27
neutral,muttermale,4
neutral,bestimmter,1
neutral,anordnung,1
neutral,endlich,35
neutral,gilt,3
neutral,verschollene,1
neutral,hofe,5
neutral,kanzler,3
neutral,krab,2
neutral,riege,1
neutral,alter,15
neutral,duckmäuserischer,2
neutral,räte,3
neutral,seite,27
neutral,tanzstunden,1
neutral,sprechunterricht,1
neutral,französischen,1
neutral,mechanikus,2
neutral,baut,2
neutral,mechanische,4
neutral,nachtigall,26
neutral,mechanisch,2
neutral,zudem,2
neutral,schneider,2
neutral,gewand,2
neutral,anstehenden,1
neutral,krönung,3
neutral,anfertigen,1
neutral,normalen,1
neutral,stoffen,2
neutral,besonderen,1
neutral,stoff,7
neutral,amtes,4
neutral,würdig,5
neutral,geben,20
neutral,unsichtbaren,3
neutral,schließlich,31
neutral,krönungsgewand,2
neutral,schneidern,2
neutral,folglich,1
neutral,unterwäsche,2
neutral,obwohl,17
neutral,boms,1
neutral,eigentlich,14
neutral,nacktheit,2
neutral,sagen,35
neutral,traut,1
neutral,tellerwäscherin,2
neutral,anstellung,2
neutral,ruft,4
neutral,bloßstellt,1
neutral,immerhin,1
neutral,fast,19
neutral,nackt,5
neutral,fassen,3
neutral,gelingt,10
neutral,flucht,8
neutral,taucht,3
neutral,beklagt,1
neutral,gutgemeinte,1
neutral,königswürde,2
neutral,vollkommen,4
neutral,verändert,3
neutral,gemeinsam,20
neutral,glas,18
neutral,verhüllte,1
neutral,rose,26
neutral,verfällt,2
neutral,schwermut,1
neutral,krank,3
neutral,künstliche,3
neutral,ertragen,4
neutral,stets,7
neutral,wald,36
neutral,fliegt,12
neutral,evans,1
neutral,gesund,4
neutral,erinnert,6
neutral,frühere,1
neutral,flieht,5
neutral,hinterlässt,1
neutral,nachricht,4
neutral,verzichtet,2
neutral,wünschen,4
neutral,trennen,4
neutral,mögen,4
neutral,wilden,13
neutral,schwäne,43
neutral,elisa,72
neutral,sechs,13
neutral,brüdern,11
neutral,versteckten,2
neutral,versprechens,1
neutral,zweiter,1
neutral,hielt,39
neutral,sicherer,1
neutral,verbergen,1
neutral,hexentochter,3
neutral,übrig,4
neutral,brüder,56
neutral,däumelinchen,49
neutral,handlung,1
neutral,weitestgehend,1
neutral,treu,2
neutral,andersens,3
neutral,herzenswunsch,1
neutral,kind,29
neutral,kröte,13
neutral,walnussschalenbett,1
neutral,entführt,6
neutral,ideale,1
neutral,ehepartie,1
neutral,kröterich-sohn,2
neutral,freunde,12
neutral,fallen,8
neutral,maikäfer,10
neutral,lustig,2
neutral,winter,43
neutral,unterschlupf,3
neutral,feldmaus,18
neutral,gegenleistung,2
neutral,helfen,16
neutral,gastgeberin,1
neutral,geschichten,8
neutral,besuch,12
neutral,älterer,1
neutral,blinder,2
neutral,wohlbetuchter,1
neutral,maulwurf,20
neutral,däumelinchens,2
neutral,angeholten,1
neutral,freundin,11
neutral,schwalbe,24
neutral,wärmeres,1
neutral,blüte,4
neutral,traumprinzen,1
neutral,elf,29
neutral,einzigen,6
neutral,verschollen,3
neutral,15-jähriges,1
neutral,verlassen,17
neutral,leute,30
neutral,schwänen,8
neutral,spur,1
neutral,elisas,3
neutral,nehmen,18
neutral,erneut,12
neutral,böse,15
neutral,stiefmutter,5
neutral,hemden,17
neutral,brennnesseln,12
neutral,flechten,4
neutral,überwerfen,2
neutral,zauber,17
neutral,gebrochen,5
neutral,wiederum,3
neutral,waldhütte,1
neutral,friedhof,5
neutral,ernten,1
neutral,hütte,7
neutral,stumme,3
neutral,kammer,13
neutral,einrichten,1
neutral,bisher,5
neutral,geflochtenen,1
neutral,vorrat,2
neutral,verwahren,2
neutral,schlafzimmer,3
neutral,brennnesselvorrat,1
neutral,aufgebraucht,3
neutral,pflanzen,6
neutral,pflücken,5
neutral,erzbischof,13
neutral,erneuten,1
neutral,friedhofsbesuch,1
neutral,zeuge,3
neutral,zusammentreffens,1
neutral,hexen,3
neutral,bevölkerung,1
neutral,urteil,2
neutral,garstiger,1
neutral,frauen,4
neutral,führt,7
neutral,tod,15
neutral,scheiterhaufen,8
neutral,droht,5
neutral,gefahren,1
neutral,fertigen,4
neutral,wagen,17
neutral,gelegt,6
neutral,fahrt,4
neutral,hastig,2
neutral,letzten,22
neutral,hemd,6
neutral,richtplatz,1
neutral,angekommen,9
neutral,zehn,12
neutral,überstreifen,2
neutral,elfte,1
neutral,bruder,15
neutral,schwan,11
neutral,fordert,6
neutral,trauern,3
neutral,legt,4
neutral,hut,5
neutral,verneigen,1
neutral,gehalten,3
neutral,sinnt,1
neutral,ausdenken,1
neutral,verzaubert,2
neutral,galoschen,57
neutral,demjenigen,6
neutral,sorge,14
neutral,bedenken,2
neutral,meinung,7
neutral,erfahrung,1
neutral,mensch,28
neutral,ewigen,5
neutral,glücklichsein,1
neutral,taugen,2
neutral,neuen,27
neutral,verlangen,4
neutral,lernfee,6
neutral,studenten,5
neutral,zurecht,3
neutral,herr,12
neutral,schulrat,3
neutral,zigarre,2
neutral,anzünden,2
neutral,niederen,1
neutral,kreisen,2
neutral,üblich,1
neutral,satan,1
neutral,angesehen,3
neutral,gesteckt,2
neutral,verzauberte,1
neutral,idee,4
neutral,versieht,3
neutral,junger,15
neutral,leutnant,1
neutral,ermahnt,1
neutral,pflichten,2
neutral,nachzukommen,1
neutral,ball,6
neutral,spieltisch,2
neutral,ganzes,5
neutral,vermögen,4
neutral,ehrenmann,2
neutral,tun,17
neutral,total,1
neutral,erschöpft,5
neutral,toter,3
neutral,todesähnlichen,3
neutral,schlaf,7
neutral,wissenschaftlern,2
neutral,rätseln,1
neutral,aufgibt,1
neutral,medizinstudenten,1
neutral,vorlesung,2
neutral,vorführen,1
neutral,denen,23
neutral,tote,6
neutral,füßen,24
neutral,abgenommen,1
neutral,urplötzlich,2
neutral,siehe,2
neutral,anatomisches,1
neutral,theater,4
neutral,gelangen,17
neutral,zaubergaloschen,1
neutral,assistenten,2
neutral,arztes,5
neutral,oper,3
neutral,chef,2
neutral,ersichtlichen,1
neutral,maßregelt,1
neutral,wächst,6
neutral,üppiger,2
neutral,ehrfurcht,1
neutral,angestellten,1
neutral,bevorzugt,1
neutral,behandelt,2
neutral,ganz,127
neutral,ersten,31
neutral,reihe,12
neutral,untergebracht,1
neutral,orchester,2
neutral,laut,22
neutral,situation,1
neutral,mitten,34
neutral,operngeschehen,1
neutral,gut,57
neutral,einzufügen,1
neutral,aufzufallen,2
neutral,versuch,1
neutral,opernbühne,1
neutral,gerät,5
neutral,tiefer,8
neutral,kulissen,1
neutral,sehnlicher,2
neutral,lauter,8
neutral,durcheinander,1
neutral,dampfbad,1
neutral,wundert,1
neutral,bademeister,1
neutral,eintrittskarte,1
neutral,assistent,3
neutral,opernkarte,1
neutral,bad,4
neutral,verrückt,4
neutral,wähnt,2
neutral,konzerthaus,1
neutral,irrenarzt,1
neutral,einfach,4
neutral,normal,2
neutral,rutschen,1
neutral,amtsschreiber,4
neutral,zieht,10
neutral,öde,1
neutral,vogel,24
neutral,papagei,16
neutral,käfig,9
neutral,gesetzt,7
neutral,ständig,4
neutral,plappert,1
neutral,worte,10
neutral,feen,10
neutral,nähe,3
neutral,benutzer,1
neutral,glücks,18
neutral,armen,19
neutral,zukommen,1
neutral,schafft,5
neutral,langem,2
neutral,bemühen,2
neutral,student,6
neutral,sowieso,1
neutral,gern,18
neutral,traumwelten,1
neutral,aufhält,2
neutral,verwundert,1
neutral,märchenhafter,2
neutral,wesen,9
neutral,wiederfindet,1
neutral,wohin,15
neutral,unbewusst,3
neutral,gewünscht,1
neutral,hierbei,1
neutral,auffällig,1
neutral,figuren,5
neutral,gerada,1
neutral,kay,87
neutral,standhafte,2
neutral,zinnsoldat,2
neutral,kaiser,86
neutral,kleider,36
neutral,schwefelhölzern,5
neutral,ole,2
neutral,lukøje,1
neutral,männchen,1
neutral,regenschirmen,1
neutral,heiratskandidat,1
neutral,schlosses,9
neutral,erwartet,6
neutral,protagonist,1
neutral,reisekamerad,30
neutral,eignung,1
neutral,beweisen,1
neutral,rätsel,4
neutral,lösen,6
neutral,nichtbeantwortung,1
neutral,todesstrafe,1
neutral,folge,3
neutral,bravour,1
neutral,fragen,13
neutral,scheitert,2
neutral,kerker,10
neutral,scharfrichter,5
neutral,entsprechend,1
neutral,tiefste,2
neutral,schlafmittel,1
neutral,entgeht,1
neutral,erwecken,2
neutral,auszieht,1
neutral,glücksfee,4
neutral,verschwindet,4
neutral,splash,2
neutral,junge,39
neutral,bauer,17
neutral,springt,4
neutral,familienreise,1
neutral,cape,3
neutral,cod,3
neutral,fähre,2
neutral,hübsches,4
neutral,zuschauer,2
neutral,fischschwanz,8
neutral,schnell,31
neutral,erwachsenen,2
neutral,freddie,4
neutral,besitzer,1
neutral,obst-,2
neutral,gemüsehandels,1
neutral,new,6
neutral,york,6
neutral,city,2
neutral,betrinkt,1
neutral,fahren,8
neutral,paranoiden,1
neutral,meeresbiologen,2
neutral,dr.,4
neutral,walter,1
neutral,kornbluth,6
neutral,winzigen,2
neutral,insel,7
neutral,übersetzen,1
neutral,dabei,19
neutral,unfall,3
neutral,stürzt,3
neutral,bewusstlos,2
neutral,herausfinden,2
neutral,küsst,4
neutral,blonde,1
neutral,rettete,4
neutral,beine,19
neutral,auffällt,1
neutral,schwanz,4
neutral,wiedersehen,1
neutral,deshalb,39
neutral,fischt,1
neutral,verlorene,1
neutral,brieftasche,3
neutral,tauchgang,1
neutral,freiheitsstatue,2
neutral,auftaucht,1
neutral,polizei,6
neutral,aufnimmt,1
neutral,ausflug,1
neutral,bloomingdale,1
neutral,’,4
neutral,s,1
neutral,kleidet,1
neutral,lernt,3
neutral,fernsehen,1
neutral,sprache,7
neutral,name,3
neutral,auszusprechen,1
neutral,hohe,4
neutral,frequenzen,1
neutral,zerspringen,4
neutral,spontan,1
neutral,madison,13
neutral,avenue,1
neutral,erwidert,1
neutral,sagt,20
neutral,vollmond,2
neutral,tage,35
neutral,bleiben,21
neutral,besessen,4
neutral,verlacht,1
neutral,verprügelt,1
neutral,öffentlichkeit,2
neutral,übergießen,1
neutral,meerjungfernschwanz,1
neutral,labor,2
neutral,untersucht,1
neutral,seziert,1
neutral,leidzutun,1
neutral,hilft,6
neutral,langen,30
neutral,verfolgungsjagd,2
neutral,springen,2
neutral,fürchtet,1
neutral,passieren,1
neutral,klar,11
neutral,tauchen,2
neutral,erbse,18
neutral,regen,9
neutral,gemäuer,1
neutral,schlichten,1
neutral,burg,6
neutral,blick,7
neutral,schild,3
neutral,gesucht,4
neutral,burginneren,1
neutral,neckt,1
neutral,pocht,1
neutral,tor,8
neutral,öffnet,6
neutral,triefendes,1
neutral,staunt,1
neutral,scherzt,1
neutral,vorgestellt,1
neutral,lachen,6
neutral,phantasterei,1
neutral,mädchens,5
neutral,aufbruch,1
neutral,kommenden,2
neutral,weckt,1
neutral,früh,11
neutral,reitet,3
neutral,anmutig,2
neutral,residiert,1
neutral,rosafarbenen,1
neutral,wasserschloss,2
neutral,schultern,5
neutral,schweinehirten,11
neutral,schlossmauer,1
neutral,lugt,1
neutral,prächtiger,4
neutral,anblick,1
neutral,goldbetresst,1
neutral,pflegt,2
neutral,rocaillen,1
neutral,gartens,4
neutral,trippelnd,2
neutral,rosa,3
neutral,rüschen,2
neutral,hoffräulein,3
neutral,natürliche,3
neutral,schweinerei,2
neutral,verspottet,2
neutral,schweinehirt,30
neutral,traurig,2
neutral,feldrain,2
neutral,spaß,1
neutral,neuer,8
neutral,verschmutzt,1
neutral,unerkannt,1
neutral,unterhält,1
neutral,glockenspielenden,1
neutral,töpfchen,6
neutral,gähnende,1
neutral,langeweile,1
neutral,vertreiben,1
neutral,glockenspiel,1
neutral,begier,1
neutral,musik,10
neutral,lieblich,4
neutral,auskunft,1
neutral,küchengerichte,1
neutral,verkauft,5
neutral,küsse,17
neutral,ziert,1
neutral,topf,12
neutral,schmutzigen,1
neutral,zehnmal,1
neutral,klingendes,1
neutral,spielzeug,4
neutral,melodie,3
neutral,oh,11
neutral,augustin,24
neutral,begehrlich,1
neutral,preis,2
neutral,hirt,1
neutral,hundert,19
neutral,prinzessinnen-küsse,1
neutral,hundertsten,2
neutral,rüschenfräulein,1
neutral,nunmehr,1
neutral,gerne,5
neutral,verweist,1
neutral,echten,4
neutral,verwöhnte,1
neutral,turandot,3
neutral,weitem,2
neutral,berge,24
neutral,wälder,12
neutral,mittelalterlich,1
neutral,ummauerten,1
neutral,ragt,2
neutral,hochgotisch,1
neutral,emporstrebend,1
neutral,schwarzem,2
neutral,tuch,4
neutral,umflatterte,2
neutral,warnende,1
neutral,bürger,3
neutral,aufzuhalten,4
neutral,flüstert,1
neutral,reite,1
neutral,verderben,1
neutral,palast,18
neutral,quirliger,2
neutral,kleiner,20
neutral,witz,2
neutral,gespräch,6
neutral,gehen,26
neutral,königstochter,13
neutral,anhält,1
neutral,tief,30
neutral,bekümmert,2
neutral,werben,2
neutral,bedingung,2
neutral,gestellt,8
neutral,dinge,8
neutral,erraten,2
neutral,dohlenumschwirrten,1
neutral,opfer,3
neutral,spiels,2
neutral,burghof,1
neutral,freude,15
neutral,verzichten,4
neutral,schwarze,13
neutral,schönheit,5
neutral,tödlichen,1
neutral,gefahr,6
neutral,rätsels,1
neutral,stellen,3
neutral,troll,10
neutral,schlafloser,1
neutral,davonreitende,1
neutral,weite,11
neutral,gänge,3
neutral,nymphen,1
neutral,dryaden,1
neutral,reigen,1
neutral,drehen,1
neutral,tanz,2
neutral,überlegen,2
neutral,beizukommen,1
neutral,erlenmädchen,1
neutral,antworten,4
neutral,erlauschen,1
neutral,schuh,11
neutral,handschuh,3
neutral,beantwortet,1
neutral,hofgesellschaft,1
neutral,erlösung,4
neutral,hoffnung,3
neutral,trollverblendung,1
neutral,erlösen,4
neutral,belauscht,1
neutral,liebste,2
neutral,diesmal,6
neutral,troll-kopf,2
neutral,kampf,7
neutral,vorgewiesene,1
neutral,kopf,59
neutral,lebensmüde,1
neutral,gestaltzerstörenden,1
neutral,fluch,8
neutral,öffentliche,1
neutral,bekenntnis,2
neutral,entstellten,1
neutral,aufgehoben,1
neutral,hiervon,1
neutral,wissen,23
neutral,wirkt,1
neutral,fragezeremonie,1
neutral,schwenkt,1
neutral,bedeutungsvoll,1
neutral,lebendige,2
neutral,dritte,13
neutral,gedacht,9
neutral,habt,7
neutral,gesteht,2
neutral,wahrheit,11
neutral,lebensgefährlich,1
neutral,liebster,3
neutral,feiern,1
neutral,getöteten,1
neutral,neuem,1
neutral,preziöse,1
neutral,müde,3
neutral,ferne,6
neutral,gegend,3
neutral,waldeinsamkeit,1
neutral,maler,5
neutral,muse,2
neutral,mäzenin,2
neutral,morgigen,2
neutral,denjenigen,4
neutral,gatten,1
neutral,wählen,4
neutral,unglaublichste,2
neutral,kunst,7
neutral,vollbringt,1
neutral,schlossgarten,4
neutral,liste,1
neutral,künstlerischen,1
neutral,darbietungen,1
neutral,platz,10
neutral,positioniert,1
neutral,musiker,3
neutral,spielt,3
neutral,klingt,1
neutral,ganze,64
neutral,recht,46
neutral,dissonant,1
neutral,lauten,3
neutral,liegen,16
neutral,gras,9
neutral,tänzer,3
neutral,hüpfen,1
neutral,vorbei,12
neutral,rezitieren,1
neutral,karneval,1
neutral,poet,2
neutral,erster,4
neutral,vortragen,1
neutral,reiben,1
neutral,pantomime,1
neutral,ausdrucksstarke,1
neutral,darbietung,1
neutral,herzenssehnsucht,1
neutral,lebensecht,1
neutral,ärmste,4
neutral,wahren,4
neutral,herzanfall,1
neutral,erliegt,1
neutral,stirbt,5
neutral,zartbesaitete,1
neutral,wohl,59
neutral,darauffolgenden,2
neutral,balletttänzer,1
neutral,wachsame,1
neutral,berater,1
neutral,vögelchen,1
neutral,einfängt,1
neutral,tanzender,1
neutral,leidenschaft,2
neutral,alleingelassen,1
neutral,bohrt,1
neutral,kunststück,1
neutral,kusshand,1
neutral,dröhnt,1
neutral,artifiziellen,1
neutral,machtvolles,1
neutral,hohngelächter,2
neutral,dümmliche,1
neutral,prinzesschen,1
neutral,fügt,1
neutral,zarte,1
neutral,händchen,1
neutral,eisenhand,1
neutral,rät,2
neutral,verstecken,2
neutral,richtige,5
neutral,müsste,2
neutral,winzige,3
neutral,unebenheit,1
neutral,bemerken,5
neutral,matratzen,9
neutral,eiderdaunendecken,2
neutral,geschichtet,1
neutral,zuunterst,1
neutral,mystische,1
neutral,kristallschale,1
neutral,kunstkammer,2
neutral,märchenerbse,1
neutral,zuletzt,20
neutral,däumeline,10
neutral,geschichte,14
neutral,jacquimo,3
neutral,komplizierte,1
neutral,liebesgeschichten,1
neutral,vernarrt,1
neutral,samenkorn,2
neutral,genannt,5
neutral,größer,26
neutral,daumen,4
neutral,feenprinzen,1
neutral,cornelius,3
neutral,kennen,12
neutral,aufmerksam,2
neutral,gleichen,7
neutral,fröschin,1
neutral,cassandra,1
neutral,gesangstruppe,2
neutral,grundel,4
neutral,frösche,1
neutral,seerosenblatt,3
neutral,fliehen,7
neutral,weiteren,2
neutral,turbulenzen,1
neutral,heimweg,1
neutral,fleht,1
neutral,entführung,1
neutral,erfahren,4
neutral,eltern,16
neutral,liebsten,2
neutral,entflieht,1
neutral,alten,42
neutral,frieda,1
neutral,meister,2
neutral,mole,1
neutral,vorstellt,1
neutral,verfallen,2
neutral,gestorben,10
neutral,nebenbei,1
neutral,karl,6
neutral,käfer,2
neutral,gewalt,3
neutral,teich,2
neutral,gestürzt,2
neutral,eisgefängnis,1
neutral,freundlich,9
neutral,gesinnte,1
neutral,insekten,2
neutral,tauen,1
neutral,däumelines,1
neutral,altar,3
neutral,überlegt,1
neutral,erdoberfläche,1
neutral,tal,3
neutral,hinbringen,1
neutral,aufgetaute,1
neutral,liefert,3
neutral,gewinnt,2
neutral,liebenden,2
neutral,treffen,4
neutral,aufeinander,1
neutral,mann,52
neutral,schlussendlich,1
neutral,flügel,15
neutral,kaisers,16
neutral,straßenjunge,2
neutral,tobias,8
neutral,freundet,1
neutral,lorenzo,11
neutral,hofschneider,2
neutral,aufwendigen,2
neutral,lebensstil,1
neutral,steuern,3
neutral,erhöhen,1
neutral,nötige,1
neutral,untertanen,5
neutral,aufbringen,1
neutral,meist,1
neutral,großer,20
neutral,armut,4
neutral,nachdenkt,1
neutral,modeschöpfer,2
neutral,einzustellen,1
neutral,plan,5
neutral,dienstherren,1
neutral,lehre,6
neutral,erteilen,4
neutral,pagen,3
neutral,fertigt,2
neutral,stoffresten,2
neutral,unübertreffliche,1
neutral,neueste,3
neutral,mode,2
neutral,major,3
neutral,gegenüber,8
neutral,einhält,1
neutral,beschließen,2
neutral,eitelkeit,3
neutral,packen,2
neutral,rächen,5
neutral,kostümiert,2
neutral,orientalische,1
neutral,tuchmacher,4
neutral,kehren,1
neutral,bitten,3
neutral,persönlich,1
neutral,sprechen,26
neutral,dürfen,8
neutral,edelsten,1
neutral,rohstoffe,2
neutral,stoffe,2
neutral,weben,7
neutral,ungeduld,1
neutral,wartet,1
neutral,vertrauten,4
neutral,nachsehen,2
neutral,weit,70
neutral,gediehen,1
neutral,natürlich,5
neutral,bewiesene,1
neutral,unfähigkeit,1
neutral,amt,5
neutral,zugeben,3
neutral,ergeht,2
neutral,bestätigt,1
neutral,eindruck,1
neutral,vorgängers,1
neutral,ungläubig,2
neutral,augenschein,1
neutral,herum,13
neutral,hofangestellten,1
neutral,schwärmen,3
neutral,gesamten,3
neutral,volk,21
neutral,entscheidung,1
neutral,überlassen,3
neutral,dumm,16
neutral,unfähig,2
neutral,gegensatz,1
neutral,hofstaat,10
neutral,gewändern,3
neutral,zeigen,6
neutral,umkleiden,2
neutral,scherz,2
neutral,getrieben,2
neutral,entschlossen,1
neutral,spiel,4
neutral,ende,15
neutral,führen,7
neutral,verlogenen,1
neutral,halbnackt,2
neutral,zuerst,12
neutral,jubeln,1
neutral,eingestehen,1
neutral,seien,12
neutral,kleines,41
neutral,ausruft,1
neutral,klärt,1
neutral,ehrlich,4
neutral,zukunft,2
neutral,erstes,3
neutral,zurückzahlen,1
neutral,hässliche,2
neutral,entlein,23
neutral,ente,13
neutral,enterich,5
neutral,ungeduldig,1
neutral,schlüpfen,3
neutral,ei,10
neutral,weißes,4
neutral,küken,11
neutral,töne,5
neutral,geraten,4
neutral,fremdling,2
neutral,streit,1
neutral,schwimmversuche,1
neutral,ausgeschlossen,2
neutral,wasserspiegelbild,1
neutral,anschluss,2
neutral,vogelfamilie,2
neutral,davongejagt,1
neutral,schwimmvogel,1
neutral,still,30
neutral,herzen,35
neutral,spielzeugente,2
neutral,schwanenfamilie,3
neutral,angeschwommen,1
neutral,jungtiere,2
neutral,schwanenmutter,2
neutral,aufgenommen,1
neutral,früheren,2
neutral,entenfamilie,1
neutral,selbstbewusst,1
neutral,sehnt,2
neutral,oft,9
neutral,streitereien,1
neutral,barbarischen,1
neutral,fischfresser,2
neutral,häufig,1
neutral,hofmusikant,2
neutral,sebastian,4
neutral,krabbe,1
neutral,unternehmungslustigen,1
neutral,arielle,28
neutral,freund,5
neutral,fabius,5
neutral,flounder,1
neutral,doktorfisch,1
neutral,nachspionieren,1
neutral,gewährleisten,1
neutral,anweisungen,1
neutral,vaters,20
neutral,meeresoberfläche,2
neutral,unbemerkt,2
neutral,seehexe,4
neutral,ursula,22
neutral,treiben,5
neutral,freunden,3
neutral,perfekte,2
neutral,chance,6
neutral,rache,1
neutral,triton,7
neutral,üben,2
neutral,verbannt,2
neutral,abends,15
neutral,beobachten,2
neutral,ehren,2
neutral,erik,18
neutral,prince,1
neutral,eric,1
neutral,arielles,10
neutral,ertrinken,2
neutral,gerettet,8
neutral,außer,13
neutral,wut,6
neutral,dreizack,5
neutral,eigenhändig,1
neutral,geheimes,1
neutral,versteck,1
neutral,gefundenen,1
neutral,souvenirs,1
neutral,menschenwelt,2
neutral,aufbewahrte,1
neutral,tagen,4
neutral,geküsst,2
neutral,seele,24
neutral,gehört,18
neutral,bezahlung,2
neutral,verwandelte,6
neutral,schnellstens,1
neutral,sogleich,25
neutral,geplant,1
neutral,ergründen,2
neutral,herkommt,1
neutral,genau,5
neutral,gegenteil,1
neutral,vanessa,3
neutral,lebensretterin,1
neutral,festgelegt,1
neutral,arrangement,1
neutral,ausläuft,1
neutral,falsche,1
neutral,seevögeln,2
neutral,attackiert,1
neutral,max,3
neutral,biss,4
neutral,ursulas,3
neutral,hinterteil,1
neutral,identität,2
neutral,aufklärt,1
neutral,begreift,1
neutral,untergehen,1
neutral,zurücktransformierte,1
neutral,tiefen,8
neutral,schaltet,1
neutral,handel,3
neutral,aufopfert,1
neutral,austauscht,1
neutral,tritons,1
neutral,ernennt,2
neutral,herrscherin,4
neutral,bedroht,3
neutral,harpune,2
neutral,vernichten,1
neutral,versehentlich,2
neutral,haustier-muränen,1
neutral,tötet,2
neutral,beseitigt,1
neutral,zorn,4
neutral,riesenkraken,1
neutral,gewaltigen,1
neutral,wirbel,1
neutral,herbeigesegelten,1
neutral,richtung,4
neutral,hinaus,48
neutral,strudel,2
neutral,herbeigewirbeltes,2
neutral,schiffswrack,2
neutral,bord,3
neutral,steuert,1
neutral,töten,9
neutral,rammt,1
neutral,bug,2
neutral,schiffes,7
neutral,all,27
neutral,ehemaligen,1
neutral,inklusive,1
neutral,meeresbewohnern,1
neutral,9,1
neutral,1⁄2-jährige,1
neutral,emil,16
neutral,waisenhaus,8
neutral,landfried,6
neutral,inga,13
neutral,eng,1
neutral,befreundet,1
neutral,ingas,5
neutral,ums,1
neutral,kaltherzige,1
neutral,hausmutter,2
neutral,hart,7
neutral,vorwand,1
neutral,verbesserung,1
neutral,lebensbedingungen,1
neutral,heim,15
neutral,bereichern,1
neutral,kalter,5
neutral,herablassung,1
neutral,äußerster,1
neutral,härte,1
neutral,geforderte,1
neutral,leistung,1
neutral,erbringt,1
neutral,stock,5
neutral,bestraft,2
neutral,weihnachtstag,1
neutral,hungrigen,2
neutral,frierenden,1
neutral,gelegenen,1
neutral,schwefelhölzer,5
neutral,meisten,5
neutral,groschen,4
neutral,winkt,1
neutral,keule,1
neutral,gebratenen,2
neutral,weihnachtsgans,2
neutral,belohnung,2
neutral,erregt,1
neutral,mut,19
neutral,kräftigen,1
neutral,zumeist,1
neutral,erfolglosen,1
neutral,bemühungen,1
neutral,aufmerksamkeit,1
neutral,diensthabenden,1
neutral,gendarms,1
neutral,erweist,1
neutral,hölzchen,6
neutral,abkauft,1
neutral,unbekannten,2
neutral,vertraut,1
neutral,tröstende,1
neutral,zurückwill,1
neutral,verfallenen,1
neutral,elternhaus,3
neutral,fremde,25
neutral,kalt,26
neutral,zündet,3
neutral,verbotenerweise,2
neutral,wärmespender,1
neutral,worauf,5
neutral,festlich,1
neutral,geschmückte,1
neutral,wohnzimmer,1
neutral,fremden,14
neutral,ermutigt,1
neutral,wobei,2
neutral,gesamte,2
neutral,bündel,9
neutral,brand,2
neutral,vorhang,2
neutral,herzlich,2
neutral,willkommen,3
neutral,heißen,5
neutral,schwefelhölzchen,9
neutral,abbrennt,1
neutral,spätabends,1
neutral,leblos,4
neutral,abgebrannte,3
neutral,visionen,1
neutral,anwesenheit,1
neutral,offenbar,2
neutral,engel,12
neutral,erfrierungstod,1
neutral,begleitet,1
neutral,vereint,1
neutral,zeitsprung,1
neutral,20-jährige,1
neutral,heimleiter,1
neutral,waisenhauses,1
neutral,frieden,5
neutral,heißt,3
neutral,gendarm,4
neutral,großzügige,1
neutral,spende,1
neutral,amulett,3
neutral,bild,4
neutral,statt,11
neutral,weise,5
neutral,verbunden,1
neutral,tölpelhans,19
neutral,klugen,9
neutral,melchior,4
neutral,gregor,4
neutral,täglichen,1
neutral,studium,1
neutral,widmen,1
neutral,kümmern,3
neutral,bote,2
neutral,gemahl,4
neutral,tausendschön,4
neutral,geheiß,1
neutral,bereit,6
neutral,räumt,1
neutral,unordentliche,1
neutral,glück,16
neutral,verhelfen,2
neutral,erscheine,1
neutral,schuldlos,2
neutral,unrecht,2
neutral,getan,6
neutral,eigener,3
neutral,wisse,3
neutral,unsicher,1
neutral,erobern,2
neutral,kennt,7
neutral,draußen,36
neutral,dennoch,2
neutral,schließt,7
neutral,dritt,1
neutral,rechten,8
neutral,erfragen,1
neutral,wohnt,10
neutral,seltsames,3
neutral,männlein,3
neutral,eingesperrt,2
neutral,hilferuf,1
neutral,bösewicht,2
neutral,wehr,1
neutral,indessen,1
neutral,mittagessen,4
neutral,gebeten,2
neutral,anstatt,2
neutral,erbringen,1
neutral,worten,10
neutral,eintrifft,1
neutral,begnügt,1
neutral,handvoll,2
neutral,körner,2
neutral,wegzehrung,2
neutral,mühle,3
neutral,anbietet,1
neutral,nachfolger,1
neutral,list,5
neutral,händen,29
neutral,räuberbande,4
neutral,königshof,2
neutral,bewerber,2
neutral,eingetroffen,1
neutral,ungewöhnliche,4
neutral,probe,4
neutral,praktisch,1
neutral,lösungen,2
neutral,reden,4
neutral,beeindrucken,1
neutral,ebenso,19
neutral,auswendig,7
neutral,gelernten,2
neutral,hofnachrichten,2
neutral,mitgebrachten,2
neutral,brautgeschenke,1
neutral,ungeschickt,3
neutral,anstellt,1
neutral,aufgaben,3
neutral,gewillt,1
neutral,erwählen,1
neutral,weniger,8
neutral,brautgeschenk,2
neutral,beweis,4
neutral,regieren,4
neutral,taugt,4
neutral,teilen,4
neutral,wen,1
neutral,wolle,22
neutral,entschwindet,1
neutral,häscher,2
neutral,gefolgt,2
neutral,tuchweber,1
neutral,kumpan,6
neutral,wanderschaft,1
neutral,hohen,21
neutral,mauer,8
neutral,umgeben,3
neutral,blinde,1
neutral,passagiere,1
neutral,dunkel,5
neutral,niemand,44
neutral,tür,29
neutral,aufgestellten,1
neutral,stand,79
neutral,zappeln,1
neutral,hervorgekommen,1
neutral,prompt,1
neutral,wachen,6
neutral,katrin,3
neutral,mitnahme,1
neutral,lehnen,1
neutral,bekleidungsministerin,4
neutral,kriegsfuß,1
neutral,unpassende,1
neutral,kreationen,1
neutral,schmuggeln,1
neutral,essenskiste,2
neutral,leidet,1
neutral,ministern,1
neutral,innenminister,2
neutral,zahlreiche,1
neutral,sonderagenten,1
neutral,verstehen,6
neutral,beschützen,4
neutral,marinejacke,1
neutral,erfindung,2
neutral,leer,6
neutral,wurden,47
neutral,verurteilt,2
neutral,tode,3
neutral,vorgabe,1
neutral,zumal,1
neutral,gefängniszelle,1
neutral,schaffen,2
neutral,versorgt,2
neutral,eifrig,3
neutral,verkünden,4
neutral,frohlockt,1
neutral,prophezeit,1
neutral,würdenträger,1
neutral,symbolisch,1
neutral,malt,1
neutral,köpfe,6
neutral,luftballons,1
neutral,genüsslich,1
neutral,zerstößt,1
neutral,festzug,1
neutral,ankündigen,1
neutral,ansehen,5
neutral,langer,2
neutral,überlegung,1
neutral,schluss,1
neutral,verstört,1
neutral,gesehen,33
neutral,tuchmachern,1
neutral,eingeweiht,1
neutral,außenminister,1
neutral,überheblichkeit,1
neutral,vortag,1
neutral,heimzuzahlen,1
neutral,schildern,1
neutral,blumigen,1
neutral,mitspielen,1
neutral,angekleidet,3
neutral,handschuhen,2
neutral,schärpe,1
neutral,stiefeln,3
neutral,hose,1
neutral,rock,3
neutral,wunderstoff,1
neutral,gewoben,1
neutral,hinweisen,1
neutral,mund,12
neutral,zugehalten,1
neutral,latte,1
neutral,zwiebel,1
neutral,unterhosen,1
neutral,warum,6
neutral,entrüstet,1
neutral,behaupten,1
neutral,tragen,17
neutral,resten,1
neutral,kaiserlichen,1
neutral,kleidung,7
neutral,hergestellt,1
neutral,verabschieden,1
neutral,zweit,1
neutral,schafhirten,1
neutral,jan,36
neutral,sterben,10
neutral,wucherer,3
neutral,übergeht,1
neutral,jans,3
neutral,kindheit,7
neutral,pest,2
neutral,vernichtet,1
neutral,half,11
neutral,verlangte,14
neutral,agnes,8
neutral,errät,1
neutral,sowohl,5
neutral,erfüllung,2
neutral,herzenswunsches,1
neutral,einzige,17
neutral,münze,3
neutral,ruhe,8
neutral,gaunern,1
neutral,geheimnisvoller,1
neutral,fremder,5
neutral,mehrmals,2
neutral,dämon,10
neutral,rubin,16
neutral,stehlen,3
neutral,verhindern,2
neutral,erreicht,9
neutral,warnung,1
neutral,falsch,4
neutral,16,1
neutral,ergriffen,4
neutral,höhle,9
neutral,dämons,1
neutral,lebenskraft,3
neutral,verwandelten,11
neutral,zehrt,1
neutral,braucht,7
neutral,ewige,4
neutral,erlangen,1
neutral,verschiedenen,1
neutral,gestalten,4
neutral,reisekameraden,6
neutral,verlässt,6
neutral,jakob,8
neutral,maja,7
neutral,greta,6
neutral,not,1
neutral,friedhelm,2
neutral,ausgibt,1
neutral,ändern,1
neutral,audienz,2
neutral,beste,6
neutral,weber,3
neutral,breit,5
neutral,allerschönsten,2
neutral,nähen,4
neutral,hätten,20
neutral,besonderheit,1
neutral,unverzeihlich,2
neutral,webstuhl,11
neutral,engsten,2
neutral,vorankommt,1
neutral,sähen,2
neutral,prächtig,8
neutral,dazustehen,1
neutral,anziehen,3
neutral,volke,2
neutral,aussage,1
neutral,unschuldigen,2
neutral,kindes,3
neutral,ziehgeschwister,2
neutral,winterabend,1
neutral,unfreundlichen,1
neutral,kommerzienrat,8
neutral,weiterzuverkaufen,1
neutral,weigert,7
neutral,vehement,1
neutral,untermieters,1
neutral,märchenerzählers,1
neutral,geschenke,5
neutral,dürfe,9
neutral,kündigt,1
neutral,beschweren,1
neutral,ewigem,1
neutral,wohlstand,1
neutral,abschied,4
neutral,eisklumpen,6
neutral,hängt,9
neutral,schlitten,23
neutral,frühjahr,3
neutral,zurückgekehrt,4
neutral,begegnen,2
neutral,rabe,2
neutral,krähe,29
neutral,klara,3
neutral,möglicherweise,1
neutral,bräutigam,5
neutral,elsa,39
neutral,namens,23
neutral,geschwätzige,1
neutral,elster,1
neutral,verwandte,1
neutral,goldene,8
neutral,kutsche,10
neutral,verfügung,1
neutral,sicher,17
neutral,elsas,5
neutral,gutmütiger,1
neutral,druck,1
neutral,kommerzienrates,1
neutral,einkerkern,1
neutral,märchenerzähler,5
neutral,duelliert,1
neutral,räuberhauptfrau,5
neutral,bande,1
neutral,goldkutsche,1
neutral,freuen,4
neutral,leichte,1
neutral,beute,1
neutral,ausliefern,2
neutral,spielkameradin,2
neutral,behält,2
neutral,umzubringen,2
neutral,räuberhöhle,1
neutral,entpuppt,1
neutral,verkleidete,2
neutral,räubertochter,3
neutral,ertappt,1
neutral,erweichen,2
neutral,sprechendes,2
neutral,rentier,27
neutral,frühling,15
neutral,innerlich,1
neutral,vereiste,1
neutral,mitzugehen,1
neutral,taut,1
neutral,weinenden,1
neutral,umarmt,2
neutral,geschwister,2
neutral,zurückzuhalten,1
neutral,angst,7
neutral,kaltes,3
neutral,rettung,3
neutral,verbreitet,1
neutral,getroffen,3
neutral,enkelkinder,1
neutral,glücklich,10
neutral,jemals,1
neutral,solange,3
neutral,zusammenhalten,1
neutral,getaner,1
neutral,kriegsarbeit,1
neutral,heimat,5
neutral,hohlen,7
neutral,letzte,18
neutral,unten,38
neutral,soviel,7
neutral,lächelnd,1
neutral,antwortet,2
neutral,heraufbringen,1
neutral,kletterte,5
neutral,stamm,3
neutral,hoch,42
neutral,seil,5
neutral,runter,1
neutral,befindet,4
neutral,tore,3
neutral,jeweils,1
neutral,hund,33
neutral,hunde,12
neutral,bewacht,2
neutral,münzen,3
neutral,kupfer,3
neutral,bedient,1
neutral,hochziehen,1
neutral,ankommt,1
neutral,herunterwerfen,1
neutral,los,15
neutral,abfangen,1
neutral,raus,1
neutral,schlange,2
neutral,säbel,8
neutral,reichtum,2
neutral,verschafft,1
neutral,schuster,2
neutral,somit,4
neutral,falschen,3
neutral,kosten,2
neutral,satt,2
neutral,gegessen,3
neutral,armselige,1
neutral,wirtsstube,1
neutral,umziehen,1
neutral,stiefel,12
neutral,zahlung,1
neutral,lehrling,1
neutral,fadem,1
neutral,kerze,6
neutral,anzuzünden,1
neutral,feuerzeuges,1
neutral,edlen,1
neutral,metallen,1
neutral,solvent,1
neutral,genauso,2
neutral,einzuschmeicheln,1
neutral,ohren,7
neutral,kupferschloss,2
neutral,weissagung,3
neutral,zufolge,1
neutral,gewöhnlichen,4
neutral,verlieren,9
neutral,aufgelösten,1
neutral,folgenden,6
neutral,nächten,1
neutral,kammerfrau,3
neutral,haustür,1
neutral,kreuz,3
neutral,kreide,3
neutral,zeichen,3
neutral,haustüren,1
neutral,nächte,5
neutral,zimmer,22
neutral,festgenommen,1
neutral,galgen,3
neutral,gehängt,3
neutral,pfeife,4
neutral,rauchen,2
neutral,schusterjungen,1
neutral,bewohner,3
neutral,verschlossen,4
neutral,klettern,1
neutral,polizist,1
neutral,herunterklettern,1
neutral,dreimal,6
neutral,schlägt,3
neutral,bergen,3
neutral,schoßhund,1
neutral,getötet,1
neutral,rolle,1
neutral,hausfrau,1
neutral,übernehmen,3
neutral,page,3
neutral,eissplitter,5
neutral,wiederzuerkennen,1
neutral,steigt,7
neutral,geheimnisvolle,3
neutral,unbekannte,1
neutral,hypnotisiert,1
neutral,spiegel,20
neutral,zusammensetzen,1
neutral,zerbrochen,2
neutral,fröhlichen,1
neutral,mütterlich,1
neutral,kümmert,2
neutral,ermöglicht,1
neutral,lebens,5
neutral,nachzuholen,1
neutral,abzuhalten,1
neutral,lautet,1
neutral,vergiss,1
neutral,einziger,8
neutral,sommerprinzessin,3
neutral,karte,19
neutral,tausch,1
neutral,teilzunehmen,1
neutral,verkuppeln,2
neutral,standhaft,2
neutral,egal,1
neutral,angeführt,2
neutral,herbst,10
neutral,einschreiten,1
neutral,verdanken,1
neutral,ermordet,2
neutral,behalten,8
neutral,fortzulaufen,2
neutral,erdloch,2
neutral,gesperrt,1
neutral,kerkerwand,1
neutral,kontakt,1
neutral,sprechenden,2
neutral,durchbricht,1
neutral,wand,9
neutral,zelle,1
neutral,überwältigen,1
neutral,räubermädchen,19
neutral,gepuzzelt,1
neutral,teilchen,1
neutral,fehlt,2
neutral,eisbär,1
neutral,spiegels,1
neutral,wind,32
neutral,getragen,9
neutral,zeigte,14
neutral,jahreszeiten,3
neutral,sahen,30
neutral,strahlte,3
neutral,strahlende,1
neutral,hineinsah,1
neutral,kälte,18
neutral,zusätzlich,1
neutral,belegt,1
neutral,jahreszeit,2
neutral,erden,4
neutral,nahm,80
neutral,himmel,33
neutral,zerbrach,3
neutral,verteilten,2
neutral,teile,2
neutral,spiegelstück,2
neutral,erreichen,6
neutral,empfangen,1
neutral,gleichzeitig,4
neutral,gemeinsame,1
neutral,bann,4
neutral,schreitet,1
neutral,splitter,4
neutral,berührt,6
neutral,vollenden,3
neutral,finalen,1
neutral,ecke,10
neutral,gedrängt,1
neutral,gegnerin,1
neutral,siegerin,1
neutral,entgegnet,1
neutral,presst,1
neutral,brosche,3
neutral,dadurch,5
neutral,wehrlos,1
neutral,wohlbehalten,1
neutral,schwiegersohn,2
neutral,lichterwald,4
neutral,bankrott,1
neutral,interessiert,6
neutral,genießen,3
neutral,ehelichen,1
neutral,kaisertochter,3
neutral,victoria,19
neutral,kaiserhof,3
neutral,gewinnen,3
neutral,tand,1
neutral,menschenhand,1
neutral,abweisen,1
neutral,verdingt,1
neutral,angebeteten,1
neutral,krämerladen,1
neutral,schief,5
neutral,krumm,5
neutral,seifenblasen,3
neutral,lieder,5
neutral,hervorzaubern,1
neutral,wundersame,1
neutral,ratsche,2
neutral,näher,10
neutral,innerhalb,3
neutral,100,1
neutral,sucht,4
neutral,park,1
neutral,mitzuteilen,1
neutral,hofball,2
neutral,verlobung,2
neutral,steinreichen,1
neutral,ferdinand,6
neutral,wasserfelde,2
neutral,krämern,2
neutral,erbittet,1
neutral,fürstliche,2
neutral,falschem,2
neutral,gefolgschaft,1
neutral,ausgeben,1
neutral,arrogante,1
neutral,mittlerweile,1
neutral,kaum,27
neutral,erwarten,1
neutral,kennenzulernen,1
neutral,contredanse,1
neutral,moment,10
neutral,unbeobachtet,1
neutral,größten,5
neutral,unglück,4
neutral,bewahren,2
neutral,leugnet,1
neutral,augustins,3
neutral,partie,1
neutral,aufgetan,1
neutral,kunigunde,1
neutral,hauptgläubigers,1
neutral,krämer,4
neutral,zurückzubringen,2
neutral,direkt,3
neutral,hochzeitstag,1
neutral,trauungszeremonie,1
neutral,fenstersims,1
neutral,niederlässt,1
neutral,nachgeritten,1
neutral,segen,4
neutral,streichhölzer,10
neutral,kauft,2
neutral,hella,15
neutral,elend,4
neutral,achtlos,1
neutral,vorbeigehende,1
neutral,passanten,3
neutral,wenigstens,2
neutral,einigermaßen,2
neutral,überleben,2
neutral,einzig,2
neutral,fritz,4
neutral,zeitungsausträger,1
neutral,ähnlich,2
neutral,schwer,6
neutral,überlebenskampf,1
neutral,eleganter,2
neutral,kurt,5
neutral,stahn,2
neutral,weges,2
neutral,rührt,2
neutral,hellas,1
neutral,obdach,1
neutral,zustand,1
neutral,schocks,1
neutral,einstige,1
neutral,streichholz-mädchen,1
neutral,traute,1
neutral,irrt,1
neutral,ziellos,1
neutral,straßen,12
neutral,umher,13
neutral,vertrautes,1
neutral,gesicht,19
neutral,vergangener,1
neutral,erblickt,5
neutral,rennt,2
neutral,knaben,8
neutral,zeitungsjunge,2
neutral,steuer,3
neutral,graf,2
neutral,tannen,2
neutral,stahns,1
neutral,schuldbewusst,1
neutral,adelige,1
neutral,streichholzmädchen,1
neutral,lotte,2
neutral,gesundpflegen,1
neutral,allmählich,2
neutral,lediglich,1
neutral,lungen,2
neutral,gelitten,4
neutral,schwört,1
neutral,plant,1
neutral,luxus,2
neutral,nachzujagen,1
neutral,holtings,1
neutral,gefühle,4
neutral,aufrichtig,1
neutral,genügen,1
neutral,gesamtes,1
neutral,bitter,2
neutral,wendet,2
neutral,holting,2
neutral,geh,4
neutral,leide,4
neutral,nächste,8
neutral,berthold,3
neutral,lohmann,2
neutral,betuchter,1
neutral,großindustrieller,1
neutral,wohnung,1
neutral,rahmen,1
neutral,neu-gatte,1
neutral,richard,4
neutral,rust,2
neutral,porträt,2
neutral,gesellschaftliche,1
neutral,anerkennung,1
neutral,unerheblich,1
neutral,raubbau,1
neutral,physischen,1
neutral,kräften,3
neutral,emotional,1
neutral,angesicht,1
neutral,todes,2
neutral,vermacht,1
neutral,verbliebenes,1
neutral,ponyo,23
neutral,abenteuer,4
neutral,goldfischmädchen,2
neutral,magier,2
neutral,fujimoto,8
neutral,gefangen,12
neutral,strandet,1
neutral,küste,5
neutral,sōsuke,16
neutral,lisa,9
neutral,kindertagesstätte,1
neutral,altersheim,1
neutral,nebenan,1
neutral,ponyos,5
neutral,verlust,1
neutral,trösten,3
neutral,abbringen,1
neutral,meeresgöttin,3
neutral,granmammare,8
neutral,nutzt,1
neutral,magie,10
neutral,sturm,15
neutral,aufzieht,1
neutral,sōsukes,1
neutral,altenheim,3
neutral,überschwemmt,1
neutral,bahn,2
neutral,satelliten,1
neutral,stürzen,3
neutral,weltordnung,2
neutral,wiederhergestellt,1
neutral,überschwemmung,1
neutral,fischform,1
neutral,lieben,11
neutral,fisch,7
neutral,versichert,1
neutral,form,3
neutral,annehmen,2
neutral,gleichgewicht,4
neutral,herzustellen,2
neutral,art,5
neutral,johann,17
neutral,einfacher,2
neutral,küchenjunge,3
neutral,träumt,2
neutral,feinen,8
neutral,gesellschaft,5
neutral,gehören,6
neutral,küche,6
neutral,schwingen,6
neutral,zepter,1
neutral,beziehungsweise,1
neutral,kochlöffel,1
neutral,großnichte,1
neutral,großherzogin,1
neutral,ottilie,1
neutral,stattfinden,3
neutral,kammerzofe,3
neutral,lisbeth,14
neutral,hegt,1
neutral,schauspielerin,2
neutral,seit,13
neutral,herzenswünsche,1
neutral,zufall,3
neutral,geschuldet,1
neutral,verstaubten,2
neutral,äußert,1
neutral,unglaubliche,1
neutral,geschieht,3
neutral,gekleidet,6
neutral,amadeus,5
neutral,laszlo,4
neutral,ludwig,5
neutral,gebräuchen,1
neutral,bekannt,4
neutral,tanzens,1
neutral,einweiht,1
neutral,ahnen,4
neutral,seltsamen,5
neutral,stimmt,3
neutral,insgeheim,1
neutral,lisbeths,1
neutral,verborgen,5
neutral,geblieben,2
neutral,picknick,1
neutral,aurora,4
neutral,vorbereitet,2
neutral,gründlich,2
neutral,wahres,1
neutral,offenbart,3
neutral,launisch,1
neutral,kapriziös,1
neutral,öfter,1
neutral,sinn,3
neutral,anhört,1
neutral,person,2
neutral,nachforschungen,2
neutral,angestellt,4
neutral,ergeben,1
neutral,geheure,1
neutral,hochstapler,1
neutral,ergreifen,2
neutral,sozusagen,1
neutral,adligen,1
neutral,nimmerwiedersehen,1
neutral,schauspielern,1
neutral,angeheuert,2
neutral,aufgetreten,2
neutral,blind,4
neutral,blenden,2
neutral,verzeihen,1
neutral,vergangenheit,2
neutral,antrag,1
neutral,wollten,40
neutral,haltung,1
neutral,gescheitert,1
neutral,weder,9
neutral,edle,1
neutral,tautropfen,1
neutral,benetzte,2
neutral,berückende,1
neutral,zuwider,1
neutral,künstlichen,2
neutral,dingen,3
neutral,fühlt,3
neutral,angezogen,2
neutral,entschluss,4
neutral,verkleiden,1
neutral,vorzusprechen,1
neutral,schweinestall,2
neutral,o,29
neutral,…,1
neutral,küchen,2
neutral,gekocht,3
neutral,hofnarren,1
neutral,hick,2
neutral,ehrlichherz,4
neutral,verbündeter,1
neutral,angebliche,2
neutral,rosenmund,8
neutral,widerstrebend,1
neutral,gewährt,2
neutral,hofdamen,17
neutral,ausprobieren,1
neutral,nächstes,1
neutral,knarre,2
neutral,schönsten,10
neutral,erklingen,2
neutral,vollständig,2
neutral,eingelöst,1
neutral,tritt,3
neutral,erlegt,1
neutral,strafe,2
neutral,klopft,2
neutral,regnerischen,1
neutral,hübsche,2
neutral,schlosstor,1
neutral,durchnässt,3
neutral,ersinnt,1
neutral,oberhofmeisterin,4
neutral,herauszufinden,1
neutral,decken,6
neutral,kissen,7
neutral,gestapelt,1
neutral,darunter,3
neutral,platziert,1
neutral,beschwert,1
neutral,hartem,2
neutral,gelegen,3
neutral,herkunft,1
neutral,erbracht,1
neutral,empfindlich,1
neutral,wirkliche,7
neutral,fridolin,2
neutral,frozen,2
neutral,eiskönigin,2
neutral,völlig,4
neutral,unverfroren,2
neutral,achtjährige,1
neutral,arendelle,12
neutral,besitzt,4
neutral,zauberkräfte,1
neutral,lage,2
neutral,frost,3
neutral,erzeugen,1
neutral,erzeugtem,1
neutral,unabsichtlich,1
neutral,fünfjährige,1
neutral,anna,33
neutral,königspaar,1
neutral,ersucht,1
neutral,felsbrocken,1
neutral,getarnte,1
neutral,trolle,1
neutral,häuptling,1
neutral,grand,3
neutral,pabbie,3
neutral,heilen,2
neutral,sicherheitshalber,1
neutral,erinnerung,7
neutral,kräfte,5
neutral,erwähnt,1
neutral,gefährlich,2
neutral,lernen,6
neutral,kontrollieren,2
neutral,deutet,2
neutral,ausgeht,2
neutral,schaffe,1
neutral,fähigkeiten,2
neutral,geheim,1
neutral,halten,14
neutral,königsfamilie,1
neutral,verbringt,1
neutral,meiste,1
neutral,entsteht,1
neutral,spalt,2
neutral,standen,38
neutral,21,1
neutral,bereiten,2
neutral,anwohner,1
neutral,krönungszeremonie,2
neutral,würdenträgern,1
neutral,herzog,2
neutral,pitzbühl,4
neutral,benachbarten,1
neutral,profit,1
neutral,ausschöpfen,1
neutral,aufgeregt,1
neutral,schlosstore,1
neutral,öffnen,3
neutral,herrschenden,1
neutral,einsamkeit,3
neutral,leidende,1
neutral,18,1
neutral,singend,2
neutral,attraktiven,1
neutral,südlichen,2
neutral,inseln,2
neutral,anfangs,3
neutral,zwischenfälle,1
neutral,einander,30
neutral,nähern,1
neutral,heiratsantrag,1
neutral,annimmt,1
neutral,argument,1
neutral,kenne,2
neutral,beschwört,2
neutral,riesigen,2
neutral,eispalast,7
neutral,bereitet,1
neutral,einsames,1
neutral,erweckt,2
neutral,nichtsahnend,1
neutral,schneemann,2
neutral,gemeinsamen,4
neutral,olaf,7
neutral,abreise,1
neutral,führung,1
neutral,oakens,1
neutral,berghütte,1
neutral,warme,6
neutral,bekleidung,1
neutral,besorgt,1
neutral,eislieferanten,4
neutral,kristoff,14
neutral,sven,2
neutral,überreden,2
neutral,nordberg,1
neutral,rückkehr,2
neutral,verletzen,3
neutral,hartnäckig,2
neutral,unverletzt,1
neutral,erscheinenden,1
neutral,fortgeht,1
neutral,riesiges,1
neutral,schneeungeheuer,1
neutral,hinauswirft,1
neutral,annas,1
neutral,haare,6
neutral,silbrig-weiß,1
neutral,färben,1
neutral,adoptivfamilie,1
neutral,trollen,2
neutral,akt,1
neutral,gefrorenes,2
neutral,auftauen,1
neutral,ansonsten,1
neutral,erfrieren,3
neutral,eisstatue,2
neutral,glauben,12
neutral,seinerseits,2
neutral,männern,1
neutral,pitzbühls,1
neutral,stürmen,1
neutral,versuchen,2
neutral,wehrt,1
neutral,erfolgreich,1
neutral,herabstürzendem,1
neutral,begraben,6
neutral,bewusstsein,1
neutral,verlies,4
neutral,sperren,1
neutral,verfügt,1
neutral,kaminzimmer,1
neutral,wirklichen,4
neutral,absichten,1
neutral,zwölf,4
neutral,chancenlos,1
neutral,thron,13
neutral,besteigen,1
neutral,löscht,1
neutral,überlässt,1
neutral,thronsaal,1
neutral,anwesenden,1
neutral,starb,3
neutral,eheversprechen,1
neutral,gegeben,10
neutral,befugt,1
neutral,beschuldigt,1
neutral,verantwortlich,2
neutral,hochverrates,1
neutral,vollstrecken,1
neutral,schneesturm,1
neutral,gefühlslage,2
neutral,auslöst,1
neutral,zugefrorenen,3
neutral,fjord,4
neutral,enthüllt,1
neutral,rauen,1
neutral,schale,2
neutral,schuld,5
neutral,verstorben,1
neutral,veränderten,1
neutral,hinterrücks,1
neutral,ermorden,1
neutral,letzter,4
neutral,schützend,1
neutral,erstarrt,4
neutral,schlüssel,7
neutral,kontrolle,2
neutral,verbannen,1
neutral,persönliches,1
neutral,mikroklima,1
neutral,schneewolke,2
neutral,warmen,21
neutral,übersteht,1
neutral,geschickt,3
neutral,bestrafung,1
neutral,zeiten,4
neutral,schließen,5
neutral,offiziellen,2
neutral,film,2
neutral,endet,4
neutral,eislaufen,1
neutral,kreierten,1
neutral,eisdecke,2
neutral,schlosshof,1
neutral,söhne,4
neutral,verschwundenen,1
neutral,wort,29
neutral,gerücht,1
neutral,gestreut,1
neutral,schweigt,1
neutral,webt,1
neutral,brennesselhemden,1
neutral,schwanenbrüdern,1
neutral,ignorieren,1
neutral,laternensockel,1
neutral,laternenanzünder,5
neutral,heruntergehoben,1
neutral,hinterhof,2
neutral,friert,4
neutral,entzündet,3
neutral,zögern,1
neutral,schein,4
neutral,lichts,1
neutral,wärmen,2
neutral,streichholz,11
neutral,zweite,9
neutral,entzündete,1
neutral,holz,3
neutral,reichgedeckten,1
neutral,tafel,3
neutral,imagination,1
neutral,schlittenfahrt,1
neutral,herrschaftlichen,2
neutral,villa,2
neutral,verbliebenen,1
neutral,fantasie,1
neutral,großmütterliche,1
neutral,reichgeschmückten,1
neutral,weihnachtsbaum,3
neutral,lichter,7
neutral,baums,1
neutral,erfrorene,2
neutral,geist,6
neutral,unheil,3
neutral,bosheit,4
neutral,machtgier,1
neutral,hinlänglich,1
neutral,bekannte,2
neutral,erben,3
neutral,existiert,1
neutral,testament,1
neutral,vorsieht,1
neutral,70.,1
neutral,abdanken,1
neutral,freizumachen,1
neutral,thronbesteigung,1
neutral,verheiratet,3
neutral,gesuchten,1
neutral,zuge,2
neutral,verbleibt,1
neutral,hofjunker,5
neutral,auszuschalten,1
neutral,barmherzigen,1
neutral,elternlose,1
neutral,zimmermann,3
neutral,leiterwagen,2
neutral,angetan,1
neutral,hofhauptmann,1
neutral,aufgewachsen,1
neutral,nachfragt,1
neutral,schmuck,2
neutral,verneint,1
neutral,barmherzige,2
neutral,leichtes,2
neutral,kopfschütteln,2
neutral,gelegenheit,4
neutral,aufsuchen,1
neutral,bettchen,1
neutral,eigene,9
neutral,betten,3
neutral,zimmern,3
neutral,freudestrahlend,1
neutral,wegzulaufen,1
neutral,mitteilen,1
neutral,heran,3
neutral,umhang,2
neutral,eigentum,2
neutral,wahrscheinlich,6
neutral,moor,6
neutral,versunken,4
neutral,zufällig,4
neutral,geglückten,1
neutral,unmöglich,3
neutral,eilen,2
neutral,sperrt,1
neutral,waisenkinder,2
neutral,entwenden,1
neutral,tut,6
neutral,misstrauen,2
neutral,schüren,2
neutral,prüfen,1
neutral,berg,6
neutral,unzähligen,5
neutral,hindurch,12
neutral,spüren,2
neutral,gespürt,1
neutral,wutentbrannt,1
neutral,zetert,1
neutral,nützt,2
neutral,the,6
neutral,red,4
neutral,shoes,4
neutral,sun-jae,5
neutral,herausfindet,1
neutral,betrügt,1
neutral,han,1
neutral,tae-soo,3
neutral,heruntergekommenes,1
neutral,apartment,3
neutral,goksung,1
neutral,station,1
neutral,u-bahn,1
neutral,merkwürdige,1
neutral,anziehungskraft,1
neutral,besessenheit,2
neutral,entwickeln,1
neutral,vermehrt,1
neutral,seltsam,2
neutral,benehmen,2
neutral,eifersucht,2
neutral,habgier,2
neutral,treten,4
neutral,umwelt,1
neutral,hintergründe,1
neutral,geheimnisvollen,1
neutral,schützen,2
neutral,cho,2
neutral,in-cheol,2
neutral,modell,1
neutral,werbeplakat,2
neutral,studentin,2
neutral,umgebracht,1
neutral,betrogen,1
neutral,anspricht,1
neutral,zeichnung,1
neutral,darstellt,1
neutral,weggenommen,1
neutral,verfolgt,3
neutral,gleis,1
neutral,nahegelegenen,1
neutral,u-bahn-station,1
neutral,dicht,20
neutral,kante,2
neutral,plattform,1
neutral,einfahrenden,1
neutral,zug,4
neutral,gleisbett,1
neutral,gezogen,5
neutral,sun-jaes,1
neutral,schuhen,9
neutral,ging,126
neutral,mehrere,4
neutral,personen,3
neutral,umbrachte,1
neutral,ballett,11
neutral,lermontov,19
neutral,royal,1
neutral,opera,1
neutral,house,1
neutral,tänzerin,5
neutral,vicki,10
neutral,publikum,1
neutral,anwesend,2
neutral,beeindruckt,1
neutral,veranstaltet,1
neutral,vickis,2
neutral,tante,9
neutral,party,1
neutral,boris,2
neutral,menschenscheue,1
neutral,perfektionistische,1
neutral,manager,1
neutral,balletts,4
neutral,musikstudenten,1
neutral,julian,15
neutral,craster,4
neutral,professor,3
neutral,lermontovs,1
neutral,kompositionen,2
neutral,plagiiert,1
neutral,klavier,1
neutral,engagiert,2
neutral,korrepetitor,1
neutral,musikalischen,1
neutral,leiter,2
neutral,livy,1
neutral,wichtigen,1
neutral,mitgliedern,1
neutral,bühnenbildner,1
neutral,sergei,1
neutral,ratov,1
neutral,choreograph,1
neutral,grischa,1
neutral,ljubov,1
neutral,haupttänzer,1
neutral,ivan,1
neutral,irina,3
neutral,ensemble,2
neutral,herauszuragen,1
neutral,produktion,1
neutral,schwanensee,1
neutral,paris,1
neutral,monte,3
neutral,carlo,3
neutral,bisherige,1
neutral,haupttänzerin,1
neutral,aussteigt,1
neutral,quittiert,1
neutral,verachtung,1
neutral,enttäuschung,1
neutral,star,1
neutral,potenzial,1
neutral,titelrolle,1
neutral,komponiert,1
neutral,basiert,1
neutral,gleichnamigen,1
neutral,christian,2
neutral,andersen,2
neutral,aufhören,1
neutral,verlieben,2
neutral,proben,3
neutral,stück,21
neutral,aufführung,3
neutral,erfolg,2
neutral,untersagt,1
neutral,liaison,1
neutral,konzentrieren,1
neutral,etwa,2
neutral,reist,2
neutral,wütende,1
neutral,ausstieg,1
neutral,repertoire,1
neutral,genommen,11
neutral,getanzt,5
neutral,überzeugt,3
neutral,magisch,1
neutral,balkon,2
neutral,bahnhof,1
neutral,herbei,5
neutral,bitte,2
neutral,auszuziehen,2
neutral,trotz,5
neutral,stattfindet,1
neutral,erschüttert,1
neutral,wirkenden,1
neutral,angekündigt,1
neutral,scheinwerfer,2
neutral,leeren,13
neutral,besetzen,1
neutral,little,2
neutral,match,2
neutral,girl,2
neutral,winterlichen,1
neutral,ware,1
neutral,hungrig,4
neutral,schaufenster,2
neutral,bäckers,2
neutral,ausgelacht,2
neutral,anzündet,1
neutral,wärmt,1
neutral,phantasie,2
neutral,großes,20
neutral,kaminfeuer,2
neutral,bläst,2
neutral,weswegen,1
neutral,zweites,4
neutral,ausgeblasen,1
neutral,drittes,1
neutral,letztes,3
neutral,umtanzen,1
neutral,starker,1
neutral,fegt,1
neutral,herrlichkeit,3
neutral,puppe,6
neutral,winterlandschaft,1
neutral,brennende,1
neutral,zerfließt,1
neutral,berühren,3
neutral,reglos,2
neutral,verloschenen,1
neutral,strahlt,1
neutral,schweben,2
neutral,hinauf,37
neutral,zahlreichen,1
neutral,pepolino,32
neutral,hildegard,4
neutral,pepolinos,5
neutral,großvater,7
neutral,dreizehn,2
neutral,jahren,10
neutral,schatzkarte,8
neutral,piraten-trio,2
neutral,rotbart,7
neutral,holzbein,7
neutral,glasauge,7
neutral,geschmeide,2
neutral,unermesslichem,2
neutral,wert,4
neutral,mitgift,2
neutral,saba,4
neutral,jacob,5
neutral,fische,14
neutral,fangen,4
neutral,singerei,1
neutral,hafen,5
neutral,granny,10
neutral,auslösen,1
neutral,zahlt,1
neutral,hafenmeister,2
neutral,don,6
neutral,poco,7
neutral,schlacht,2
neutral,bestritten,1
neutral,schatz,12
neutral,kapitän,6
neutral,babaluk,16
neutral,seacat,5
neutral,geschleppt,2
neutral,verweigert,1
neutral,gefecht,2
neutral,großvaters,3
neutral,gestohlen,4
neutral,zurückzuholen,3
neutral,fetzen,2
neutral,papier,6
neutral,ganzen,48
neutral,ausgelaufen,2
neutral,schiffsmannschaft,1
neutral,treuen,1
neutral,schiffsratte,2
neutral,studiert,1
neutral,entsetzt,2
neutral,gebiet,3
neutral,segeln,3
neutral,bauchnabel,2
neutral,teufels,2
neutral,lebend,1
neutral,zurückgekommen,1
neutral,unwesen,2
neutral,kapitäns,1
neutral,vertreibt,1
neutral,mora,11
neutral,entzückt,6
neutral,einholt,1
neutral,ratte,3
neutral,hinüber,3
neutral,schlafend,2
neutral,dicke,4
neutral,katze,2
neutral,babette,4
neutral,jagd,4
neutral,zurückzukommen,2
neutral,diebstahl,2
neutral,rudert,1
neutral,bräuchte,1
neutral,distanziert,1
neutral,kanone,1
neutral,beschießen,1
neutral,sinken,2
neutral,schiffbrüchig,1
neutral,aufnehmen,1
neutral,versenken,1
neutral,gegenzug,2
neutral,piratentrios,2
neutral,schatzinsel,2
neutral,folgen,3
neutral,hildegards,2
neutral,verfolger,1
neutral,kämpfen,1
neutral,tot,20
neutral,geglaubten,1
neutral,teil,8
neutral,beiträgt,1
neutral,neptun,2
neutral,erzeugt,1
neutral,springflut,2
neutral,hexenberg,2
neutral,einsturz,2
neutral,schwimmend,4
neutral,untergegangenen,1
neutral,kiste,21
neutral,schatzkiste,2
neutral,beheiztes,2
neutral,glashaus,3
neutral,gebaut,5
neutral,wachsen,6
neutral,wütend,1
neutral,verhöhnt,2
neutral,schleudert,1
neutral,kays,2
neutral,schlagartig,1
neutral,liebenswerte,1
neutral,scheibe,5
neutral,glashauses,2
neutral,blühenden,3
neutral,schneelandschaft,2
neutral,willig,2
neutral,halb,14
neutral,einkehrt,1
neutral,flussufer,1
neutral,kahn,2
neutral,blühende,1
neutral,flora,6
neutral,sommerlichen,1
neutral,herrlicher,1
neutral,blütenpracht,1
neutral,einfältige,1
neutral,pflanzensaft,2
neutral,trinken,9
neutral,vorübergehend,1
neutral,vergisst,1
neutral,länger,5
neutral,herrschaftliche,1
neutral,anwesen,1
neutral,feststellen,1
neutral,sehnsüchtigen,1
neutral,weiterziehen,2
neutral,indes,1
neutral,gefühlskalten,1
neutral,eisscherbe,2
neutral,schneidet,1
neutral,tropfen,9
neutral,blut,13
neutral,unternimmt,1
neutral,fluchtversuch,1
neutral,wegbringen,1
neutral,fürchten,3
neutral,abschlagen,2
neutral,fügen,1
neutral,wandert,1
neutral,schnees,1
neutral,entkräftet,1
neutral,lappin,8
neutral,päppelt,1
neutral,sodann,1
neutral,gestärkt,2
neutral,scherben,2
neutral,seht,6
neutral,gemacht,9
neutral,eigenschaft,1
neutral,besaß,10
neutral,spiegelte,2
neutral,zusammenschwand,1
neutral,taugte,2
neutral,schlecht,4
neutral,ausnahm,1
neutral,hervortrat,2
neutral,ärger,2
neutral,äußerst,1
neutral,belustigend,1
neutral,fuhr,21
neutral,frommer,1
neutral,gedanke,5
neutral,grinsen,1
neutral,koboldschule,2
neutral,besuchten,3
neutral,erzählten,8
neutral,wunder,2
neutral,geschehen,8
neutral,meinten,1
neutral,aussähen,1
neutral,liefen,9
neutral,gab,50
neutral,verdreht,1
neutral,erschienen,6
neutral,je,17
neutral,höher,8
neutral,flogen,23
neutral,grinste,1
neutral,konnten,29
neutral,festhalten,3
neutral,groß,34
neutral,klumpen,1
neutral,bekamen,5
neutral,spiegelscherbe,1
neutral,m,1
neutral,greulich,2
neutral,spiegelscherben,1
neutral,fensterscheiben,1
neutral,verbraucht,1
neutral,scheiben,3
neutral,betrachten,3
neutral,glasscherben,1
neutral,luft,39
neutral,knabe,11
neutral,drinnen,12
neutral,blumentöpfen,2
neutral,begnügen,1
neutral,größeren,1
neutral,blumentopf,2
neutral,besaßen,2
neutral,wohnten,5
neutral,dachkammern,1
neutral,dach,7
neutral,nachbarhauses,1
neutral,stieß,15
neutral,wasserrinne,1
neutral,entlang,3
neutral,lief,28
neutral,brauchte,5
neutral,rinne,2
neutral,schreiten,1
neutral,konnte,180
neutral,beiderseits,1
neutral,hölzernen,2
neutral,kasten,6
neutral,wuchsen,14
neutral,küchenkräuter,1
neutral,brauchten,1
neutral,rosenstock,1
neutral,quer,3
neutral,reichten,2
neutral,blumenwällen,1
neutral,erbsenranken,1
neutral,hingen,8
neutral,herunter,11
neutral,rosenstöcke,1
neutral,schossen,5
neutral,zweige,12
neutral,rankten,2
neutral,bogen,6
neutral,sah,148
neutral,ehrenpforte,1
neutral,blättern,8
neutral,wußten,7
neutral,hinaufkriechen,1
neutral,durften,7
neutral,zueinander,3
neutral,erhielten,7
neutral,erlaubnis,9
neutral,hinauszusteigen,1
neutral,schemeln,1
neutral,spielten,9
neutral,zugefroren,1
neutral,wärmten,1
neutral,kupferschillinge,3
neutral,legten,4
neutral,schilling,1
neutral,gefrorene,2
neutral,entstand,4
neutral,schönes,4
neutral,guckloch,1
neutral,rund,6
neutral,dahinter,4
neutral,blitzte,6
neutral,mildes,1
neutral,hieß,7
neutral,sprunge,1
neutral,mußten,11
neutral,treppen,4
neutral,stob,2
neutral,bienen,2
neutral,fragte,60
neutral,wußte,43
neutral,dichtesten,1
neutral,mitternacht,2
neutral,fenstern,7
neutral,hinein,63
neutral,frieren,5
neutral,sonderbar,4
neutral,laß,12
neutral,setze,6
neutral,schmilzt,1
neutral,glättete,2
neutral,erzählte,41
neutral,entkleidet,1
neutral,stuhl,4
neutral,guckte,1
neutral,loch,13
neutral,schneeflocken,11
neutral,fielen,20
neutral,allergrößte,2
neutral,blieb,37
neutral,blumenkastens,1
neutral,schneeflocke,2
neutral,wuchs,9
neutral,frauenzimmer,2
neutral,feinsten,2
neutral,flor,2
neutral,millionen,6
neutral,sternartiger,1
neutral,flocken,1
neutral,zusammengesetzt,2
neutral,lebendig,10
neutral,blitzten,1
neutral,klare,6
neutral,rast,2
neutral,nickte,18
neutral,winkte,3
neutral,erschrak,18
neutral,sprang,18
neutral,rand,4
neutral,vorbeiflöge,1
neutral,klarer,4
neutral,kam,106
neutral,schien,30
neutral,grün,5
neutral,keimte,1
neutral,hervor,25
neutral,schwalben,7
neutral,bauten,2
neutral,nester,1
neutral,geöffnet,3
neutral,saßen,18
neutral,dachrinne,2
neutral,stockwerken,1
neutral,hielten,18
neutral,gottes,8
neutral,hellen,1
neutral,küßten,3
neutral,blickten,4
neutral,sonnenschein,13
neutral,sprachen,10
neutral,jesuskind,1
neutral,uhr,4
neutral,schlug,46
neutral,fünf,10
neutral,kirchturm,2
neutral,au,4
neutral,stach,3
neutral,flog,37
neutral,glaube,8
neutral,glassplittern,1
neutral,gesprungen,3
neutral,zauberspiegel,1
neutral,entsinnen,2
neutral,häßlichen,13
neutral,glase,4
neutral,abspiegelte,1
neutral,häßlich,8
neutral,schlechte,1
neutral,trat,29
neutral,ordentlich,6
neutral,fehler,3
neutral,sache,3
neutral,tat,16
neutral,weh,3
neutral,splitterchen,1
neutral,pfui,5
neutral,rief,61
neutral,wurmstich,1
neutral,fuß,5
neutral,riß,7
neutral,machst,2
neutral,schreck,2
neutral,gewahr,2
neutral,lieblichen,1
neutral,bilderbuch,3
neutral,wickelkinder,1
neutral,passe,2
neutral,setzte,42
neutral,brille,6
neutral,sprach,26
neutral,treffend,1
neutral,lachten,6
neutral,gang,8
neutral,nachahmen,2
neutral,eigentümlich,1
neutral,unschön,1
neutral,nachzumachen,1
neutral,sagten,42
neutral,ausgezeichneter,1
neutral,spiele,1
neutral,früher,10
neutral,verständig,1
neutral,wintertag,1
neutral,schneite,1
neutral,brennglas,2
neutral,ließ,64
neutral,blauen,9
neutral,rockzipfel,1
neutral,sieh,14
neutral,interessanter,3
neutral,besten,5
neutral,angestrichen,1
neutral,saß,61
neutral,jemand,18
neutral,rauhen,2
neutral,pelz,2
neutral,gehüllt,1
neutral,mütze,8
neutral,band,17
neutral,rascher,3
neutral,drehte,8
neutral,kannten,2
neutral,jedesmal,4
neutral,ablösen,1
neutral,fahrende,1
neutral,fuhren,10
neutral,stadttor,5
neutral,begann,25
neutral,hernieder,1
neutral,erblicken,8
neutral,schnur,3
neutral,loszukommen,1
neutral,fuhrwerk,1
neutral,hing,14
neutral,windeseile,1
neutral,vorwärts,6
neutral,hörte,51
neutral,dannen,6
neutral,mitunter,1
neutral,sprung,3
neutral,führe,2
neutral,gräben,2
neutral,hecken,2
neutral,erschrocken,7
neutral,vaterunser,3
neutral,beten,3
neutral,einmaleins,1
neutral,weiße,23
neutral,hühner,4
neutral,versinke,1
neutral,schneetreiben,1
neutral,küßte,29
neutral,stirn,11
neutral,kälter,1
neutral,hälfte,8
neutral,augenblick,16
neutral,spürte,7
neutral,ringsumher,5
neutral,vergiß,2
neutral,dachte,65
neutral,eins,11
neutral,hühnchen,1
neutral,festgebunden,3
neutral,hinterher,5
neutral,nochmals,2
neutral,bekommst,3
neutral,kopfrechnen,1
neutral,brüchen,2
neutral,landes,6
neutral,quadratmeilen,1
neutral,einwohnerzahl,1
neutral,lächelte,16
neutral,blickte,8
neutral,luftraum,1
neutral,wolke,8
neutral,sauste,3
neutral,brauste,1
neutral,sänge,1
neutral,seen,3
neutral,länder,5
neutral,wölfe,2
neutral,heulten,2
neutral,knisterte,1
neutral,schreienden,1
neutral,krähen,4
neutral,dahin,20
neutral,betrachtete,17
neutral,winternacht,1
neutral,schlief,17
neutral,blumengarten,2
neutral,zaubern,2
neutral,erging,5
neutral,zurückkehrte,4
neutral,mächtig,2
neutral,binden,4
neutral,hinausgefahren,1
neutral,tränen,15
neutral,flossen,4
neutral,weinte,16
neutral,fluß,19
neutral,ertrunken,1
neutral,schule,3
neutral,vorbeifloß,1
neutral,finstere,1
neutral,wintertage,1
neutral,wärmerem,1
neutral,antwortete,6
neutral,morgens,8
neutral,hinuntergehen,2
neutral,zog,34
neutral,alleine,1
neutral,spielkameraden,1
neutral,hast,21
neutral,warf,23
neutral,ufer,13
neutral,wellen,6
neutral,trugen,8
neutral,glaubte,34
neutral,hinausgeworfen,1
neutral,kroch,10
neutral,schilf,6
neutral,lag,62
neutral,äußerste,1
neutral,bewegung,5
neutral,verursachte,2
neutral,glitt,11
neutral,bemerkte,7
neutral,beeilte,2
neutral,herauszukommen,1
neutral,zurückkam,2
neutral,elle,1
neutral,lande,8
neutral,trieb,10
neutral,schneller,8
neutral,längs,2
neutral,sangen,10
neutral,gleichsam,1
neutral,strom,4
neutral,strümpfen,1
neutral,trieben,4
neutral,stärkere,3
neutral,vielleicht,11
neutral,heiterer,1
neutral,erhob,15
neutral,stunden,5
neutral,gelangte,9
neutral,kirschgarten,1
neutral,sonderbaren,4
neutral,übrigens,2
neutral,strohdach,2
neutral,hölzerne,1
neutral,vorbeisegelnden,1
neutral,gewehr,2
neutral,schulterten,1
neutral,antworteten,3
neutral,krückstock,4
neutral,stützte,4
neutral,sonnenhut,2
neutral,bemalt,1
neutral,reißenden,1
neutral,hinausgetrieben,1
neutral,erfaßte,3
neutral,hob,20
neutral,froh,3
neutral,trockene,2
neutral,obgleich,9
neutral,fürchtete,4
neutral,schüttelte,17
neutral,hm,4
neutral,gesagt,8
neutral,gefragt,1
neutral,vorbeigekommen,1
neutral,lagen,18
neutral,blau,7
neutral,gelb,4
neutral,farben,7
neutral,herein,15
neutral,kirschen,1
neutral,aß,4
neutral,erlaubt,2
neutral,kämmte,2
neutral,kamm,1
neutral,ringelte,1
neutral,glänzte,8
neutral,herrlich,6
neutral,golden,4
neutral,rings,17
neutral,freundliche,2
neutral,antlitz,9
neutral,aussah,4
neutral,vergaß,7
neutral,spielgefährten,1
neutral,rosensträucher,1
neutral,schön,11
neutral,blühten,5
neutral,sanken,1
neutral,gestanden,3
neutral,erblickte,17
neutral,erinnern,2
neutral,davonlaufen,2
neutral,führte,16
neutral,verflossen,1
neutral,kannte,12
neutral,blume,12
neutral,wieviel,3
neutral,fehle,1
neutral,betrachtet,4
neutral,steckte,14
neutral,gemalten,1
neutral,schönste,8
neutral,wegzunehmen,1
neutral,senkte,2
neutral,gedanken,11
neutral,beisammen,6
neutral,beete,1
neutral,suchte,24
neutral,ach,18
neutral,rosenstrauch,2
neutral,verschwunden,5
neutral,bewässerten,1
neutral,schoß,4
neutral,strauch,1
neutral,empor,27
neutral,blühend,2
neutral,gerde,2
neutral,umarmte,2
neutral,gedachte,5
neutral,herrlichen,11
neutral,träumte,7
neutral,eigenes,10
neutral,geschichtchen,1
neutral,feuerlilie,2
neutral,bum,1
neutral,mantel,6
neutral,hindu-weib,2
neutral,flammen,6
neutral,lodern,1
neutral,lebenden,2
neutral,kreise,2
neutral,heißer,1
neutral,brennen,4
neutral,augenfeuer,1
neutral,stärker,7
neutral,körper,15
neutral,verbrennen,3
neutral,verstehe,2
neutral,durchaus,10
neutral,winde,10
neutral,schmalen,2
neutral,feldweg,1
neutral,ritterburg,1
neutral,dichte,2
neutral,immergrün,1
neutral,mauern,4
neutral,blatt,21
neutral,altan,1
neutral,beugt,1
neutral,geländer,2
neutral,frischer,1
neutral,zweigen,8
neutral,apfelblüte,1
neutral,baume,3
neutral,schwebt,1
neutral,leichter,2
neutral,prächtige,9
neutral,seidengewand,1
neutral,'kommt,1
neutral,meinst,1
neutral,spreche,1
neutral,erwiderte,10
neutral,schaukeln,2
neutral,schaukel,4
neutral,geschlungen,1
neutral,tonpfeife,1
neutral,blasen,6
neutral,steigen,5
neutral,wechselnden,2
neutral,pfeifenstiel,1
neutral,biegt,1
neutral,leicht,15
neutral,hinterfüßen,2
neutral,bellt,1
neutral,geneckt,1
neutral,bersten,1
neutral,elfen,3
neutral,menschenkinder,1
neutral,duft,4
neutral,särge,1
neutral,glitten,1
neutral,waldes,3
neutral,dickicht,2
neutral,johanniswürmchen,3
neutral,leuchtend,3
neutral,schwebende,2
neutral,blumenduft,1
neutral,leichen,1
neutral,abendglocke,1
neutral,läutet,1
neutral,grabgesang,1
neutral,nein,17
neutral,kling,1
neutral,klang,8
neutral,läuten,3
neutral,hyazinthen-glocken,1
neutral,butterblume,2
neutral,hervorschien,1
neutral,helle,2
neutral,sage,5
neutral,weißt,3
neutral,gespielen,1
neutral,handelte,2
neutral,gelbe,2
neutral,sonnenstrahlen,5
neutral,großmuter,1
neutral,herzensgold,1
neutral,gesegneten,1
neutral,kuß,2
neutral,munde,3
neutral,grunde,5
neutral,morgenstunde,4
neutral,seufzte,21
neutral,gewiß,11
neutral,grämt,1
neutral,komme,9
neutral,bringe,1
neutral,bescheid,4
neutral,pfingstlilie,2
neutral,bein,9
neutral,hinsprang,1
neutral,erkerzimmer,1
neutral,augentäuschung,1
neutral,haken,1
neutral,teetopf,1
neutral,gewaschen,1
neutral,getrocknet,1
neutral,safrangelbe,1
neutral,hals,13
neutral,weißer,4
neutral,ausgestreckt,1
neutral,stiele,2
neutral,prangt,1
neutral,kümmere,1
neutral,brauchst,7
neutral,drückte,5
neutral,verrostete,1
neutral,klinke,1
neutral,abging,1
neutral,barfüßig,1
neutral,verfolgte,1
neutral,umsah,2
neutral,spätherbst,1
neutral,ruhen,3
neutral,rauh,1
neutral,weidenblätter,1
neutral,trau,1
neutral,tröpfelte,2
neutral,schlehdorn,1
neutral,trug,21
neutral,früchte,5
neutral,herbe,1
neutral,zogen,6
neutral,vierte,2
neutral,mußte,55
neutral,ausruhen,2
neutral,hüpfte,2
neutral,ruhig,4
neutral,gesessen,2
neutral,gewackelt,1
neutral,kra,2
neutral,gu,2
neutral,verstand,13
neutral,fühlte,18
neutral,bedächtig,1
neutral,gedrückt,1
neutral,gelernt,6
neutral,'höre,1
neutral,verheiraten,7
neutral,spräche,4
neutral,bloß,1
neutral,dastände,1
neutral,vornehm,4
neutral,aussähe,1
neutral,langweilig,2
neutral,zusammentrommeln,1
neutral,hörten,6
neutral,vergnügt,4
neutral,'das,1
neutral,leiden,12
neutral,'daran,1
neutral,neulich,2
neutral,zahme,3
neutral,schlosse,23
neutral,zeitungen,2
neutral,kamen,39
neutral,namenszug,1
neutral,lesen,3
neutral,manne,8
neutral,aussehe,1
neutral,freistehe,1
neutral,schloß,31
neutral,schloßtor,1
neutral,traten,1
neutral,gardisten,2
neutral,lakaien,2
neutral,erleuchteten,1
neutral,säle,3
neutral,verwirrt,1
neutral,throne,3
neutral,gesprochen,3
neutral,lust,7
neutral,schnupftabak,1
neutral,magen,2
neutral,gefallen,9
neutral,klügsten,3
neutral,butterbrot,1
neutral,mitgebracht,2
neutral,teilten,1
neutral,nachbarn,1
neutral,dachten,2
neutral,wann,5
neutral,warte,3
neutral,jubelte,1
neutral,klatschte,6
neutral,ränzel,3
neutral,glänzten,3
neutral,lichtern,2
neutral,geheimräte,1
neutral,exzellenzen,1
neutral,gingen,28
neutral,bloßen,7
neutral,goldgefäße,1
neutral,andächtig,1
neutral,knarren,1
neutral,frischen,4
neutral,muts,1
neutral,perle,3
neutral,spinnrad,1
neutral,jungfern,3
neutral,kavaliere,1
neutral,dienern,2
neutral,diener,5
neutral,ringsherum,2
neutral,burschen,1
neutral,aufgestellt,2
neutral,türe,4
neutral,desto,4
neutral,stolzer,1
neutral,muß,24
neutral,ungeachtet,3
neutral,verlobt,1
neutral,niedlich,5
neutral,freien,5
neutral,klugheit,1
neutral,fand,45
neutral,klug,3
neutral,kopfrechnung,1
neutral,erwarte,1
neutral,gitter,5
neutral,wackelte,1
neutral,kopfe,22
neutral,kehrte,16
neutral,rar,2
neutral,vielmal,1
neutral,grüßen,1
neutral,brot,4
neutral,erlauben,1
neutral,sollst,21
neutral,hinaufkommen,2
neutral,hintertreppe,1
neutral,schlafgemach,2
neutral,allee,3
neutral,abfiel,1
neutral,ausgelöscht,2
neutral,hintertür,1
neutral,angelehnt,1
neutral,böses,3
neutral,treppe,6
neutral,brannte,5
neutral,lampe,3
neutral,schrank,3
neutral,fußboden,13
neutral,vita,1
neutral,rührend,1
neutral,vorausgehen,1
neutral,geraden,1
neutral,niemandem,1
neutral,ginge,4
neutral,schatten,9
neutral,mähnen,1
neutral,dünnen,4
neutral,beinen,5
neutral,jägerburschen,1
neutral,herren,5
neutral,damen,4
neutral,herrschaft,3
neutral,walde,11
neutral,saal,10
neutral,rosenrotem,1
neutral,atlas,1
neutral,sausten,2
neutral,herrschaften,2
neutral,bekam,25
neutral,verdutzt,1
neutral,glich,6
neutral,decke,13
neutral,palme,2
neutral,kostbarem,1
neutral,dicken,3
neutral,stengel,4
neutral,lilie,1
neutral,bog,3
neutral,blätter,11
neutral,braunen,1
neutral,nacken,4
neutral,lauf,1
neutral,erwachte,23
neutral,lilienblatt,1
neutral,blinzelte,2
neutral,sollten,11
neutral,verneigten,4
neutral,baten,5
neutral,feste,2
neutral,gedachten,1
neutral,alters,1
neutral,nannten,5
neutral,bette,8
neutral,faltete,3
neutral,hereingeflogen,1
neutral,seide,6
neutral,samt,3
neutral,angeboten,1
neutral,bat,25
neutral,hinausfahren,2
neutral,erhielt,12
neutral,muff,3
neutral,reinem,1
neutral,wappen,1
neutral,stern,8
neutral,kutscher,4
neutral,vorreiter,2
neutral,goldkronen,4
neutral,waldkrähe,1
neutral,begleitete,1
neutral,meilen,10
neutral,vertragen,1
neutral,rückwärts,2
neutral,inwendig,1
neutral,zuckerbrezeln,1
neutral,gefüttert,1
neutral,sitz,2
neutral,pfeffernüsse,3
neutral,lebe,6
neutral,riefen,6
neutral,lebewohl,5
neutral,schwerste,1
neutral,flügeln,11
neutral,fünfte,2
neutral,dunklen,4
neutral,leuchtete,8
neutral,fackel,1
neutral,räuberweib,3
neutral,struppigen,1
neutral,augenbrauen,1
neutral,herabhingen,1
neutral,weib,1
neutral,gleicher,3
neutral,wild,3
neutral,unartig,1
neutral,ohr,3
neutral,gebissen,1
neutral,schlachten,3
neutral,willen,4
neutral,verzogen,1
neutral,faßte,6
neutral,leib,7
neutral,ernsthaft,2
neutral,trocknete,2
neutral,weich,10
neutral,warm,16
neutral,räuberschlosses,1
neutral,geborsten,1
neutral,raben,3
neutral,offenen,7
neutral,löchern,1
neutral,bullenbeißer,2
neutral,verschlingen,1
neutral,sprangen,4
neutral,bellten,2
neutral,verboten,1
neutral,verräucherten,1
neutral,steinernen,1
neutral,helles,1
neutral,rauch,4
neutral,ausweg,2
neutral,braukessel,1
neutral,suppe,3
neutral,kochte,4
neutral,hasen,1
neutral,kaninchen,1
neutral,spießen,2
neutral,gebraten,1
neutral,stroh,2
neutral,teppiche,2
neutral,latten,1
neutral,stäben,1
neutral,tauben,2
neutral,schienen,9
neutral,drehten,4
neutral,ergriff,7
neutral,rasch,5
neutral,waldkanaillen,2
neutral,anzahl,3
neutral,stäbe,1
neutral,eingeschlagen,1
neutral,fliegen,18
neutral,ba,1
neutral,horn,1
neutral,blanken,2
neutral,kupfernen,2
neutral,ring,4
neutral,angebunden,2
neutral,klemme,1
neutral,schlafe,4
neutral,fahre,1
neutral,vorhin,1
neutral,erzähltest,1
neutral,weshalb,2
neutral,hinausgegangen,2
neutral,vorn,4
neutral,waldtauben,3
neutral,gurrten,1
neutral,schliefen,7
neutral,legte,45
neutral,andren,1
neutral,tranken,4
neutral,überpurzelte,1
neutral,kurre,4
neutral,reiste,8
neutral,lappland,4
neutral,strick,5
neutral,sommerzelt,1
neutral,nordpol,1
neutral,spitzbergen,1
neutral,mußt,18
neutral,stoße,1
neutral,einerlei,3
neutral,funkelten,4
neutral,erzogen,2
neutral,schneefeldern,1
neutral,herumgesprungen,1
neutral,höre,4
neutral,siehst,11
neutral,mannsleute,1
neutral,mittag,1
neutral,trinkt,1
neutral,flasche,2
neutral,schlummert,2
neutral,nachher,1
neutral,zupfte,2
neutral,ziegenbock,3
neutral,hinaushelfen,1
neutral,kannst,21
neutral,tüchtig,1
neutral,spielkamerad,1
neutral,horchtest,1
neutral,hochauf,1
neutral,fausthandschuhe,3
neutral,ellbogen,1
neutral,krieche,2
neutral,häßliche,4
neutral,brote,3
neutral,schinken,2
neutral,hungern,2
neutral,beides,1
neutral,hinten,1
neutral,gebunden,2
neutral,öffnete,18
neutral,lochte,1
neutral,durchschnitt,1
neutral,scharfen,2
neutral,laufe,1
neutral,streckte,8
neutral,fausthandschuhen,1
neutral,sümpfe,1
neutral,steppen,1
neutral,schrieen,2
neutral,fugt,4
neutral,nordlichter,4
neutral,leuchten,2
neutral,sechste,1
neutral,finnin,8
neutral,jämmerlich,4
neutral,niedrig,1
neutral,bauch,1
neutral,kriechen,4
neutral,tranlampe,1
neutral,erschien,26
neutral,wichtiger,2
neutral,angegriffen,1
neutral,müßt,5
neutral,finnmarken,2
neutral,brennt,2
neutral,bengalische,1
neutral,trocknen,4
neutral,stockfisch,3
neutral,schreiben,1
neutral,mitgeben,1
neutral,besser,8
neutral,erwärmt,2
neutral,worden,17
neutral,schrieb,2
neutral,trockenen,3
neutral,achten,1
neutral,brannten,8
neutral,klopften,1
neutral,schornstein,1
neutral,schmutzig,2
neutral,heiß,2
neutral,las,6
neutral,geschrieben,4
neutral,suppenkessel,1
neutral,verschwendete,1
neutral,schiffer,2
neutral,knoten,3
neutral,weht,2
neutral,scharf,5
neutral,vierten,1
neutral,stürmt,2
neutral,umfallen,1
neutral,zwölf-männer-kraft,1
neutral,zusammengerolltes,1
neutral,rollte,5
neutral,bittenden,1
neutral,ihrigen,3
neutral,blinzeln,1
neutral,anfing,2
neutral,winkel,6
neutral,zuflüsterte,2
neutral,frisches,1
neutral,freilich,11
neutral,geschmack,1
neutral,glassplitter,1
neutral,glaskörnchen,1
neutral,größere,3
neutral,dienen,2
neutral,fortgekommen,1
neutral,busch,4
neutral,beeren,7
neutral,halte,2
neutral,gevatterklatsch,1
neutral,spute,1
neutral,hierher,2
neutral,merkte,5
neutral,schneidenden,2
neutral,wagte,11
neutral,anzuhalten,1
neutral,heiße,3
neutral,backen,1
neutral,tieres,1
neutral,regiment,1
neutral,hell,9
neutral,nordlichtern,1
neutral,erinnerte,9
neutral,künstlich,1
neutral,damals,1
neutral,ausgesehen,2
neutral,stachelschweine,1
neutral,gebildet,3
neutral,hervorstrecken,1
neutral,bären,1
neutral,sträuben,1
neutral,schlangen,3
neutral,betete,10
neutral,atem,6
neutral,dichter,11
neutral,gestaltete,1
neutral,engeln,1
neutral,berührten,2
neutral,helme,1
neutral,spieße,1
neutral,schilde,1
neutral,beendet,3
neutral,legion,1
neutral,stachen,2
neutral,greulichen,1
neutral,stücke,10
neutral,zersprangen,1
neutral,mutes,1
neutral,streichelten,2
neutral,empfand,1
neutral,eilte,5
neutral,wenigsten,1
neutral,stehe,2
neutral,siebente,2
neutral,zutrug,1
neutral,wände,7
neutral,treibenden,1
neutral,türen,6
neutral,winden,1
neutral,zusammenwehte,1
neutral,lustbarkeiten,1
neutral,bärenball,1
neutral,wozu,1
neutral,aufspielen,1
neutral,eisbären,1
neutral,manieren,1
neutral,spielgesellschaft,1
neutral,maulklapp,1
neutral,tatzenschlag,1
neutral,bißchen,1
neutral,kaffeeklatsch,1
neutral,weißfuchs-,1
neutral,fräuleins,1
neutral,sälen,2
neutral,flammten,1
neutral,zählen,3
neutral,höchsten,4
neutral,niedrigsten,2
neutral,unendlichen,1
neutral,schneesaal,1
neutral,zugefrorener,1
neutral,tausend,9
neutral,zersprungen,1
neutral,vollkommenes,1
neutral,kunstwerk,1
neutral,verstandes,2
neutral,säße,2
neutral,frostschauer,1
neutral,abgeküßt,1
neutral,schleppte,1
neutral,scharfe,5
neutral,flache,1
neutral,eisstücke,2
neutral,mögliche,1
neutral,aneinanderfügte,1
neutral,herausbringen,1
neutral,holztafeln,1
neutral,aneinanderlegen,1
neutral,chinesische,1
neutral,allerkunstvollsten,1
neutral,eisspiel,1
neutral,vollständige,1
neutral,geschriebenes,1
neutral,legen,10
neutral,ewigkeit,5
neutral,figur,1
neutral,ausfinden,1
neutral,schenke,3
neutral,schlittschuhe,2
neutral,sause,1
neutral,hinfahren,1
neutral,töpfe,2
neutral,hineinsehen,3
neutral,feuerspeienden,1
neutral,ätna,1
neutral,vesuv,1
neutral,eissaal,1
neutral,knackte,4
neutral,steif,2
neutral,erfroren,2
neutral,geschah,5
neutral,herrschten,1
neutral,schneidende,1
neutral,abendgebet,4
neutral,erkannte,12
neutral,brust,16
neutral,drangen,2
neutral,tauten,3
neutral,verzehrten,1
neutral,sang,24
neutral,blüh'n,1
neutral,verwehen,1
neutral,christkindlein,1
neutral,brach,17
neutral,wangen,6
neutral,leuchteten,9
neutral,munter,4
neutral,mochte,10
neutral,freibrief,1
neutral,eisstücken,1
neutral,faßten,3
neutral,wanderten,2
neutral,ruhten,1
neutral,erreichten,10
neutral,wartete,9
neutral,junges,3
neutral,euter,1
neutral,milch,2
neutral,aufwärmten,1
neutral,heimreise,1
neutral,genäht,1
neutral,instand,2
neutral,folgten,5
neutral,grenze,1
neutral,sproßte,1
neutral,nahmen,7
neutral,vögel,22
neutral,begannen,3
neutral,zwitschern,2
neutral,grüne,9
neutral,knospen,1
neutral,geritten,3
neutral,pistolen,1
neutral,halfter,1
neutral,zusagte,1
neutral,weltgegend,1
neutral,hinwollte,1
neutral,umherschweifen,1
neutral,verdienst,1
neutral,deinethalben,1
neutral,schöner,5
neutral,patron,2
neutral,klopfte,12
neutral,gereist,1
neutral,witwe,1
neutral,endchen,1
neutral,wollenen,1
neutral,garns,1
neutral,klagt,1
neutral,geschwätz,3
neutral,snipp-snapp-snurre-purre-basselurre,1
neutral,versprach,12
neutral,besuchen,4
neutral,ritt,6
neutral,kirchenglocken,6
neutral,läuteten,6
neutral,erkannten,1
neutral,türme,1
neutral,tick,1
neutral,zeiger,1
neutral,bemerkten,4
neutral,erwachsene,3
neutral,kinderstühle,1
neutral,setzten,5
neutral,seinigen,3
neutral,leere,3
neutral,hellem,1
neutral,bibel,2
neutral,werdet,6
neutral,erwachsen,5
neutral,warmer,2
neutral,wohltuender,1
neutral,i,1
neutral,spieltischen,1
neutral,erwartete,2
neutral,resultat,1
neutral,anfangen,1
neutral,wirthin,2
neutral,unterhaltung,3
neutral,fing,8
neutral,rede,5
neutral,mittelalter,1
neutral,einzelne,4
neutral,justizrath,19
neutral,knap,2
neutral,vertheidigte,1
neutral,partei,1
neutral,übertrat,1
neutral,eiferten,1
neutral,oersted,1
neutral,'s,6
neutral,abhandlung,1
neutral,almanach,1
neutral,worin,3
neutral,unserm,2
neutral,zeitalter,2
neutral,wesentlichen,1
neutral,vorzug,1
neutral,dänenkönigs,1
neutral,edelste,1
neutral,glücklichste,1
neutral,ankunft,2
neutral,zeitung,4
neutral,unterbrochen,1
neutral,enthielt,2
neutral,mühe,1
neutral,werth,1
neutral,vorzimmer,1
neutral,hinausbegeben,1
neutral,mäntel,1
neutral,stöcke,1
neutral,weibliche,1
neutral,geleiten,1
neutral,genauer,3
neutral,begriff,5
neutral,dienstboten,1
neutral,formen,1
neutral,edel,1
neutral,fein,3
neutral,schnitt,6
neutral,kühn,1
neutral,jüngste,14
neutral,kammermädchen,1
neutral,kammerfrauen,1
neutral,geringeren,1
neutral,umhertragen,1
neutral,abgesandte,2
neutral,unbedeutende,1
neutral,handlungen,1
neutral,ausgeführt,1
neutral,regenguß,1
neutral,erretten,2
neutral,ehrlichen,5
neutral,gruß,1
neutral,vornehmen,1
neutral,null,1
neutral,verschaffen,2
neutral,u.,1
neutral,s.,1
neutral,w.,1
neutral,ungewöhnliches,1
neutral,ge-,1
neutral,__________,5
neutral,1513,1
neutral,christine,1
neutral,kurfürsten,1
neutral,ernst,2
neutral,sachsen,1
neutral,vermählt,2
neutral,burtstag,1
neutral,ehre,1
neutral,anvertraut,1
neutral,menschheit,1
neutral,zwiegespräch,1
neutral,ii,1
neutral,justizrat,1
neutral,vertieft,1
neutral,heimkehren,1
neutral,lenkte,3
neutral,anzog,1
neutral,oststraße,7
neutral,hinaustrat,1
neutral,zauberkraft,2
neutral,zurückversetzt,1
neutral,geradezu,1
neutral,koth,1
neutral,morast,4
neutral,steinpflaster,1
neutral,trottoir,1
neutral,laternen,1
neutral,überdies,2
neutral,ziemlich,3
neutral,dick,4
neutral,sodaß,18
neutral,gegenstände,1
neutral,verschwammen,1
neutral,laterne,4
neutral,madonnenbilde,1
neutral,beleuchtung,1
neutral,gemalte,1
neutral,vermuthlich,1
neutral,kunstkabinet,1
neutral,einzunehmen,1
neutral,ertönten,2
neutral,trommeln,2
neutral,pfeifen,1
neutral,fackeln,2
neutral,stutzte,1
neutral,vorbeiziehen,1
neutral,ganzer,5
neutral,trupp,1
neutral,trommelschläger,1
neutral,instrumente,1
neutral,artig,2
neutral,bearbeiteten,1
neutral,trabanten,2
neutral,armbrüsten,1
neutral,vornehmste,1
neutral,geistlicher,1
neutral,bischof,2
neutral,seeland,1
neutral,grübelnd,1
neutral,linken,5
neutral,hohenbrückenplatz,1
neutral,brücke,4
neutral,schloßplatze,1
neutral,seichten,1
neutral,wassers,2
neutral,boote,1
neutral,fragten,8
neutral,befand,5
neutral,christianshafen,3
neutral,torfstraße,1
neutral,bootsmännern,1
neutral,unverständlicher,1
neutral,skandal,1
neutral,thun,18
neutral,droschke,3
neutral,droschken,1
neutral,königs-neumarkt,1
neutral,zurückgehen,1
neutral,hervorbrach,1
neutral,ostthor,1
neutral,durchgang,1
neutral,offen,2
neutral,neumarkt,1
neutral,wiesengrund,1
neutral,büsche,3
neutral,ragten,2
neutral,breiter,2
neutral,canal,1
neutral,erbärmliche,1
neutral,holzbuden,1
neutral,holländische,1
neutral,entgegengesetzten,1
neutral,festen,2
neutral,ueberzeugung,1
neutral,blos,2
neutral,fachwerk,1
neutral,trank,10
neutral,punsch,2
neutral,zurückkehre,1
neutral,muthe,3
neutral,laden,7
neutral,elende,1
neutral,verfallene,1
neutral,erblicke,1
neutral,roeskilde,1
neutral,ringstedt,1
neutral,offene,1
neutral,thüre,4
neutral,spalte,2
neutral,holländischen,1
neutral,diele,2
neutral,bestehend,1
neutral,schiffern,1
neutral,kopenhagener,2
neutral,bürgern,1
neutral,gelehrten,1
neutral,krügen,1
neutral,beachteten,1
neutral,eintretenden,1
neutral,redete,2
neutral,deutscher,1
neutral,dänischen,1
neutral,zunge,4
neutral,brachte,27
neutral,deutsch,1
neutral,verein,1
neutral,bestärkte,1
neutral,ausländer,1
neutral,unwohl,1
neutral,befinde,1
neutral,krug,1
neutral,seewasser,1
neutral,wiewohl,1
neutral,geschöpft,1
neutral,holte,9
neutral,athem,2
neutral,grübelte,1
neutral,seltsame,4
neutral,heutige,1
neutral,nummer,1
neutral,abendzeitung,1
neutral,kopenhagen,4
neutral,weglegte,1
neutral,meinte,18
neutral,reichte,5
neutral,holzschnitt,1
neutral,lufterscheinung,1
neutral,darstellte,1
neutral,köln,1
neutral,antiquität,1
neutral,heiter,1
neutral,dergleichen,1
neutral,lufterscheinungen,1
neutral,entstehen,2
neutral,elektricität,4
neutral,erstaunt,1
neutral,ehrerbietig,1
neutral,ernsthaftesten,1
neutral,miene,1
neutral,seid,2
neutral,höchst,4
neutral,gelehrter,2
neutral,monsieur,1
neutral,mitsprechen,2
neutral,modestia,1
neutral,tugend,1
neutral,baccalaureus,2
neutral,heiligen,4
neutral,schrift,2
neutral,dorfschulmeister,1
neutral,origineller,1
neutral,jütland,1
neutral,locus,1
neutral,docendi,1
neutral,alltagsgeschichten,1
neutral,romane,1
neutral,enthalten,1
neutral,gelesen,2
neutral,besonders,6
neutral,roman,1
neutral,herrn,3
neutral,iffven,1
neutral,gaudian,1
neutral,artus,1
neutral,rittern,1
neutral,tafelrunde,1
neutral,gescherzt,1
neutral,heiberg,1
neutral,herausgegeben,2
neutral,bürgersleute,1
neutral,pestilenz,1
neutral,grassirt,1
neutral,1484,1
neutral,cholera,1
neutral,freibeuterkrieg,1
neutral,1490,1
neutral,englischen,1
neutral,freibeuter,1
neutral,rhede,1
neutral,begebenheiten,1
neutral,1801,1
neutral,hineingelebt,1
neutral,stimmte,1
neutral,vortrefflich,1
neutral,engländer,1
neutral,übrige,1
neutral,hingegen,2
neutral,verfiel,1
neutral,gegenseitig,1
neutral,buchdrucker,1
neutral,verleger,1
neutral,dänemark,1
neutral,aermel,2
neutral,gott,23
neutral,schwindelte,1
neutral,claret,1
neutral,meth,1
neutral,bremerbier,1
neutral,gäste,3
neutral,sollt,3
neutral,mittrinken,1
neutral,schenkten,3
neutral,rieselte,1
neutral,eiskalt,1
neutral,bemächtigten,1
neutral,mannes,5
neutral,betrunken,1
neutral,zweifelte,1
neutral,glaubten,6
neutral,moskowitisch,1
neutral,roher,1
neutral,gemeiner,1
neutral,hinabzubücken,1
neutral,that,7
neutral,ausgange,1
neutral,gesetz,1
neutral,zweideutigem,1
neutral,ruf,1
neutral,vorhatte,1
neutral,glücke,2
neutral,schwand,1
neutral,bezauberung,1
neutral,deutlich,2
neutral,gebäude,4
neutral,pforte,1
neutral,zugekehrt,1
neutral,wächter,13
neutral,minuten,5
neutral,iii,1
neutral,wächters,5
neutral,wahrlich,5
neutral,lieutenant,5
neutral,thür,8
neutral,ehrliche,2
neutral,geklingelt,1
neutral,abgeliefert,2
neutral,übrigen,3
neutral,wecken,1
neutral,dinger,1
neutral,anzuhaben,1
neutral,leder,1
neutral,drollig,1
neutral,warmes,7
neutral,thut,2
neutral,nieder,21
neutral,aussprach,1
neutral,wirkten,2
neutral,lieutenants,3
neutral,rosenrothes,1
neutral,fingern,7
neutral,gedicht,3
neutral,lyrischen,1
neutral,gehabt,4
neutral,schreibt,1
neutral,poesie,2
neutral,wär,2
neutral,lebensfroh,1
neutral,jung,3
neutral,märchenpoesie,1
neutral,dagegen,6
neutral,verstehst,1
neutral,geweiht,2
neutral,lies,1
neutral,jugendzeit,1
neutral,dunkles,2
neutral,dunkler,2
neutral,mangel,3
neutral,dreieck,2
neutral,zerbrochenen,1
neutral,würfels,1
neutral,fensterrahmen,1
neutral,nenne,1
neutral,übergegangen,1
neutral,zufrieden,5
neutral,kurzem,2
neutral,verworfen,2
neutral,vergnügen,3
neutral,entbehre,1
neutral,buben,1
neutral,todt,7
neutral,sternschnuppe,1
neutral,dessenungeachtet,3
neutral,wäscht,1
neutral,betrifft,1
neutral,schnelligkeit,2
neutral,dampfbeförderung,1
neutral,entweder,3
neutral,eisenbahnen,1
neutral,schiffen,3
neutral,erprobt,1
neutral,flug,2
neutral,wanderung,1
neutral,faulthiers,1
neutral,marsch,1
neutral,schnecke,1
neutral,verhältniß,2
neutral,neunzehn,1
neutral,wettrenner,1
neutral,elektrischer,1
neutral,stoß,2
neutral,befreite,7
neutral,acht,8
neutral,wenige,1
neutral,secunden,3
neutral,gebraucht,3
neutral,sonnenlicht,2
neutral,zwanzig,5
neutral,schnellpost,1
neutral,bedarf,1
neutral,vollbringen,2
neutral,raum,2
neutral,weltkörpern,1
neutral,entfernungen,1
neutral,häusern,4
neutral,unserer,4
neutral,kostet,1
neutral,elektrische,1
neutral,herzensstoß,1
neutral,gebrauch,1
neutral,körpers,1
neutral,hienieden,1
neutral,anhaben,1
neutral,wenigen,3
neutral,52000,1
neutral,monde,2
neutral,zurückgelegt,1
neutral,leichtern,1
neutral,geschaffen,1
neutral,frisch,2
neutral,gefallener,1
neutral,ringgebirge,1
neutral,mädler,1
neutral,mondes,1
neutral,kessel,4
neutral,ungefähr,1
neutral,halbe,5
neutral,meile,4
neutral,senkrecht,1
neutral,eiweiß,1
neutral,ausschlagen,1
neutral,materie,1
neutral,bildete,5
neutral,ähnliche,1
neutral,thürme,1
neutral,kuppeln,2
neutral,segelförmigen,1
neutral,altanen,1
neutral,durchsichtig,2
neutral,bekannter,1
neutral,sprechend,1
neutral,charakter,1
neutral,organ,1
neutral,grade,1
neutral,wachend,1
neutral,zurückzurufen,1
neutral,züge,1
neutral,demgemäß,1
neutral,mondbewohner,1
neutral,disputirten,1
neutral,bezweifelten,1
neutral,bewohnt,2
neutral,müßte,5
neutral,vernünftiges,1
neutral,mondgeschöpf,1
neutral,eigentliche,1
neutral,weltkörper,1
neutral,weltbewohner,1
neutral,lebten,7
neutral,politik,1
neutral,morgenstern,2
neutral,herumwandelte,1
neutral,vorübergehender,1
neutral,knipste,1
neutral,sacht,1
neutral,verlor,6
neutral,lang,13
neutral,kameraden,3
neutral,erschraken,4
neutral,gemeldet,1
neutral,besprochen,1
neutral,hospitale,4
neutral,adreßcomptoir,1
neutral,nachfrage,1
neutral,weggekommenen,1
neutral,sachen,10
neutral,hinauswandern,2
neutral,reinigungsstube,1
neutral,natürlicherweise,1
neutral,abnahm,2
neutral,versicherte,1
neutral,schrecklichste,1
neutral,empfindungen,1
neutral,überstanden,1
neutral,blieben,4
neutral,hospital,3
neutral,iv,1
neutral,hauptmoment,1
neutral,eingang,1
neutral,friedrichshospital,1
neutral,nichtkopenhagener,1
neutral,beschreibung,1
neutral,hohes,2
neutral,geschieden,1
neutral,eisenstäbe,2
neutral,abstehen,1
neutral,dünne,2
neutral,famuli,1
neutral,hindurchgeklemmt,1
neutral,besuche,1
neutral,außerhalb,1
neutral,abgestattet,1
neutral,einleitung,1
neutral,volontaire,1
neutral,körperlicher,1
neutral,hinsicht,1
neutral,wache,3
neutral,strömte,4
neutral,hindernisse,1
neutral,viertelstunde,1
neutral,pförtner,1
neutral,vertrauen,2
neutral,nöthig,2
neutral,eisenstangen,2
neutral,mindesten,1
neutral,wetter,6
neutral,dienste,2
neutral,leisten,2
neutral,durchklemmen,1
neutral,zurückziehen,1
neutral,bequem,2
neutral,voraus,1
neutral,schlosser,1
neutral,senden,4
neutral,zerfeilt,1
neutral,geschwind,2
neutral,armenschule,1
neutral,angrenzende,1
neutral,matrosenviertel,1
neutral,anlangen,1
neutral,pranger,1
neutral,zulauf,1
neutral,hui,2
neutral,wahnsinnig,1
neutral,vorüber,5
neutral,eher,4
neutral,verstrich,1
neutral,folgende,1
neutral,deklamatorische,1
neutral,liebhabertheater,1
neutral,entlegenen,1
neutral,gepfropft,1
neutral,zuschauern,1
neutral,volontair,4
neutral,vorhergehenden,2
neutral,abgeholt,1
neutral,muhme,1
neutral,recitirt,1
neutral,aufhatte,1
neutral,versammlung,1
neutral,karten,1
neutral,prophezeien,1
neutral,beschäftigte,4
neutral,gebrauchte,1
neutral,leuten,1
neutral,hineinschauen,1
neutral,erführe,1
neutral,denke,6
neutral,bank,2
neutral,oeffnung,2
neutral,herumschweifen,1
neutral,dame,17
neutral,modehandel,1
neutral,schaden,1
neutral,gereinigt,1
neutral,solide,1
neutral,uebel,1
neutral,schallen,1
neutral,gefälligst,2
neutral,stichwort,1
neutral,schrumpfte,1
neutral,vordersten,1
neutral,orthopädischen,1
neutral,institute,1
neutral,gypsabgüsse,1
neutral,verwachsenen,1
neutral,glieder,5
neutral,hängen,6
neutral,unterschied,1
neutral,institut,1
neutral,geformt,2
neutral,patient,1
neutral,hineinkommt,1
neutral,aufbewahrt,2
neutral,abgüsse,1
neutral,freundinnen,2
neutral,körperliche,1
neutral,geistige,1
neutral,weiblichen,1
neutral,heilige,2
neutral,taube,1
neutral,unschuld,1
neutral,flatterte,4
neutral,hochaltar,1
neutral,knie,1
neutral,niedergesunken,1
neutral,unwürdig,1
neutral,heiligthum,1
neutral,betreten,1
neutral,ärmliche,1
neutral,dachkammer,1
neutral,kranken,2
neutral,überfüllten,1
neutral,schlächterladen,1
neutral,fleisch,2
neutral,gemahlin,1
neutral,verfallener,1
neutral,taubenschlag,1
neutral,portrait,1
neutral,wettersahne,1
neutral,benutzt,3
neutral,verbindung,1
neutral,thüren,2
neutral,spiegelkabinet,1
neutral,rosenburger,1
neutral,hierauf,1
neutral,enge,2
neutral,nadelbüchse,1
neutral,spitzer,1
neutral,nadeln,2
neutral,versetzt,1
neutral,unverheiratheten,1
neutral,jungfrau,1
neutral,militair,1
neutral,mehreren,1
neutral,orden,1
neutral,betäubt,2
neutral,vermochte,1
neutral,ordnen,1
neutral,allzu,2
neutral,starke,3
neutral,durchgegangen,1
neutral,anlage,1
neutral,begebenheit,1
neutral,eisenstäben,1
neutral,hospitals,1
neutral,festgesessen,1
neutral,russisches,1
neutral,läge,1
neutral,brette,2
neutral,obersten,1
neutral,dampfbade,1
neutral,kleidern,9
neutral,wassertropfen,3
neutral,schrie,9
neutral,sturzbad,1
neutral,aufwärter,1
neutral,angekleideten,1
neutral,indeß,1
neutral,fassung,1
neutral,wette,1
neutral,erreichte,9
neutral,spanisches,1
neutral,fliegenpflaster,1
neutral,verrücktheit,1
neutral,hinausziehen,1
neutral,v.,1
neutral,verwandlung,1
neutral,copisten,5
neutral,hinausgebracht,1
neutral,anerkennen,1
neutral,findelgut,1
neutral,stellte,23
neutral,schuhmacherauge,1
neutral,copist,13
neutral,bedienter,1
neutral,papieren,2
neutral,hereintrat,1
neutral,wendete,7
neutral,ansah,5
neutral,ungewißheit,1
neutral,gehörten,2
neutral,naß,1
neutral,papiere,1
neutral,tasche,14
neutral,manuscripte,1
neutral,durchgelesen,1
neutral,concepte,1
neutral,vormittag,1
neutral,stillern,1
neutral,solidern,1
neutral,vegetirender,1
neutral,bethätigen,1
neutral,begegnete,15
neutral,bekannten,1
neutral,jüngern,1
neutral,sommerreise,1
neutral,glücklicher,2
neutral,brodbaum,1
neutral,befestigt,1
neutral,brauchen,3
neutral,morgenden,2
neutral,sorgen,3
neutral,pension,1
neutral,probiren,1
neutral,gericht,1
neutral,trivialen,1
neutral,kauzen,1
neutral,trennten,1
neutral,poeten,1
neutral,gefühlt,1
neutral,anzudeuten,1
neutral,fällen,1
neutral,deutsche,1
neutral,abgeschmackt,1
neutral,thörichte,1
neutral,poetischere,1
neutral,naturen,1
neutral,anerkannte,1
neutral,uebergang,2
neutral,alltagsnatur,1
neutral,begabten,1
neutral,veilchen,2
neutral,lone,1
neutral,börse,1
neutral,zweig,4
neutral,schößlinge,1
neutral,dufteten,2
neutral,erwärmten,1
neutral,fensterscheibe,1
neutral,gucklöcher,1
neutral,kanale,2
neutral,mannschaft,2
neutral,schreiende,1
neutral,bemannung,1
neutral,frühlingslüfte,1
neutral,wehten,2
neutral,hurrahruf,1
neutral,sägte,1
neutral,entzwei,2
neutral,getheert,1
neutral,getakelt,1
neutral,landen,1
neutral,loos,1
neutral,inne,2
neutral,griff,3
neutral,hingleiten,1
neutral,sigbrith,1
neutral,originaltragödie,1
neutral,akten,1
neutral,intrigue,1
neutral,walle,1
neutral,bußtag,1
neutral,vaudeville.,1
neutral,herbekommen,1
neutral,brief,3
neutral,theaterdirection,1
neutral,höflich,2
neutral,abgefaßt,1
neutral,elastisch,1
neutral,unwillkührlich,1
neutral,gewöhnliche,1
neutral,gänseblume,1
neutral,botaniker,1
neutral,vorlesungen,1
neutral,minute,1
neutral,mythe,1
neutral,geburt,1
neutral,sonnenlichtes,1
neutral,ausspannte,1
neutral,duften,2
neutral,zwang,2
neutral,kämpfe,1
neutral,gleichfalls,1
neutral,verschwand,16
neutral,umarmung,1
neutral,schmückt,1
neutral,läßt,3
neutral,athmen,1
neutral,flüsterte,19
neutral,dichterstimme,1
neutral,stocke,1
neutral,morastigen,1
neutral,graben,2
neutral,spritzten,1
neutral,infusionsthierchen,1
neutral,geschleudert,1
neutral,größe,3
neutral,wolkenregion,1
neutral,emporgewirbelt,1
neutral,merkwürdig,1
neutral,gleichwohl,2
neutral,träumen,5
neutral,scheine,2
neutral,ungewöhnlich,2
neutral,aufgelegt,2
neutral,traume,3
neutral,gelde,4
neutral,unterirdischen,2
neutral,besehen,1
neutral,vertrocknete,3
neutral,lerche,4
neutral,gesange,1
neutral,dichternatur,1
neutral,besorgen,1
neutral,vorige,2
neutral,eigenthümlichkeit,1
neutral,sitze,2
neutral,solidesten,1
neutral,actenstücken,1
neutral,friedrichsberger,1
neutral,volkskomödie,1
neutral,seiten,6
neutral,schnabel,6
neutral,geschmeidigen,3
neutral,grashalme,1
neutral,gegenwärtigen,1
neutral,palmzweige,1
neutral,nordafrikas,1
neutral,kohlschwarze,2
neutral,ungeheurer,1
neutral,gegenstand,1
neutral,hingeworfen,1
neutral,matrosenknabe,1
neutral,pfiff,3
neutral,unverschämter,1
neutral,balg,1
neutral,piep-piep,2
neutral,wanderte,9
neutral,schulknaben,1
neutral,gebildeten,1
neutral,classe,2
neutral,gesellschaftlich,1
neutral,geister,1
neutral,kauften,1
neutral,schillinge,4
neutral,poetennatur,1
neutral,thier,2
neutral,gemeine,1
neutral,feldvogel,3
neutral,nannte,19
neutral,hereinkam,1
neutral,papchen,2
neutral,fügte,1
neutral,hinzu,3
neutral,lachte,4
neutral,messingkäfig,1
neutral,schaukelte,3
neutral,einfältiglich,1
neutral,gratuliren,1
neutral,einziges,16
neutral,hübscher,2
neutral,kanarienvogel,5
neutral,duftenden,2
neutral,vaterlande,1
neutral,schreihals,1
neutral,taschentuch,4
neutral,seufzer,3
neutral,schwieg,3
neutral,uebrige,1
neutral,unverständlich,1
neutral,kanarienvogels,1
neutral,mandelbaume,1
neutral,spiegelklaren,1
neutral,wiegten,1
neutral,bildung,1
neutral,lachst,1
neutral,ergötzliche,1
neutral,goutiren,1
neutral,entsinnst,1
neutral,hübschen,3
neutral,ausgespannten,1
neutral,zelte,1
neutral,tanzten,15
neutral,laßt,5
neutral,dichterseele,1
neutral,nennen,3
neutral,blühendes,1
neutral,vaterland,2
neutral,elegischen,1
neutral,singe,1
neutral,worüber,2
neutral,gelächter,2
neutral,geistigen,1
neutral,standpunktes,1
neutral,lacht,1
neutral,ho,3
neutral,fliege,5
neutral,oberste,1
neutral,instinctmäßig,1
neutral,gehorchte,1
neutral,augenblicke,2
neutral,knarrte,7
neutral,geöffnete,1
neutral,geschmeidig,1
neutral,funkelnden,4
neutral,schlich,10
neutral,hauskatze,1
neutral,unwillkürlich,1
neutral,tische,4
neutral,bewahre,3
neutral,vi,1
neutral,brachten,5
neutral,frühen,1
neutral,nachbar,4
neutral,etage,1
neutral,theolog,4
neutral,pflaumen-,1
neutral,apfelbaum,1
neutral,gange,3
neutral,ertönte,4
neutral,posthorn,1
neutral,schweiz,1
neutral,diligence,1
neutral,gepackt,1
neutral,schwebte,4
neutral,zustande,1
neutral,accreditiv,1
neutral,paß,1
neutral,lederbeutel,1
neutral,festgenähte,1
neutral,louisd'or,1
neutral,verkündete,3
neutral,kostbarkeiten,1
neutral,fieberartig,1
neutral,fühlen,1
neutral,tannenwälder,2
neutral,haidekraut,1
neutral,felsen,5
neutral,gipfel,2
neutral,wolkennebel,1
neutral,schneien,2
neutral,blies,4
neutral,uh,2
neutral,italien,1
neutral,florenz,1
neutral,rom,1
neutral,trasimenische,1
neutral,abendbeleuchtung,1
neutral,flammendes,1
neutral,dunkelblauen,2
neutral,hannibal,1
neutral,flaminius,1
neutral,weinranken,1
neutral,friedlich,4
neutral,liebliche,2
neutral,halbnackte,1
neutral,hüteten,2
neutral,heerde,1
neutral,kohlschwarzer,2
neutral,schweine,2
neutral,gruppe,2
neutral,duftender,1
neutral,lorberbäume,1
neutral,keineswegs,1
neutral,irgend,1
neutral,reisegefährten,1
neutral,vetturins,1
neutral,vergebens,1
neutral,schlugen,9
neutral,myrtenzweige,1
neutral,bissen,3
neutral,angeschwollen,1
neutral,aeser,1
neutral,schaaren,1
neutral,hinabstieg,1
neutral,thiere,4
neutral,abschabte,1
neutral,sank,13
neutral,grabgewölbes,1
neutral,sommertage,1
neutral,wolken,18
neutral,ton,4
neutral,einzelnen,1
neutral,gemälden,2
neutral,farbenspiel,1
neutral,süden,1
neutral,erlebt,2
neutral,unnatürlich,1
neutral,olivenwald,1
neutral,knotigen,1
neutral,weiden,1
neutral,wirthshaus,2
neutral,dutzend,1
neutral,bettelnder,1
neutral,krüppel,1
neutral,gelagert,1
neutral,rascheste,1
neutral,marryat'schen,1
neutral,ausdruck,2
neutral,gebrauchen,2
neutral,älteste,5
neutral,hungers,1
neutral,volljährigkeit,1
neutral,krochen,3
neutral,geschwundene,1
neutral,fingerlosen,1
neutral,lumpen,2
neutral,seufzten,2
neutral,streckten,4
neutral,bindfaden,1
neutral,zusammengebunden,1
neutral,bot,4
neutral,halbaufgewühltes,1
neutral,pflaster,2
neutral,mauersteinen,1
neutral,dar,2
neutral,fledermäuse,1
neutral,gestank,1
neutral,stall,1
neutral,reisenden,2
neutral,einathmet,1
neutral,frische,3
neutral,hereindringen,1
neutral,verdorrten,1
neutral,jammern,1
neutral,miserabili,1
neutral,eccellenza,1
neutral,inschriften,1
neutral,bella,1
neutral,italia,1
neutral,aufgetragen,1
neutral,gewürzt,1
neutral,pfeffer,1
neutral,ranzigem,1
neutral,oel,1
neutral,koffer,1
neutral,wachthabende,1
neutral,schwül,1
neutral,snarleyyow,1
neutral,ausgesprochen,2
neutral,heimath,1
neutral,preise,1
neutral,niemanden,3
neutral,grabe,4
neutral,solons,1
neutral,bekräftigung,1
neutral,erneuert,1
neutral,auferstehn,1
neutral,todesgartengräser,1
neutral,schwerer,3
neutral,drückt,1
neutral,pflicht,1
neutral,sarges,1
neutral,bewegten,3
neutral,beugten,1
neutral,todten,9
neutral,dauerndes,1
neutral,todesschlaf,1
neutral,geendet,1
neutral,wiederbelebte,1
neutral,kranke,2
neutral,ernsten,1
neutral,milden,1
neutral,schliefe,2
neutral,knieen,3
neutral,bittere,3
neutral,thränen,8
neutral,schlossen,4
neutral,harten,4
neutral,bettpfosten,1
neutral,herrlichkeiten,2
neutral,todte,3
neutral,sarg,3
neutral,geliebt,1
neutral,hinunterwarfen,1
neutral,schaufel,2
neutral,hinabgeworfen,1
neutral,bäume,9
neutral,johannes,52
neutral,allezeit,2
neutral,ergehen,5
neutral,möge,9
neutral,lehren,1
neutral,unterrichtete,1
neutral,begräbnisse,1
neutral,hinausflogen,1
neutral,mitzufliegen,1
neutral,holzkreuz,1
neutral,grab,6
neutral,geschmückt,5
neutral,gethan,1
neutral,packte,4
neutral,verwahrte,1
neutral,gürtel,4
neutral,erbtheil,1
neutral,fünfzig,2
neutral,thaler,2
neutral,silberschillinge,3
neutral,betrug,1
neutral,getauft,2
neutral,gottesdienst,1
neutral,psalm,5
neutral,gesungen,3
neutral,oeffnungen,1
neutral,thurmes,1
neutral,kirchenkobold,1
neutral,rothen,21
neutral,spitzen,3
neutral,gebogenen,1
neutral,beschattete,1
neutral,orte,1
neutral,heuschober,2
neutral,felde,3
neutral,wahrhaft,1
neutral,nachtlampe,1
neutral,zündete,7
neutral,gardine,1
neutral,aufging,3
neutral,glocken,3
neutral,prediger,4
neutral,folgte,19
neutral,psalmen,2
neutral,kirchhofe,1
neutral,gräber,1
neutral,jäten,1
neutral,schmücken,1
neutral,richtete,4
neutral,holzkreuze,1
neutral,umgefallen,1
neutral,kränze,1
neutral,fortgerissen,1
neutral,kirchhofsthüre,1
neutral,bettler,4
neutral,krücke,1
neutral,ermüdet,2
neutral,auszuruhen,2
neutral,donnerte,3
neutral,vorübergezogen,1
neutral,offener,1
neutral,furchtsam,1
neutral,gutes,5
neutral,gewissen,1
neutral,lebende,1
neutral,schlimme,1
neutral,hineingesetzt,1
neutral,beerdigt,1
neutral,uebles,2
neutral,erweisen,1
neutral,sarge,2
neutral,kirchthür,2
neutral,hinauswerfen,1
neutral,schnickschnack,4
neutral,schuldet,1
neutral,bezahlen,3
neutral,obendrein,1
neutral,vollends,1
neutral,pfennig,3
neutral,kirchthüre,2
neutral,willst,18
neutral,leiche,2
neutral,ließen,9
neutral,stören,1
neutral,unschuldiger,2
neutral,bösen,7
neutral,finger,11
neutral,goldkämmen,1
neutral,aufgeheftet,1
neutral,schaukelten,1
neutral,thautropfen,1
neutral,entrollte,1
neutral,grashalmen,2
neutral,lärmen,1
neutral,bunte,3
neutral,spinnen,4
neutral,silberkronen,1
neutral,hecke,2
neutral,hängebrücken,1
neutral,paläste,1
neutral,feine,4
neutral,thau,2
neutral,darauffiel,1
neutral,schimmerndes,1
neutral,mondscheine,1
neutral,aussahen,2
neutral,währte,4
neutral,blumenknospen,1
neutral,brücken,1
neutral,schlösser,2
neutral,spinnweben,1
neutral,dahinflogen,1
neutral,eben,10
neutral,herausgekommen,1
neutral,mannsstimme,1
neutral,holla,1
neutral,kamerad,2
neutral,klüger,4
neutral,durchreist,1
neutral,möglichen,1
neutral,existirte,1
neutral,brennholz,2
neutral,gesammelt,4
neutral,schürze,12
neutral,aufgebunden,2
neutral,ruthen,8
neutral,farrenkraut,2
neutral,weidenreisern,1
neutral,daraus,2
neutral,hervorsahen,1
neutral,wohnte,12
neutral,büchse,2
neutral,salbe,4
neutral,kräftig,2
neutral,verlange,4
neutral,bezahlt,1
neutral,eigen,1
neutral,hergeben,1
neutral,angenehm,1
neutral,gebrochenem,1
neutral,dazuliegen,1
neutral,gerieben,1
neutral,bewirken,1
neutral,apotheke,2
neutral,umzieht,1
neutral,aufwuchsen,1
neutral,schwere,3
neutral,anstrengung,1
neutral,hinüberzukommen,1
neutral,marsche,1
neutral,sammeln,1
neutral,schenkstube,1
neutral,wirtshause,1
neutral,puppenkomödie,1
neutral,komödie,3
neutral,aufstand,1
neutral,hinging,1
neutral,schlächter,1
neutral,schlanke,1
neutral,taille,1
neutral,fortgingen,1
neutral,schmierte,2
neutral,geholfen,4
neutral,geschmiert,2
neutral,lebendiger,1
neutral,holzpuppen,1
neutral,untereinander,1
neutral,glasaugen,1
neutral,stierten,1
neutral,könnten,8
neutral,kniee,1
neutral,nimm,7
neutral,schmiere,1
neutral,hofleute,1
neutral,niedlichsten,1
neutral,schmieren,1
neutral,beschmierte,1
neutral,menschenmädchen,2
neutral,alsbald,1
neutral,mittanzten,1
neutral,köchin,1
neutral,stubenmädchen,1
neutral,feuerschaufel,1
neutral,feuerzange,2
neutral,sprünge,1
neutral,machten,6
neutral,kirchthürme,1
neutral,gefalteten,1
neutral,städte,2
neutral,hieb,3
neutral,schlage,2
neutral,schwanes,1
neutral,reisten,1
neutral,hunderten,1
neutral,thürmen,2
neutral,erglänzten,1
neutral,wirthshause,4
neutral,putzen,2
neutral,nett,1
neutral,kämen,1
neutral,erlaubniß,3
neutral,ertheilt,1
neutral,rathen,8
neutral,befragte,1
neutral,vermählen,1
neutral,stürbe,1
neutral,aufhängen,1
neutral,abhauen,2
neutral,geköpft,1
neutral,gewarnt,1
neutral,unterlassen,5
neutral,jahres,1
neutral,branntwein,1
neutral,färbten,1
neutral,trauerten,1
neutral,ruthe,4
neutral,gegerbt,1
neutral,jungfrauen,1
neutral,weißseidenen,1
neutral,tulpe,3
neutral,ritten,6
neutral,kohlschwarzen,1
neutral,pferden,2
neutral,reitkleid,1
neutral,purem,1
neutral,goldstoff,1
neutral,peitsche,4
neutral,sonnenstrahl,5
neutral,roth,8
neutral,blutstropfen,2
neutral,köpfen,1
neutral,ließe,2
neutral,bestimmt,4
neutral,rieth,2
neutral,pochte,1
neutral,schlafrock,1
neutral,gestickten,1
neutral,pantoffeln,3
neutral,haupte,6
neutral,scepter,4
neutral,reichsapfel,1
neutral,bischen,2
neutral,apfel,4
neutral,erfuhr,9
neutral,weinen,5
neutral,schlafrocke,1
neutral,lustgarten,1
neutral,königssöhne,1
neutral,gefreit,2
neutral,aufgegeben,1
neutral,errathen,1
neutral,wehte,1
neutral,klapperten,1
neutral,gerippe,4
neutral,wagten,4
neutral,menschenknochen,1
neutral,todtenköpfe,1
neutral,grinsten,1
neutral,gewahrst,1
neutral,schloßhof,1
neutral,begaben,1
neutral,präsentirten,1
neutral,eingemachtes,1
neutral,richter,3
neutral,rath,2
neutral,ergehe,1
neutral,dagewesen,1
neutral,gerathen,6
neutral,tanzte,10
neutral,landstraße,8
neutral,sehnte,9
neutral,ungestört,1
neutral,herrschte,2
neutral,betrübniß,2
neutral,schauspielhaus,1
neutral,geschlossen,6
neutral,kuchenfrauen,1
neutral,banden,1
neutral,zuckermänner,1
neutral,priester,3
neutral,kirchen,3
neutral,freiern,1
neutral,ergangen,1
neutral,bereitete,1
neutral,bowle,1
neutral,gesundheit,1
neutral,gläser,1
neutral,getrunken,3
neutral,schläfrig,1
neutral,sachte,2
neutral,stuhle,2
neutral,schwane,1
neutral,abgehauen,1
neutral,größte,5
neutral,schlafstube,2
neutral,hineinging,1
neutral,stille,7
neutral,viertel,1
neutral,peitschte,2
neutral,ausbreitete,1
neutral,schiffssegel,2
neutral,hagelt,3
neutral,donner,3
neutral,glühende,2
neutral,leuchtenden,2
neutral,himmelblauen,1
neutral,fledermäusen,1
neutral,pferdegerippen,1
neutral,zaumzeug,1
neutral,feuerspinnen,1
neutral,milchweißem,1
neutral,mäuse,2
neutral,heuschrecken,2
neutral,mundharmonika,2
neutral,eule,2
neutral,trommel,2
neutral,kobolde,1
neutral,irrlichte,1
neutral,saale,2
neutral,zusammenhing,1
neutral,besenstiele,1
neutral,kohlköpfen,1
neutral,gehext,4
neutral,gestickte,2
neutral,prunk,1
neutral,woran,5
neutral,darnach,2
neutral,räth,1
neutral,herauskommst,1
neutral,verneigte,4
neutral,prügelte,2
neutral,stark,3
neutral,hagelwetter,1
neutral,löste,6
neutral,angefüllt,1
neutral,lehnstühlen,1
neutral,eiderdunenkissen,1
neutral,taschentuche,1
neutral,aussprechen,1
neutral,kreideweiß,1
neutral,zitterte,7
neutral,klatschten,2
neutral,verging,4
neutral,gestrige,1
neutral,purzelbäume,2
neutral,könige,3
neutral,sopha,1
neutral,zeitig,1
neutral,stockfinstere,1
neutral,stürmte,1
neutral,dachsteine,1
neutral,schilfe,5
neutral,sturmwind,1
neutral,schlag,4
neutral,bleich,8
neutral,arg,1
neutral,wirbelte,2
neutral,ausgewesen,1
neutral,gewonnen,3
neutral,hinauskommen,1
neutral,vermöchte,1
neutral,zauberkünste,1
neutral,erdenken,1
neutral,größerer,1
neutral,kobolden,1
neutral,irrlichtern,1
neutral,heimchen,1
neutral,pfiffen,2
neutral,bliesen,1
neutral,vermißt,1
neutral,schlüpfte,2
neutral,umkehren,1
neutral,zauberkopf,1
neutral,tauchte,7
neutral,seidenes,1
neutral,aufbinden,1
neutral,radieschen,1
neutral,zusammengeknüpft,1
neutral,stühlen,3
neutral,weichen,4
neutral,polirt,1
neutral,feierlich,2
neutral,kohlschwarzes,2
neutral,gehe,6
neutral,begräbniß,1
neutral,zaubererhaupt,1
neutral,ochsen,1
neutral,enten,8
neutral,hühnern,2
neutral,gefüllt,5
neutral,abschneiden,1
neutral,wasserkünsten,1
neutral,sprudelte,1
neutral,wein,3
neutral,kaufte,4
neutral,schillingsbrezel,1
neutral,bäcker,1
neutral,zwieback,2
neutral,zugabe,1
neutral,rosinen,1
neutral,erleuchtet,2
neutral,kanonen,2
neutral,knallerbsen,1
neutral,angestoßen,1
neutral,sohle,1
neutral,federn,8
neutral,schwanenflügel,7
neutral,faß,1
neutral,hineinsteigen,1
neutral,hinunterfalle,1
neutral,untertauchen,2
neutral,hineingeschüttet,1
neutral,zauberei,2
neutral,lieb,5
neutral,zappelte,1
neutral,heraufkam,2
neutral,allerletzt,1
neutral,male,4
neutral,fortreisen,1
neutral,ursache,1
neutral,glückes,1
neutral,mild,6
neutral,erinnerst,1
neutral,gabst,1
neutral,besaßest,1
neutral,monat,1
neutral,ward,1
neutral,töpelhans,1
neutral,herrenhof,1
neutral,lebte,18
neutral,gutsbesitzer,1
neutral,kluge,1
neutral,gewandtesten,1
neutral,unterhalten,1
neutral,bereiteten,1
neutral,lateinische,1
neutral,lexikon,3
neutral,jahrgänge,1
neutral,städtischen,1
neutral,sämtlichen,1
neutral,paragraphen,1
neutral,zunftgesetze,1
neutral,zunftmeister,1
neutral,staats-,1
neutral,gelehrte,1
neutral,bekomme,2
neutral,zunftmeisterlich,1
neutral,gebahren,1
neutral,sticken,1
neutral,milchweißes,1
neutral,dreie,1
neutral,zählte,1
neutral,gleiche,2
neutral,erstaunliche,1
neutral,gelehrsamkeit,1
neutral,wollt,2
neutral,bratenrock,1
neutral,plaudern,1
neutral,ausgetrommelt,1
neutral,potztausend,2
neutral,gieb,1
neutral,nehme,3
neutral,gebe,6
neutral,stande,1
neutral,rittlings,1
neutral,hacken,1
neutral,sprengte,1
neutral,wiederhallte,1
neutral,voran,3
neutral,einfälle,1
neutral,vorbringen,2
neutral,halloh,5
neutral,wandten,2
neutral,seltenen,1
neutral,anzusehen,3
neutral,tölpel,1
neutral,holzschuh,2
neutral,obere,1
neutral,abgegangen,1
neutral,gesprächsgegenstand,1
neutral,schlamm,4
neutral,straßengraben,1
neutral,ausgeworfen,1
neutral,ist.,2
neutral,allerfeinsten,1
neutral,füllte,5
neutral,zeug,7
neutral,überholten,1
neutral,stadtthore,3
neutral,numeriert,1
neutral,reih,2
neutral,glied,4
neutral,gliede,1
neutral,rühren,1
neutral,empfing,4
neutral,schwelle,1
neutral,zimmers,1
neutral,überschritt,1
neutral,verließ,6
neutral,rednertalent,1
neutral,spiegelglas,2
neutral,schreiber,3
neutral,stadtältester,1
neutral,aufschrieben,1
neutral,überfluß,1
neutral,eingefeuert,1
neutral,glühte,1
neutral,herrscht,1
neutral,drückende,1
neutral,hitze,3
neutral,hähne,3
neutral,bratet,1
neutral,erwiedern,1
neutral,—,140
neutral,bäh,1
neutral,entsetzliche,1
neutral,versetzte,2
neutral,belie,2
neutral,schrieben,4
neutral,ziegenbocke,1
neutral,brate,1
neutral,entgegnete,1
neutral,schüttete,1
neutral,gefällst,1
neutral,gemahle,1
neutral,stadtältesten,3
neutral,stehen.,1
neutral,bestes,2
neutral,schenken,4
neutral,zugleich,4
neutral,wandte,8
neutral,taschen,7
neutral,gewußt,1
neutral,vermocht,1
neutral,entnommen,1
neutral,rechter,1
neutral,verlaß,1
neutral,dorfe,2
neutral,hießen,3
neutral,pflügen,2
neutral,vieren,1
neutral,wöchentlich,2
neutral,sonntags,1
neutral,hussa,1
neutral,geputzt,2
neutral,gesangbuch,4
neutral,pflügte,1
neutral,hü,3
neutral,vorbeiging,1
neutral,ersuche,1
neutral,amtlich,1
neutral,sagst,1
neutral,vorbeikamen,2
neutral,zunickten,1
neutral,sehe,3
neutral,hüten,3
neutral,hammer,1
neutral,umfiel,2
neutral,schulter,5
neutral,pferdehaut,2
neutral,verirrte,1
neutral,gänzlich,1
neutral,bauernhof,1
neutral,fensterladen,1
neutral,hinausscheinen,1
neutral,bauersfrau,4
neutral,weitergehen,2
neutral,liegenbleiben,1
neutral,daneben,4
neutral,wohnhaus,1
neutral,geräteschuppen,1
neutral,flachen,1
neutral,strohdache,1
neutral,storch,2
neutral,nest,4
neutral,dache,3
neutral,schuppen,3
neutral,hineinblicken,1
neutral,gedeckt,1
neutral,gabelte,1
neutral,leibgericht,1
neutral,abbekommen,1
neutral,reiten,2
neutral,hineinzukriechen,1
neutral,komm,11
neutral,verirrt,2
neutral,deckte,1
neutral,schüssel,1
neutral,grütze,6
neutral,rechtem,1
neutral,appetit,1
neutral,schmecken,1
neutral,sacke,2
neutral,st,1
neutral,durfte,12
neutral,aßen,2
neutral,flaschen,1
neutral,hörst,2
neutral,bange,1
neutral,hu,3
neutral,könnt,2
neutral,hingehen,1
neutral,aufmachen,2
neutral,kauert,1
neutral,deckel,2
neutral,entwischt,1
neutral,scheffel,11
neutral,gehäuft,2
neutral,gemessen,2
neutral,karren,3
neutral,fortzufahren,1
neutral,andem,1
neutral,floß,2
neutral,reißend,1
neutral,anschwimmen,1
neutral,geschlagen,4
neutral,dummen,3
neutral,weiterzufahren,1
neutral,ausschüttete,1
neutral,sandte,2
neutral,teer,1
neutral,zurückerhielt,1
neutral,verkaufte,1
neutral,gestern,2
neutral,axt,3
neutral,häuten,1
neutral,kaufen,7
neutral,schuhmacher,4
neutral,gerber,2
neutral,gelaufen,1
neutral,foppen,2
neutral,spannriemen,1
neutral,schurzfelle,1
neutral,fingen,1
neutral,loszuprügeln,1
neutral,gerben,1
neutral,durchgeprügelt,1
neutral,na,2
neutral,schlimm,3
neutral,zurückkehren,3
neutral,liege,2
neutral,böser,1
neutral,totschlagen,1
neutral,sonntagskleider,1
neutral,lieh,1
neutral,spannte,1
neutral,hintersten,1
neutral,hinausfallen,1
neutral,rollten,3
neutral,kümmel,3
neutral,hinausging,1
neutral,aufrecht,3
neutral,sohne,4
neutral,teilnahmslos,1
neutral,anginge,1
neutral,heda,1
neutral,erschlagen,1
neutral,heftigkeit,1
neutral,begrub,1
neutral,schickte,9
neutral,totgeschlagen,2
neutral,hinzugekommen,1
neutral,apotheker,4
neutral,woher,3
neutral,redet,1
neutral,irre,1
neutral,bestrafen,1
neutral,ertränke,1
neutral,flusse,6
neutral,kirchtür,1
neutral,hineinzugehen,1
neutral,weitergehe,1
neutral,herauskommen,2
neutral,möglich,2
neutral,aufzulösen,1
neutral,viehtreiber,3
neutral,schneeweißem,1
neutral,stab,2
neutral,herde,4
neutral,kühe,1
neutral,stiere,2
neutral,umgeworfen,1
neutral,himmelreich,2
neutral,mache,2
neutral,kommst,2
neutral,kühen,1
neutral,stieren,1
neutral,hintendrein,1
neutral,warfst,1
neutral,seevieh,2
neutral,weiche,3
neutral,lieblichste,2
neutral,schneeweißen,1
neutral,kranz,4
neutral,'bist,1
neutral,vieh,4
neutral,meervolk,2
neutral,frischeste,1
neutral,geradeso,1
neutral,heraufgekommen,1
neutral,erzähle,1
neutral,krümmungen,1
neutral,umweg,1
neutral,kürzer,2
neutral,querüber,1
neutral,spare,1
neutral,dahingehen,2
neutral,hineinwerfen,1
neutral,erhalte,1
neutral,hinunterkomme,1
neutral,prügeln,1
neutral,geprügelt,1
neutral,durstig,1
neutral,sputet,1
neutral,knüpfte,1
neutral,plumps,1
neutral,keck,2
neutral,berühmt,1
neutral,melodien,1
neutral,kehle,1
neutral,säßen,1
neutral,silberne,3
neutral,behälter,2
neutral,zugesandt,1
neutral,spielte,9
neutral,miezekatze,1
neutral,papa,1
neutral,kavalier,1
neutral,vortrag,1
neutral,boten,1
neutral,gestatten,1
neutral,einschüchtern,1
neutral,bemalte,1
neutral,braun,3
neutral,jawohl,3
neutral,brauche,2
neutral,kaiserlicher,1
neutral,schweinen,1
neutral,arbeitete,5
neutral,niedlichen,4
neutral,gebildeter,1
neutral,hineingehen,3
neutral,holzpantoffeln,1
neutral,hofdame,5
neutral,tue,2
neutral,anwortete,1
neutral,gegangen,6
neutral,erklangen,4
neutral,schellen,1
neutral,stellten,4
neutral,breiteten,3
neutral,kochen,2
neutral,feuerherd,1
neutral,kammerherrn,1
neutral,schuhflicker,1
neutral,süße,3
neutral,eierkuchen,1
neutral,haltet,1
neutral,reinen,1
neutral,wirklicher,1
neutral,verstreichen,1
neutral,herumschwang,1
neutral,walzer,1
neutral,hopser,1
neutral,erschaffung,1
neutral,hineingegangen,1
neutral,aufmuntern,1
neutral,bedenkt,1
neutral,kost,1
neutral,lohn,2
neutral,hinausgetreten,1
neutral,rieb,3
neutral,sputete,1
neutral,hinunterkam,1
neutral,leise,8
neutral,zugehen,1
neutral,zehen,1
neutral,pantoffel,3
neutral,sechsundachtzigsten,1
neutral,elendes,1
neutral,geschöpf,1
neutral,verachten,1
neutral,wolltest,1
neutral,verstandest,1
neutral,konntest,1
neutral,spielerei,1
neutral,aufzumachen,1
neutral,haaren,1
neutral,schnäbel,1
neutral,absatz,1
neutral,schlafkammer,2
neutral,bettzeug,1
neutral,bettstelle,1
neutral,huschte,2
neutral,schrecklich,1
neutral,vorüberrollten,1
neutral,wiege,3
neutral,benutzen,1
neutral,nackten,2
neutral,bund,6
neutral,abgekauft,1
neutral,bedeckten,3
neutral,langes,5
neutral,blondes,1
neutral,locken,1
neutral,vorsprang,1
neutral,kauerte,1
neutral,fror,5
neutral,schläge,2
neutral,spalten,1
neutral,zugestopft,1
neutral,beinahe,2
neutral,bunde,2
neutral,herausziehen,1
neutral,streichen,1
neutral,erwärmen,2
neutral,dürfte,2
neutral,rrscht,1
neutral,eisernen,2
neutral,polirten,1
neutral,messingfüßen,1
neutral,messingenen,1
neutral,aufsatze,1
neutral,abgestrichen,1
neutral,schleier,2
neutral,schneeweißes,1
neutral,tischtuch,1
neutral,ausgebreitet,1
neutral,glänzendes,1
neutral,porzellangeschirr,1
neutral,dampfte,2
neutral,aepfeln,1
neutral,getrockneten,1
neutral,pflaumen,1
neutral,erlosch,8
neutral,feuchtkalte,1
neutral,tausende,1
neutral,lichterchen,1
neutral,bilder,4
neutral,schaufenstern,1
neutral,weihnachtslichter,1
neutral,stiegen,9
neutral,feuerstreifen,1
neutral,herunterfällt,1
neutral,emporsteigt,1
neutral,entfernst,1
neutral,erlischt,1
neutral,verschwindest,1
neutral,herrliche,8
neutral,gänsebraten,1
neutral,strich,4
neutral,glanze,1
neutral,heller,6
neutral,glanz,3
neutral,hunger,2
neutral,neujahrssonne,1
neutral,starr,2
neutral,abgebrannt,1
neutral,dahermarschiert,1
neutral,kriege,1
neutral,traf,15
neutral,garstig,1
neutral,unterlippe,1
neutral,innen,1
neutral,hohl,2
neutral,hinaufklettern,1
neutral,spitze,3
neutral,hinabgleiten,1
neutral,hinunterkommen,1
neutral,heraufziehen,1
neutral,rufst,1
neutral,baumes,2
neutral,ankommst,1
neutral,gage,1
neutral,lampen,2
neutral,aufschließen,1
neutral,blaugewürfelte,2
neutral,ausbreiten,1
neutral,schließ,1
neutral,mühlräder,6
neutral,setz,1
neutral,magst,1
neutral,hineingehst,1
neutral,geldkiste,1
neutral,runde,3
neutral,turm,3
neutral,leg,1
neutral,hinuntergleiten,1
neutral,teetassen,5
neutral,glotzte,1
neutral,netter,1
neutral,kerl,1
neutral,hei,1
neutral,solltest,1
neutral,könntest,2
neutral,augenschmerzen,1
neutral,silbergeld,2
neutral,kupfergeld,2
neutral,lauteren,1
neutral,solch,1
neutral,niemals,8
neutral,weilchen,1
neutral,genügt,1
neutral,zieh,2
neutral,wahrhaftig,1
neutral,reinweg,1
neutral,gib,3
neutral,ziehe,1
neutral,haue,1
neutral,geradeaus,1
neutral,prächtigsten,3
neutral,allerbesten,1
neutral,leibgerichte,1
neutral,jämmerliche,1
neutral,gekauft,2
neutral,überhaupt,1
neutral,türmen,2
neutral,eingehen,1
neutral,geweissagt,1
neutral,ausgab,2
neutral,hereinbekam,1
neutral,gewohnt,2
neutral,fortziehen,1
neutral,winzig,1
neutral,drache,1
neutral,bürsten,1
neutral,stopfnadel,1
neutral,zusammennähen,1
neutral,hinuntergeholfen,1
neutral,lichtstumpf,1
neutral,stumpf,2
neutral,funken,8
neutral,stoben,1
neutral,wupp,2
neutral,maule,1
neutral,einher,1
neutral,stracks,1
neutral,geküßt,3
neutral,verschwanden,4
neutral,malte,4
neutral,gemalt,1
neutral,kreuze,5
neutral,offiziere,1
neutral,einsehen,1
neutral,schere,2
neutral,nähte,2
neutral,seidenzeug,1
neutral,feiner,1
neutral,buchweizengrütze,1
neutral,bestreuen,1
neutral,streute,1
neutral,hinauflief,1
neutral,warfen,3
neutral,stangen,2
neutral,marschieren,1
neutral,schusterjunge,4
neutral,schurzfell,1
neutral,galopp,1
neutral,abflog,1
neutral,herausguckte,1
neutral,he,1
neutral,hinlaufen,1
neutral,pfeilgeschwind,1
neutral,gemauert,1
neutral,rundum,1
neutral,hunderttausend,1
neutral,richtern,1
neutral,rate,1
neutral,sünder,2
neutral,erleide,1
neutral,tabak,1
neutral,bekäme,1
neutral,helft,1
neutral,herunterfallen,1
neutral,hurra,1
neutral,präsentierten,1
neutral,dauerte,1
neutral,holzschuhen,1
neutral,spanne,1
neutral,schuhmacherfrau,1
neutral,tuchstreifen,1
neutral,plump,1
neutral,gemeint,1
neutral,karen,15
neutral,darein,2
neutral,strohsarge,1
neutral,geschähe,1
neutral,halber,1
neutral,gräulich,1
neutral,verbrannt,2
neutral,strömten,1
neutral,anstaunen,1
neutral,verglichen,1
neutral,eingesegnet,1
neutral,maaß,1
neutral,fuße,3
neutral,glasschränke,1
neutral,allerliebst,1
neutral,rothe,3
neutral,grafen-kind,1
neutral,gepaßt,1
neutral,glänzen,2
neutral,paßten,1
neutral,einsegnung,1
neutral,betrachteten,5
neutral,chorthüre,1
neutral,kirchendiele,1
neutral,hinschritt,1
neutral,grabmälern,1
neutral,portraits,1
neutral,predigern,2
neutral,predigerfrauen,2
neutral,steifen,1
neutral,kragen,1
neutral,hefteten,2
neutral,taufe,1
neutral,christin,1
neutral,nachmittage,1
neutral,besah,3
neutral,kirchenthüre,1
neutral,invalide,1
neutral,krückstocke,1
neutral,wunderbar,1
neutral,neigte,4
neutral,abwischen,1
neutral,tanzt,2
neutral,sohlen,1
neutral,almosen,1
neutral,karens,1
neutral,kniete,2
neutral,kelch,1
neutral,kelche,2
neutral,herumschwämmen,1
neutral,stieg,15
neutral,umhin,1
neutral,tanztritte,1
neutral,kirchenecke,1
neutral,greifen,2
neutral,gewaltig,2
neutral,danieder,1
neutral,gepflegt,1
neutral,gewartet,1
neutral,eingeladen,1
neutral,genesen,1
neutral,sünde,2
neutral,balle,1
neutral,finstern,1
neutral,abwerfen,1
neutral,schleuderte,2
neutral,strümpfe,1
neutral,festgewachsen,1
neutral,kirchhof,4
neutral,besseres,1
neutral,zusammenschrumpft,1
neutral,stolze,2
neutral,hochmüthige,1
neutral,anklopfen,1
neutral,gnade,1
neutral,steg,2
neutral,dorn,1
neutral,blutig,1
neutral,haide,2
neutral,wohne,1
neutral,hineinkommen,1
neutral,schnitzte,1
neutral,holzfüße,1
neutral,krücken,2
neutral,lehrte,1
neutral,beil,1
neutral,geführt,5
neutral,gestritten,1
neutral,brüsten,1
neutral,pfarrwohnung,1
neutral,dienst,2
neutral,fleißig,1
neutral,sähe,4
neutral,horchte,2
neutral,vorlas,1
neutral,putz,1
neutral,pracht,9
neutral,sonntage,2
neutral,gesangbuche,2
neutral,frommem,1
neutral,orgeltöne,1
neutral,herüber,1
neutral,hilf,1
neutral,berührte,12
neutral,goldener,2
neutral,erweiterten,1
neutral,orgel,3
neutral,gemeinde,1
neutral,geputzten,1
neutral,gesangbüchern,1
neutral,hingekommen,1
neutral,kinderstimmen,1
neutral,chor,1
neutral,tönten,1
neutral,korn,5
neutral,hafer,1
neutral,heu,2
neutral,wiesen,2
neutral,schobern,1
neutral,aufgesetzt,1
neutral,plapperte,2
neutral,ägyptisch,1
neutral,aecker,1
neutral,wäldern,3
neutral,landgut,1
neutral,kanälen,3
neutral,klettenblätter,1
neutral,neste,1
neutral,ausbrüten,1
neutral,selten,1
neutral,schwammen,9
neutral,klettenblatt,1
neutral,schnattern,1
neutral,platzte,2
neutral,piep,4
neutral,eidotter,1
neutral,steckten,3
neutral,rapp,7
neutral,rappelten,1
neutral,erstreckt,1
neutral,pfarrers,1
neutral,überdrüssig,1
neutral,abzustatten,1
neutral,währt,1
neutral,allesammt,1
neutral,platzen,1
neutral,kalekutenei,2
neutral,schwimmen,7
neutral,belieben,2
neutral,keins,1
neutral,kalekutisches,1
neutral,küchlein,2
neutral,entleinmutter,2
neutral,platsch,4
neutral,plumpte,1
neutral,graue,3
neutral,schwamm,21
neutral,entenhof,1
neutral,wetzte,1
neutral,aalkopf,1
neutral,rappelt,1
neutral,einwärts,1
neutral,wohlerzogenes,1
neutral,auseinander,1
neutral,euern,1
neutral,thaten,4
neutral,anhang,1
neutral,biß,1
neutral,beißende,1
neutral,gepufft,1
neutral,gefieder,1
neutral,entrich,2
neutral,kalekutische,1
neutral,hahn,1
neutral,sporen,1
neutral,fahrzeug,1
neutral,kollerte,1
neutral,wärst,3
neutral,füttern,2
neutral,zaun,2
neutral,büschen,1
neutral,grüßte,1
neutral,heirathest,1
neutral,verheirathen,1
neutral,moorwasser,1
neutral,gänse,1
neutral,richtiger,1
neutral,gänseriche,2
neutral,gekrochen,1
neutral,mitziehen,1
neutral,zugvogel,1
neutral,piff,2
neutral,paff,2
neutral,blutroth,1
neutral,knallte,2
neutral,abermals,1
neutral,jäger,4
neutral,baumzweigen,1
neutral,schilfrohr,1
neutral,hinstreckten,1
neutral,dampf,1
neutral,dunkeln,6
neutral,moore,3
neutral,jagdhunde,1
neutral,rohr,2
neutral,schrote,1
neutral,schuß,2
neutral,tobte,1
neutral,bauerhütte,1
neutral,baufällig,1
neutral,angel,2
neutral,hineinschlüpfen,1
neutral,kater,7
neutral,henne,7
neutral,söhnchen,1
neutral,buckel,2
neutral,schnurren,4
neutral,sprühte,1
neutral,streicheln,2
neutral,glucken,1
neutral,ringsum,4
neutral,fette,2
neutral,seltener,1
neutral,fang,1
neutral,erproben,1
neutral,wochen,2
neutral,angenommen,2
neutral,eier,4
neutral,litt,1
neutral,v,1
neutral,güte,5
neutral,krummen,1
neutral,sprühen,2
neutral,darfst,5
neutral,vernünftige,1
neutral,schlechter,1
neutral,sonderbare,1
neutral,fängst,1
neutral,grillen,1
neutral,lege,2
neutral,schnurre,1
neutral,glaubst,1
neutral,zusammenschlagen,1
neutral,unannehmlichkeiten,1
neutral,legst,1
neutral,lernst,1
neutral,umhertanzten,1
neutral,hagel,1
neutral,stießen,2
neutral,eigenthümlichen,1
neutral,wärmern,1
neutral,glücklichen,1
neutral,flögen,1
neutral,beneidete,1
neutral,herumschwimmen,1
neutral,völlige,1
neutral,zufrieren,1
neutral,fortwährend,2
neutral,matt,2
neutral,eise,1
neutral,belebt,1
neutral,milchnapf,1
neutral,spritzte,1
neutral,butterfaß,1
neutral,mehltonne,1
neutral,herausflog,1
neutral,rannten,2
neutral,haufen,1
neutral,noth,1
neutral,erdulden,1
neutral,trübe,1
neutral,scheinen,3
neutral,brausten,2
neutral,aepfelbäume,1
neutral,blüthe,1
neutral,flieder,2
neutral,duftete,1
neutral,gekrümmten,1
neutral,hinunterneigte,1
neutral,hinfliegen,3
neutral,vögeln,2
neutral,getödtet,1
neutral,gezwackt,1
neutral,hühnerhof,1
neutral,hütet,1
neutral,erblickten,3
neutral,brausenden,3
neutral,wasserfläche,1
neutral,umschwammen,1
neutral,brod,1
neutral,kleinste,1
neutral,neigten,3
neutral,seejungfer,32
neutral,blütenblätter,1
neutral,kornblume,1
neutral,reinste,1
neutral,irgendein,1
neutral,ankertau,1
neutral,reicht,1
neutral,kirchtürme,2
neutral,müßten,2
neutral,aufeinandergestellt,1
neutral,reicher,3
neutral,nackte,2
neutral,sandboden,4
neutral,korallen,2
neutral,allerklarstem,1
neutral,bernstein,1
neutral,witwer,1
neutral,besorgte,1
neutral,zart,4
neutral,rosenblatt,2
neutral,endete,2
neutral,bernsteinfenster,1
neutral,aufgemacht,1
neutral,hereinfliegen,1
neutral,fraßen,1
neutral,geradeswegs,1
neutral,feuerroten,1
neutral,strahlten,1
neutral,brennendes,2
neutral,feinste,2
neutral,schwefelflamme,1
neutral,seltsamer,1
neutral,blauer,1
neutral,stände,4
neutral,meeresgrunde,1
neutral,windstille,2
neutral,purpurblume,1
neutral,fleck,1
neutral,blumenbeet,1
neutral,walfisches,1
neutral,meerweiblein,1
neutral,beet,2
neutral,nachdenklich,1
neutral,merkwürdigsten,1
neutral,gestrandeten,1
neutral,putzten,1
neutral,rosenroten,2
neutral,glichen,1
neutral,marmorbild,2
neutral,pflanzte,2
neutral,bilde,1
neutral,rosenrote,2
neutral,trauerweide,1
neutral,violett,2
neutral,färbte,1
neutral,sanfter,2
neutral,wurzeln,5
neutral,städten,2
neutral,tieren,2
neutral,grobmutter,5
neutral,fünfzehntes,1
neutral,emporzutauchen,1
neutral,mondschein,2
neutral,vorbeisegeln,1
neutral,fünfzehn,4
neutral,jünger,1
neutral,warten,3
neutral,aufsteigen,2
neutral,vieles,2
neutral,längsten,1
neutral,gedankenvoll,2
neutral,dunkelblaue,3
neutral,schwänzen,1
neutral,einherruderten,1
neutral,walfisch,1
neutral,kiel,2
neutral,emporstrecken,1
neutral,hinaufsah,1
neutral,lärm,1
neutral,geräusch,2
neutral,vermeinte,2
neutral,aufzusteigen,1
neutral,dahingesegelt,1
neutral,hurtiger,1
neutral,schleiers,1
neutral,schwarm,2
neutral,wilder,2
neutral,rosenschimmer,1
neutral,meeresfläche,1
neutral,breiten,5
neutral,mündete,1
neutral,hügel,3
neutral,weinreben,2
neutral,bauernhöfe,1
neutral,schauten,1
neutral,kühlen,2
neutral,dreist,1
neutral,herrlichste,2
neutral,glasglocke,1
neutral,strandmöven,1
neutral,lustigen,1
neutral,delfine,1
neutral,walfische,1
neutral,nasenlöchern,1
neutral,gespritzt,1
neutral,springbrunnen,3
neutral,eisberge,1
neutral,segler,1
neutral,kreuzten,1
neutral,großem,1
neutral,überzog,1
neutral,eisblöcke,1
neutral,emporhob,1
neutral,rotem,1
neutral,lichte,1
neutral,erglänzen,1
neutral,emporkam,1
neutral,emporsteigen,1
neutral,gleichgültig,1
neutral,sehnten,1
neutral,monats,1
neutral,verlauf,1
neutral,hübsch,1
neutral,abendstunde,1
neutral,ertranken,1
neutral,hinaufstiegen,1
neutral,seejungfern,2
neutral,bauen,2
neutral,königin-witwe,1
neutral,lilien,1
neutral,blumenblatt,2
neutral,austern,1
neutral,schwanze,1
neutral,festklemmen,1
neutral,abgeschüttelt,1
neutral,weggelegt,1
neutral,kleideten,1
neutral,nutzte,1
neutral,blase,1
neutral,untergegangen,5
neutral,zartroten,1
neutral,abendstern,1
neutral,windstill,1
neutral,masten,2
neutral,segel,4
neutral,aufgezogen,1
neutral,lüftchen,1
neutral,rührte,2
neutral,tauwerk,1
neutral,matrosen,2
neutral,sechzehn,4
neutral,deck,1
neutral,heraustrat,1
neutral,raketen,2
neutral,erschreckt,1
neutral,niedertauchte,1
neutral,herniederfielen,1
neutral,feuerkünste,1
neutral,sonnen,1
neutral,sprühend,1
neutral,feuerfische,1
neutral,schwangen,1
neutral,klaren,3
neutral,stillen,4
neutral,tau,3
neutral,wegwenden,1
neutral,bunten,1
neutral,gelöscht,2
neutral,kanonenschüsse,1
neutral,summte,1
neutral,brummte,1
neutral,kajüte,1
neutral,breitete,3
neutral,wogen,11
neutral,herauf,2
neutral,fliegender,1
neutral,wälzen,2
neutral,emportragen,1
neutral,aufgetürmten,1
neutral,krachte,1
neutral,planken,2
neutral,stößen,1
neutral,mast,1
neutral,schlingerte,1
neutral,drang,2
neutral,balken,2
neutral,schiffstrümmern,1
neutral,finsternis,1
neutral,mindeste,1
neutral,gewahren,1
neutral,tummelte,1
neutral,versinken,1
neutral,zermalmt,1
neutral,stürmischen,1
neutral,ermatten,1
neutral,unwetter,1
neutral,span,1
neutral,nasses,1
neutral,marmorbilde,1
neutral,gliche,1
neutral,wünschte,7
neutral,schimmerte,2
neutral,lägen,1
neutral,kloster,1
neutral,zitronen-,1
neutral,apfelsinenbäume,1
neutral,toren,1
neutral,palmenbäume,1
neutral,bucht,1
neutral,angespült,2
neutral,sorgte,1
neutral,aufragten,1
neutral,bedeckte,1
neutral,paßte,2
neutral,reifen,2
neutral,gepflückt,1
neutral,schmelzen,2
neutral,betrübter,1
neutral,trost,3
neutral,schlingen,1
neutral,pflegte,8
neutral,wildnis,1
neutral,flochten,1
neutral,aushalten,2
neutral,weitersagten,1
neutral,allernächsten,1
neutral,schwesterchen,1
neutral,vergoldete,1
neutral,erhoben,2
neutral,säulen,2
neutral,umkleideten,1
neutral,marmorbilder,1
neutral,plätscherte,1
neutral,strahlen,3
neutral,glaskuppel,1
neutral,marmorbecken,1
neutral,gewagt,1
neutral,kanal,1
neutral,marmoraltan,1
neutral,wehenden,2
neutral,flaggen,2
neutral,davonsegeln,1
neutral,lugte,1
neutral,silberweißen,1
neutral,höbe,1
neutral,fischer,1
neutral,freute,1
neutral,halbtot,1
neutral,geruht,3
neutral,innig,2
neutral,erstreckten,1
neutral,feldern,2
neutral,blicken,2
neutral,antwort,1
neutral,höhere,1
neutral,oberhalb,1
neutral,lebenszeit,1
neutral,dreihundert,3
neutral,aufgehört,1
neutral,schaum,8
neutral,unsterbliche,7
neutral,abgeschnitten,3
neutral,zerfallen,1
neutral,schimmernden,1
neutral,sternen,2
neutral,auftauchen,1
neutral,orten,1
neutral,hingeben,1
neutral,himmlischen,1
neutral,hinge,1
neutral,rechte,1
neutral,gelübde,1
neutral,treue,1
neutral,überfließen,1
neutral,bekämest,1
neutral,gäbe,1
neutral,behielte,1
neutral,sorgenloser,1
neutral,tanzsaal,2
neutral,dickem,1
neutral,klarem,1
neutral,riesige,2
neutral,muschelschalen,1
neutral,grasgrüne,1
neutral,reihen,1
neutral,brennenden,8
neutral,erleuchtete,1
neutral,hinausschien,1
neutral,glasmauern,1
neutral,schimmerten,1
neutral,purpurrot,1
neutral,kummer,4
neutral,fröhlichkeit,2
neutral,vergnügten,1
neutral,waldhorn,1
neutral,malstrom,3
neutral,seegras,1
neutral,brausende,1
neutral,mühlenräder,1
neutral,zermalmenden,1
neutral,wirbeln,1
neutral,strecke,2
neutral,heißsprudelnden,1
neutral,torfmoor,1
neutral,polypen,5
neutral,pflanze,1
neutral,hundertköpfige,1
neutral,schleimige,1
neutral,geschmeidige,1
neutral,würmer,1
neutral,wurzel,2
neutral,äußersten,1
neutral,greifnähe,1
neutral,umschnürten,1
neutral,wehendes,1
neutral,schießen,1
neutral,ausstreckten,1
neutral,aufgegriffen,1
neutral,festhielt,1
neutral,eisenbanden,1
neutral,umgekommen,1
neutral,heruntergesunken,1
neutral,steuerruder,1
neutral,kisten,1
neutral,skelette,1
neutral,landtieren,1
neutral,meerjungfer,1
neutral,erstickt,1
neutral,schleim,1
neutral,wasserschlangen,2
neutral,wälzten,1
neutral,weißgelben,1
neutral,bäuche,1
neutral,zeigten,5
neutral,platze,1
neutral,errichtet,2
neutral,ertrunkener,1
neutral,gebeinen,1
neutral,zucker,1
neutral,picken,1
neutral,fetten,1
neutral,schwammigen,1
neutral,stümpfe,1
neutral,aufgeht,4
neutral,trunk,1
neutral,schrumpft,1
neutral,scharfes,1
neutral,behältst,1
neutral,schwebenden,1
neutral,schritt,4
neutral,tust,1
neutral,trätest,1
neutral,fließen,1
neutral,bebender,1
neutral,bedenke,2
neutral,niedersteigen,1
neutral,eringst,1
neutral,deinetwillen,1
neutral,vergißt,1
neutral,ineinander,2
neutral,mischen,1
neutral,zweischneidiges,2
neutral,nimmst,1
neutral,behalte,1
neutral,geschehe,1
neutral,zaubertrank,1
neutral,scheuerte,1
neutral,ritzte,1
neutral,schwarzes,1
neutral,hineintropfen,1
neutral,krokodil,1
neutral,weint,1
neutral,klarste,1
neutral,emporstieg,2
neutral,gehst,1
neutral,wirf,2
neutral,hinzugehen,1
neutral,stumm,5
neutral,kußhände,1
neutral,brennend,1
neutral,ohnmächtig,1
neutral,nackend,1
neutral,hüllte,2
neutral,dichtes,1
neutral,vorausgesagt,1
neutral,spitzige,1
neutral,träte,1
neutral,erduldete,1
neutral,seifenblase,1
neutral,verwunderten,1
neutral,dahinschwebenden,1
neutral,köstlichen,2
neutral,musselin,1
neutral,bekleidet,1
neutral,wüßte,1
neutral,hingegeben,2
neutral,zehenspitzen,1
neutral,samtenen,1
neutral,knabentracht,1
neutral,bluteten,3
neutral,dahinsegeln,1
neutral,breite,2
neutral,marmortreppe,1
neutral,kühlte,1
neutral,meereswasser,1
neutral,hochzeitsmorgen,2
neutral,vergehen,2
neutral,unterging,3
neutral,tempel,2
neutral,tempeldienste,1
neutral,verrichteten,1
neutral,nachbarkönigs,5
neutral,gefolge,1
neutral,würdest,1
neutral,stummes,1
neutral,findelkind,1
neutral,taucher,1
neutral,mondklaren,1
neutral,steuermann,2
neutral,ruder,2
neutral,brüstung,1
neutral,starrte,3
neutral,silberkrone,1
neutral,strömung,1
neutral,schiffsjunge,1
neutral,näherte,1
neutral,tauchten,2
neutral,posaunen,1
neutral,geblasen,1
neutral,fahnen,1
neutral,blinkenden,1
neutral,bajonetten,1
neutral,dastanden,1
neutral,bälle,1
neutral,gesellschaften,1
neutral,entfernt,2
neutral,tugenden,1
neutral,errötende,1
neutral,herolde,1
neutral,verkündeten,2
neutral,räucherfässer,1
neutral,bischofs,1
neutral,schleppe,4
neutral,festlichen,1
neutral,zeremonie,2
neutral,selben,4
neutral,donnerten,1
neutral,inmitten,1
neutral,königliches,1
neutral,zelt,2
neutral,purpur,2
neutral,brautpaar,1
neutral,bauschten,1
neutral,gedenken,1
neutral,auftauchte,1
neutral,täglich,1
neutral,unendliche,1
neutral,qualen,1
neutral,erlitten,1
neutral,ahnte,2
neutral,atmete,1
neutral,sternenhimmel,1
neutral,schiffsbrüstung,1
neutral,osten,1
neutral,morgenröte,2
neutral,stoßen,1
neutral,spritzt,1
neutral,herniedersteigen,1
neutral,totem,1
neutral,kaltem,1
neutral,beeile,2
neutral,trauert,2
neutral,abgefallen,1
neutral,streifen,1
neutral,versanken,2
neutral,beugte,4
neutral,aufleuchtete,1
neutral,heftete,1
neutral,hinfiel,1
neutral,aufquollen,1
neutral,halbgebrochenem,1
neutral,stürzte,6
neutral,auflösten,1
neutral,todeskalten,1
neutral,frühzeitiger,1
neutral,lufttöchter,1
neutral,lächeln,9
neutral,unartiges,1
neutral,kummers,1
neutral,vergießen,1
neutral,träne,2
neutral,prüfungszeit,1
neutral,stimmen,6
neutral,geisterhaft,2
neutral,menschliches,2
neutral,vernehmen,1
neutral,wahrnehmen,1
neutral,schwebten,4
neutral,leichtigkeit,2
neutral,schaume,1
neutral,wem,1
neutral,irdische,1
neutral,wiederzugeben,1
neutral,vermag,1
neutral,töchtern,2
neutral,seejungfrauen,1
neutral,erringen,1
neutral,ewiges,1
neutral,dasein,1
neutral,schwüle,1
neutral,pestluft,1
neutral,fächeln,1
neutral,kühlung,1
neutral,verbreiten,1
neutral,lüfte,1
neutral,erquickung,1
neutral,heilung,1
neutral,durchsichtigen,1
neutral,wehmütig,1
neutral,starrten,1
neutral,wogenden,1
neutral,wüßten,1
neutral,dahinsegelte,1
neutral,ungeheuer,1
neutral,rathe,1
neutral,garderobe,1
neutral,betrüger,9
neutral,verständen,1
neutral,anhätte,1
neutral,amte,3
neutral,betrügern,3
neutral,handgeld,1
neutral,möchten,2
neutral,frischweg,1
neutral,verlangten,2
neutral,prächtigste,1
neutral,arbeiteten,4
neutral,beklommen,1
neutral,tauge,2
neutral,minister,6
neutral,webern,1
neutral,beurtheilen,1
neutral,ausnimmt,1
neutral,webstühlen,1
neutral,behüte,1
neutral,muster,6
neutral,aufzureißen,1
neutral,webte,3
neutral,erklärten,4
neutral,zurückkäme,1
neutral,faden,7
neutral,webstuhle,3
neutral,staatsmann,1
neutral,schaar,1
neutral,auserwählter,1
neutral,staatsmänner,2
neutral,listigen,1
neutral,webten,2
neutral,faser,1
neutral,ew,3
neutral,majestät,3
neutral,allerhöchsten,1
neutral,beifall,1
neutral,riethen,1
neutral,procession,3
neutral,bevorstand,1
neutral,allerseits,1
neutral,verlieh,1
neutral,titel,2
neutral,kaiserliche,2
neutral,hofweber,1
neutral,angezündet,1
neutral,beschäftigt,1
neutral,nähmen,1
neutral,schnitten,1
neutral,scheeren,1
neutral,nähten,1
neutral,nähnadeln,2
neutral,vornehmsten,1
neutral,cavalieren,1
neutral,hoben,2
neutral,beinkleider,1
neutral,cavaliere,1
neutral,allergnädigst,1
neutral,anzögen,1
neutral,thronhimmel,1
neutral,meldete,1
neutral,oberceremonienmeister,1
neutral,betrachte,1
neutral,kammerherren,2
neutral,griffen,1
neutral,aufhöben,1
neutral,merken,5
neutral,getaugt,1
neutral,'herr,1
neutral,zischelte,1
neutral,prozession,1
neutral,straffer,1
neutral,diamantgriffeln,1
neutral,goldtafeln,1
neutral,lernten,1
neutral,lasen,1
neutral,schemel,1
neutral,erkauft,1
neutral,verheirathete,1
neutral,aepfel,1
neutral,theetasse,1
neutral,ernährt,1
neutral,landmanns,2
neutral,hälse,2
neutral,erstreckte,1
neutral,schüttelten,4
neutral,buche,2
neutral,frömmer,1
neutral,reine,1
neutral,funfzehn,1
neutral,gram,1
neutral,haß,1
neutral,marmor,1
neutral,erbaut,1
neutral,kröten,2
neutral,schmerzen,2
neutral,farbe,1
neutral,hinabsteigen,1
neutral,untertauchte,1
neutral,emporrichtete,1
neutral,mohnblumen,1
neutral,giftig,1
neutral,fromm,1
neutral,unschuldig,5
neutral,kettenhunde,1
neutral,stahl,3
neutral,hinausgejagt,1
neutral,moos,1
neutral,lehnte,2
neutral,baumstumpf,1
neutral,grase,1
neutral,moose,2
neutral,hunderte,1
neutral,insecten,1
neutral,sternschnuppen,1
neutral,diamantgriffel,1
neutral,goldtafel,1
neutral,gekostet,1
neutral,nullen,1
neutral,striche,1
neutral,muthigen,1
neutral,vollführt,1
neutral,bilderbuche,1
neutral,umwandten,1
neutral,unordnung,1
neutral,hineinkomme,1
neutral,wehender,1
neutral,goldflor,1
neutral,plätschern,1
neutral,quellen,1
neutral,hirsche,1
neutral,geflochten,2
neutral,sprudelnden,1
neutral,waldäpfel,1
neutral,sättigen,1
neutral,last,2
neutral,mittagsmahlzeit,1
neutral,stützen,1
neutral,dunkelsten,1
neutral,theil,1
neutral,fußtritte,1
neutral,baumzweige,1
neutral,dringen,1
neutral,stämme,1
neutral,balkengitter,1
neutral,umschlösse,1
neutral,gekannt,2
neutral,johanniswurm,1
neutral,schritte,3
neutral,korbe,1
neutral,nahebei,1
neutral,hinabschwimmen,1
neutral,abhange,1
neutral,schlängelte,1
neutral,flüßchen,2
neutral,ufern,1
neutral,blattreichen,1
neutral,natürlichen,2
neutral,wuchse,1
neutral,zusammenreichen,1
neutral,losgerissen,1
neutral,hinausfloß,1
neutral,geschliffen,1
neutral,eisen,1
neutral,zusammengespült,1
neutral,weicher,1
neutral,rollet,1
neutral,unermüdlich,3
neutral,ebnet,1
neutral,harte,1
neutral,angespülten,1
neutral,seegrase,1
neutral,schwanenfedern,1
neutral,sammelte,2
neutral,strauß,1
neutral,strande,1
neutral,abwechselung,2
neutral,süßen,1
neutral,landseen,1
neutral,aufweisen,1
neutral,finster,1
neutral,kehrten,6
neutral,außen,1
neutral,rosenblatte,1
neutral,ruhte,2
neutral,schwach,3
neutral,unterzugehen,1
neutral,zufliegen,1
neutral,abhang,1
neutral,verbarg,2
neutral,schwanengefieder,1
neutral,weinten,1
neutral,verstanden,1
neutral,aelteste,1
neutral,aufpassen,2
neutral,sonnenuntergang,2
neutral,ruhestätte,1
neutral,hinunterstürzen,1
neutral,klippe,3
neutral,mitte,1
neutral,nebeneinander,1
neutral,vergönnt,1
neutral,kirchthurm,1
neutral,unterhielten,1
neutral,geschlummert,1
neutral,schall,1
neutral,sauseten,1
neutral,schooß,1
neutral,streichelte,1
neutral,nehmt,1
neutral,weidenrinde,1
neutral,zähen,1
neutral,netz,4
neutral,beschatten,1
neutral,wohlschmeckender,1
neutral,hingelegt,1
neutral,möve,1
neutral,riesengroß,1
neutral,zurückblieb,1
neutral,schattenbild,1
neutral,sausenden,1
neutral,pfeile,1
neutral,langsamer,1
neutral,windstöße,1
neutral,drohenden,1
neutral,welle,2
neutral,blei,1
neutral,blitz,2
neutral,rande,2
neutral,bebte,3
neutral,seehund,1
neutral,staubregen,1
neutral,fortwährenden,1
neutral,muth,3
neutral,schöpften,1
neutral,morgendämmerung,1
neutral,rein,5
neutral,schwarzgrünen,1
neutral,schwämmen,2
neutral,bergland,1
neutral,eismassen,1
neutral,meilenlanges,1
neutral,kühnen,2
neutral,säulengange,1
neutral,wogten,1
neutral,palmenwälder,1
neutral,prachtblumen,1
neutral,hinwollten,1
neutral,fata,2
neutral,morgana,2
neutral,herrliches,1
neutral,wechselndes,1
neutral,wolkenschloß,1
neutral,hineinbringen,1
neutral,stürzten,2
neutral,ertönen,2
neutral,flotte,1
neutral,segelte,2
neutral,meernebel,1
neutral,hinglitten,1
neutral,herrlichsten,1
neutral,cederwäldern,1
neutral,schlössern,2
neutral,schlingpflanzen,1
neutral,bewachsen,1
neutral,träumst,1
neutral,lebhaft,1
neutral,inbrünstig,1
neutral,hülfe,1
neutral,morgenschloß,1
neutral,glänzend,2
neutral,ausdauer,1
neutral,brennnessel,1
neutral,brich,1
neutral,nesseln,8
neutral,erhältst,1
neutral,flachs,5
neutral,panzerhemden,5
neutral,aermeln,1
neutral,gelöst,1
neutral,beginnst,1
neutral,vollendet,1
neutral,sprichst,1
neutral,tödtender,1
neutral,merke,1
neutral,geschlafen,2
neutral,nessel,3
neutral,flocht,3
neutral,begriffen,2
neutral,ihrethalben,1
neutral,thue,1
neutral,eilig,1
neutral,entflohen,1
neutral,panzerhemde,5
neutral,bellen,1
neutral,floh,10
neutral,gehechelt,1
neutral,schlucht,1
neutral,hervorgesprungen,1
neutral,galt,2
neutral,jagte,5
neutral,jagten,2
neutral,marmorsälen,1
neutral,plätscherten,1
neutral,prangten,1
neutral,anlegen,1
neutral,handschuhe,1
neutral,verbrannten,1
neutral,dastand,1
neutral,blendend,1
neutral,erkor,1
neutral,waldmädchen,1
neutral,blende,1
neutral,bethöre,1
neutral,köstlichsten,1
neutral,gerichte,1
neutral,auftragen,1
neutral,lieblichsten,1
neutral,teppichen,1
neutral,gesponnen,1
neutral,gestrickt,2
neutral,curiosität,1
neutral,belustigen,1
neutral,zurückzudenken,1
neutral,hochzeitsfest,1
neutral,bösem,1
neutral,unwillen,1
neutral,engen,1
neutral,schmerzte,1
neutral,körperlichen,1
neutral,ganzem,1
neutral,gewann,2
neutral,klagen,1
neutral,werk,1
neutral,strickte,2
neutral,wüchsen,1
neutral,schmerz,3
neutral,qual,1
neutral,erduldet,1
neutral,abziehen,1
neutral,breitesten,1
neutral,leichensteine,1
neutral,kreis,1
neutral,lamien,2
neutral,blicke,1
neutral,bethört,1
neutral,entströmten,1
neutral,ausgeschnittenen,1
neutral,heiligenbilder,1
neutral,zeugten,1
neutral,sünden,1
neutral,zweifel,1
neutral,wiederholte,1
neutral,sammet,2
neutral,schimmernde,1
neutral,diamanten,1
neutral,wünschten,1
neutral,fehlte,5
neutral,gitterpforte,1
neutral,näherten,1
neutral,grabsteine,1
neutral,verurtheilen,1
neutral,urtheilte,1
neutral,königssälen,1
neutral,feuchtes,1
neutral,hineinpfiff,1
neutral,lieberes,1
neutral,straßenbuben,1
neutral,spottlieder,1
neutral,tröstete,1
neutral,freundlichen,1
neutral,schwirrte,1
neutral,schluchzte,1
neutral,kommende,1
neutral,versprochen,2
neutral,mienen,1
neutral,unnütz,1
neutral,schlaflosen,1
neutral,entfernte,1
neutral,elise,1
neutral,schleppten,1
neutral,drossel,1
neutral,fensters,2
neutral,geantwortet,1
neutral,geweckt,1
neutral,droheten,1
neutral,frug,1
neutral,bedeute,1
neutral,unterbrach,1
neutral,angefangene,1
neutral,elften,2
neutral,pöbel,1
neutral,verhöhnte,1
neutral,gaukelei,1
neutral,reißt,1
neutral,zerreißen,1
neutral,geflogen,1
neutral,flüsterten,3
neutral,henker,1
neutral,armes,2
neutral,verbreitete,2
neutral,duftende,1
neutral,pflückte,4
neutral,busen,1
neutral,glückseligkeit,1
neutral,zügen,1
neutral,hochzeitszug,1
neutral,kinde,1
neutral,gerstenkorn,2
neutral,fressen,1
neutral,knospe,2
neutral,knall,1
neutral,samengriffel,1
neutral,teller,2
neutral,hingestellt,1
neutral,tulpenblatt,1
neutral,tellers,1
neutral,pferdehaare,1
neutral,rudern,1
neutral,zerbrochene,2
neutral,hereingehüpft,1
neutral,walnußschale,3
neutral,sumpfig,1
neutral,morastig,1
neutral,brekkerekekex,2
neutral,niedliche,1
neutral,sprich,1
neutral,entlaufen,1
neutral,schwanenflaum,1
neutral,seerosenblätter,1
neutral,hinaussetzen,1
neutral,staatsstube,1
neutral,hausen,1
neutral,seerosen,1
neutral,weitesten,1
neutral,hinausliegende,1
neutral,putzte,1
neutral,blatte,2
neutral,brautgemach,1
neutral,betrat,1
neutral,koax,2
neutral,versammelten,2
neutral,nagten,2
neutral,zähnen,1
neutral,stiel,2
neutral,images/hcaev005_02.jpg,1
neutral,niedlicher,1
neutral,schmetterling,5
neutral,gefiel,1
neutral,bandes,1
neutral,befestigte,1
neutral,angeflogen,1
neutral,klauen,1
neutral,schlanken,1
neutral,loskommen,1
neutral,hauptsächlich,1
neutral,schmetterlings,1
neutral,verhungern,1
neutral,fr,1
neutral,maikäferfräulein,1
neutral,rümpften,1
neutral,fühlhörner,2
neutral,erbärmlich,1
neutral,geraubt,1
neutral,gänseblümchen,1
neutral,klettenblatte,1
neutral,geschätzt,1
neutral,speise,1
neutral,vergingen,4
neutral,verdorrtes,1
neutral,kornfeld,1
neutral,stoppeln,2
neutral,gefrorenen,1
neutral,durchwandern,1
neutral,kornstoppeln,1
neutral,iß,1
neutral,wärest,1
neutral,stattete,1
neutral,samtpelz,2
neutral,flieg,1
neutral,besonnener,1
neutral,gegraben,1
neutral,spazieren,1
neutral,kürzlich,1
neutral,faules,1
neutral,maul,1
neutral,schimmert,2
neutral,stemmte,1
neutral,hindurchscheinen,1
neutral,leid,1
neutral,gezwitschert,1
neutral,pfeift,1
neutral,schob,1
neutral,beiseite,2
neutral,geschlossenen,1
neutral,teppich,1
neutral,baumwolle,2
neutral,vogels,4
neutral,verspätet,1
neutral,niederfällt,1
neutral,hinfällt,1
neutral,heftig,3
neutral,krauseminzeblatt,1
neutral,deckblatt,1
neutral,behutsam,2
neutral,faulen,1
neutral,holzes,1
neutral,schneit,1
neutral,dornbusch,1
neutral,gerissen,1
neutral,fortgezogen,1
neutral,gef,1
neutral,hierhergekommen,1
neutral,erfuhren,1
neutral,mochten,1
neutral,erwärmte,1
neutral,mitkommen,1
neutral,hineinfliegen,1
neutral,betrüben,1
neutral,quivit,6
neutral,hinauszugehen,1
neutral,gesät,1
neutral,langweilige,1
neutral,samtpelze,1
neutral,leinenzeug,1
neutral,fehlen,1
neutral,maulwurfs,3
neutral,spindel,1
neutral,mietete,1
neutral,raupen,1
neutral,besuchte,1
neutral,brenne,1
neutral,langweiligen,2
neutral,aussteuer,1
neutral,keller,1
neutral,geerntet,1
neutral,schlang,1
neutral,grüße,1
neutral,vorbeikam,1
neutral,ungern,1
neutral,binde,1
neutral,entfalteten,1
neutral,stärksten,1
neutral,weintrauben,1
neutral,schwalbennester,1
neutral,aussuchen,1
neutral,hineinsetzen,1
neutral,wünschest,1
neutral,marmorsäule,1
neutral,blumenelf,2
neutral,goldkrone,1
neutral,deutschland,1
neutral,schafhirte,2
neutral,windgepeitschten,1
neutral,heide,2
neutral,flackerte,2
neutral,verlöschende,1
neutral,lebendigen,1
neutral,blutes,1
neutral,erriete,2
neutral,irrte,3
neutral,schutz,4
neutral,aufgebahrten,2
neutral,bestehlen,2
neutral,lauerten,3
neutral,rauben,2
neutral,vertrieb,2
neutral,wusste,23
neutral,vertraute,1
neutral,begegneten,3
neutral,steinerner,2
neutral,fürchte,1
neutral,herrin,1
neutral,herzens.,1
neutral,manchmal,13
neutral,verstand.,1
neutral,erriet,2
neutral,hauste,2
neutral,nährte,2
neutral,versteinerten,2
neutral,begehrte,4
neutral,grau,2
neutral,heiratete,4
neutral,begleiter,2
neutral,gerettet.,2
neutral,bewahrte,2
neutral,glücksbringer,2
neutral,dehnt,1
neutral,erwartung,1
neutral,schlüpften,1
neutral,piepsend,1
neutral,ruck,1
neutral,schneefleck,1
neutral,laute,1
neutral,schnaubte,1
neutral,verteidigte,1
neutral,stritten,2
neutral,davonflog,1
neutral,wiederkehrte,1
neutral,spiegelbild,1
neutral,windstoß,1
neutral,watschelte,1
neutral,pickte,1
neutral,geduldig,1
neutral,fasste,8
neutral,schmiegte,1
neutral,wankte,1
neutral,hergetragen,1
neutral,trompetete,1
neutral,schwanenkind,1
neutral,dünner,1
neutral,lauschte,2
neutral,gehörst,1
neutral,uns.,1
neutral,passte,1
neutral,fehlendes,1
neutral,entennest,1
neutral,stolz,1
neutral,hässliches,1
neutral,verschneiten,1
neutral,russischen,1
neutral,längst,4
neutral,sockel,1
neutral,zittern,4
neutral,knien,1
neutral,gedeckte,1
neutral,früchten,1
neutral,dampfenden,2
neutral,schwefelholz,1
neutral,hölzer,2
neutral,erloschenen,1
neutral,wirkte,2
neutral,davonschritt,1
neutral,steinerne,1
neutral,riesen,2
neutral,winterwind,1
neutral,häuserschluchten,1
neutral,heulte,1
neutral,dünnes,1
neutral,durchdrungen,1
neutral,klammen,1
neutral,schachtel,2
neutral,streichhölzer…,2
neutral,vorübergehenden,1
neutral,eilten,1
neutral,eingehüllt,1
neutral,pelzkrägen,1
neutral,frierendes,1
neutral,kruste,1
neutral,zuckerglasuren,1
neutral,knurrte,1
neutral,winziger,2
neutral,funke,3
neutral,flamme,8
neutral,lavendel,1
neutral,geborgenheit,1
neutral,blühen,2
neutral,silbernen,1
neutral,zerfloss,1
neutral,verloschen,1
neutral,hereinbrach,1
neutral,allein.,1
neutral,fensterbrett,2
neutral,zuhören,1
neutral,sichel,1
neutral,winziges,1
neutral,quakte,1
neutral,trägen,1
neutral,liebes,1
neutral,krötenhaus,1
neutral,murmelten,1
neutral,blattes,1
neutral,freiheit,1
neutral,entdeckte,2
neutral,menschenkind,2
neutral,unsicherheit,1
neutral,erzählst,1
neutral,haushalt,1
neutral,hilfst.,1
neutral,wohlhabender,1
neutral,ordnung,1
neutral,ding,1
neutral,glücklich.,1
neutral,zögerte,4
neutral,felder,3
neutral,nachbarblüte,1
neutral,morgenfels,1
neutral,schrubbte,1
neutral,pfannen,1
neutral,polierte,1
neutral,schlossküche,1
neutral,strengem,1
neutral,verbrannte,1
neutral,soßen,1
neutral,schimpfte,1
neutral,härteste,2
neutral,rübe,1
neutral,beobachteten,1
neutral,mischung,2
neutral,zuneigung,1
neutral,heimlichen,1
neutral,eintraf,2
neutral,unerreichbar,1
neutral,verliebte,4
neutral,suppentopf,1
neutral,jahrhunderten,1
neutral,verbeugt,1
neutral,verraten,1
neutral,liebte,13
neutral,ehrlicher,1
neutral,schmetterlinge,1
neutral,bröckeln,2
neutral,belauschte,2
neutral,festnehmen,1
neutral,schauspieltruppe,1
neutral,bühne,4
neutral,theaters,1
neutral,küssten,1
neutral,kronen,1
neutral,schmetterlingen,1
neutral,zauberdosen,1
neutral,begegnungen,1
neutral,ungebohrter,1
neutral,reißen,1
neutral,schuf,1
neutral,beurteilt,1
neutral,liefern,1
neutral,kümmerte,1
neutral,wahr,1
neutral,zurückzukehren,2
neutral,heiratest,1
neutral,reißen.,1
neutral,riet,1
neutral,umarmten,2
neutral,diente,1
neutral,behauptete,6
neutral,feierten,1
neutral,sperrte,3
neutral,schlichen,1
neutral,stahlen,1
neutral,befreiten,2
neutral,prüfung,2
neutral,echte,6
neutral,hartes,2
neutral,unaufhörlich,1
neutral,hartem.,1
neutral,niedrigen,1
neutral,spannen,1
neutral,geliehene,1
neutral,treues,1
neutral,geblendet,1
neutral,neid,2
neutral,erschlug,2
neutral,staub,2
neutral,stattdessen,2
neutral,stricke,1
neutral,nachtlager,1
neutral,wies,2
neutral,schauspiels,1
neutral,festmahl,1
neutral,hocke,1
neutral,abkaufte,1
neutral,stopfte,1
neutral,ertränken,1
neutral,vollendete,2
neutral,wimmern,1
neutral,füllten,1
neutral,lauschen,2
neutral,geheimnisse,1
neutral,bring,2
neutral,kannst.,1
neutral,kirchturmuhren,1
neutral,bewachte,2
neutral,hinaufgezogen,1
neutral,heimatstadt,1
neutral,verschwenderisch,2
neutral,rinnt,1
neutral,armseligen,1
neutral,benutzte,2
neutral,teetassaugen,1
neutral,einsperrte,1
neutral,staunen,1
neutral,nächtlichen,1
neutral,wächterin,1
neutral,aufhalten,4
neutral,kreidekreuz,1
neutral,gefasst,1
neutral,verurteilte,1
neutral,eine.,1
neutral,mächtiger,1
neutral,höflinge,1
neutral,halt,1
neutral,verschone,1
neutral,verdient,1
neutral,gewählt,1
neutral,schublade,1
neutral,anblinzeln,1
neutral,rufst.,1
neutral,strömen,1
neutral,schlichte,1
neutral,landschaft,1
neutral,durchnässtes,1
neutral,weckte,1
neutral,musst,1
neutral,finden.,2
neutral,protestierte,1
neutral,bestieg,1
neutral,rosafarbenes,1
neutral,goldbetresster,1
neutral,kunstvollen,1
neutral,gärten,1
neutral,singende,1
neutral,verspottete,3
neutral,verzog,3
neutral,vorschlug,2
neutral,tauschen,1
neutral,willigte,5
neutral,erfand,1
neutral,glockenspielendes,1
neutral,zierte,1
neutral,ertappte,3
neutral,enthüllte,1
neutral,wahre,5
neutral,verwies,1
neutral,umweht,1
neutral,warnten,1
neutral,erklärte,5
neutral,aufgeben,1
neutral,waldgeister,1
neutral,entstelltes,1
neutral,versteckte,3
neutral,beantwortete,1
neutral,trolls,1
neutral,liebten,4
neutral,entstellte,1
neutral,öffentliches,1
neutral,schwenkte,1
neutral,gestehe,1
neutral,liebst.,1
neutral,erwachten,1
neutral,gefeiert,4
neutral,vollbrachte,1
neutral,zauberte,3
neutral,glasschale,1
neutral,sieger,1
neutral,erklären,2
neutral,ferner,3
neutral,unterseeischen,1
neutral,entkam,4
neutral,strömungen,2
neutral,felsigen,1
neutral,fischmädchen,2
neutral,freundschaft,1
neutral,tobten,1
neutral,überflutet,1
neutral,wiederherzustellen,1
neutral,sturms,1
neutral,schwanden,1
neutral,sicherheit,1
neutral,entschied,1
neutral,dahingerafft,1
neutral,zuzog,1
neutral,herzform,1
neutral,lagst,1
neutral,windhauch,1
neutral,versuchte,3
neutral,entreißen,1
neutral,schützte,1
neutral,glaubst.,1
neutral,angehalten,1
neutral,bestand,3
neutral,hochmuts,1
neutral,gepäck,1
neutral,morgentau,1
neutral,glitzerte,1
neutral,diamant,1
neutral,echt,1
neutral,kühl,2
neutral,welken.,1
neutral,verkleidet,1
neutral,ruß,2
neutral,untätig,1
neutral,baute,1
neutral,hofnarr,1
neutral,fröhlicher,1
neutral,geselle,1
neutral,neugier,1
neutral,scham,1
neutral,ausprobierten,1
neutral,geriet,1
neutral,respekt,2
neutral,verlangst,1
neutral,wischte,1
neutral,strahlend,1
neutral,gestand,1
neutral,ehrenplätze,1
neutral,lernte,5
neutral,goldes,1
neutral,geheimnisvoll,1
neutral,kindlichen,1
neutral,vernunft,1
neutral,algen,1
neutral,gemüsehandel,1
neutral,muschel,2
neutral,ausgespuckt,1
neutral,küsste,4
neutral,irgendeine,1
neutral,mutiger,1
neutral,neugeborenes,1
neutral,kleidete,1
neutral,stundenlang,1
neutral,fern,2
neutral,menschenohren,1
neutral,zersprang,2
neutral,vorbeigingen,1
neutral,übergoss,1
neutral,wissenschaftler,1
neutral,untersuchen,1
neutral,aufschneiden,1
neutral,bin.,1
neutral,meer.,1
neutral,volkes,1
neutral,verantwortung,1
neutral,krone.,1
neutral,schätzen,1
neutral,rührten,1
neutral,entmutigen,1
neutral,einfache,2
neutral,verdingte,1
neutral,victorias,1
neutral,schiefen,1
neutral,tauschte,3
neutral,hervorbrachte,1
neutral,jahrmarkt,1
neutral,pläne,1
neutral,tinte,1
neutral,gehörte,2
neutral,unbeobachteten,1
neutral,flohen,2
neutral,gemächer,1
neutral,leugnete,1
neutral,drängte,1
neutral,ihrerseits,1
neutral,meeresvolk,1
neutral,faszinierten,1
neutral,gefährliche,1
neutral,barbarische,1
neutral,bester,1
neutral,beobachtete,1
neutral,retterin,2
neutral,angesetzt,1
neutral,frist,1
neutral,scuttle,1
neutral,möwe,1
neutral,eriks,1
neutral,entdeckten,1
neutral,störten,1
neutral,hintern,1
neutral,vertrag,1
neutral,wütender,1
neutral,muränen,1
neutral,ausschaltete,1
neutral,kraken,1
neutral,kämpfte,3
neutral,herzens,2
neutral,bursche,1
neutral,verträumt,1
neutral,büchern,1
neutral,brüteten,1
neutral,studierten,1
neutral,fegen,1
neutral,eimer,1
neutral,besenstiel,1
neutral,königlicher,1
neutral,gewänne,1
neutral,verdienen,1
neutral,räumte,1
neutral,bewerben,1
neutral,helfe,1
neutral,können.,1
neutral,rufen,2
neutral,falle,2
neutral,überschütteten,1
neutral,säcke,1
neutral,fegte,1
neutral,dank,1
neutral,schickten,1
neutral,praktische,1
neutral,natürlichkeit,1
neutral,skeptisch,1
neutral,beschloss,4
neutral,anderes.,1
neutral,sehen.,1
neutral,verpasste,1
neutral,anzündete,1
neutral,höchstpersönlich,1
neutral,verhaften,1
neutral,gelangten,1
neutral,hoher,2
neutral,medizinischen,1
neutral,vorführte,1
neutral,auszog,1
neutral,opernkatastrophe,1
neutral,opernaufführung,1
neutral,landete,2
neutral,mitwirkenden,1
neutral,bühnenbild,1
neutral,rutschten,1
neutral,märchenschloss,1
neutral,gelang,5
neutral,ohnehin,1
neutral,wunderte,1
neutral,wiederfand,1
neutral,lukøje…,1
neutral,meisterte,1
neutral,scheiterte,1
neutral,menschenreich,1
neutral,richtigen.,1
neutral,fensterbank,1
neutral,klopfen,1
neutral,herzschlag,1
neutral,lina,12
neutral,feenprinz,4
neutral,fortflog,1
neutral,wiederzukommen,1
neutral,ehrgeizigen,1
neutral,froschdame,1
neutral,trüben,1
neutral,jaq,2
neutral,eitler,1
neutral,zuflucht,1
neutral,schwäche,1
neutral,ehen,1
neutral,bau,1
neutral,trotzte,1
neutral,hinfand,1
neutral,flattern,1
neutral,jaqs,1
neutral,erloschen,1
neutral,rannte,2
neutral,froschsohn,1
neutral,zurückholen,2
neutral,öffneten,1
neutral,mitjubeln,1
neutral,feenkönigin,1
neutral,prüfungen,1
neutral,verdiene,1
neutral,tunnel,2
neutral,halfen,3
neutral,unzertrennlich,1
neutral,liebevolle,1
neutral,zerschlug,1
neutral,widerstand,1
neutral,weigerte,2
neutral,sommerblüten,1
neutral,sehnsüchtig,1
neutral,fortbringen,1
neutral,spielgefährtin,1
neutral,behandelte,1
neutral,sklavin,1
neutral,unerschütterliche,1
neutral,beeindruckte,1
neutral,zusammenbrach,1
neutral,grauen,1
neutral,speicher,1
neutral,möbel,1
neutral,abstellte,1
neutral,ungefrorener,1
neutral,winterboden,1
neutral,pustete,1
neutral,älter,2
neutral,klammern,1
neutral,froren,1
neutral,hungerten,1
neutral,heimbrächte,1
neutral,freundlicher,2
neutral,verschenkt,1
neutral,suchten,3
neutral,fanden,6
neutral,gewöhnlicher,1
neutral,warteten,2
neutral,geheißen,2
neutral,unterstützten,1
neutral,arbeiterin,1
neutral,verlöscht,1
neutral,unverrichteter,1
neutral,heiraten.,1
neutral,fäden,1
neutral,schlossmauern,1
neutral,rüttelte,1
neutral,torwächter,2
neutral,innehalten,1
neutral,sturm.,1
neutral,musterte,1
neutral,misstrauisch,1
neutral,schürzte,1
neutral,lippen,1
neutral,murmelte,2
neutral,herbeischaffen,1
neutral,immerfroh,2
neutral,polstern,1
neutral,spüren.,1
neutral,müden,2
neutral,speisesaal,1
neutral,empfindsamkeit,1
neutral,auszusetzen,1
neutral,gläserne,1
neutral,schatulle,1
neutral,museum,1
neutral,ausgestellt,1
neutral,feinheit,1
neutral,kleinsten,1
neutral,herausfordern,1
neutral,kratzte,1
neutral,gespenster,1
neutral,nicht.,1
neutral,eisig,1
neutral,wohlstand.,1
neutral,hängte,1
neutral,flussufern,1
neutral,krächzte,1
neutral,gerührt,1
neutral,weiterreisen,1
neutral,unfreundliche,1
neutral,überredete,1
neutral,einzukerkern,1
neutral,untermieter,1
neutral,forderte,2
neutral,duell,2
neutral,heuerte,1
neutral,überfiel,2
neutral,hauptfrau,1
neutral,eissplittern,1
neutral,schaffte,1
neutral,aufgerichtet,1
neutral,heimkehrten,1
neutral,zusammenhaltet,1
neutral,trennen.,2
neutral,wärmer,2
neutral,neu,3
neutral,umschloss,1
neutral,trüge,2
neutral,verändern,1
neutral,dünen,1
neutral,winters,1
neutral,glühten,1
neutral,lockte,1
neutral,beherrscht,1
neutral,äße,1
neutral,zerfiel,2
neutral,uralten,1
neutral,überfielen,1
neutral,ebenbürtig,1
neutral,retten.,2
neutral,enttarnte,1
neutral,gefroren,1
neutral,wich,3
neutral,schwache,1
neutral,taute,2
neutral,vergruben,1
neutral,besiegte,2
neutral,erschaffen,1
neutral,atmen,1
neutral,schneelandschaften,1
neutral,handbewegung,1
neutral,achtzehn,1
neutral,gekrönt,1
neutral,eroberte,1
neutral,verlief,1
neutral,monster,1
neutral,erschuf,1
neutral,glitzernd,1
neutral,schwor,1
neutral,verriet,3
neutral,zitternd,2
neutral,dazwischen,1
neutral,zerschellte,1
neutral,statue,2
neutral,zurückgeschickt,1
neutral,ernannt,1
neutral,verhungerten,1
neutral,vorbeikommender,1
neutral,überlegte,1
neutral,regnen,1
neutral,spähte,1
neutral,lud,2
neutral,festmahls,1
neutral,hat.,1
neutral,herbeizaubern,1
neutral,küsters.,1
neutral,silbertalern,1
neutral,rühr,1
neutral,asche.,1
neutral,versuchung,1
neutral,lenkten,1
neutral,abendlicht,1
neutral,glommen,1
neutral,zuhause,1
neutral,regten,1
neutral,versah,1
neutral,hundertmal,1
neutral,blickes,1
neutral,gewürdigt,1
neutral,abgewiesen,1
neutral,dringend,1
neutral,schäbiges,1
neutral,verschmähter,1
neutral,ausging,1
neutral,wünschst,1
neutral,befahl,3
neutral,kettete,1
neutral,mögliches,1
neutral,gehöre,1
neutral,hierher.,1
neutral,weiterzugehen,1
neutral,verbeugte,1
neutral,irgendwo,2
neutral,beugen,1
neutral,märkte,1
neutral,gesichter,1
neutral,verschaffte,1
neutral,nichts.,1
neutral,spann,1
neutral,taten,2
neutral,fortschritt,2
neutral,zuzugeben,1
neutral,präsentation,1
neutral,gewänder,2
neutral,anzulegen,1
neutral,raunen,2
neutral,flüstern,3
neutral,alles.,1
neutral,gezeigt,1
neutral,gezeigt.,1
neutral,freizulassen,1
neutral,verborgenen,1
neutral,zahl,1
neutral,emporgehoben,1
neutral,verstummten,2
neutral,flatterten,1
neutral,stolperte,1
neutral,sees,1
neutral,wange,1
neutral,dörfer,1
neutral,bächen,1
neutral,nickten,1
neutral,rehe,1
neutral,hufen,1
neutral,rauschten,1
neutral,weiter…,1
neutral,horizont,1
neutral,takt,1
neutral,landeten,2
neutral,morgenstrahl,1
neutral,stechenden,1
neutral,es.,1
neutral,riss,3
neutral,beirren,1
neutral,flügelschläge,1
neutral,sechsten,1
neutral,ärmel,5
neutral,morgenlicht,1
neutral,bewunderte,1
neutral,manch,1
neutral,freundete,1
neutral,fertigten,1
neutral,ausgaben,1
neutral,begeistert,1
neutral,widersprechen,1
neutral,ritter,1
neutral,ausziehen,1
neutral,jacke,1
neutral,abriss,1
neutral,originell,1
neutral,hallen,3
neutral,lorenzos,1
neutral,verhängnis,1
neutral,einhielt,1
neutral,verkleideten,1
neutral,fremdländische,1
neutral,kostbarsten,1
neutral,arbeite,1
neutral,größter,1
neutral,hingabe,1
neutral,nächster,1
neutral,untauglich,1
neutral,erwies,1
neutral,lüge,1
neutral,belog,1
neutral,schmeichelei,1
neutral,zurückgeben,1
neutral,verbrachte,1
neutral,bestellte,1
neutral,betrügen,1
neutral,bewunderer,1
neutral,abhielten,1
neutral,eiligen,1
neutral,anbot,1
neutral,vorbeistürmten,1
neutral,lächelten,1
neutral,weiches,1
neutral,nah,2
neutral,hinweg,1
neutral,zerbrechlich,1
neutral,auto,1
neutral,schreien,1
neutral,verletzte,1
neutral,schwächer,1
neutral,grafen,1
neutral,verwundet,1
neutral,habe.,1
neutral,auflöste,1
neutral,industrieller,1
neutral,malen,1
neutral,endgültig,1
neutral,glimmt,1
neutral,orgelpfeifen,1
neutral,stillste,1
neutral,lyria,12
neutral,quallen,1
neutral,innehielten,1
neutral,sinne,1
neutral,schärfte,2
neutral,verhärtete,1
neutral,wagt,1
neutral,rauschen,1
neutral,meerwesen,1
neutral,nacheinander,1
neutral,festtag,1
neutral,silberner,2
neutral,reling,1
neutral,herkam,1
neutral,ungestüme,1
neutral,herbeieilten,1
neutral,wonach,1
neutral,erhalten.,1
neutral,prinzenreiches,1
neutral,dunkelhaarigen,1
neutral,blutenden,1
neutral,besänftigte,1
neutral,netze,1
neutral,blühte,1
neutral,glückskind,1
neutral,hin-,1
neutral,hergerissen,1
neutral,fernes,1
neutral,mitfahren,1
neutral,überflutete,1
neutral,tötete,1
neutral,rauschte,2
neutral,hallte,2
neutral,zerschellen.,1
neutral,sprossen,1
neutral,lichtdurchflutete,1
neutral,blüten,1
neutral,schützten,1
neutral,unendlich,2
neutral,wunderhölzern,1
neutral,getrennt,2
neutral,entzweit,1
neutral,enkelkind,1
neutral,sammelten,1
neutral,verdichten,1
neutral,ausbrechen,1
neutral,ruhigen,1
neutral,glasig,1
neutral,betrunkene,1
neutral,stiller,1
neutral,wiederfanden,1
neutral,brüchiger,1
neutral,nicken,1
neutral,vergebung,1
neutral,morgensonne,1
neutral,leiser,1
neutral,goldenes,1
neutral,verbrennt,1
neutral,dornen,1
neutral,entstellt,1
neutral,töchterlein,1
neutral,verstieß,1
neutral,flügelschlag,1
neutral,fasern,1
neutral,nachbarreich,1
neutral,sein.,1
neutral,gerüchte,1
neutral,ritze,1
neutral,leckten,1
neutral,holzscheiten,1
neutral,durchzog,1
neutral,atemzug,1
neutral,schwanenkörper,1
neutral,morgengrauen,1
neutral,sun‑jae,9
neutral,stich,1
neutral,unsichtbares,1
neutral,gegriffen,1
neutral,tae‑soo,4
neutral,nebel,1
neutral,rätselhaften,1
neutral,umständen,1
neutral,bargen,1
neutral,wegnahmen,1
neutral,in‑cheol,2
neutral,verwob,1
neutral,zuzuflüstern,1
neutral,anzutreiben,1
neutral,beherrschen,1
neutral,wegnahm,1
neutral,u‑bahn‑station,1
neutral,einfahrende,1
neutral,fremdes,1
neutral,gier,1
neutral,verletzt,2
neutral,empfänglich,1
neutral,verführerisch,1
neutral,piratentrio,1
neutral,fürs,1
neutral,auszulösen,1
neutral,bezahlte,1
neutral,piraten,2
neutral,durchsuchte,1
neutral,erwischte,1
neutral,loszuwerden,1
neutral,studierte,1
neutral,einholte,1
neutral,ruderte,1
neutral,drohte,2
neutral,ahnend,1
neutral,retteten,1
neutral,versenkten,1
neutral,geradewegs,1
neutral,versunkenen,1
neutral,neckte,1
neutral,lasse,1
neutral,tragen.,1
neutral,glatt,1
neutral,entglitten,1
neutral,frei.,2
neutral,wegzuzaubern,1
neutral,unterrichtet,1
neutral,französisch,1
neutral,königlich,1
neutral,echtem,1
neutral,aufzog,1
neutral,behaupteten,1
neutral,erdrückte,1
neutral,hinterließ,1
neutral,verzichte,1
neutral,königswürde.,1
neutral,könnt.,1
neutral,bergdorf,1
neutral,gassen,1
neutral,warmherzig,1
neutral,hungriger,1
neutral,verschlingt,1
neutral,seitdem,2
neutral,bestehen,1
neutral,teilnehme,1
neutral,vergesse,1
neutral,anführerin,1
neutral,rentiers,1
neutral,durchbrachen,1
neutral,überwältigten,1
neutral,vergeht.,1
neutral,presste,1
neutral,machtlos,1
neutral,verlorener,1
neutral,milder,1
neutral,zuschauerraums,1
neutral,berühmte,1
neutral,eifersüchtig,1
neutral,verzehrte,1
neutral,hinterherläuft,1
neutral,musikstudent,1
neutral,gerechtigkeit,1
neutral,vorspielen,1
neutral,adern,1
neutral,primaballerina,1
neutral,komponierte,1
neutral,schneefall,1
neutral,duldet,1
neutral,nebenbuhler.,1
neutral,widersprach,1
neutral,heirateten,1
neutral,gestillt,1
neutral,mich.,1
neutral,ich.,1
neutral,wahrheiten,1
neutral,spiegeln,1
neutral,widerspiegeln,1
neutral,kündigte,1
neutral,einzelner,1
neutral,fünfzehnjähriges,1
neutral,verstorbene,1
neutral,weiterzuarbeiten,1
neutral,bedrohten,1
neutral,neidischen,1
neutral,ausschlag,1
neutral,fieberhaft,1
neutral,verstummte,1
admiration,mühle,1
admiration,vorbeikommt,1
admiration,regnen,1
admiration,beginnt,1
admiration,bittet,2
admiration,unterschlupf,1
admiration,soldaten,2
admiration,einzige,2
admiration,kerze,1
admiration,ausgeht,1
admiration,erinnert,1
admiration,feuerzeug,2
admiration,müller,1
admiration,davon,3
admiration,beeindruckt,1
admiration,kleinen,11
admiration,klaus,9
admiration,sack,1
admiration,reichlich,1
admiration,sowie,1
admiration,truhe,1
admiration,scheffel,1
admiration,geld,3
admiration,überlässt,1
admiration,stimme,6
admiration,nixe,1
admiration,bezaubernd,1
admiration,prinz,15
admiration,meeres,1
admiration,untergehenden,1
admiration,sonne,12
admiration,heimlich,1
admiration,läuft,1
admiration,dorthin,1
admiration,findet,2
admiration,fenster,1
admiration,oberen,1
admiration,welt,10
admiration,bizarre,1
admiration,meerschaum-skulptur,1
admiration,schönen,12
admiration,mutter,2
admiration,staunend,2
admiration,sieht,5
admiration,kleine,15
admiration,meerjungfrau,1
admiration,schönheit,12
admiration,lichter,2
admiration,prinzen,6
admiration,meermädchen,1
admiration,stummes,1
admiration,bildschönes,1
admiration,menschenkind,2
admiration,berichtet,1
admiration,nixen-legenden,1
admiration,ranken,1
admiration,schöne,35
admiration,märchen,2
admiration,hält,3
admiration,dunkelhaarige,1
admiration,überglücklich,2
admiration,gestehen,1
admiration,wiederfinden,1
admiration,sehen,15
admiration,beiden,6
admiration,blühende,1
admiration,meer,2
admiration,kommt,1
admiration,liegt,2
admiration,strand,1
admiration,blonde,1
admiration,nackte,1
admiration,frau,15
admiration,bekannt,2
admiration,vorkommt,1
admiration,sohn,5
admiration,erwachsen,1
admiration,wer,3
admiration,beantwortet,1
admiration,schlicht,1
admiration,prinzessin,33
admiration,echte,1
admiration,freier,1
admiration,audienz,1
admiration,bringt,1
admiration,geschenke,2
admiration,zauberhafte,1
admiration,rose,5
admiration,garten,4
admiration,vaters,2
admiration,singende,1
admiration,nachtigall,4
admiration,hof,2
admiration,verachtet,1
admiration,herrlichkeiten,1
admiration,natur,2
admiration,staffelei,2
admiration,bildnis,1
admiration,bezaubernden,2
admiration,hintergrund,1
admiration,zeigt,2
admiration,prachtvolles,1
admiration,klassizistisches,1
admiration,schloss,6
admiration,unglaublichste,1
admiration,nächsten,2
admiration,tag,4
admiration,sonnige,1
admiration,skulpturenreiche,1
admiration,schlossgarten,1
admiration,tausenderlei,1
admiration,klängen,1
admiration,erfüllt,2
admiration,kurzen,1
admiration,gedicht,2
admiration,eingenommen,1
admiration,darf,2
admiration,maler,2
admiration,großartiges,1
admiration,kunstwerk,1
admiration,präsentieren,1
admiration,zaubert,1
admiration,schönste,10
admiration,glasschale,1
admiration,samenkorn,1
admiration,wunderschöne,5
admiration,blume,9
admiration,winziges,1
admiration,mädchen,23
admiration,„,11
admiration,schlüpft,1
admiration,“,10
admiration,lang,2
admiration,gehegten,1
admiration,kinderwunsch,1
admiration,däumeline,1
admiration,trifft,1
admiration,karl,1
admiration,käfer,2
admiration,ebenfalls,1
admiration,bewunderer,1
admiration,erklären,1
admiration,kaiser,11
admiration,ganz,22
admiration,besonderes,1
admiration,tuch,1
admiration,weben,1
admiration,wundervolle,1
admiration,eigenschaft,2
admiration,besitze,1
admiration,stoffe,3
admiration,seien,4
admiration,unsichtbar,3
admiration,amt,2
admiration,tauge,2
admiration,unermesslich,1
admiration,dumm,3
admiration,sei,11
admiration,gefällt,1
admiration,lässt,3
admiration,sofort,1
admiration,arbeit,1
admiration,beginnen,1
admiration,lobt,1
admiration,höchsten,3
admiration,tönen,2
admiration,skeptisch,1
admiration,schickt,1
admiration,major,1
admiration,nochmals,1
admiration,überprüfung,1
admiration,kurze,1
admiration,zeit,4
admiration,später,1
admiration,soweit,1
admiration,stolze,1
admiration,eltern,3
admiration,vier,2
admiration,gelben,1
admiration,entenküken,1
admiration,jedoch,2
admiration,erwacht,1
admiration,verschwindet,1
admiration,erik,3
admiration,erinnerung,1
admiration,außer,2
admiration,wunderschönen,1
admiration,gesang,4
admiration,arglistig,1
admiration,geht,1
admiration,vanessa,2
admiration,land,3
admiration,betört,1
admiration,arielles,2
admiration,trägt,2
admiration,magisches,1
admiration,amulett,1
admiration,darauf,4
admiration,pustet,1
admiration,bild,2
admiration,erscheint,1
admiration,kraft,4
admiration,gibt,4
admiration,katrin,1
admiration,schließt,1
admiration,eilig,1
admiration,fensterläden,1
admiration,männer,4
admiration,freut,1
admiration,denkt,1
admiration,könne,3
admiration,erkennen,1
admiration,reiche,3
admiration,amtes,1
admiration,taugt,1
admiration,sagt,1
admiration,kleider,11
admiration,tauglich,1
admiration,gelten,1
admiration,staunen,1
admiration,–,5
admiration,ja,15
admiration,sagen,9
admiration,schön,45
admiration,kaisers,4
admiration,neue,5
admiration,guten,6
admiration,taten,2
admiration,gönnt,1
admiration,gutes,5
admiration,essen,3
admiration,zimmer,3
admiration,wirtshaus,1
admiration,besten,4
admiration,stadt,5
admiration,wertvollste,2
admiration,königreich,5
admiration,lichterwald,2
admiration,geblieben,1
admiration,lied,2
admiration,singen,6
admiration,deren,4
admiration,duft,3
admiration,sorgen,3
admiration,verfliegen,2
admiration,hella,1
admiration,bleibt,2
admiration,lange,5
admiration,allein,6
admiration,fortgeschrittenem,1
admiration,alter,2
admiration,bewundern,2
admiration,schon,6
admiration,immer,4
admiration,auge,2
admiration,geworfen,2
admiration,bereits,1
admiration,ankunft,1
admiration,aurora,3
admiration,verliebt,1
admiration,johann,2
admiration,hals,2
admiration,kopf,5
admiration,junge,6
admiration,schweinehirt,4
admiration,rosenmund,2
admiration,dafür,2
admiration,hochmütigem,1
admiration,stolz,7
admiration,befehle,1
admiration,erteilt,1
admiration,ehrlichherz,2
admiration,liebenswürdiger,1
admiration,junger,2
admiration,mann,11
admiration,macht,1
admiration,hand,12
admiration,anzuhalten,1
admiration,scheinen,1
admiration,gut,19
admiration,verstehen,2
admiration,verlieben,1
admiration,schnell,1
admiration,ineinander,1
admiration,schwefelhölzern,1
admiration,winterlich-verschneiten,1
admiration,straßen,1
admiration,russischen,1
admiration,großstadt,1
admiration,bietet,1
admiration,kleines,6
admiration,schwefelhölzer,1
admiration,verkauf,1
admiration,gutmütige,1
admiration,alte,13
admiration,dame,5
admiration,öffnet,1
admiration,erfreut,4
admiration,hochzeit,1
admiration,paar,5
admiration,könig,7
admiration,reich,5
admiration,händen,2
admiration,weiß,9
admiration,räubertochter,1
admiration,behandelt,1
admiration,gerda,6
admiration,anfangs,1
admiration,sklavin,1
admiration,je,4
admiration,mehr,10
admiration,kay,4
admiration,erzählt,1
admiration,nachlässt,1
admiration,desto,1
admiration,bewundert,1
admiration,letztendlich,1
admiration,frei,2
admiration,bruder,1
admiration,schwester,1
admiration,ebenso,2
admiration,wären,5
admiration,stand,6
admiration,kasten,1
admiration,wuchsen,1
admiration,gar,9
admiration,herrlich,16
admiration,größte,2
admiration,nie,10
admiration,ruhig,1
admiration,erden,1
admiration,fliegt,1
admiration,schwarze,2
admiration,wolke,1
admiration,hinauf,2
admiration,fein,9
admiration,eis,4
admiration,blendendem,1
admiration,blinkendem,1
admiration,eise,1
admiration,rosen,7
admiration,blühten,1
admiration,sommer,3
admiration,prachtvoll,2
admiration,psalm,2
admiration,gelernt,1
admiration,rede,2
admiration,dachte,3
admiration,eigenen,2
admiration,sang,8
admiration,knaben,1
admiration,verblüh'n,1
admiration,verwehen,1
admiration,christkindlein,1
admiration,sagte,28
admiration,schneeflocke,1
admiration,wurde,12
admiration,größer,5
admiration,sah,24
admiration,prächtige,3
admiration,zehneckiger,1
admiration,stern,2
admiration,anzusehen,3
admiration,``,63
admiration,siehst,3
admiration,künstlich,1
admiration,'',65
admiration,ging,8
admiration,recht,7
admiration,sprangen,1
admiration,seite,1
admiration,große,8
admiration,schlitten,1
admiration,hielt,5
admiration,person,2
admiration,fuhr,2
admiration,erhob,2
admiration,pelz,1
admiration,mütze,1
admiration,schnee,4
admiration,hoch,1
admiration,schlank,3
admiration,glänzend,5
admiration,schneekönigin,5
admiration,klügeres,1
admiration,lieblicheres,1
admiration,antlitz,3
admiration,konnte,26
admiration,denken,1
admiration,nickten,2
admiration,wellen,1
admiration,sonderbar,1
admiration,hübsch,14
admiration,ufern,1
admiration,blumen,7
admiration,bäume,3
admiration,hänge,1
admiration,schafen,1
admiration,kühen,1
admiration,mensch,4
admiration,erblicken,1
admiration,solle,1
admiration,betrübt,1
admiration,kirschen,1
admiration,kosten,2
admiration,betrachten,1
admiration,schöner,14
admiration,irgendein,2
admiration,bilderbuch,2
admiration,geschichte,2
admiration,erzählen,4
admiration,schloß,2
admiration,tür,2
admiration,denkbaren,1
admiration,jahreszeit,1
admiration,standen,4
admiration,prächtigsten,1
admiration,flor,1
admiration,bunter,1
admiration,sprang,2
admiration,freude,6
admiration,hochauf,1
admiration,spielte,4
admiration,hohen,2
admiration,kirschbäumen,1
admiration,unterging,3
admiration,bekam,4
admiration,schönes,8
admiration,bett,3
admiration,roten,3
admiration,seidenkissen,1
admiration,bunten,2
admiration,veilchen,1
admiration,gestopft,1
admiration,schlief,2
admiration,träumte,2
admiration,königin,6
admiration,hochzeitstag,1
admiration,möglich,1
admiration,erzählst,1
admiration,sagst,1
admiration,traurig,2
admiration,erwähnst,1
admiration,drei,1
admiration,schwestern,2
admiration,durchsichtig,2
admiration,kleid,1
admiration,rot,2
admiration,blau,2
admiration,dritten,3
admiration,tanzten,6
admiration,beim,4
admiration,stillen,1
admiration,see,6
admiration,hellen,1
admiration,mondenschein,1
admiration,duftete,4
admiration,verschwanden,1
admiration,wald,3
admiration,butterblume,1
admiration,glänzte,3
admiration,gießt,1
admiration,wasser,8
admiration,teetopf,1
admiration,stück,1
admiration,zeug,2
admiration,schnürleib,1
admiration,reinlichkeit,1
admiration,sache,1
admiration,sitzen,4
admiration,wohnt,1
admiration,unbändig,1
admiration,klug,6
admiration,zeitungen,1
admiration,gelesen,1
admiration,vergessen,2
admiration,kam,9
admiration,pferd,1
admiration,wagen,2
admiration,fröhlich,1
admiration,gerade,10
admiration,zumarschiert,1
admiration,augen,14
admiration,glänzten,2
admiration,haare,2
admiration,ärmliche,1
admiration,gesprochen,1
admiration,spreche,1
admiration,krähensprache,1
admiration,zahmen,1
admiration,geliebten,1
admiration,gehört,2
admiration,mußte,6
admiration,gedachte,1
admiration,lebendig,1
admiration,klugen,1
admiration,langen,7
admiration,haares,1
admiration,ordentlich,2
admiration,lächelte,7
admiration,damals,1
admiration,daheim,1
admiration,saßen,2
admiration,glich,1
admiration,nacken,1
admiration,jung,1
admiration,sprach,2
admiration,belobten,1
admiration,krähen,1
admiration,sagten,6
admiration,böse,2
admiration,sollten,1
admiration,öfters,1
admiration,tun,1
admiration,fett,1
admiration,niedlich,14
admiration,mußkernen,1
admiration,gefüttert,1
admiration,fettes,1
admiration,lamm,1
admiration,schmecken,1
admiration,zog,3
admiration,blankes,1
admiration,messer,2
admiration,heraus,3
admiration,gräßlich,2
admiration,oh,1
admiration,räubermädchen,1
admiration,hob,2
admiration,hinaus,3
admiration,vorsicht,1
admiration,fest,3
admiration,binden,1
admiration,sogar,1
admiration,kissen,1
admiration,geben,2
admiration,hast,6
admiration,pelzstiefel,1
admiration,kalt,6
admiration,muff,1
admiration,behalte,1
admiration,rentier,1
admiration,kannst,2
admiration,winde,3
admiration,zwirnsfaden,1
admiration,zusammenbinden,1
admiration,wunderbare,2
admiration,buchstaben,2
admiration,geschrieben,1
admiration,finnin,1
admiration,las,1
admiration,stirn,1
admiration,herunterlief,1
admiration,vorposten,1
admiration,sonderbarsten,1
admiration,gestalten,2
admiration,lebendige,1
admiration,schneeflocken,1
admiration,starke,1
admiration,nordlicht,1
admiration,beleuchtete,1
admiration,groß,4
admiration,leer,2
admiration,eisig,1
admiration,figuren,1
admiration,ausgezeichnet,2
admiration,wichtigkeit,1
admiration,machte,2
admiration,glaskörnchen,1
admiration,saß,7
admiration,eisstücke,1
admiration,ringsherum,1
admiration,müde,1
admiration,niederlegten,1
admiration,lagen,1
admiration,denen,1
admiration,gesagt,1
admiration,ausfindig,1
admiration,wäre,9
admiration,eigener,2
admiration,herr,3
admiration,wolle,2
admiration,ganze,7
admiration,schlittschuhe,1
admiration,gingen,3
admiration,herrlicher,6
admiration,frühling,2
admiration,grün,2
admiration,herberge,1
admiration,art,1
admiration,bierhaus,1
admiration,höchst,2
admiration,interessant,1
admiration,obgleich,1
admiration,fabel,1
admiration,prächtig,2
admiration,hell,3
admiration,bunt,1
admiration,paßten,1
admiration,füße,2
admiration,tönt,1
admiration,gott,6
admiration,fleh'n,1
admiration,kind,3
admiration,jungfrau,1
admiration,reifen,1
admiration,seh'n,1
admiration,seelengut,1
admiration,o,6
admiration,wüßte,1
admiration,herzen,4
admiration,ruht,1
admiration,weit,8
admiration,reichere,1
admiration,phantasie,1
admiration,pseudo-herschel,1
admiration,'s,2
admiration,geschaffen,1
admiration,reihe,1
admiration,glied,1
admiration,aufgestellt,1
admiration,abgemalt,1
admiration,arabeske,1
admiration,unsern,1
admiration,träumen,1
admiration,erstaunliches,1
admiration,dramatisches,1
admiration,talent,1
admiration,hörte,4
admiration,orgeltöne,1
admiration,neuer,1
admiration,besserer,1
admiration,geworden,2
admiration,herz,10
admiration,reichen,2
admiration,respectabeln,1
admiration,manne,1
admiration,name,2
admiration,sicher,1
admiration,adreßbuche,1
admiration,steht,2
admiration,spiegel,2
admiration,vergrößerten,1
admiration,unglaublichen,1
admiration,grade,1
admiration,copist,1
admiration,luft,5
admiration,ungewöhnlich,2
admiration,klar,2
admiration,wolken,1
admiration,grüne,1
admiration,duftet,1
admiration,herrliche,10
admiration,gute,4
admiration,hübsche,4
admiration,perspective,1
admiration,besser,4
admiration,fliegen,3
admiration,kunst,1
admiration,feine,2
admiration,behandlung,1
admiration,guter,8
admiration,verlange,1
admiration,gründliche,1
admiration,kenntnisse,1
admiration,witz,1
admiration,genie,1
admiration,besonnenheit,1
admiration,steigst,1
admiration,naturtöne,1
admiration,deshalb,8
admiration,zugedeckt,1
admiration,leihe,1
admiration,galoschen,2
admiration,naß,1
admiration,scheint,1
admiration,möchte,3
admiration,wohl,6
admiration,pfeife,1
admiration,unten,1
admiration,rauchen,1
admiration,kleiner,4
admiration,gilt,1
admiration,innern,1
admiration,städte,1
admiration,herrlichkeit,3
admiration,schweiz,2
admiration,italien,2
admiration,bereisen,1
admiration,sogleich,1
admiration,wirkten,1
admiration,herumgekommen,1
admiration,sowohl,1
admiration,schirme,1
admiration,stöcke,1
admiration,hüte,1
admiration,schaukelten,1
admiration,netze,1
admiration,benahmen,1
admiration,ziemlich,1
admiration,aussicht,1
admiration,imponirend,1
admiration,schielte,1
admiration,danach,2
admiration,wenigstens,1
admiration,dichter,1
admiration,kennen,1
admiration,gesungen,2
admiration,drucken,1
admiration,lassen,2
admiration,montblanc,1
admiration,seh,1
admiration,steilen,1
admiration,könnten,2
admiration,gemälde,2
admiration,richtig,1
admiration,wiedergeben,1
admiration,jubeln,1
admiration,herrliches,5
admiration,schauspiel,1
admiration,magen,1
admiration,körper,1
admiration,ermüdet,1
admiration,sehnsucht,1
admiration,herzens,2
admiration,drehte,1
admiration,nachtquartier,1
admiration,ausfallen,1
admiration,blickte,1
admiration,inniger,1
admiration,letzteres,1
admiration,hauptrolle,1
admiration,salat,1
admiration,verdorbene,1
admiration,eier,2
admiration,gebratene,1
admiration,hahnenkämme,1
admiration,gerichte,1
admiration,wein,1
admiration,beigeschmack,1
admiration,wahre,2
admiration,mixtur,1
admiration,geistige,1
admiration,stark,3
admiration,genug,5
admiration,schätze,1
admiration,heben,2
admiration,bestimmung,1
admiration,muß,3
admiration,johannes,9
admiration,goldenen,2
admiration,krone,3
admiration,glänzenden,1
admiration,haar,3
admiration,reichte,2
admiration,vater,3
admiration,braut,3
admiration,erhalten,1
admiration,ganzen,1
admiration,rings,2
admiration,herum,2
admiration,sangen,6
admiration,klang,1
admiration,thränen,3
admiration,traten,3
admiration,weinte,1
admiration,that,2
admiration,trauer,1
admiration,himmel,3
admiration,draußen,4
admiration,felde,1
admiration,frisch,3
admiration,warmen,1
admiration,sonnenschein,3
admiration,wollten,1
admiration,willkommen,1
admiration,grünen,5
admiration,daran,3
admiration,großen,11
admiration,prächtigen,6
admiration,bekommen,2
admiration,fort,4
admiration,früher,4
admiration,meinte,1
admiration,feld,2
admiration,bache,1
admiration,heuschober,1
admiration,blaue,3
admiration,darüber,2
admiration,schlafkammer,1
admiration,bald,2
admiration,gewannen,1
admiration,lieb,1
admiration,beide,1
admiration,menschen,11
admiration,glaube,2
admiration,vorn,1
admiration,dicker,1
admiration,schlächter,1
admiration,platz,1
admiration,genommen,1
admiration,allerbesten,1
admiration,großer,3
admiration,bullenbeißer,1
admiration,bissig,1
admiration,begann,1
admiration,komödie,3
admiration,niedliche,4
admiration,könige,3
admiration,schönsten,3
admiration,throne,1
admiration,goldene,2
admiration,kronen,1
admiration,haupte,2
admiration,schleppen,1
admiration,kleidern,2
admiration,mittel,1
admiration,erlaubten,1
admiration,niedlichsten,5
admiration,holzpuppen,1
admiration,glasaugen,1
admiration,schnurrbärten,1
admiration,thüren,1
admiration,machten,1
admiration,frische,1
admiration,kommen,1
admiration,gesehen,7
admiration,schien,5
admiration,warm,4
admiration,frischen,1
admiration,blauen,2
admiration,bergen,1
admiration,jäger,1
admiration,waldhorn,1
admiration,lieblich,5
admiration,blasen,1
admiration,unterlassen,1
admiration,auszurufen,1
admiration,lieber,4
admiration,küssen,2
admiration,all,5
admiration,gegeben,1
admiration,gleicher,1
admiration,ertönte,2
admiration,wunderbar,3
admiration,häuptern,1
admiration,blickten,1
admiration,höhe,1
admiration,weißer,1
admiration,schwan,1
admiration,schwebte,1
admiration,vogel,6
admiration,hören,4
admiration,schwächer,2
admiration,neigte,1
admiration,sank,1
admiration,langsam,1
admiration,füßen,1
admiration,nieder,1
admiration,todt,1
admiration,liegen,4
admiration,blieb,3
admiration,zwei,3
admiration,flügel,3
admiration,reisekamerad,1
admiration,geldes,1
admiration,werth,1
admiration,nehmen,1
admiration,wirth,1
admiration,erzählte,2
admiration,leide,1
admiration,thäte,1
admiration,tochter,2
admiration,behüte,1
admiration,besaß,3
admiration,half,1
admiration,vorbei,3
admiration,wirklich,2
admiration,leute,3
admiration,vergaßen,1
admiration,riefen,2
admiration,hurrah,1
admiration,sterne,2
admiration,oben,3
admiration,mantel,1
admiration,tausend,1
admiration,schmetterlingsflügeln,1
admiration,zusammengenäht,1
admiration,dessenungeachtet,1
admiration,nacht,4
admiration,geträumt,1
admiration,gestorben,1
admiration,bürstete,1
admiration,schuhe,4
admiration,rock,1
admiration,wusch,1
admiration,gesicht,4
admiration,hände,4
admiration,kämmte,1
admiration,hübsches,2
admiration,blondes,1
admiration,hinein,2
admiration,schlosse,4
admiration,wahrlich,3
admiration,sonderbarer,1
admiration,küßte,2
admiration,alten,4
admiration,gehen,1
admiration,entzückt,1
admiration,wunderschön,2
admiration,anzuschauen,1
admiration,fertig,1
admiration,artig,1
admiration,ueber,1
admiration,dach,2
admiration,rosenrother,1
admiration,spinnwebe,1
admiration,besetzt,1
admiration,edelsteine,1
admiration,hofleute,1
admiration,hereinkamen,1
admiration,vornehm,1
admiration,gestern,1
admiration,grüßte,1
admiration,gab,4
admiration,morgen,2
admiration,glückte,1
admiration,tode,1
admiration,königs,1
admiration,erben,1
admiration,vornehmen,2
admiration,herren,1
admiration,fräulein,1
admiration,miteinander,2
admiration,ferne,1
admiration,viele,5
admiration,gern,2
admiration,tanzen,2
admiration,rund,1
admiration,drehen,1
admiration,spinnenrädchen,1
admiration,schwenk,1
admiration,betete,1
admiration,fromm,1
admiration,ließ,3
admiration,mal,1
admiration,zusammenschlagen,2
admiration,selben,1
admiration,augenblick,2
admiration,verwandelt,1
admiration,zuvor,1
admiration,dankte,1
admiration,herrlichen,5
admiration,bezauberung,1
admiration,gehoben,2
admiration,außerdem,1
admiration,verstand,2
admiration,tragebänder,1
admiration,sticken,1
admiration,fingerfertig,1
admiration,merkwürdig,1
admiration,erblickte,2
admiration,kuchen,2
admiration,stehen,2
admiration,wunderliche,1
admiration,eigenheit,1
admiration,ertragen,1
admiration,küster,4
admiration,rasend,1
admiration,hineingegangen,1
admiration,wußte,4
admiration,hause,4
admiration,setzte,1
admiration,herrlichste,2
admiration,bezahlt,2
admiration,wirt,1
admiration,hitziger,1
admiration,pfeffer,1
admiration,tabak,1
admiration,dicht,3
admiration,kirche,1
admiration,orgel,1
admiration,darinnen,1
admiration,armer,1
admiration,verheiraten,2
admiration,grabe,1
admiration,wuchs,2
admiration,rosenstrauch,2
admiration,blühte,1
admiration,fünfte,1
admiration,jahr,1
admiration,trug,6
admiration,süß,2
admiration,kummer,1
admiration,vergaß,1
admiration,roch,1
admiration,gemacht,2
admiration,superbe,2
admiration,charmant,1
admiration,schellen,1
admiration,sobald,1
admiration,topf,1
admiration,kochte,1
admiration,klingelten,1
admiration,spielten,2
admiration,melodie,2
admiration,ach,3
admiration,augustin,2
admiration,hofdamen,1
admiration,daherspaziert,1
admiration,spielen,1
admiration,'ach,1
admiration,vorbeiging,1
admiration,baum,1
admiration,wischte,1
admiration,braune,1
admiration,warf,1
admiration,schlechten,1
admiration,trat,2
admiration,prinzentracht,1
admiration,hervor,3
admiration,verneigen,1
admiration,wirkliche,3
admiration,zwanzig,2
admiration,matratzen,1
admiration,eiderdaunendecken,1
admiration,erbse,2
admiration,gespürt,1
admiration,feinfühlig,1
admiration,niemand,2
admiration,echten,1
admiration,seht,3
admiration,warme,2
admiration,helle,1
admiration,flamme,1
admiration,lichtchen,2
admiration,wunderbares,1
admiration,feuer,2
admiration,brannte,1
admiration,gesegnet,1
admiration,wärmte,1
admiration,streckte,2
admiration,wärmen,1
admiration,erlosch,1
admiration,flämmchen,1
admiration,ofen,1
admiration,verschwand,1
admiration,ueberreste,1
admiration,abgebrannten,1
admiration,schwefelhölzchens,1
admiration,prächtiger,2
admiration,gans,1
admiration,hüpfte,1
admiration,schüssel,1
admiration,herunter,1
admiration,wackelte,1
admiration,fußboden,1
admiration,gabel,1
admiration,brust,2
admiration,armen,1
admiration,herrlichsten,4
admiration,christbaume,1
admiration,geputzter,1
admiration,glasthüre,1
admiration,kaufmanne,1
admiration,strich,2
admiration,hölzchen,1
admiration,mauer,1
admiration,ab,2
admiration,glanze,2
admiration,großmutter,2
admiration,schimmernd,1
admiration,mild,1
admiration,liebevoll,1
admiration,ahnte,1
admiration,neujahrsfreude,1
admiration,eingegangen,1
admiration,säbel,1
admiration,tornister,1
admiration,richtiger,3
admiration,soldat,10
admiration,vornehmer,1
admiration,dingen,1
admiration,freunde,1
admiration,feiner,1
admiration,kerl,1
admiration,kavalier,1
admiration,leiden,1
admiration,prächtiges,1
admiration,helfen,1
admiration,kupferschloß,1
admiration,vielen,2
admiration,türmen,1
admiration,rücken,2
admiration,hundes,1
admiration,jedermann,1
admiration,eben,2
admiration,kluge,4
admiration,bloß,1
admiration,kutsche,2
admiration,fahren,1
admiration,erschraken,1
admiration,volk,4
admiration,rief,2
admiration,sollst,2
admiration,kupfernen,1
admiration,gefiel,1
admiration,karen,4
admiration,rein,1
admiration,nett,1
admiration,angezogen,2
admiration,lesen,1
admiration,nähen,1
admiration,lernen,1
admiration,weder,2
admiration,schleppe,2
admiration,goldkrone,3
admiration,rothe,1
admiration,saffian-schuhe,1
admiration,freilich,1
admiration,schuhmacherfrau,1
admiration,genäht,2
admiration,fußsteig,1
admiration,korn,2
admiration,entlang,1
admiration,stäubte,1
admiration,wenig,1
admiration,sieh,4
admiration,tanzschuhe,3
admiration,fuß,1
admiration,nachzusteigen,1
admiration,rothen,2
admiration,bart,1
admiration,nickte,1
admiration,tanzte,2
admiration,wiese,1
admiration,regen,1
admiration,tage,2
admiration,nachts,1
admiration,gräulichsten,1
admiration,offene,1
admiration,kirchenthür,1
admiration,hintanzte,1
admiration,engel,1
admiration,weißen,3
admiration,flügeln,1
admiration,schultern,2
admiration,erde,5
admiration,reichten,1
admiration,streng,1
admiration,ernst,1
admiration,schwert,1
admiration,breit,1
admiration,fleißig,1
admiration,nachdenkend,1
admiration,hässliche,1
admiration,entlein,4
admiration,lande,2
admiration,wetter,1
admiration,kletten,1
admiration,nein,2
admiration,kalekut,1
admiration,beine,3
admiration,gebraucht,1
admiration,eigenes,2
admiration,grunde,1
admiration,betrachtet,1
admiration,rappeln,1
admiration,könnt,2
admiration,neigt,1
admiration,euern,1
admiration,ente,2
admiration,vornehmste,1
admiration,spanischem,1
admiration,geblüt,1
admiration,dick,1
admiration,lappen,1
admiration,bein,1
admiration,außerordentlich,2
admiration,auszeichnung,1
admiration,teil,1
admiration,bedeutet,1
admiration,verlieren,1
admiration,tier,1
admiration,erkannt,1
admiration,entleinmutter,1
admiration,innerlich,1
admiration,gemüth,1
admiration,schwimmt,1
admiration,denke,1
admiration,heranwachsen,1
admiration,ei,2
admiration,gelegen,1
admiration,rechte,1
admiration,gestalt,3
admiration,tut,1
admiration,wäret,1
admiration,aalkopf,1
admiration,bringen,1
admiration,henne,1
admiration,niedrige,1
admiration,küchelchen-kurzbein,1
admiration,genannt,1
admiration,legte,2
admiration,liebte,5
admiration,schwimmen,1
admiration,grund,1
admiration,niederzutauchen,1
admiration,abends,1
admiration,ganzer,1
admiration,schwarm,1
admiration,vögel,2
admiration,busche,1
admiration,blendend,2
admiration,geschmeidigen,1
admiration,hälsen,1
admiration,schwäne,1
admiration,thür,1
admiration,aufstand,1
admiration,reiser,1
admiration,gefallenen,1
admiration,schlüpfen,1
admiration,lag,4
admiration,ermattet,1
admiration,lerchen,1
admiration,frühlingsfrisch,1
admiration,fühlte,3
admiration,noth,1
admiration,drangsale,1
admiration,erduldet,1
admiration,klatschten,2
admiration,umher,1
admiration,liefen,2
admiration,brod,1
admiration,wachsen,1
admiration,wundersamsten,1
admiration,pflanzen,1
admiration,stiele,1
admiration,blätter,1
admiration,geschmeidig,1
admiration,geringsten,1
admiration,bewegung,2
admiration,wassers,1
admiration,rühren,1
admiration,lebend,1
admiration,adel,1
admiration,zwölf,1
admiration,austern,1
admiration,schwanze,1
admiration,sechs,2
admiration,tragen,1
admiration,durften,1
admiration,verdiente,1
admiration,großes,1
admiration,lob,1
admiration,besonders,3
admiration,meerprinzessinnen,1
admiration,enkelinnen,1
admiration,kinder,5
admiration,jüngste,1
admiration,knabe,1
admiration,weißem,1
admiration,klarem,1
admiration,stein,1
admiration,gehauen,1
admiration,stranden,1
admiration,meeresboden,2
admiration,gesunken,1
admiration,erschien,2
admiration,dufteten,1
admiration,wälder,1
admiration,fische,1
admiration,zweigen,1
admiration,laut,2
admiration,konnten,3
admiration,lust,2
admiration,zurückkam,1
admiration,hundert,2
admiration,dinge,1
admiration,mondschein,1
admiration,sandbank,1
admiration,ruhigen,1
admiration,küste,1
admiration,hinüberzuschauen,1
admiration,blinkten,1
admiration,musik,4
admiration,lärm,1
admiration,geräusche,1
admiration,kirchtürme,1
admiration,giebel,1
admiration,glocken,1
admiration,läuten,1
admiration,tauchte,1
admiration,anblick,1
admiration,beschreiben,1
admiration,stimmen,3
admiration,sturm,4
admiration,heraufzog,1
admiration,annehmen,1
admiration,schiffe,1
admiration,untergehen,1
admiration,schwammen,1
admiration,schiffen,1
admiration,her,1
admiration,wundersam,1
admiration,meeresgrunde,1
admiration,baten,2
admiration,schiffer,1
admiration,fürchten,1
admiration,untergehn,1
admiration,worte,1
admiration,glaubten,1
admiration,seejungfer,3
admiration,schwamm,1
admiration,kajütenfenster,1
admiration,jedesmal,1
admiration,spiegelklaren,1
admiration,emporhob,1
admiration,scheiben,1
admiration,geputzte,1
admiration,drinnen,2
admiration,schwarzen,3
admiration,drückte,1
admiration,leuten,1
admiration,hinausklang,1
admiration,plumpe,1
admiration,säulen,1
admiration,nennen,1
admiration,mitten,3
admiration,saale,1
admiration,floß,1
admiration,breiter,1
admiration,strom,1
admiration,meermänner,1
admiration,meerweiblein,1
admiration,süßklingende,1
admiration,seiest,1
admiration,liebreizendste,1
admiration,hätten,1
admiration,hexe,1
admiration,schwebenden,1
admiration,gang,1
admiration,sprechenden,1
admiration,menschenherz,1
admiration,betören,2
admiration,erwachte,1
admiration,schneidenden,1
admiration,schmerz,1
admiration,heftete,1
admiration,kohlschwarzen,1
admiration,niederschlug,1
admiration,fischschwanz,1
admiration,füßchen,1
admiration,stumm,2
admiration,sprechen,2
admiration,sklavinnen,3
admiration,gekleidet,2
admiration,seide,2
admiration,gold,2
admiration,königlichen,1
admiration,klatschte,1
admiration,schwebende,1
admiration,tänze,1
admiration,offenbarte,1
admiration,anmutiger,1
admiration,sprachen,3
admiration,tiefer,1
admiration,liebste,1
admiration,beste,3
admiration,meisten,1
admiration,ergeben,1
admiration,gleichst,1
admiration,jungen,2
admiration,gewiß,1
admiration,finden,1
admiration,mund,2
admiration,haaren,1
admiration,haupt,4
admiration,menschenglück,1
admiration,unsterblichen,1
admiration,seele,1
admiration,haut,1
admiration,zart,2
admiration,wimpern,1
admiration,dunkelblauer,1
admiration,treuer,1
admiration,meere,1
admiration,aufsteigen,1
admiration,bleich,1
admiration,wehten,1
admiration,purpurnen,1
admiration,teppich,1
admiration,zelte,1
admiration,gebettet,1
admiration,ruhen,1
admiration,klare,1
admiration,schwebten,1
admiration,hunderte,1
admiration,durchsichtigen,1
admiration,geschöpfen,1
admiration,farben,3
admiration,muster,2
admiration,zeuge,2
admiration,besäßen,1
admiration,unverzeihlich,1
admiration,lobte,4
admiration,versicherte,1
admiration,gefolge,1
admiration,ercellent,1
admiration,leicht,2
admiration,spinnenwebe,1
admiration,glauben,1
admiration,leibe,1
admiration,kleiden,2
admiration,procession,1
admiration,thronhimmel,1
admiration,straße,2
admiration,fenstern,1
admiration,unvergleichlich,1
admiration,kleide,1
admiration,sitzt,1
admiration,bleiben,1
admiration,sonderbaren,1
admiration,schrei,1
admiration,flogen,2
admiration,schloßfenstern,1
admiration,park,1
admiration,dahin,1
admiration,wind,2
admiration,rosenhecken,1
admiration,flüsterte,1
admiration,unmöglich,1
admiration,elisa,3
admiration,wiederzuerkennen,1
admiration,segel,1
admiration,zeigte,3
admiration,boot,1
admiration,wohnen,2
admiration,jenseits,1
admiration,dankbar,1
admiration,erkannte,1
admiration,flog,2
admiration,schwingen,1
admiration,beschattete,1
admiration,eins,1
admiration,sammet,1
admiration,setzen,1
admiration,reichsten,1
admiration,hausen,1
admiration,königsstadt,1
admiration,kirchen,1
admiration,kuppeln,1
admiration,stumme,1
admiration,walde,1
admiration,landes,3
admiration,einziges,1
admiration,wort,1
admiration,brüdern,1
admiration,leben,3
admiration,innige,1
admiration,liebe,3
admiration,erfreuen,1
admiration,gaul,1
admiration,karren,1
admiration,kittel,1
admiration,grobem,1
admiration,sackleinen,1
admiration,hing,1
admiration,lose,1
admiration,wangen,1
admiration,todtenbleich,1
admiration,lippen,1
admiration,bewegten,1
admiration,leise,1
admiration,finger,1
admiration,flachs,1
admiration,flochten,1
admiration,lackierte,1
admiration,walnußschale,1
admiration,däumelinchen,10
admiration,wiege,1
admiration,veilchenblätter,1
admiration,matratze,1
admiration,rosenblatt,1
admiration,deckbett,1
admiration,koax,1
admiration,schwiegertochter,1
admiration,kröte,1
admiration,erreichen,1
admiration,aufs,1
admiration,lauteres,1
admiration,mitte,1
admiration,pfui,1
admiration,maikäferinnen,1
admiration,verdorrten,1
admiration,klettenblatt,1
admiration,gewohnt,1
admiration,schrumpfte,1
admiration,zusammen,1
admiration,gelber,1
admiration,verwelkter,1
admiration,stengel,1
admiration,zurück,3
admiration,fror,2
admiration,schrecklich,1
admiration,entzwei,1
admiration,klein,2
admiration,erfrieren,1
admiration,wohnte,1
admiration,feldmaus,4
admiration,stube,1
admiration,voll,1
admiration,küche,1
admiration,speisekammer,1
admiration,tat,3
admiration,verlangte,1
admiration,winterzeit,1
admiration,hinweg,1
admiration,säle,1
admiration,samtpelz,1
admiration,mußt,1
admiration,gast,1
admiration,geschichten,1
admiration,weißt,1
admiration,gelehrt,1
admiration,sägte,1
admiration,wohnung,1
admiration,zwanzigmal,1
admiration,'vielleicht,1
admiration,'wieviel,1
admiration,maulwurf,1
admiration,stopfte,1
admiration,loch,1
admiration,hereinschien,1
admiration,begleitete,1
admiration,damen,1
admiration,lebe,3
admiration,niedliches,1
admiration,bekommst,1
admiration,darfst,1
admiration,kalten,1
admiration,darin,3
admiration,verkroch,1
admiration,vogels,1
admiration,federn,1
admiration,schönheiten,1
admiration,wäldern,1
admiration,hingen,1
admiration,zitronen,1
admiration,apfelsinen,1
admiration,myrten,1
admiration,krauseminze,1
admiration,landstraßen,1
admiration,schmetterlingen,1
admiration,schwalbe,2
admiration,bäumen,1
admiration,weißes,1
admiration,marmorschloß,1
admiration,zeiten,1
admiration,glas,1
admiration,niedlichste,1
admiration,kopfe,1
admiration,klaren,1
admiration,erschrak,1
admiration,riesenvogel,1
admiration,hocherfreut,1
admiration,brachte,1
admiration,geschenk,1
admiration,fliege,1
admiration,wurden,1
admiration,befestigt,1
admiration,häßlicher,1
admiration,dämon,4
admiration,jan,2
admiration,rubin,2
admiration,wich,2
admiration,dunkelheit,2
admiration,letzter,2
admiration,besiegte,2
admiration,herrscher,3
admiration,einst,2
admiration,besessen,2
admiration,darum,2
admiration,wusste,3
admiration,wert,2
admiration,öffnete,1
admiration,gütig,1
admiration,perfekte,1
admiration,packte,1
admiration,mitsamt,1
admiration,fluss,3
admiration,nahm,4
admiration,ast,1
admiration,geblendet,1
admiration,bewunderte,1
admiration,dose,1
admiration,schmetterlinge,1
admiration,entflogen,1
admiration,picknick,1
admiration,vorbereitet,1
admiration,wahres,1
admiration,gütiger,1
admiration,siebzigster,1
admiration,geburtstag,1
admiration,rückte,1
admiration,näher,1
admiration,altes,1
admiration,testament,1
admiration,bestimmte,1
admiration,abdanken,1
admiration,müsse,1
admiration,leere,1
admiration,erreichte,1
admiration,strauß,1
admiration,wiesenblumen,1
admiration,hätte,2
admiration,hineingelegt,1
admiration,zimmermann,1
admiration,montag,1
admiration,samstag,1
admiration,arbeitete,1
admiration,reichtum,1
admiration,schwer,1
admiration,gemüt,2
admiration,heimweg,2
admiration,dankbarkeit,1
admiration,schenkte,2
admiration,abgetragen,1
admiration,gedanke,1
admiration,schafe,1
admiration,tapfer,1
admiration,war.,1
admiration,gier,1
admiration,rannte,1
admiration,törichte,1
admiration,mitgenommen,1
admiration,königspaar,1
admiration,scherzte,1
admiration,sorgte,1
admiration,—,8
admiration,schwarzhaarig,1
admiration,verloren,1
admiration,rothaarig,1
admiration,poet,1
admiration,pantomime,1
admiration,starb,1
admiration,leidenschaft,1
admiration,meisterwerk,1
admiration,tänzer,1
admiration,grub,1
admiration,ekstase,1
admiration,magie,1
admiration,mächtig,2
admiration,wild,1
admiration,ponyo,1
admiration,wegen,2
admiration,zulächeln,1
admiration,pfauenschweif,1
admiration,empfindlich,1
admiration,porzellan,1
admiration,warmem,1
admiration,sinn,1
admiration,künstliche,1
admiration,baute,1
admiration,knarre,1
admiration,lieder,1
admiration,süßer,1
admiration,reifer,1
admiration,apfel,1
admiration,heirat,1
admiration,retten,1
admiration,stattdessen,1
admiration,beschloss,1
admiration,kaisertochter,1
admiration,victoria,1
admiration,freien,1
admiration,mittag,1
admiration,neugierig,1
admiration,unruhig,1
admiration,welle,1
admiration,stillstehen,1
admiration,verwandelte,1
admiration,namens,1
admiration,benutzte,1
admiration,bienen,1
admiration,ehrfürchtig,1
admiration,summten,1
admiration,lina,1
admiration,tropfen,1
admiration,tau,1
admiration,morgenlicht,1
admiration,sonderbare,1
admiration,froschsohn,1
admiration,fanden,1
admiration,stritten,1
admiration,fund,1
admiration,schließlich,1
admiration,liegenließen,1
admiration,gemeinsames,1
admiration,geheimnis,1
admiration,paradies,1
admiration,norden,1
admiration,beobachtete,1
admiration,glashaus,1
admiration,voller,1
admiration,wärme,1
admiration,flora,1
admiration,freundlich,1
admiration,einfältig,1
admiration,fröhlichen,1
admiration,namen,1
admiration,immerfroh,1
admiration,flecken.,1
admiration,jubel,1
admiration,blick,1
admiration,schleier,1
admiration,wirbelte,1
admiration,raum,1
admiration,wintermorgen,1
admiration,unendlich,1
admiration,kai,1
admiration,auseinanderzuhalten,1
admiration,nannte,1
admiration,pferde,1
admiration,kaum,2
admiration,mageren,1
admiration,klepper,1
admiration,fröhliches,1
admiration,tages,2
admiration,gutsbesitzerstochter,1
admiration,dora,1
admiration,heiratete,1
admiration,laune,1
admiration,gefallen,1
admiration,bat,1
admiration,marktplatz,1
admiration,unerreichbar,1
admiration,erzählten,2
admiration,not,1
admiration,teuer,1
admiration,verbeugte,1
admiration,tief,1
admiration,majestät,1
admiration,weber,1
admiration,webkunst,1
admiration,angeblich,1
admiration,pfau,1
admiration,fast,2
admiration,hübsch.,1
admiration,ehe,1
admiration,hexentochter,1
admiration,windstoß,1
admiration,fegte,1
admiration,klangen,1
admiration,dürfen,1
admiration,stoff,2
admiration,tüchtige,1
admiration,dumme,1
admiration,unfähige,1
admiration,bleibe,1
admiration,natürlich,1
admiration,angst,2
admiration,unfähig,1
admiration,gehalten,1
admiration,bewunderten,1
admiration,spürte,1
admiration,güte,1
admiration,heller,1
admiration,leuchteten,1
admiration,glanz,1
admiration,stille,1
admiration,verborgenes,1
admiration,licht,3
admiration,schimmerte,1
admiration,u‑bahn,1
admiration,boden,1
admiration,rote,1
admiration,fahlen,1
admiration,waggonlampen,1
admiration,glühen,1
admiration,schienen,1
admiration,räte,1
admiration,lobten,1
admiration,unsichtbaren,1
admiration,evan,1
admiration,unwürdig,1
admiration,erscheinen,1
admiration,stieg,1
admiration,fremde,1
admiration,hotel,1
admiration,gefrorener,1
admiration,kerzenflamme,1
admiration,zehenspitzen,1
admiration,dieb,1
admiration,künstler,1
admiration,stahl,1
admiration,genau,1
admiration,hinsieht,1
admiration,schatten,1
admiration,tänzerin,1
admiration,erkennt,1
admiration,hauch,1
admiration,verlorener,1
admiration,traum,1
admiration,schweigende,1
surprise,unerwartet,4
surprise,kehrt,1
surprise,müller,3
surprise,vorzeitig,1
surprise,zurück,1
surprise,müllerin,2
surprise,versteckt,2
surprise,liebhaber,1
surprise,truhe,3
surprise,schöne,1
surprise,essen,4
surprise,ofen,3
surprise,hause,2
surprise,kommt,1
surprise,küster,2
surprise,vater,1
surprise,überrascht,5
surprise,bestraft,1
surprise,neugier,2
surprise,nixe,1
surprise,mutter,1
surprise,vergleicht,1
surprise,zieht,1
surprise,schuhe,1
surprise,gerät,1
surprise,heimweg,2
surprise,ball,1
surprise,kaschemme,2
surprise,erscheinen,1
surprise,verwunderung,2
surprise,auslöst,1
surprise,verwundert,1
surprise,versucht,1
surprise,amtsstube,1
surprise,zurückzukommen,1
surprise,trotzdem,1
surprise,wundert,1
surprise,teils,1
surprise,merkwürdiges,1
surprise,verhalten,1
surprise,kennt,1
surprise,autos,1
surprise,musik,1
surprise,isst,1
surprise,ganzen,2
surprise,hummer,1
surprise,schale,1
surprise,hätten,1
surprise,ungeschickte,1
surprise,hans,1
surprise,gar,1
surprise,zugetraut,1
surprise,kaiser,2
surprise,liebenden,1
surprise,fordert,1
surprise,victoria,1
surprise,erklärung,1
surprise,droht,1
surprise,enterbung,1
surprise,geburtstagsgeschenk,1
surprise,dose,1
surprise,blaue,1
surprise,schmetterlinge,1
surprise,entschweben,1
surprise,johann,2
surprise,rolle,1
surprise,prinz,2
surprise,ludwig,1
surprise,prinzessin,2
surprise,punkten,1
surprise,bezauberndes,1
surprise,nie,2
surprise,bekommen,2
surprise,lässt,1
surprise,wissen,1
surprise,herausstellt,1
surprise,schweinehirt,1
surprise,wirklichkeit,1
surprise,ehrlichherz,1
surprise,überraschung,1
surprise,erst,1
surprise,groß,1
surprise,zwei,1
surprise,schiffe,1
surprise,hafen,1
surprise,einlaufen,1
surprise,überraschend,1
surprise,schiff,1
surprise,großvaters,1
surprise,dabei,1
surprise,seit,2
surprise,letzten,1
surprise,fahrt,1
surprise,verschollen,1
surprise,inzwischen,1
surprise,rotbart,1
surprise,holzbein,1
surprise,glasauge,1
surprise,``,10
surprise,granny,1
surprise,maria,1
surprise,'',8
surprise,dicht,1
surprise,fersen,1
surprise,heimatfelsen,1
surprise,fast,1
surprise,augen,1
surprise,oh,6
surprise,aufgehalten,1
surprise,worden,1
surprise,bum,2
surprise,rieche,1
surprise,grau,1
surprise,schwer,1
surprise,weiten,1
surprise,welt,3
surprise,furcht,1
surprise,freude,1
surprise,erstaunt,2
surprise,fragte,2
surprise,justizrath,1
surprise,bedeuten,2
surprise,wer,1
surprise,mann,2
surprise,sei,1
surprise,gott,4
surprise,gerüst,1
surprise,errichtet,1
surprise,hätte,4
surprise,kopf,1
surprise,draußen,1
surprise,mitten,1
surprise,fußboden,1
surprise,saß,1
surprise,dalai-lama,1
surprise,unbedeutende,1
surprise,person,1
surprise,eigene,1
surprise,größe,1
surprise,betrachten,1
surprise,daran,1
surprise,langer,1
surprise,zeit,1
surprise,gedacht,2
surprise,eccellenza,1
surprise,miserabili,1
surprise,schneeweißes,1
surprise,pferd,1
surprise,diamanten,1
surprise,rubinen,1
surprise,geschmückt,1
surprise,wurde,3
surprise,alte,1
surprise,könig,2
surprise,vergnügt,1
surprise,schoß,1
surprise,purzelbaum,1
surprise,lust,1
surprise,frau,1
surprise,versteckte,1
surprise,geschwind,1
surprise,all,2
surprise,herrliche,1
surprise,wein,1
surprise,backofen,1
surprise,sehen,1
surprise,sicher,1
surprise,gefragt,2
surprise,pferdehaut,1
surprise,darauf,1
surprise,ging,2
surprise,stelle,1
surprise,kam,1
surprise,wege,1
surprise,kreuzten,1
surprise,begegnete,1
surprise,ganz,2
surprise,kleinen,1
surprise,klaus,1
surprise,vieh,1
surprise,dahertrieb,1
surprise,unartig,1
surprise,morgen,1
surprise,gesehlafen,1
surprise,nein,1
surprise,bewahre,1
surprise,menge,1
surprise,gold,1
surprise,kopenhagen,1
surprise,konnte,2
surprise,dafür,1
surprise,kaufen,1
surprise,zuckerferkel,1
surprise,kuchenfrauen,1
surprise,zinnsoldaten,1
surprise,peitschen,1
surprise,schaukelpferde,1
surprise,sonne,1
surprise,aufgegangen,1
surprise,prächtige,1
surprise,prinzen,1
surprise,schloß,1
surprise,marmortreppe,1
surprise,schien,1
surprise,wundersam,1
surprise,klar,1
surprise,ach,1
surprise,weiß,1
surprise,leben,1
surprise,gerettet,1
surprise,entkleidete,1
surprise,frische,1
surprise,wasser,1
surprise,hinein,1
surprise,schöneres,1
surprise,königskind,1
surprise,gefunden,1
surprise,wundervolles,1
surprise,gesehen,1
surprise,sagte,1
surprise,glaubte,1
surprise,wort,1
surprise,schloss,1
surprise,anklopfte,1
surprise,tante,1
surprise,versuchte,1
surprise,sofort,2
surprise,misstrauen,1
surprise,säen,1
surprise,heimkehrte,1
surprise,verschwanden,1
surprise,–,1
surprise,verlangte,1
surprise,erstaunlichste,1
surprise,unwahrscheinlichste,1
surprise,einzige,1
surprise,herz,1
surprise,rühren,1
surprise,könne,1
surprise,mädchen,1
surprise,verschwand,1
surprise,später,1
surprise,oft,1
surprise,geträumt,1
surprise,überraschte,1
surprise,erschien,1
surprise,plötzlich,1
surprise,fee,1
surprise,hell,1
surprise,sonnenstrahl,1
surprise,schmutziges,1
surprise,fenster,1
surprise,fällt,1
surprise,geriet,1
surprise,feines,1
surprise,auftreten,1
surprise,auslöste,1
surprise,kaum,1
surprise,junger,1
surprise,leutnant,1
surprise,—,1
surprise,schwierigkeiten,1
surprise,weihnachtstag,1
surprise,mussten,1
surprise,kinder,1
surprise,stadt,1
surprise,gehen,1
surprise,schwefelhölzer,1
surprise,verkaufen,1
surprise,tanz,1
surprise,stärker,1
surprise,ehe,1
surprise,jemand,1
surprise,halten,1
surprise,stürzte,1
surprise,balkon,1
surprise,heranrasenden,1
surprise,zug,1
curiosity,müller,2
curiosity,neugierig,3
curiosity,wissen,4
curiosity,weckt,1
curiosity,neugier,1
curiosity,grotte,1
curiosity,einöde,1
curiosity,passende,1
curiosity,prinzessin,8
curiosity,herkommen,1
curiosity,könig,2
curiosity,zweifelt,1
curiosity,immer,2
curiosity,dabei,1
curiosity,stellt,1
curiosity,frage,4
curiosity,ehrlich,1
curiosity,untertanen,1
curiosity,wohl,12
curiosity,befiehlt,1
curiosity,gut,3
curiosity,finden,1
curiosity,``,58
curiosity,bienenkönigin,1
curiosity,'',72
curiosity,schneekönigin,3
curiosity,hereinkommen,1
curiosity,kay,4
curiosity,gerda,1
curiosity,saßen,1
curiosity,blickten,1
curiosity,bilderbuch,1
curiosity,tieren,1
curiosity,vögeln,1
curiosity,weshalb,3
curiosity,weinst,1
curiosity,komm,1
curiosity,erzähle,2
curiosity,wer,2
curiosity,hierher,2
curiosity,kommst,1
curiosity,rosen,1
curiosity,wißt,2
curiosity,glaubt,2
curiosity,tot,3
curiosity,flamme,1
curiosity,scheiterhaufens,1
curiosity,ersterben,1
curiosity,sagte,5
curiosity,kleine,5
curiosity,schneeblume,1
curiosity,zwei,1
curiosity,niedliche,1
curiosity,mädchen,3
curiosity,kleider,1
curiosity,weiß,1
curiosity,schnee,1
curiosity,lange,2
curiosity,grüne,1
curiosity,seidenbänder,1
curiosity,flattern,1
curiosity,hüten,1
curiosity,sagten,1
curiosity,hyazinthen,1
curiosity,schlafen,1
curiosity,tanzenden,1
curiosity,ach,1
curiosity,wirklich,1
curiosity,lied,1
curiosity,konnte,2
curiosity,butterblume,1
curiosity,singen,1
curiosity,blieb,1
curiosity,stehen,1
curiosity,betrachtete,1
curiosity,gelbe,1
curiosity,blume,2
curiosity,fragte,6
curiosity,weißt,2
curiosity,vielleicht,1
curiosity,bog,1
curiosity,ganz,1
curiosity,pfingstlilie,1
curiosity,hinab,1
curiosity,glaubst,3
curiosity,wohnt,1
curiosity,erhalten,1
curiosity,oh,1
curiosity,willst,7
curiosity,schloß,1
curiosity,einführen,1
curiosity,wollt,3
curiosity,frei,1
curiosity,fliegen,2
curiosity,feste,1
curiosity,anstellung,1
curiosity,hofkrähen,1
curiosity,küche,1
curiosity,abfällt,1
curiosity,messer,1
curiosity,behalten,1
curiosity,schläfst,1
curiosity,wohin,2
curiosity,reiste,2
curiosity,davon,1
curiosity,besser,1
curiosity,kleinen,1
curiosity,trank,1
curiosity,geben,1
curiosity,zwölf-männer-kraft,1
curiosity,erhält,1
curiosity,überwindet,1
curiosity,müssen,1
curiosity,erst,1
curiosity,sehen,3
curiosity,macht,1
curiosity,trat,1
curiosity,großen,2
curiosity,leeren,1
curiosity,kalten,1
curiosity,säle,1
curiosity,goldenen,1
curiosity,kutsche,1
curiosity,angespannt,1
curiosity,krähe,3
curiosity,ergangen,1
curiosity,erwischt,1
curiosity,hast,10
curiosity,denkst,1
curiosity,kamen,1
curiosity,maskerade,1
curiosity,gott,1
curiosity,fällt,1
curiosity,bischof,1
curiosity,herr,2
curiosity,holm,2
curiosity,übergesetzt,1
curiosity,hinüber,1
curiosity,welt,2
curiosity,agenten,1
curiosity,haus,2
curiosity,seltenen,1
curiosity,blatte,1
curiosity,gelangt,1
curiosity,seid,2
curiosity,sicher,1
curiosity,alten,2
curiosity,belesen,1
curiosity,alter,1
curiosity,name,1
curiosity,hieß,1
curiosity,ja,3
curiosity,erste,1
curiosity,buchdrucker,1
curiosity,dänemark,1
curiosity,uhr,1
curiosity,wächter,1
curiosity,solide,1
curiosity,läden,1
curiosity,allein,1
curiosity,gerade,1
curiosity,verkehrt,1
curiosity,gedacht,2
curiosity,glücks,1
curiosity,polizei,1
curiosity,fehlen,1
curiosity,tragödie,1
curiosity,geschrieben,1
curiosity,möchte,1
curiosity,abläuft,1
curiosity,entsinnst,1
curiosity,süßen,1
curiosity,früchte,1
curiosity,kühlenden,1
curiosity,saftes,1
curiosity,wildwachsenden,1
curiosity,kräutern,1
curiosity,komme,1
curiosity,fühle,1
curiosity,mangel,1
curiosity,herz,2
curiosity,drückt,1
curiosity,besseres,2
curiosity,augenblickliche,1
curiosity,beste,1
curiosity,geist,1
curiosity,jacobsleiter,1
curiosity,schau'n,1
curiosity,siehst,3
curiosity,glück,1
curiosity,brachten,1
curiosity,galoschen,1
curiosity,menschheit,1
curiosity,thun,1
curiosity,beide,1
curiosity,einander,1
curiosity,gesellschaft,2
curiosity,leisten,1
curiosity,ruthen,1
curiosity,säbel,1
curiosity,bekam,1
curiosity,woran,1
curiosity,„,13
curiosity,wäre,1
curiosity,herrlich,1
curiosity,“,13
curiosity,tölpelhans,2
curiosity,gebraten,2
curiosity,bekommen,6
curiosity,gefallen,1
curiosity,gern,1
curiosity,erweisen,1
curiosity,erwiederte,1
curiosity,königstochter,2
curiosity,worin,1
curiosity,weder,1
curiosity,topf,2
curiosity,pfanne,1
curiosity,vortreffliches,1
curiosity,kochgeschirr,1
curiosity,rief,1
curiosity,fröhlich,1
curiosity,zog,1
curiosity,holzschuh,1
curiosity,hervor,1
curiosity,legte,1
curiosity,hinein,1
curiosity,sauce,1
curiosity,her,1
curiosity,meinte,1
curiosity,wort,1
curiosity,sagen,1
curiosity,gesagt,1
curiosity,aufgeschrieben,1
curiosity,morgen,1
curiosity,zeitung,1
curiosity,kommt,2
curiosity,jemand,1
curiosity,oben,1
curiosity,warum,2
curiosity,liegst,1
curiosity,ei,1
curiosity,sacke,1
curiosity,teufel,1
curiosity,hervorhexen,1
curiosity,wahr,1
curiosity,bedenke,1
curiosity,wieviel,1
curiosity,nutzen,1
curiosity,zauberer,1
curiosity,all,4
curiosity,geld,3
curiosity,toll,1
curiosity,scheffelweise,1
curiosity,vieh,2
curiosity,achtgeben,1
curiosity,kurzer,1
curiosity,zeit,1
curiosity,ertränkt,1
curiosity,herrliche,1
curiosity,seevieh,1
curiosity,erhielte,1
curiosity,tief,2
curiosity,grund,1
curiosity,flusses,1
curiosity,käme,1
curiosity,schlosse,1
curiosity,dienst,1
curiosity,höre,1
curiosity,gehe,1
curiosity,hinunter,1
curiosity,instrument,1
curiosity,kostet,1
curiosity,schweinehirt,1
curiosity,heißt,1
curiosity,prinz,2
curiosity,auflauf,1
curiosity,beim,1
curiosity,mag,1
curiosity,schweinestall,1
curiosity,verließ,1
curiosity,freilich,1
curiosity,pantoffeln,1
curiosity,angehabt,1
curiosity,half,1
curiosity,kannst,2
curiosity,baum,1
curiosity,feuerzeug,3
curiosity,eigentlich,1
curiosity,ganze,1
curiosity,sei,1
curiosity,ente,1
curiosity,saß,1
curiosity,platzen,1
curiosity,sieh,1
curiosity,niedlichsten,1
curiosity,entlein,1
curiosity,je,1
curiosity,gesehen,1
curiosity,kater,1
curiosity,danach,1
curiosity,klügste,1
curiosity,geschöpf,1
curiosity,kenne,1
curiosity,liebt,2
curiosity,wasser,2
curiosity,schwimmen,1
curiosity,unterzutauchen,1
curiosity,warme,1
curiosity,stube,1
curiosity,gekommen,2
curiosity,profitiren,1
curiosity,einfallen,1
curiosity,lieblichkeit,1
curiosity,wünschen,1
curiosity,sah,1
curiosity,erblickte,1
curiosity,klaren,1
curiosity,menschen,2
curiosity,ertrinken,1
curiosity,seejungfer,1
curiosity,ewig,1
curiosity,leben,1
curiosity,sterben,1
curiosity,unten,1
curiosity,meere,2
curiosity,bekamen,1
curiosity,unsterbliche,1
curiosity,seele,1
curiosity,liebsten,1
curiosity,scharf,1
curiosity,hübsches,1
curiosity,stück,1
curiosity,zeug,1
curiosity,elisa,1
curiosity,elf,1
curiosity,prinzen,1
curiosity,wald,2
curiosity,reiten,1
curiosity,fortkommen,1
curiosity,muth,1
curiosity,mitzukommen,1
curiosity,arm,1
curiosity,stark,1
curiosity,genug,1
curiosity,tragen,1
curiosity,sollten,1
curiosity,starke,1
curiosity,flügel,1
curiosity,meer,1
curiosity,herrliches,1
curiosity,kind,2
curiosity,vogel,1
curiosity,quivit,1
curiosity,winter,1
curiosity,sollst,1
curiosity,sommer,1
curiosity,aussteuer,1
curiosity,nähen,1
curiosity,wohnte,1
curiosity,kleiner,1
curiosity,mann,1
curiosity,frau,1
curiosity,eilten,1
curiosity,vorbei,1
curiosity,köpfe,1
curiosity,mäntel,1
curiosity,gesteckt,1
curiosity,niemand,1
curiosity,schenkte,1
curiosity,beachtung,1
curiosity,letzter,1
curiosity,kraft,1
curiosity,stolperte,1
curiosity,schneelandschaft,1
curiosity,fantasie,1
curiosity,—,2
curiosity,schon,1
curiosity,geschlafen,1
curiosity,tante,1
curiosity,falscher,1
curiosity,süße,1
curiosity,begehrst,1
curiosity,ponyo,1
curiosity,später,1
curiosity,genannt,1
curiosity,mutig,1
curiosity,ihr…,1
curiosity,sanft,1
curiosity,künstliche,1
curiosity,menschen.,1
curiosity,kaiser,1
curiosity,lachte,1
curiosity,rosenmund,1
curiosity,errötete,1
curiosity,ferne,1
curiosity,länder,1
curiosity,überquerte,1
curiosity,erklomm,1
curiosity,berge,1
curiosity,überall,1
curiosity,stellte,1
curiosity,wünsche,1
curiosity,fand,1
curiosity,missfiel,1
curiosity,durchnässt,1
curiosity,schlicht,1
curiosity,gekleidet,1
curiosity,wurde,1
curiosity,vermögen,1
curiosity,verlor,1
curiosity,plötzlich,1
curiosity,bereit,1
curiosity,heiraten,1
curiosity,hella,1
curiosity,hättest,1
curiosity,geliebt,1
curiosity,reich,1
curiosity,senkte,1
curiosity,blick,1
curiosity,bald,1
curiosity,veränderte,1
curiosity,mutter,1
curiosity,tochter,1
excitement,müller,2
excitement,begeistert,9
excitement,wissen,1
excitement,zauber,1
excitement,teufel,1
excitement,herbeizaubern,1
excitement,könne,1
excitement,geschenk,2
excitement,geburtstagsnixchen,1
excitement,fest,1
excitement,geburtstagsfest,1
excitement,beginnt,1
excitement,froschprinz,1
excitement,weniger,1
excitement,kleine,1
excitement,nixe,1
excitement,zugleich,1
excitement,hochmütigen,1
excitement,kriecherischen,1
excitement,prinzen,2
excitement,tages,1
excitement,gatten,1
excitement,bestimmt,1
excitement,galoschen,1
excitement,glücks,1
excitement,glücksfee,1
excitement,geburtstag,2
excitement,möchte,1
excitement,menschen,1
excitement,deshalb,1
excitement,besonderes,1
excitement,prinz,1
excitement,prinzessin,3
excitement,ermüdet,1
excitement,beschließt,1
excitement,einstimmig,1
excitement,weiteren,1
excitement,hundertfünfzig,1
excitement,darbietungen,1
excitement,verzichten,1
excitement,sieger,1
excitement,anzuerkennen,1
excitement,kaisertochter,1
excitement,schnickschnack,1
excitement,beiden,1
excitement,dinge,1
excitement,unbedingt,1
excitement,schweinehirt,1
excitement,augustin,1
excitement,verlangt,1
excitement,erst,1
excitement,10,1
excitement,100,1
excitement,küsse,1
excitement,dafür,1
excitement,'s,1
excitement,hören,1
excitement,``,20
excitement,ja,7
excitement,gesehen,2
excitement,'',19
excitement,gut,2
excitement,gefahren,1
excitement,neulich,1
excitement,saß,1
excitement,thron,1
excitement,angenehm,1
excitement,sagt,1
excitement,fängt,1
excitement,lied,1
excitement,singen,1
excitement,gerade,1
excitement,'weshalb,1
excitement,sollt,1
excitement,wohl,1
excitement,heiraten,1
excitement,erhalten,2
excitement,springt,1
excitement,frei,1
excitement,umher,1
excitement,großen,2
excitement,glänzenden,1
excitement,tälern,1
excitement,kay,1
excitement,gerda,1
excitement,sahen,1
excitement,einander,1
excitement,augen,1
excitement,verstanden,1
excitement,alten,1
excitement,gesang,1
excitement,rosen,1
excitement,blüh'n,1
excitement,verwehen,1
excitement,christkindlein,1
excitement,sehen,1
excitement,erster,1
excitement,buchdrucker,1
excitement,o,2
excitement,wär,2
excitement,reich,2
excitement,verrückt,1
excitement,rechter,1
excitement,frühlingstag,1
excitement,dichter,1
excitement,allerliebst,3
excitement,papchens,1
excitement,morgen,4
excitement,sicher,1
excitement,weit,1
excitement,welt,2
excitement,hinaus,1
excitement,siehst,1
excitement,ah,1
excitement,fahrt,1
excitement,luft,1
excitement,nächsten,2
excitement,kam,1
excitement,alte,2
excitement,könig,2
excitement,ganzen,1
excitement,hofstaate,1
excitement,gab,1
excitement,gratuliren,1
excitement,spät,1
excitement,tag,1
excitement,hinein,1
excitement,hui,1
excitement,ging,1
excitement,rief,1
excitement,tölpelhans,1
excitement,„,1
excitement,halloh,1
excitement,sah,1
excitement,ganz,5
excitement,küster,1
excitement,sieh,1
excitement,pferd,1
excitement,erhielt,1
excitement,bezahlt,1
excitement,guten,1
excitement,hund,1
excitement,lief,1
excitement,zurück,1
excitement,königin,1
excitement,tee,1
excitement,tranken,1
excitement,sagte,2
excitement,heute,2
excitement,nacht,1
excitement,wunderlichen,1
excitement,traum,1
excitement,geträumt,1
excitement,hunde,1
excitement,soldaten,1
excitement,wäre,1
excitement,schöne,2
excitement,geschichte,1
excitement,sonntage,1
excitement,abendmahl,1
excitement,seht,1
excitement,geht,1
excitement,enteneier,1
excitement,bekommen,1
excitement,laß,1
excitement,fröhlich,1
excitement,hüpfen,1
excitement,springen,1
excitement,dreihundert,1
excitement,jahren,1
excitement,leben,1
excitement,zeit,1
excitement,abend,1
excitement,hofball,1
excitement,freut,1
excitement,rock,1
excitement,bald,1
excitement,besuch,1
excitement,erstaunte,1
excitement,nickte,1
excitement,befahl,1
excitement,kleider,1
excitement,parade,1
excitement,fertigzustellen,1
pride,kleine,1
pride,klaus,1
pride,kehrt,1
pride,reicher,1
pride,mann,1
pride,zurück,1
pride,dieners,1
pride,diener,1
pride,burschen,1
pride,pantoffeln,1
pride,geht,1
pride,darf,1
pride,kaum,1
pride,anzusehen,1
pride,wagen,1
pride,stolz,3
pride,steht,1
pride,tür,1
pride,'',2
pride,imponire,1
pride,schnabel,1
pride,``,1
pride,witz,1
pride,werfen,1
pride,dach,1
pride,besteht,1
pride,muschelschalen,1
pride,öffnen,1
pride,schließen,1
pride,je,1
pride,nachdem,1
pride,wasser,1
pride,strömt,1
pride,sieht,1
pride,prächtig,1
pride,liegen,1
pride,strahlende,1
pride,perlen,1
pride,einzige,1
pride,davon,1
pride,königskrone,1
pride,rief,1
pride,voller,1
pride,„,1
pride,hüh,2
pride,pferde,1
pride,“,1
pride,moment,1
pride,fühlte,1
pride,reich,1
pride,könig,1
anger,fehlschlägt,1
anger,wütend,7
anger,kleinen,4
anger,klaus,6
anger,haus,1
anger,anzündet,1
anger,treibt,1
anger,„,4
anger,hüh,2
anger,pferde,3
anger,“,4
anger,ruft,1
anger,versucht,1
anger,sack,3
anger,fluss,2
anger,ertränken,1
anger,zauberer,1
anger,macht,2
anger,vorwürfe,1
anger,verwandelt,1
anger,schließlich,2
anger,maria,1
anger,prinzessin,1
anger,elisa,1
anger,beginnt,1
anger,arbeiten,1
anger,brennnesseln,1
anger,zerstechen,1
anger,hände,1
anger,lachend,1
anger,entführt,1
anger,brutale,1
anger,preziöse,1
anger,reicher,1
anger,schuhmachermeister,1
anger,jungen,1
anger,zuvor,1
anger,wegen,1
anger,armut,1
anger,weggejagt,1
anger,lehrgeld,1
anger,bezahlen,2
anger,konnte,3
anger,sogleich,1
anger,erscheinen,1
anger,drei,1
anger,riesigen,1
anger,hunde,1
anger,stürzen,1
anger,wächter,2
anger,ganze,4
anger,hartherzige,1
anger,volk,1
anger,jagen,1
anger,stadt,1
anger,hinaus,1
anger,empört,1
anger,schweinehirt,1
anger,verlangt,1
anger,willigt,1
anger,trotz,1
anger,unverfrorenheit,1
anger,pepolino,2
anger,jacob,1
anger,hause,2
anger,zurückkommt,1
anger,großmutter,3
anger,gefesselt,2
anger,vorfindet,1
anger,gerda,2
anger,versteht,1
anger,mehr,2
anger,kommt,1
anger,streit,1
anger,allerärgsten,1
anger,teufel,2
anger,krieche,1
anger,bärenpelz,1
anger,'',12
anger,``,10
anger,hörst,1
anger,trommel,1
anger,bum,1
anger,kannst,2
anger,eingeben,1
anger,gewalt,1
anger,erhält,1
anger,schweigen,1
anger,verdammt,1
anger,armer,1
anger,willst,1
anger,'s,1
anger,erbarmer,1
anger,wer,1
anger,antwortete,1
anger,dummes,1
anger,zeug,1
anger,geschichte,1
anger,hitze,1
anger,drückte,1
anger,mücken,1
anger,summten,1
anger,stachen,1
anger,miserabili,1
anger,draußen,1
anger,jammerten,1
anger,traume,1
anger,weiß,1
anger,ja,1
anger,wohl,1
anger,leichter,1
anger,darein,1
anger,finden,2
anger,totschlagen,1
anger,sollst,2
anger,sobald,1
anger,kam,2
anger,nahm,1
anger,größten,1
anger,ging,1
anger,hinüber,1
anger,sagte,2
anger,hast,1
anger,gefoppt,1
anger,erst,1
anger,schlug,1
anger,tot,1
anger,alte,2
anger,schuld,1
anger,nie,1
anger,foppen,1
anger,stellt,1
anger,davor,1
anger,gewaltiger,1
anger,hund,1
anger,glauben,1
anger,geben,1
anger,hexe,3
anger,zog,1
anger,herauf,1
anger,stand,1
anger,landstraße,1
anger,taschen,1
anger,stiefeln,1
anger,tornister,1
anger,mütze,1
anger,voll,1
anger,geld,1
anger,schlage,1
anger,füße,1
anger,rothen,1
anger,schuhen,1
anger,ab,2
anger,hineinbringen,1
anger,rappte,1
anger,schnappte,1
anger,half,1
anger,außerordentlich,1
anger,häßlich,1
anger,tödtet,1
anger,töte,1
anger,prinzen,1
anger,komm,1
anger,zurück,1
anger,häßlichen,1
anger,hexen,1
anger,nahmen,1
anger,lumpen,1
anger,baden,1
anger,wollten,1
anger,gruben,1
anger,langen,1
anger,magern,1
anger,fingern,1
anger,frischen,1
anger,gräber,1
anger,holten,1
anger,leichen,1
anger,heraus,1
anger,aßen,1
anger,fleisch,1
anger,sieh,1
anger,murmelt,1
anger,sturmwind,1
anger,wild,1
anger,grausam,1
anger,riss,1
anger,fort,1
anger,blumen,1
anger,engel,1
anger,puppe,1
anger,große,2
anger,schleppte,1
anger,warf,1
anger,hinein,1
anger,halt,1
anger,triton,1
anger,erfuhr,1
anger,arielle,1
anger,menschen,1
anger,gerettet,1
anger,wurde,3
anger,geheimes,1
anger,versteck,1
anger,zerstörte,1
anger,—,2
anger,all,1
anger,schätze,1
anger,menschenwelt,1
anger,gesammelt,1
anger,leih,1
anger,vier,1
anger,tag,2
anger,arbeit,1
anger,schnell,1
anger,fertig,1
anger,woche,1
anger,arbeiten.,1
anger,willigte,1
anger,nächsten,1
anger,hörte,1
anger,kleine,1
anger,überall,1
anger,prahlte,1
anger,arbeite,1
anger,pferden,1
anger,moment,1
anger,erschien,1
anger,hexentochter,1
anger,sturm,1
anger,kinder,1
anger,verirrten,1
anger,liefen,1
anger,falsch,1
anger,kehrten,1
anger,wind,1
anger,schien,1
anger,schritt,1
anger,schwerer,1
anger,heimkam,1
anger,fand,1
anger,trafen,1
anger,zuerst,1
anger,seacat,1
anger,beschossen,1
anger,versenkten,1
anger,richtplatz,1
anger,angekommen,1
anger,stürzten,1
anger,elf,1
anger,schwäne,1
anger,himmel,1
anger,herab,1
desire,mädchen,1
desire,wunderhölzern,1
desire,molly,1
desire,möchte,5
desire,haywood,1
desire,sohn,2
desire,versöhnen,1
desire,große,1
desire,familie,1
desire,verheirateten,1
desire,schwestern,2
desire,königreichen,1
desire,meere,1
desire,erwartet,1
desire,sängerin,1
desire,sehen,4
desire,geeigneter,1
desire,glückskandidat,1
desire,scheint,1
desire,student,2
desire,gern,4
desire,ball,1
desire,gehen,2
desire,einladung,1
desire,besitzt,1
desire,guter,1
desire,letzt,1
desire,galoschen,2
desire,sogar,1
desire,abgenommen,1
desire,geraten,1
desire,hände,1
desire,laternenanzünders,1
desire,wünscht,6
desire,stelle,1
desire,hohen,1
desire,herrn,1
desire,sehnlichst,1
desire,armer,1
desire,laternenanzünder,1
desire,sorgen,1
desire,bart,2
desire,ansicht,1
desire,mehr,1
desire,autorität,1
desire,bringen,2
desire,prinz,2
desire,welt,1
desire,reiten,1
desire,echte,1
desire,prinzessin,5
desire,erobern,1
desire,ziel,2
desire,schönen,1
desire,fest,1
desire,waldgeister,1
desire,rothaarige,1
desire,zarte,1
desire,gewährt,1
desire,prinzen,1
desire,werben,1
desire,unwahrscheinliche,1
desire,erstaunlichste,1
desire,einzig,1
desire,herz,1
desire,rühren,1
desire,könne,1
desire,küssen,2
desire,spät,1
desire,jan,5
desire,bleibt,1
desire,rubin,1
desire,herzform,1
desire,zurück,1
desire,wurde,1
desire,geheimnisvollen,1
desire,fremden,1
desire,wiege,1
desire,gelegt,1
desire,solle,1
desire,glück,2
desire,versteinerten,3
desire,männer,3
desire,leben,2
desire,erwachen,1
desire,sollen,1
desire,königin,1
desire,drängt,1
desire,daher,1
desire,augustin,2
desire,wohlhabende,1
desire,heiraten,1
desire,königreich,1
desire,retten,1
desire,victoria,1
desire,schweinhirtin,1
desire,liebe,2
desire,beweisen,1
desire,hellas,1
desire,traum,1
desire,tages,2
desire,miserablen,1
desire,lebensumständen,1
desire,entkommen,1
desire,sonnenseite,2
desire,lebens,2
desire,wechseln,1
desire,beflügelt,1
desire,instrument,1
desire,preis,1
desire,roten,1
desire,schuhe,1
desire,schenken,1
desire,wiedergeben,1
desire,willst,1
desire,'',12
desire,halfen,1
desire,wagen,2
desire,wünschten,2
desire,schon,1
desire,oft,1
desire,kaum,1
desire,ellengroß,1
desire,gehofft,1
desire,würd,1
desire,offizier,1
desire,säbel,1
desire,uniform,1
desire,bandelier,1
desire,hätte,1
desire,wohl,1
desire,lust,1
desire,dinger,1
desire,näher,1
desire,betrachten,1
desire,besonders,1
desire,mond,1
desire,kommt,1
desire,händen,1
desire,fort,2
desire,morgen,2
desire,entsinnen,1
desire,erwache,1
desire,sang,1
desire,kanarienvogel,1
desire,``,4
desire,dunkelgrünen,1
desire,bäume,1
desire,stillen,1
desire,meerbusen,1
desire,besingen,1
desire,zweige,1
desire,klare,1
desire,wasserfläche,1
desire,singen,1
desire,jubel,1
desire,schimmernden,1
desire,brüder,1
desire,wüste,1
desire,quellenpflanzen,1
desire,wachsen,1
desire,wünsche,3
desire,höchstes,1
desire,wohlthat,1
desire,erweisen,1
desire,wirklich,1
desire,schlosse,1
desire,unterlassen,1
desire,weinen,1
desire,letzten,1
desire,abend,3
desire,vielleicht,1
desire,beisammen,1
desire,freude,1
desire,stören,1
desire,hochzeit,1
desire,halten,1
desire,hören,1
desire,beiden,1
desire,erging,1
desire,wahre,1
desire,geschichte,1
desire,ach,1
desire,sagte,3
desire,bauer,1
desire,fuhr,1
desire,bitten,1
desire,wollt,1
desire,alten,1
desire,glas,1
desire,kümmel,1
desire,geben,1
desire,schaff,1
desire,geld,1
desire,freilich,1
desire,mitten,1
desire,nacht,1
desire,soldat,1
desire,herzlich,1
desire,kleinen,1
desire,augenblick,2
desire,bald,1
desire,dahinter,1
desire,kommen,1
desire,wasser,1
desire,muß,1
desire,hineinstoßen,1
desire,unsterbliche,1
desire,seele,1
desire,gewinnen,1
desire,beste,1
desire,besitzest,1
desire,kostbaren,1
desire,trank,1
desire,sonne,1
desire,aufging,1
desire,unterging,1
desire,stahl,1
desire,tür,1
desire,hinaus,1
desire,wind,1
desire,kornähren,1
desire,trennte,1
desire,blauen,1
desire,himmel,1
desire,erblicken,1
desire,konnte,1
desire,dachte,1
desire,daran,1
desire,hell,1
desire,schön,1
desire,draußen,1
desire,sei,1
desire,wünschte,3
desire,sehnlichste,1
desire,schwalbe,1
desire,wiederzusehen,1
desire,lebendig,2
desire,hob,1
desire,dreizack,1
desire,schenkte,1
desire,arielle,1
desire,immer,1
desire,gewünscht,1
desire,menschen,1
desire,„,3
desire,besonderes,1
desire,“,3
desire,ließ,1
desire,zwei,1
desire,entstehen,1
desire,trug,1
desire,wunsch,1
desire,erfüllten,1
desire,tiefste,1
desire,schlafmittel,1
desire,murmelte,1
desire,beide,2
desire,sahen,1
desire,ungerechtigkeit,1
desire,land,1
desire,lag,1
desire,schwerer,1
desire,mantel,1
desire,kaiser,1
desire,möge,1
desire,endlich,1
desire,offenen,1
desire,augen,1
desire,hella,1
desire,träumte,1
desire,davon,1
desire,gelangen,1
desire,bart.,1
desire,selben,1
desire,spross,1
desire,prachtvoller,1
realization,streichholz,2
realization,anzündet,1
realization,wundersame,1
realization,weise,1
realization,tumult,1
realization,verhindern,1
realization,dutton,2
realization,bewegen,1
realization,streit,2
realization,sohn,4
realization,joe,1
realization,beizulegen,1
realization,könig,4
realization,erkennt,3
realization,tatsächlich,1
realization,lang,1
realization,vermisste,1
realization,tochter,5
realization,wald,1
realization,erscheint,1
realization,verstorbene,1
realization,mutter,2
realization,offenbart,1
realization,königs,1
realization,elf,1
realization,brüder,3
realization,neues,2
realization,erholt,1
realization,schreck,1
realization,missverständnissen,1
realization,stellt,1
realization,heraus,2
realization,porträt,1
realization,leben,7
realization,gemalt,1
realization,prinzessin,6
realization,landes,1
realization,darstellt,1
realization,hofstaat,2
realization,klatscht,1
realization,beifall,1
realization,kaiser,4
realization,neuen,2
realization,kleidern,1
realization,präsentiert,1
realization,lorenzo,1
realization,ritter,1
realization,geschlagen,1
realization,beim,2
realization,auskleiden,1
realization,jacke,1
realization,missgeschick,1
realization,passiert,1
realization,rechte,1
realization,ärmel,2
realization,abreißt,1
realization,findet,2
realization,idee,2
realization,linken,1
realization,arm,2
realization,bekleidet,1
realization,tragen,3
realization,gut,2
realization,auferlegt,1
realization,eriks,1
realization,hund,1
realization,max,1
realization,seemöwe,1
realization,scuttle,1
realization,möglichen,1
realization,vorkehrungen,1
realization,getroffen,1
realization,hochzeit,2
realization,geplant,1
realization,stattfinden,1
realization,meereskönig,1
realization,unglücklich,1
realization,arielle,2
realization,meerjungfrau,1
realization,erik,1
realization,liebt,2
realization,gibt,2
realization,schließlich,1
realization,schenkt,1
realization,mensch,1
realization,sobald,1
realization,hölzchen,1
realization,erlischt,1
realization,vision,1
realization,vorbei,2
realization,nächsten,1
realization,morgen,2
realization,erwachen,1
realization,markt,1
realization,bereits,1
realization,begonnen,1
realization,erkennen,4
realization,stand,1
realization,fleischers,1
realization,genächtigt,1
realization,katrin,1
realization,verliebt,1
realization,zeigen,1
realization,minister,1
realization,hämisch,1
realization,–,6
realization,macht,2
realization,verloren,1
realization,daraufhin,1
realization,überredet,1
realization,mehr,9
realization,volk,2
realization,tun,2
realization,unschuldigen,1
realization,gefangenen,1
realization,freizulassen,1
realization,merkt,2
realization,anerkennung,2
realization,erfahren,1
realization,kleider,1
realization,je,2
realization,getan,3
realization,hätten,1
realization,erfüllung,1
realization,prophezeiung,1
realization,widersetzen,1
realization,soldaten,1
realization,frau,2
realization,erstmals,1
realization,empfindet,1
realization,aufsteigerin,1
realization,tief,1
realization,empfundene,1
realization,liebe,8
realization,jemandem,1
realization,schlagartig,1
realization,bislang,1
realization,stets,1
realization,falschen,1
realization,nichtigen,1
realization,dingen,1
realization,lebens,1
realization,nachgejagt,1
realization,schlägt,1
realization,schicksal,1
realization,erbarmungslos,1
realization,hella,2
realization,richard,1
realization,frei,1
realization,dadurch,2
realization,gerät,1
realization,welt,3
realization,gleichgewicht,1
realization,kommt,1
realization,immer,2
realization,stärkeren,1
realization,katastrophen,1
realization,ludwig,1
realization,langsam,1
realization,weder,1
realization,feinen,1
realization,gesellschaft,1
realization,aurora,2
realization,vorstellungen,1
realization,entspricht,1
realization,bezug,1
realization,kontrolle,2
realization,kräfte,2
realization,angst,5
realization,feind,2
realization,elsa,4
realization,anna,3
realization,erfährt,2
realization,ewigen,1
realization,winter,1
realization,arendelle,1
realization,gebracht,1
realization,menschen,6
realization,deshalb,2
realization,gefahr,1
realization,verliert,1
realization,aufregung,1
realization,erneut,1
realization,trifft,1
realization,eisblitz,1
realization,mal,2
realization,unbemerkt,1
realization,mitten,1
realization,herz,4
realization,hemden,1
realization,brennnesseln,1
realization,weben,1
realization,ursprüngliche,1
realization,gestalt,1
realization,zurückerhalten,1
realization,schuhe,3
realization,verflucht,1
realization,schreckliches,1
realization,geheimnis,1
realization,gerda,4
realization,endlich,2
realization,eispalast,1
realization,schneekönigin,3
realization,ankommt,1
realization,einsehen,1
realization,steht,1
realization,kay,1
realization,zerstören,1
realization,ende,1
realization,geschichte,2
realization,wissen,2
realization,böser,1
realization,kobold,1
realization,erschien,2
realization,eis,2
realization,damals,1
realization,draußen,1
realization,fenster,1
realization,saß,1
realization,winkte,1
realization,augen,3
realization,vollkommen,1
realization,fühlte,3
realization,gar,1
realization,furcht,1
realization,``,12
realization,gott,1
realization,verspätet,1
realization,'',16
realization,hätte,4
realization,gelernt,2
realization,gleichsam,1
realization,rot,1
realization,niese,1
realization,erkannte,12
realization,gleich,3
realization,freude,1
realization,paar,1
realization,tracht,1
realization,zeitalters,1
realization,gingen,1
realization,nie,5
realization,zeitalter,1
realization,elender,1
realization,gefunden,1
realization,abend,3
realization,entweder,1
realization,erblicke,1
realization,fata,1
realization,morgana,1
realization,betrunken,1
realization,kam,5
realization,besinnung,1
realization,zurück,2
realization,laufe,1
realization,unterhaltung,1
realization,rein,1
realization,vergessen,1
realization,vorgegangen,1
realization,o,1
realization,wär,1
realization,reich,4
realization,trost,1
realization,ruhe,1
realization,käme,1
realization,all,3
realization,leid,1
realization,'s,1
realization,papier,1
realization,wurde,3
realization,menge,1
realization,geschöpfe,1
realization,gewahr,1
realization,sicherlich,1
realization,nennen,1
realization,sahen,1
realization,ganz,4
realization,grunde,1
realization,sieht,1
realization,unserm,1
realization,seelengedächtniß,1
realization,ängstlich,3
realization,sünde,1
realization,bösen,1
realization,gedanken,1
realization,ja,3
realization,wiederholen,1
realization,darauf,1
realization,ankommen,1
realization,rechenschaft,1
realization,ungebührlichen,1
realization,worte,1
realization,herzen,2
realization,lippe,1
realization,geben,2
realization,stande,1
realization,gewiß,1
realization,bekommen,1
realization,tour,1
realization,friedrichsberg,1
realization,wohlthun,1
realization,dachte,4
realization,ging,2
realization,hinaus,1
realization,unterschied,1
realization,dichter,1
realization,besseres,1
realization,geistiges,1
realization,gedächtniß,1
realization,gefühl,1
realization,festhalten,1
realization,klar,2
realization,deutlich,2
realization,wort,1
realization,verkörpert,1
realization,früher,2
realization,gedacht,1
realization,gefühlt,2
realization,muß,1
realization,frühlingsluft,1
realization,ebenso,1
realization,angenehm,1
realization,denken,1
realization,klare,1
realization,anschauung,1
realization,fühle,1
realization,aufgeweckt,1
realization,sicher,1
realization,davon,1
realization,behalten,1
realization,dummes,1
realization,zeug,2
realization,schon,2
realization,begegnet,1
realization,närrisch,1
realization,gethan,1
realization,außer,3
realization,beiden,2
realization,durchaus,1
realization,niemand,2
realization,kleinen,2
realization,zimmer,2
realization,lampe,1
realization,tische,1
realization,erlöschen,1
realization,nahe,1
realization,spät,1
realization,abends,1
realization,alte,2
realization,tot,1
realization,genommen,1
realization,oh,1
realization,unglück,1
realization,bestimmt,1
realization,schön,2
realization,unten,1
realization,vogel,1
realization,spieldose,1
realization,seligen,1
realization,kaiserin,1
realization,erinnert,1
realization,wahrlich,2
realization,rose,1
realization,ordnung,1
realization,genug,1
realization,rothen,1
realization,gelitten,1
realization,erst,2
realization,recht,1
realization,glück,2
realization,herrlichkeit,1
realization,begrüßte,1
realization,dauerte,1
realization,lange,1
realization,junges,1
realization,mädchen,1
realization,dahin,1
realization,reinlichkeit,1
realization,gutes,1
realization,ding,1
realization,rüstete,1
realization,prächtiges,1
realization,schiff,1
realization,ganzen,1
realization,stadt,1
realization,wußten,1
realization,besondere,1
realization,kraft,1
realization,begierig,1
realization,sehen,1
realization,schlecht,1
realization,dumm,1
realization,nachbar,1
realization,sei,2
realization,wind,1
realization,zweige,1
realization,büsche,1
realization,berührte,2
realization,sodaß,1
realization,bewegten,1
realization,glauben,1
realization,müssen,1
realization,wären,1
realization,boden,1
realization,abgemalt,1
realization,spiegelte,2
realization,blatt,1
realization,sowohl,1
realization,sonne,2
realization,beschienen,1
realization,schatten,3
realization,zog,1
realization,böses,1
realization,wetter,1
realization,näherte,1
realization,sah,11
realization,elisa,4
realization,sinken,1
realization,einsame,1
realization,klippe,1
realization,meere,1
realization,erblicken,1
realization,zugleich,1
realization,hand,1
realization,nessel,1
realization,brennenden,1
realization,feuer,1
realization,erwachte,1
realization,ruhiger,1
realization,schlaf,1
realization,merkte,5
realization,aufstand,1
realization,geschehen,2
realization,neigte,1
realization,heiligen,1
realization,sank,1
realization,leblos,1
realization,arme,1
realization,spannung,1
realization,schmerz,1
realization,gewirkt,1
realization,mann,1
realization,kröte,1
realization,maulwurf,1
realization,schwarzen,1
realization,samtpelze,1
realization,zorn,1
realization,stilles,1
realization,manchmal,1
realization,fortgehen,1
realization,finden,1
realization,wohin,1
realization,gehört,1
realization,langem,1
realization,zögern,1
realization,nahm,1
realization,schwefelholz,1
realization,schachtel,1
realization,rieb,1
realization,wand,1
realization,entzündete,1
realization,zweites,1
realization,erscheinung,1
realization,verblasste,1
realization,verglühte,1
realization,lächelte,1
realization,johann,1
realization,bald,1
realization,wenig,1
realization,hause,1
realization,fisch,1
realization,baum,1
realization,waisenhaus,1
realization,lebte,1
realization,inzwischen,1
realization,prinzen,1
realization,liebte,2
realization,junge,1
realization,richtige,2
realization,gab,3
realization,armen,1
realization,kindern,1
realization,brot,1
realization,verschaffte,1
realization,jungen,2
realization,lehre,1
realization,schuster,1
realization,dabei,1
realization,weiß,1
realization,fehlte,1
realization,vernunft,1
realization,erwachsen,1
realization,geworden,2
realization,einöde,1
realization,schien,1
realization,weit,1
realization,breit,1
realization,aufzutauchen,1
realization,fujimoto,1
realization,entdeckte,1
realization,verschwunden,1
realization,holte,1
realization,tiefe,1
realization,vater,1
realization,lag,1
realization,sterben,1
realization,wurden,1
realization,länger,1
realization,wahrheit,2
realization,offenbarte,1
realization,besaßen,1
realization,haus,2
realization,feld,1
realization,stall,1
realization,gehörte,2
realization,tod,1
realization,wucherer,1
realization,dorfes,1
realization,sagen,1
realization,engel,1
realization,geist,1
realization,alter,1
realization,zeit,1
realization,küsse,1
realization,veränderte,2
realization,leiser,1
realization,wärmer,1
realization,schweinehirten,1
realization,mochte,1
realization,zugeben,1
realization,gefolgt,1
realization,gold,1
realization,wert,1
realization,kaufen,1
realization,ließ,1
realization,segen,2
realization,königreich,1
realization,lichterwald,1
realization,begann,1
realization,leuchten,1
realization,reichtum,2
realization,zwei,2
realization,wahre,1
realization,tand,1
realization,titel,1
realization,müller,1
realization,steckte,1
realization,ersten,2
realization,blick,2
realization,güte,1
realization,mut,1
realization,fähigkeit,1
realization,darüber,1
realization,nachzudenken,1
realization,wuchsen,1
realization,lina,1
realization,zarte,1
realization,schimmernde,1
realization,flügel,1
realization,durchsichtig,1
realization,morgentau,1
realization,stark,1
realization,hoffnung,1
realization,plötzlich,2
realization,stimmte,1
realization,kommen,1
realization,machtlos,1
realization,sofort,1
realization,wohnzimmer,1
realization,kindheit,1
realization,festlich,1
realization,geschmückt,1
realization,voller,1
realization,licht,1
realization,wärme,1
realization,bat,1
realization,schlüssel,1
realization,kräften,1
realization,große,1
realization,klaus,2
realization,dora,1
realization,gejagt,1
realization,neid,1
realization,gier,1
realization,niemanden,1
realization,—,7
realization,vielleicht,1
realization,witz,1
realization,durchs,1
realization,soldat,1
realization,wer,2
realization,tauglich,1
realization,tat,1
realization,dafür,1
realization,erhielt,1
realization,gewand,1
realization,getragen,1
realization,stellte,1
realization,spürte,1
realization,zuvor,1
realization,fragte,1
realization,schönheit,1
realization,vergangenheit,1
realization,gegenüberstand,1
realization,dunkelhaarige,1
realization,strand,1
realization,stimme,1
realization,meeres,1
realization,windhauch,1
realization,wellen,1
realization,lied,1
realization,verstummt,1
realization,augenblick,1
realization,molly,1
realization,angerannt,1
realization,erschöpft,1
realization,entschlossen,1
realization,haywood,1
realization,eigenen,1
realization,einst,2
realization,geliebt,1
realization,zuhause,1
realization,verlieren,1
realization,bitter,1
realization,sun‑jae,1
realization,moment,1
realization,verzweiflung,1
realization,eifersucht,1
realization,unrecht,1
realization,verstärkt,1
realization,grenze,1
realization,wut,1
realization,besitz,1
realization,verschwamm,1
realization,eisbär,1
realization,bewachte,1
realization,erzählte,1
realization,spiegels,1
realization,gute,1
realization,gezeigt,1
realization,hineinsah,1
realization,kälte,1
realization,vicki,1
realization,party,1
realization,kannte,1
realization,funken,1
realization,nährte,1
realization,flamme,1
realization,konnte,1
approval,dank,1
approval,darf,1
approval,frei,1
approval,essen,1
approval,trinken,1
approval,könig,2
approval,erfährt,1
approval,soldat,2
approval,geld,4
approval,mehr,3
approval,stimmt,1
approval,verhaftung,1
approval,leidenschaft,1
approval,gehört,3
approval,wöchentlich,1
approval,neue,1
approval,teure,1
approval,gewändern,1
approval,schneidern,1
approval,lassen,1
approval,hilft,1
approval,dabei,1
approval,waghalsiges,1
approval,unternehmen,1
approval,anzugehen,1
approval,vorlage,1
approval,akzeptiert,1
approval,lachend,1
approval,situation,1
approval,lässt,2
approval,einsicht,1
approval,kommen,1
approval,schöne,1
approval,kleidung,1
approval,augustin,1
approval,sicher,5
approval,victoria,2
approval,richtige,2
approval,frau,1
approval,ball,1
approval,beweisen,1
approval,bewerber,1
approval,sagt,2
approval,freudestrahlend,1
approval,ja,33
approval,gibt,1
approval,anlass,1
approval,vermählung,1
approval,hause,1
approval,lohmann,1
approval,rauschendes,1
approval,fest,2
approval,zunächst,1
approval,läuft,1
approval,ganz,5
approval,gut,7
approval,obwohl,1
approval,johann,1
approval,ahnung,1
approval,gepflogenheiten,1
approval,adelskreisen,1
approval,herrschen,1
approval,immer,5
approval,kopfschütteln,1
approval,aufgrund,1
approval,manieren,1
approval,sorgt,1
approval,annas,1
approval,entscheidung,1
approval,schwester,1
approval,opfern,1
approval,akt,2
approval,wahren,1
approval,liebe,2
approval,auftauen,1
approval,zuneigung,1
approval,beiden,1
approval,jungen,1
approval,leuten,2
approval,nimmt,1
approval,täglich,1
approval,winter,1
approval,vergnügen,4
approval,ende,1
approval,sagten,2
approval,beide,1
approval,kinder,1
approval,wußten,1
approval,wahr,3
approval,sei,1
approval,einziger,1
approval,fehler,1
approval,daran,1
approval,akkurat,1
approval,schmölzen,1
approval,'',40
approval,``,39
approval,vernünftig,2
approval,höre,2
approval,verstehst,1
approval,krähensprache,1
approval,besser,2
approval,erzählen,1
approval,kannst,2
approval,glauben,3
approval,wort,1
approval,sage,1
approval,sprach,1
approval,krähe,1
approval,gewiß,1
approval,sitze,1
approval,leicht,1
approval,gesagt,1
approval,recht,4
approval,bette,1
approval,betrachten,1
approval,lief,1
approval,schneller,1
approval,davon,1
approval,tag,1
approval,nacht,2
approval,helfen,1
approval,tut,1
approval,zitronen,1
approval,weintrauben,1
approval,magst,1
approval,antwortete,1
approval,justizrath,1
approval,lese,1
approval,gern,2
approval,alte,1
approval,nützliche,1
approval,schriften,1
approval,neuern,1
approval,ausnahme,1
approval,alltagsgeschichten,1
approval,deren,1
approval,wirklichkeit,1
approval,genug,1
approval,trösten,1
approval,seele,2
approval,klügsten,2
approval,eigene,1
approval,hand,1
approval,agirt,1
approval,körper,2
approval,macht,1
approval,dumm,1
approval,kleiner,1
approval,niedlicher,1
approval,gedanke,1
approval,hineintreten,1
approval,herzen,1
approval,schlüpfen,1
approval,sitzen,2
approval,dichten,1
approval,geblieben,1
approval,muß,2
approval,bleiben,1
approval,polizei,1
approval,pässe,1
approval,reisen,2
approval,auslande,1
approval,nehmen,1
approval,sehen,2
approval,luft,2
approval,licht,2
approval,liebhaber,1
approval,blume,1
approval,begünstigte,1
approval,jämmerliche,1
approval,geschichte,2
approval,besonders,1
approval,knaben,1
approval,hände,1
approval,fällt,1
approval,kalt,1
approval,wäldern,1
approval,freiheit,1
approval,ausreichen,1
approval,ach,2
approval,weilen,1
approval,schon,3
approval,sagte,11
approval,theolog,1
approval,hätte,1
approval,mitten,1
approval,stadt,2
approval,prächtiges,1
approval,marmorschloß,1
approval,purem,1
approval,rothen,1
approval,gold,1
approval,gedeckt,1
approval,hielt,1
approval,früher,1
approval,konnte,2
approval,böse,1
approval,hexe,1
approval,leute,1
approval,nachsagten,1
approval,prinzessin,1
approval,schlage,1
approval,ruthe,1
approval,bekam,1
approval,zauberer,2
approval,sagen,3
approval,sah,2
approval,weder,1
approval,seufzte,1
approval,laut,1
approval,herr,1
approval,tanzt,1
approval,springet,1
approval,längere,1
approval,zeit,1
approval,bedurften,1
approval,vorkenntnisse,1
approval,nützlich,1
approval,freilich,1
approval,bauer,1
approval,müssen,1
approval,zuerst,1
approval,leben,2
approval,kleine,4
approval,klaus,5
approval,verlange,1
approval,leibhaftig,1
approval,küster,1
approval,zeigen,1
approval,gebe,1
approval,gleich,2
approval,ganzen,1
approval,scheffel,1
approval,zuletzt,1
approval,obdach,1
approval,gewähren,1
approval,mag,1
approval,großmutter,1
approval,sitzt,1
approval,draußen,2
approval,wagen,1
approval,stube,1
approval,hereinbringen,1
approval,kommt,1
approval,daher,2
approval,psalm,2
approval,gerade,2
approval,klug,1
approval,gehandelt,1
approval,hilf,1
approval,erst,1
approval,große,1
approval,bekommst,1
approval,prügel,1
approval,künstlich,1
approval,natürlich,1
approval,natürlicher,1
approval,vogel,1
approval,'ja,1
approval,erfahren,1
approval,glänzen,1
approval,saß,1
approval,stuhle,1
approval,übrigen,1
approval,predigers,1
approval,geendet,1
approval,aufblickten,1
approval,nickten,1
approval,kamst,1
approval,karen,1
approval,großes,1
approval,tue,1
approval,allertiefsten,1
approval,stelle,1
approval,liegt,1
approval,meerkönigs,1
approval,schloß,1
approval,adel,1
approval,zwang,1
approval,hellgelb,1
approval,glänzenden,1
approval,steinart,1
approval,aufgeführt,2
approval,großen,2
approval,marmortreppen,1
approval,denen,1
approval,meere,1
approval,hinunter,1
approval,führte,1
approval,klare,1
approval,glas,1
approval,hohen,1
approval,fenstern,1
approval,prächtigsten,1
approval,gemächer,1
approval,hineinsehen,1
approval,kostbare,1
approval,seidengardinen,1
approval,teppiche,1
approval,hingen,1
approval,wände,1
approval,gemälden,1
approval,geschmückt,1
approval,wahres,1
approval,anzusehen,1
approval,hast,2
approval,herrlichste,1
approval,stimme,2
approval,unten,1
approval,meeresgrunde,1
approval,willst,1
approval,bezaubern,1
approval,wohl,2
approval,gedacht,1
approval,mußt,1
approval,geben,1
approval,gleicht,1
approval,schönen,1
approval,mädchen,1
approval,tempel,1
approval,siehst,1
approval,töchter,1
approval,unsterbliche,1
approval,gute,1
approval,taten,1
approval,schaffen,1
approval,zeug,1
approval,sogleich,1
approval,gewebt,1
approval,kaiser,1
approval,gefällt,1
approval,art,1
approval,wachsen,2
approval,viele,1
approval,rings,1
approval,höhle,1
approval,schläfst,1
approval,kirchhofs,1
approval,gräbern,1
approval,tauglich,1
approval,merke,1
approval,unschuldig,2
approval,allerliebst,1
approval,mögt,1
approval,vernünftiger,1
approval,mann,1
approval,erwiderte,1
approval,feldmaus,1
approval,herrlich,1
approval,erwärmt,1
approval,worden,1
approval,bald,1
approval,erhalte,1
approval,kräfte,1
approval,zurück,1
approval,warmen,1
approval,sonnenschein,1
approval,herumfliegen,1
approval,wissen,1
approval,ganze,1
approval,ersten,1
approval,mal,1
approval,fühlte,1
approval,fremd,1
approval,richtig,1
approval,rosenmund,1
approval,entzückt,1
approval,gemeinsam,1
approval,tauchten,1
approval,hinab,1
approval,tiefer,2
approval,wasser,1
approval,umarmte,1
approval,neues,1
approval,worte,1
approval,warm,1
approval,atem,1
approval,gefrorenen,1
approval,fensterscheibe,1
approval,„,1
approval,“,1
approval,schlicht,1
approval,wahrer,1
approval,könne,2
approval,gefrorenes,1
approval,herz,2
approval,retten,1
approval,stimmte,1
approval,hörte,1
approval,besondere,1
approval,eigenschaft,1
approval,würdigsten,1
approval,jakob,1
approval,maja,1
approval,greta,1
approval,wussten,1
approval,manchmal,2
approval,bisschen,2
approval,mut,1
approval,—,2
approval,schalk,1
approval,ausreicht,1
approval,ganzes,1
approval,reich,1
approval,verändern,1
approval,elisa,1
approval,brüder,1
approval,spielten,1
approval,bäumen,1
approval,sammelten,1
approval,beeren,1
approval,erzählten,1
approval,einander,1
approval,geschichten,1
approval,glaubten,1
approval,schatten,1
approval,je,1
approval,erreichen,1
approval,wer,1
approval,stillen,1
approval,abenden,1
approval,strand,1
approval,steht,1
approval,meint,1
approval,melodie,1
approval,hören,1
approval,–,1
approval,zart,1
approval,berührt,1
approval,bevor,1
approval,überhaupt,1
approval,begreift,1
approval,besessenheit,1
approval,wurde,2
approval,stärker,1
approval,abend,1
approval,ballett,1
approval,dennoch,1
gratitude,tornister,1
gratitude,voll,1
gratitude,gold,1
gratitude,–,1
gratitude,hexe,2
gratitude,kater,1
gratitude,verwandelter,1
gratitude,zauberer,2
gratitude,erhält,1
gratitude,ursprüngliches,1
gratitude,aussehen,1
gratitude,schenkt,1
gratitude,soldaten,1
gratitude,dank,10
gratitude,magisches,2
gratitude,feuerzeug,2
gratitude,fühlt,1
gratitude,gerettet,1
gratitude,``,15
gratitude,danke,7
gratitude,'',20
gratitude,sagte,4
gratitude,kleine,3
gratitude,gerda,1
gratitude,ging,2
gratitude,blumen,2
gratitude,sah,1
gratitude,deren,1
gratitude,kelche,1
gratitude,hinein,1
gratitude,fragte,1
gratitude,wißt,1
gratitude,kay,1
gratitude,tack,1
gratitude,grüne,1
gratitude,gras,1
gratitude,kleinen,1
gratitude,rothen,1
gratitude,weißen,1
gratitude,fußdecke,1
gratitude,fliederbüsche,1
gratitude,wilden,1
gratitude,rosenhecken,1
gratitude,blumensträuße,1
gratitude,waschbecken,1
gratitude,diente,1
gratitude,ganze,1
gratitude,bach,1
gratitude,klaren,2
gratitude,frischen,1
gratitude,wasser,2
gratitude,schilf,1
gratitude,neigte,1
gratitude,guten,5
gratitude,abend,2
gratitude,morgen,2
gratitude,bot,1
gratitude,johannes,1
gratitude,faltete,1
gratitude,hände,1
gratitude,dankte,2
gratitude,gott,6
gratitude,sicher,1
gratitude,beiden,1
gratitude,male,1
gratitude,helfen,1
gratitude,weiten,1
gratitude,gehen,1
gratitude,mußte,1
gratitude,großen,1
gratitude,dunklen,1
gratitude,wald,1
gratitude,wurde,1
gratitude,gewaltig,1
gratitude,schlechtes,1
gratitude,wetter,1
gratitude,ja,2
gratitude,herzlich,1
gratitude,gern,1
gratitude,viehtreiber,1
gratitude,band,1
gratitude,sack,1
gratitude,klaus,2
gratitude,sogleich,1
gratitude,heraussprang,1
gratitude,geschichte,1
gratitude,erzählen,1
gratitude,sagen,1
gratitude,ertränktest,1
gratitude,reich,2
gratitude,große,1
gratitude,tag,1
gratitude,kaiser,1
gratitude,schön,1
gratitude,schweinehirt,1
gratitude,zehn,1
gratitude,küsse,1
gratitude,prinzessin,1
gratitude,behalte,1
gratitude,topf,1
gratitude,schönen,1
gratitude,alte,1
gratitude,o,1
gratitude,sei,2
gratitude,schöpfer,1
gratitude,all,1
gratitude,gute,1
gratitude,erwiesen,1
gratitude,glück,1
gratitude,freuen,1
gratitude,meinst,1
gratitude,besten,1
gratitude,dreihundert,1
gratitude,jahren,1
gratitude,schweben,1
gratitude,gottes,1
gratitude,lehre,1
gratitude,rollenden,1
gratitude,wogen,1
gratitude,einst,2
gratitude,sagt,1
gratitude,herz,1
gratitude,werdet,1
gratitude,lieben,2
gratitude,brüdern,1
gratitude,tragen,1
gratitude,see,1
gratitude,stark,1
gratitude,bewegt,1
gratitude,spritzt,1
gratitude,hoch,1
gratitude,danken,2
gratitude,fiel,1
gratitude,kniee,1
gratitude,höhle,1
gratitude,hinaus,1
gratitude,arbeit,1
gratitude,beginnen,1
gratitude,dafür,1
gratitude,keins,1
gratitude,kindern,1
gratitude,vogel,1
gratitude,außer,1
gratitude,quivit,1
gratitude,muß,1
gratitude,winter,1
gratitude,verhungern,1
gratitude,lebe,1
gratitude,wohl,1
gratitude,herrlichen,1
gratitude,gesang,1
gratitude,sommer,1
gratitude,bäume,1
gratitude,grün,1
gratitude,sonne,1
gratitude,warm,1
gratitude,herabschien,1
gratitude,niedliches,1
gratitude,kleines,1
gratitude,kind,1
gratitude,jan,1
gratitude,froh,1
gratitude,gesellschaft,1
gratitude,lang,1
gratitude,voller,1
gratitude,gefahren,1
gratitude,hans,1
gratitude,kam,1
gratitude,hilfe,1
gratitude,fee,1
gratitude,gerade,1
gratitude,rechtzeitig,1
gratitude,schenkte,1
gratitude,stellte,1
gratitude,freiern,1
gratitude,knifflige,1
gratitude,frage,1
gratitude,—,1
gratitude,soldat,1
gratitude,konnte,1
gratitude,beantworten,1
gratitude,zauberers,1
joy,soldat,3
joy,kommt,1
joy,kleinen,4
joy,königreich,1
joy,eingelassen,2
joy,torwächter,1
joy,reichtum,1
joy,bemerkt,1
joy,beiden,2
joy,schwestern,1
joy,spielen,1
joy,heller,1
joy,freude,18
joy,schätzen,1
joy,bildrollen,1
joy,japanischer,1
joy,druckgraphik,1
joy,stoffe,1
joy,–,2
joy,blutrote,1
joy,rose,2
joy,seejungfrau,1
joy,geschenkt,1
joy,kronprinz,1
joy,sargassomeeres,1
joy,heiraten,1
joy,fest,2
joy,verläuft,1
joy,anmutig,1
joy,schön,3
joy,genießt,3
joy,traum,2
joy,versucht,1
joy,prinzessin,9
joy,seit,2
joy,langem,1
joy,träumt,1
joy,gewinnen,1
joy,prinz,4
joy,erkennen,1
joy,trollprinz,1
joy,glücklich,11
joy,lieben,2
joy,erbse,1
joy,eltern,4
joy,kehrt,1
joy,hause,5
joy,hans,2
joy,nimmt,2
joy,echte,1
joy,arme,4
joy,lächelt,1
joy,fee,1
joy,abschied,1
joy,hören,2
joy,menschen,4
joy,mauer,2
joy,fröhlich,3
joy,erfülltes,1
joy,leben,3
joy,führen,1
joy,stadt,1
joy,lässt,2
joy,saus,1
joy,braus,1
joy,gefallen,1
joy,deckt,1
joy,neuer,2
joy,kleidung,1
joy,abend,2
joy,hunde,1
joy,schlafende,1
joy,bringen,1
joy,deren,1
joy,anblick,1
joy,schließt,1
joy,kai,1
joy,erkennt,1
joy,vater,3
joy,tochter,3
joy,allerdings,1
joy,froh,4
joy,fügung,1
joy,dinge,1
joy,fröhlichen,1
joy,hochzeitsfeier,1
joy,steht,1
joy,mehr,5
joy,wege,1
joy,fragt,1
joy,kommen,1
joy,bejaht,1
joy,umarmen,1
joy,angekommen,3
joy,pepolinos,1
joy,großmutter,2
joy,überglücklich,1
joy,flora,1
joy,allein,1
joy,gerda,4
joy,gern,6
joy,immer,6
joy,behalten,2
joy,dennoch,1
joy,freundlich,2
joy,verlebt,1
joy,schöne,2
joy,zeit,5
joy,kehren,1
joy,jungen,1
joy,dorf,1
joy,zurück,1
joy,genießen,3
joy,nächsten,3
joy,frühling,1
joy,zweit,1
joy,herrliche,2
joy,sommertage,1
joy,draußen,1
joy,frischen,1
joy,rosenstöcken,1
joy,unermüdlich,1
joy,blühen,1
joy,schienen,1
joy,zauberte,1
joy,wenig,1
joy,vergnügen,1
joy,kleine,6
joy,sicher,1
joy,erblicken,1
joy,langen,2
joy,seinetwillen,1
joy,zurückgelegt,1
joy,wissen,1
joy,betrübt,2
joy,daheim,1
joy,wiedergekommen,1
joy,mutter,2
joy,flasche,1
joy,getrunken,1
joy,darauf,2
joy,einschlief,1
joy,ging,3
joy,räubermädchen,1
joy,rentier,2
joy,sagte,6
joy,``,14
joy,große,2
joy,daran,3
joy,mal,2
joy,scharfen,1
joy,messer,1
joy,kitzeln,1
joy,possierlich,1
joy,einerlei,1
joy,endlich,7
joy,gefunden,2
joy,'',16
joy,klammerte,1
joy,lachte,5
joy,weinte,3
joy,galoschen,2
joy,eigenschaft,1
joy,anzieht,1
joy,augenblicklich,1
joy,stelle,2
joy,versetzt,1
joy,liebsten,1
joy,wunsch,1
joy,bezug,1
joy,ort,1
joy,existenz,1
joy,sogleich,2
joy,erfüllt,1
joy,mensch,3
joy,hienieden,1
joy,thüre,1
joy,vergreift,1
joy,glückliche,1
joy,nützt,1
joy,geniren,1
joy,uebrigens,1
joy,muß,1
joy,rede,1
joy,sagen,2
joy,mihi,1
joy,secus,1
joy,videtur,1
joy,suspendire,1
joy,iudicium,1
joy,glücklicher,6
joy,o,4
joy,wäre,6
joy,ja,7
joy,mann,4
joy,heimath,1
joy,frau,5
joy,kinder,5
joy,trauer,1
joy,weinen,1
joy,lust,1
joy,freuen,1
joy,wesen,1
joy,übergehen,1
joy,forderungen,1
joy,hoffnungen,1
joy,wandeln,1
joy,theil,1
joy,körpers,1
joy,schwierigsten,1
joy,hinauszubringen,1
joy,kopf,1
joy,oft,1
joy,welt,4
joy,köpfe,1
joy,glücklichsten,2
joy,offene,1
joy,fenster,3
joy,strahlte,1
joy,gottes,1
joy,warme,1
joy,sonne,4
joy,rosen,1
joy,nickten,1
joy,holzkasten,1
joy,dache,1
joy,zwei,1
joy,himmelblaue,1
joy,vögel,2
joy,sangen,2
joy,kindlicher,1
joy,kranke,1
joy,segen,1
joy,flehte,1
joy,morgen,1
joy,blutigen,1
joy,rücken,1
joy,glücks,1
joy,gewonnen,1
joy,copist,1
joy,dachte,4
joy,ganze,3
joy,veränderung,1
joy,vorgegangen,1
joy,lächelte,17
joy,seufzte,1
joy,ganz,2
joy,wehmüthig,1
joy,betrachtete,1
joy,singenden,1
joy,zweig,2
joy,sprangen,1
joy,geboren,1
joy,grunde,1
joy,weiß,1
joy,wohl,1
joy,glücklichen,1
joy,ziel,1
joy,träumte,1
joy,sonderbaren,1
joy,sah,5
joy,mond,1
joy,neigten,1
joy,erblickte,2
joy,frisch,1
joy,gesund,1
joy,hörte,1
joy,lachen,1
joy,recht,1
joy,gut,4
joy,johannes,1
joy,komme,1
joy,himmel,1
joy,einander,1
joy,wiedersehen,1
joy,deutlich,1
joy,dabei,1
joy,thränen,1
joy,wangen,1
joy,liefen,1
joy,stand,1
joy,schon,3
joy,hoch,1
joy,großen,3
joy,baum,1
joy,setzten,1
joy,frühstück,1
joy,kam,2
joy,alte,4
joy,puppentheater,1
joy,brauchte,1
joy,puppe,1
joy,gar,1
joy,halten,1
joy,konnte,3
joy,tanzen,3
joy,lustige,1
joy,nacht,3
joy,hinaus,2
joy,berge,1
joy,klopfte,1
joy,reisekamerad,1
joy,erfreut,1
joy,erfuhr,1
joy,abgelaufen,1
joy,daher,1
joy,richtig,1
joy,rathen,1
joy,verursachte,1
joy,schlosse,1
joy,lustiger,1
joy,ball,1
joy,leute,2
joy,riefen,1
joy,hurrah,1
joy,wachtparade,1
joy,machte,1
joy,musik,2
joy,straßen,1
joy,glocken,1
joy,läuteten,1
joy,kuchenfrauen,1
joy,nahmen,1
joy,schwarzen,1
joy,flor,1
joy,zuckermännern,1
joy,herrschte,1
joy,mußte,2
joy,wein,1
joy,hervorholen,1
joy,verborgen,1
joy,bauer,1
joy,trank,1
joy,wurde,3
joy,lustig,1
joy,aufging,1
joy,wirtshause,1
joy,hielt,1
joy,klaus,2
joy,hinein,2
joy,oh,1
joy,behälter,1
joy,geschenken,1
joy,klatschte,1
joy,hände,2
joy,fenstern,1
joy,glänzten,1
joy,lichter,1
joy,roch,1
joy,herrlich,1
joy,gänsebraten,1
joy,sylvesterabend,1
joy,winkel,1
joy,gelehnt,1
joy,saß,3
joy,kalten,1
joy,morgenstunde,1
joy,mädchen,3
joy,rothen,3
joy,backen,1
joy,lächelndem,1
joy,munde,1
joy,erfroren,1
joy,alten,2
joy,jahres,1
joy,letztem,1
joy,orgel,1
joy,spielte,1
joy,feierlich,1
joy,kinderstimmen,1
joy,cantor,1
joy,sang,4
joy,karen,2
joy,schuhe,1
joy,tanzte,3
joy,finstern,1
joy,gnade,1
joy,klare,1
joy,sonnenschein,3
joy,strömte,1
joy,warm,2
joy,kirchenstuhl,1
joy,herz,3
joy,voller,3
joy,frieden,1
joy,brach,1
joy,seele,1
joy,flog,2
joy,sonnenstrahlen,1
joy,gott,2
joy,niemand,4
joy,schuhen,1
joy,fragte,1
joy,jubelten,1
joy,brausten,1
joy,federn,1
joy,schlanke,1
joy,hals,2
joy,hob,1
joy,vollem,1
joy,herzen,4
joy,jubelte,2
joy,glück,2
joy,träumen,1
joy,lassen,1
joy,häßliche,1
joy,entlein,1
joy,besser,2
joy,oben,2
joy,gehört,1
joy,heiligen,1
joy,tempel,1
joy,deshalb,1
joy,glücksengel,1
joy,gesendet,1
joy,seejungfer,1
joy,schüttelte,1
joy,haupt,1
joy,erzählung,1
joy,wußte,1
joy,irgend,1
joy,meere,1
joy,bescheid,1
joy,allzu,1
joy,todesgedanken,1
joy,unsichtbar,1
joy,schweben,1
joy,häuser,1
joy,tag,2
joy,gutes,1
joy,kind,3
joy,finden,1
joy,macht,1
joy,liebe,1
joy,verdient,1
joy,verkürzt,1
joy,prüfungszeit,1
joy,sprang,2
joy,nannte,2
joy,namen,2
joy,prinzen,3
joy,fühlten,1
joy,schwester,1
joy,sahen,1
joy,erkannten,1
joy,groß,1
joy,rang,1
joy,könig,5
joy,standen,1
joy,elf,2
joy,hexe,2
joy,möchte,1
joy,herzlich,1
joy,kleines,2
joy,willst,1
joy,woher,1
joy,bekommen,1
joy,gab,2
joy,schwalbe,1
joy,neste,1
joy,däumelinchen,4
joy,gerne,1
joy,zusammen,1
joy,geblieben,1
joy,ente,1
joy,führte,1
joy,vier,1
joy,gelben,1
joy,wasser,1
joy,glitten,1
joy,davon,1
joy,hätte,4
joy,lange,2
joy,gewartet,1
joy,wärme,1
joy,„,5
joy,“,5
joy,flüsterte,1
joy,getragen,1
joy,schlief,1
joy,bett,1
joy,walnussschale,2
joy,grillen,1
joy,blütenblättern,1
joy,garten,2
joy,fand,1
joy,zuhause,1
joy,—,5
joy,seerosenblatt,1
joy,land,1
joy,eigenes,2
joy,tages,1
joy,aurora,1
joy,großnichte,1
joy,großherzogin,1
joy,schloss,3
joy,geburtstag,3
joy,feiern,1
joy,hochzeit,1
joy,junge,1
joy,paar,1
joy,wusste,2
joy,reich,1
joy,guten,1
joy,händen,1
joy,geheimnisvoll,1
joy,leise,1
joy,gekannt,1
joy,scherzte,1
joy,füllte,1
joy,tanz,1
joy,kunst,1
joy,mag,1
joy,mechanische,1
joy,spielereien.,1
joy,ehrlichherz,1
joy,verließ,1
joy,schwerem,1
joy,zukunft,1
joy,nächste,1
joy,feier,1
joy,schiff,1
joy,hell,2
joy,erleuchtet,1
joy,feuerwerk,1
joy,erik,1
joy,feierte,2
joy,lebten,2
joy,tausendschön,1
joy,miteinander,2
joy,je,1
joy,tölpelhans,1
joy,blüte,1
joy,öffnete,1
joy,lag,1
joy,darin,1
joy,winziges,1
joy,größer,2
joy,daumen,1
joy,lächeln,3
joy,bündel,1
joy,geriet,1
joy,brand,1
joy,vorhang,1
joy,plötzlich,1
joy,stehen,2
joy,lächelnd,2
joy,offenen,1
joy,armen,1
joy,pustete,1
joy,erschien,2
joy,bild,1
joy,ingas,1
joy,gesicht,1
joy,mut,1
joy,wollt,1
joy,gemahlin,1
joy,wärmer,1
joy,winterregen,1
joy,rabe,1
joy,karl,1
joy,krächzte,1
joy,lüfte,1
joy,klara,1
joy,erzählte,1
joy,verwandten,1
joy,räubertochter,1
joy,verrückt,1
joy,schnee,1
joy,märchenerzähler,1
joy,tore,1
joy,schlosses,1
joy,öffneten,1
joy,ersten,1
joy,langer,1
joy,anna,1
joy,stürmte,1
joy,wirt,1
joy,zufrieden,1
joy,ließ,1
joy,fremden,1
joy,essen,1
joy,trinken,1
joy,volk,1
joy,zugeben,1
joy,lorenzo,1
joy,kaiser,1
joy,nie,1
joy,wahrhaftig,1
joy,gesehen,1
joy,rauschendes,1
joy,gefeiert,1
joy,hella,1
joy,glaubte,1
joy,sonnenseite,1
joy,lebens,1
joy,erreicht,1
joy,zartes,1
joy,müdes,1
joy,nehmt,1
joy,zähnen,1
joy,muschelschalen,1
joy,manchmal,1
joy,genügt,1
joy,licht,1
joy,verändern,1
joy,neue,1
joy,heimführte,1
joy,königin,1
joy,stolz,1
joy,wintertag,1
joy,kalt,1
joy,gefrorener,1
joy,see,1
joy,blieben,1
joy,lächelten,1
joy,hörten,1
joy,statt,1
joy,geld,1
joy,bekam,1
joy,gelangten,1
joy,granny,1
joy,maria,1
joy,segelten,1
joy,heim,1
joy,fiel,1
joy,enkel,1
joy,weinend,1
joy,krönung,1
joy,unterwäsche,1
joy,tanzten,1
joy,moment,1
joy,nachtigall,1
joy,lied,1
joy,heilte,1
joy,roten,1
joy,schuhe.,1
joy,tat,1
joy,frei,1
joy,schwäne,1
joy,jahr,1
joy,elisa,1
joy,obwohl,1
annoyance,folgenden,1
annoyance,tage,2
annoyance,lebt,1
annoyance,soldat,1
annoyance,verschwenderisch,1
annoyance,mal,2
annoyance,viele,1
annoyance,falsche,1
annoyance,freunde,1
annoyance,verärgert,1
annoyance,wiederholt,1
annoyance,großen,2
annoyance,klaus,4
annoyance,pferd,2
annoyance,kleinen,1
annoyance,stein,1
annoyance,erschlägt,1
annoyance,meermädchen,1
annoyance,stürzt,1
annoyance,schrei,1
annoyance,fluten,1
annoyance,löst,1
annoyance,meeresschaum,1
annoyance,böse,7
annoyance,stiefmutter,1
annoyance,jedoch,2
annoyance,lässt,2
annoyance,mädchen,5
annoyance,audienz,1
annoyance,verschandeln,1
annoyance,sodass,1
annoyance,eher,1
annoyance,hexe,3
annoyance,ähnelt,1
annoyance,warten,1
annoyance,hexen,1
annoyance,bedrohen,1
annoyance,elisa,1
annoyance,einschüchtern,1
annoyance,kurzerhand,1
annoyance,erscheinen,1
annoyance,mitwirkenden,1
annoyance,oper,1
annoyance,bühnenbild,1
annoyance,gerät,1
annoyance,völlig,1
annoyance,plan,1
annoyance,schweinehirt,2
annoyance,murrt,1
annoyance,–,1
annoyance,sei,2
annoyance,stolz,2
annoyance,land,3
annoyance,empört,2
annoyance,verweist,1
annoyance,könig,1
annoyance,tochter,1
annoyance,schlosses,1
annoyance,gibt,3
annoyance,schweinehirten,1
annoyance,frau,1
annoyance,starker,2
annoyance,rüpelhafter,1
annoyance,mann,1
annoyance,entsteigt,1
annoyance,weißen,1
annoyance,kutsche,1
annoyance,zerschlägt,1
annoyance,glas,2
annoyance,rose,1
annoyance,behauptet,1
annoyance,tat,1
annoyance,zerstörung,1
annoyance,schönsten,1
annoyance,unglaublichste,1
annoyance,übertroffen,1
annoyance,geschieht,1
annoyance,wunschgemäß,1
annoyance,stellen,1
annoyance,derart,1
annoyance,unfähig,1
annoyance,prinzessin,2
annoyance,bewerber,1
annoyance,ablehnt,1
annoyance,küchenmeister,1
annoyance,wahrscheinlich,1
annoyance,dumm,1
annoyance,kleid,1
annoyance,sehen,4
annoyance,kaiser,2
annoyance,nackt,1
annoyance,straßen,1
annoyance,zieht,1
annoyance,lacht,1
annoyance,niemand,1
annoyance,daraufhin,1
annoyance,kommt,1
annoyance,streit,1
annoyance,schwestern,3
annoyance,weit,1
annoyance,eskaliert,1
annoyance,elsa,2
annoyance,wütend,1
annoyance,kontrolle,2
annoyance,verliert,1
annoyance,woraufhin,1
annoyance,anwesenden,1
annoyance,gäste,1
annoyance,elsas,2
annoyance,magische,1
annoyance,fähigkeiten,1
annoyance,bekommen,1
annoyance,herzog,1
annoyance,pitzbühl,1
annoyance,bezeichnet,1
annoyance,monster,1
annoyance,bestätigt,1
annoyance,grand,1
annoyance,pabbie,1
annoyance,geschürten,1
annoyance,ängste,1
annoyance,kräfte,1
annoyance,könnten,1
annoyance,außer,2
annoyance,geraten,1
annoyance,neue,4
annoyance,stolze,1
annoyance,königin,1
annoyance,verwandelt,1
annoyance,stiefsöhne,1
annoyance,wilde,1
annoyance,schwäne,1
annoyance,hässliches,1
annoyance,gesicht,2
annoyance,eigene,1
annoyance,vater,2
annoyance,liebling,1
annoyance,wiedererkennt,1
annoyance,davonjagt,1
annoyance,versucht,1
annoyance,klarzumachen,1
annoyance,einfacher,1
annoyance,tischler,1
annoyance,vorgibt,1
annoyance,verpflichtung,1
annoyance,regentschaft,1
annoyance,raffgierigen,1
annoyance,tante,1
annoyance,schützen,1
annoyance,heimlich,1
annoyance,durchsucht,1
annoyance,ganze,2
annoyance,haus,1
annoyance,``,34
annoyance,siehst,1
annoyance,häßlich,3
annoyance,grunde,1
annoyance,häßliche,1
annoyance,rosen,1
annoyance,glaube,1
annoyance,'',28
annoyance,glauben,2
annoyance,duft,1
annoyance,herrlichkeit,1
annoyance,duftest,1
annoyance,stark,1
annoyance,muß,3
annoyance,toten,1
annoyance,denken,2
annoyance,ja,2
annoyance,freilich,1
annoyance,knarrten,1
annoyance,häßlicher,2
annoyance,balg,1
annoyance,leiden,1
annoyance,weinst,1
annoyance,sagte,6
annoyance,zuletzt,1
annoyance,ärgerlich,3
annoyance,kehrte,1
annoyance,rücken,1
annoyance,jammerte,1
annoyance,justizrath,3
annoyance,erwiderte,1
annoyance,antwort,1
annoyance,genügend,1
annoyance,titel,1
annoyance,entsprach,1
annoyance,tracht,1
annoyance,schöpfer,1
annoyance,straße,1
annoyance,gelegen,1
annoyance,geträumt,1
annoyance,traum,1
annoyance,drollig,1
annoyance,genug,2
annoyance,erste,1
annoyance,gefühl,1
annoyance,wurde,4
annoyance,zweite,1
annoyance,laune,1
annoyance,null,1
annoyance,sank,1
annoyance,hiermit,1
annoyance,dürfen,1
annoyance,vorbei,1
annoyance,nein,2
annoyance,ärger,2
annoyance,möchte,2
annoyance,wohl,2
annoyance,probiren,1
annoyance,natur,1
annoyance,einzugehen,1
annoyance,poet,1
annoyance,gewiß,1
annoyance,klageverse,1
annoyance,schreiben,1
annoyance,kleiner,1
annoyance,grauer,1
annoyance,dänischer,1
annoyance,vogel,1
annoyance,kanarienvogel,1
annoyance,gefangener,1
annoyance,geworden,2
annoyance,leiche,1
annoyance,sphinx,2
annoyance,unsterblichkeit,1
annoyance,schwarzen,1
annoyance,sarkophage,1
annoyance,beantwortete,1
annoyance,lebende,2
annoyance,zwei,2
annoyance,vorher,1
annoyance,niedergeschrieben,1
annoyance,tod,1
annoyance,schweigen,1
annoyance,machet,1
annoyance,grau'n,1
annoyance,hinterläßt,1
annoyance,spur,1
annoyance,kirchhofsgräber,1
annoyance,ging,1
annoyance,fort,1
annoyance,gerufen,1
annoyance,menschen,4
annoyance,uebles,1
annoyance,thun,1
annoyance,schlimm,1
annoyance,laßt,1
annoyance,jesu,1
annoyance,namen,1
annoyance,ruhen,1
annoyance,sagten,3
annoyance,beiden,1
annoyance,häßlichen,1
annoyance,lebewohl,1
annoyance,sagen,2
annoyance,rathe,1
annoyance,falsch,1
annoyance,bekomme,1
annoyance,nie,2
annoyance,mehr,2
annoyance,errathen,1
annoyance,ärgern,1
annoyance,erfährt,1
annoyance,reich,1
annoyance,einziges,1
annoyance,licht,1
annoyance,geradeheraus,1
annoyance,rief,1
annoyance,durchaus,1
annoyance,rührte,1
annoyance,warf,1
annoyance,kümmel,1
annoyance,gerade,2
annoyance,nase,1
annoyance,lief,1
annoyance,hintenüber,1
annoyance,fiel,1
annoyance,aufgesetzt,1
annoyance,festgebunden,1
annoyance,hast,2
annoyance,großmutter,1
annoyance,erschlagen,1
annoyance,denke,1
annoyance,kleine,1
annoyance,sacke,1
annoyance,flusse,1
annoyance,tragen,1
annoyance,schwer,1
annoyance,hofdamen,1
annoyance,plauderten,1
annoyance,französisch,1
annoyance,immer,3
annoyance,langweilige,1
annoyance,geschichte,1
annoyance,höre,1
annoyance,gehe,1
annoyance,hinein,1
annoyance,frage,1
annoyance,instrument,1
annoyance,kostet,1
annoyance,küsse,1
annoyance,ach,1
annoyance,tun,1
annoyance,ungern,1
annoyance,sowohl,1
annoyance,mußten,1
annoyance,kaiserreich,1
annoyance,verlassen,1
annoyance,schwefelhölzern,1
annoyance,entsetzlich,1
annoyance,kalt,1
annoyance,schneite,1
annoyance,beinahe,1
annoyance,schon,1
annoyance,ganz,1
annoyance,dunkel,2
annoyance,abend,2
annoyance,letzte,1
annoyance,jahres,1
annoyance,unten,1
annoyance,baum,1
annoyance,darum,3
annoyance,sollst,2
annoyance,gar,2
annoyance,kümmern,1
annoyance,hu,1
annoyance,langweilig,2
annoyance,überdies,1
annoyance,morgen,1
annoyance,gehängt,1
annoyance,schlage,2
annoyance,bösen,1
annoyance,köpfe,1
annoyance,ab,2
annoyance,merke,1
annoyance,axt,1
annoyance,klingt,1
annoyance,kopf,1
annoyance,größte,1
annoyance,ei,1
annoyance,liegt,1
annoyance,lange,1
annoyance,dauern,1
annoyance,entlein,2
annoyance,aussieht,1
annoyance,dulden,1
annoyance,geht,1
annoyance,ihro,1
annoyance,gnaden,1
annoyance,arme,1
annoyance,gejagt,1
annoyance,katze,1
annoyance,fangen,1
annoyance,häßliches,1
annoyance,geschöpf,1
annoyance,wer,1
annoyance,verstehen,2
annoyance,schwätzer,1
annoyance,erfreulich,1
annoyance,umzugehen,1
annoyance,todtschlagen,1
annoyance,nähern,1
annoyance,wage,1
annoyance,komm,1
annoyance,lasse,1
annoyance,schmücken,1
annoyance,mußt,2
annoyance,sterben,2
annoyance,schaum,1
annoyance,meere,3
annoyance,treiben,1
annoyance,darf,1
annoyance,wellen,1
annoyance,musik,2
annoyance,hören,1
annoyance,herrlichen,1
annoyance,blumen,1
annoyance,rote,1
annoyance,sonne,1
annoyance,schön,1
annoyance,gilt,1
annoyance,fischschwanz,1
annoyance,finden,1
annoyance,oben,1
annoyance,erde,1
annoyance,eben,1
annoyance,besser,1
annoyance,zwingen,1
annoyance,braut,1
annoyance,heimzuführen,1
annoyance,furcht,1
annoyance,stummes,1
annoyance,kind,1
annoyance,altaren,1
annoyance,brannten,1
annoyance,duftende,1
annoyance,öle,1
annoyance,kostbaren,1
annoyance,silberlampen,1
annoyance,gegeben,1
annoyance,hilfe,1
annoyance,bringen,1
annoyance,nacht,1
annoyance,kümmerte,4
annoyance,soldaten,1
annoyance,theater,1
annoyance,liebte,1
annoyance,spazieren,1
annoyance,fahren,1
annoyance,neuen,1
annoyance,kleider,1
annoyance,zeigen,1
annoyance,stellten,1
annoyance,webstühle,1
annoyance,thaten,1
annoyance,arbeiteten,1
annoyance,geringste,1
annoyance,stuhle,1
annoyance,wäre,1
annoyance,komisch,1
annoyance,merken,1
annoyance,lassen,1
annoyance,flüsterte,1
annoyance,erzbischof,1
annoyance,worte,1
annoyance,königs,1
annoyance,ohren,1
annoyance,drangen,1
annoyance,herzen,1
annoyance,maikäfer,1
annoyance,däumelinchen,2
annoyance,mochte,1
annoyance,nachbar,1
annoyance,maulwurf,1
annoyance,heißen,1
annoyance,launisch,1
annoyance,verwöhnt,1
annoyance,schnell,1
annoyance,gelangweilt,1
annoyance,„,2
annoyance,natürliche,1
annoyance,neugier,1
annoyance,größer,1
annoyance,löste,1
annoyance,versprechen,1
annoyance,mensch,1
annoyance,ewiges,1
annoyance,glück,1
annoyance,geschaffen,1
annoyance,eintrittskarte,1
annoyance,hielt,1
annoyance,verrückt,1
annoyance,brachte,1
annoyance,irrenarzt,1
annoyance,woche,1
annoyance,verlangte,1
annoyance,stoffe,1
annoyance,schnitte,1
annoyance,farben,1
annoyance,wünsche,1
annoyance,endeten,1
annoyance,mussten,1
annoyance,höhere,1
annoyance,steuern,1
annoyance,zahlen,1
annoyance,fühlte,1
annoyance,streichholz,1
annoyance,jemand,1
annoyance,angezündet,1
annoyance,achtlos,1
annoyance,weggeworfen,1
love,fühlt,1
love,prinzessin,11
love,liebt,5
love,eilt,1
love,woraufhin,1
love,guten,1
love,ende,1
love,kommt,3
love,blumen,3
love,schloss/prachtvoll,1
love,fest/und,1
love,strom/,1
love,fließt,1
love,süßer,1
love,wein,1
love,/den,1
love,ganz,4
love,weit,2
love,her,1
love,gebracht./aber,1
love,vergebens/,1
love,wartet,1
love,braut/alle,1
love,sofort,4
love,deck/,1
love,leb,1
love,wohl,3
love,liebling/ja,1
love,liebe,38
love,voller,1
love,trauer,1
love,bezaubernde,1
love,dunkelhaarige,1
love,geküsst,1
love,prinz,11
love,bezaubert,3
love,meeresprinzessin,1
love,gesteht,3
love,mädchen,11
love,dunkelhaarigen,1
love,deren,2
love,verbleib,1
love,weiß,2
love,nachtigall,2
love,maria,5
love,schuster,2
love,evan,6
love,lieben,13
love,erst,1
love,küssen,1
love,lassen,1
love,alt,1
love,genug,1
love,bartwuchs,1
love,ball,2
love,verliebt,7
love,–,4
love,erinnert,2
love,frühere,1
love,wiederum,1
love,lässt,1
love,rendezvous,1
love,puppe,2
love,erscheinen,2
love,entgegnet,1
love,künstliche,5
love,mehr,7
love,lebendige,2
love,schmetterling,1
love,zieht,1
love,blatt,1
love,maikäfer,1
love,ersten,2
love,blick,2
love,hübsche,2
love,junge,2
love,fee,2
love,verspricht,1
love,immer,1
love,menschenreich,1
love,kommen,3
love,königin,4
love,bringt,1
love,reizende,1
love,bett,2
love,schwarze,1
love,entzaubert,1
love,steht,1
love,allerdings,1
love,deutlich,1
love,malers,1
love,gilt,1
love,kunst,1
love,dafür,1
love,sogleich,1
love,schönheit,1
love,einst,2
love,durchnässt,1
love,schloss,3
love,aufgenommen,1
love,wurde,7
love,erbse,2
love,schlafen,1
love,überglücklich,1
love,gefunden,2
love,verlieben,2
love,ineinander,2
love,arielle,2
love,hilfe,1
love,prinzen,2
love,jan,1
love,besiegt,1
love,dämon,1
love,findet,1
love,nächsten,2
love,morgen,3
love,dritte,3
love,richtige,1
love,lösung,1
love,beiden,3
love,gerdas,2
love,vater,2
love,gerne,2
love,sieht,2
love,gerda,6
love,läuft,1
love,kai,3
love,„,7
love,dich.,2
love,“,8
love,moment,2
love,erwacht,1
love,bewusstlosigkeit,1
love,bewusst,1
love,augustin,4
love,aufrichtig,1
love,rührenden,1
love,brief,1
love,fliehen,1
love,ballsaal,1
love,gestehen,2
love,victorias,1
love,privatgemächern,1
love,erneut,1
love,bittet,2
love,victoria,2
love,frau,5
love,reichtum,2
love,finanzielle,1
love,mittel,1
love,besiegeln,1
love,beide,1
love,kuss,4
love,fridolin,2
love,königreich,1
love,immerfroh,1
love,suchte,1
love,ganzen,2
love,welt,4
love,gefällt,2
love,fand,2
love,auszusetzen,2
love,anna,3
love,begibt,1
love,suche,1
love,schwester,2
love,ziel,1
love,arendelle,1
love,zurückzubringen,1
love,ewigen,1
love,winter,3
love,beenden,1
love,liebevolle,1
love,beziehung,1
love,neu,1
love,aufzubauen,1
love,erlösen,1
love,elsa,1
love,zustand,1
love,bricht,1
love,tränen,2
love,umarmt,1
love,nachbarreiches,1
love,unterdessen,1
love,stumme,1
love,schöne,4
love,arbeit,1
love,zimmermann,1
love,geht,1
love,heimlich,2
love,sohn,1
love,davon,1
love,berichtet,1
love,meint,1
love,heiraten,1
love,wolle,1
love,daran,1
love,mutter,2
love,geheiratet,1
love,einfaches,1
love,vicki,1
love,zerrissen,1
love,verzweifelt,1
love,julian,1
love,ballett,1
love,träumt,1
love,himmel,2
love,umgeben,1
love,engeln,1
love,erhält,1
love,geschenk,1
love,nimmt,2
love,umweg,1
love,stadt,1
love,menschen,3
love,gesang,1
love,schneekönigin,1
love,kay,1
love,seit,2
love,kindheit,2
love,besten,1
love,freunde,1
love,wollten,1
love,auffliegen,1
love,engel,2
love,gott,7
love,lustig,1
love,``,12
love,kleinen,4
love,schon,5
love,lange,1
love,gesehnt,1
love,'',15
love,sagte,5
love,alte,3
love,hof,1
love,schien,2
love,gottessonne,1
love,frühlingstage,1
love,warm,1
love,strahlen,1
love,glitten,1
love,nachbarhauses,1
love,weißen,1
love,wänden,1
love,herab,1
love,geliebte,1
love,natürlicherweise,1
love,krähe,1
love,zahmen,2
love,geliebten,2
love,schloßtor,1
love,kam,4
love,leibgardisten,1
love,silber,1
love,sah,4
love,treppen,1
love,lakaien,1
love,gold,1
love,mindesten,1
love,verlegen,1
love,nickte,2
love,'es,1
love,muß,2
love,langweilig,1
love,treppe,1
love,stehen,1
love,gehe,1
love,lieber,3
love,hinein,2
love,besprechen,1
love,rat,1
love,erteilen,2
love,sagen,1
love,kleines,3
love,bekommt,1
love,nie,4
love,erlaubnis,1
love,küsse,1
love,gab,2
love,nasenstüber,1
love,nase,1
love,rot,1
love,blau,1
love,geschah,1
love,lauter,1
love,macht,2
love,erhalten,1
love,sitzt,1
love,herzen,3
love,besteht,1
love,darin,1
love,liebes,3
love,unschuldiges,1
love,kind,3
love,kleine,5
love,forthelfen,1
love,durchkommen,1
love,geld,1
love,gesunde,1
love,starke,1
love,gliedmaßen,1
love,allezeit,1
love,helfen,3
love,allerliebst,1
love,drei,1
love,kräuterbesen,1
love,närrischer,1
love,patron,1
love,schön,1
love,konnte,2
love,unterlassen,1
love,recht,1
love,vielmehr,1
love,vergnügt,1
love,gedachte,1
love,schönen,1
love,glaubte,1
love,sicher,1
love,vielleicht,1
love,richtig,1
love,geträumt,1
love,hast,1
love,vertraue,1
love,johannes,1
love,liebten,2
love,einander,2
love,innig,1
love,könig,2
love,erlebte,1
love,frohe,1
love,tage,1
love,ließ,3
love,kinderchen,1
love,knieen,1
love,reiten,1
love,scepter,1
love,spielen,1
love,zauberer,1
love,klaus,1
love,sacke,1
love,hätte,2
love,gar,1
love,gern,2
love,gehabt,1
love,leute,1
love,vieh,1
love,gräben,1
love,wällen,1
love,weidete,1
love,nacht,2
love,hund,1
love,nahm,2
love,rücken,1
love,lief,1
love,soldaten,1
love,lieb,2
love,wäre,1
love,bekommen,1
love,nahebei,1
love,moore,1
love,gibt,1
love,süße,1
love,liebliche,1
love,wilde,1
love,gänse,1
love,sämmtlich,1
love,fräulein,1
love,rapp,1
love,wünschte,1
love,hinaufsteigen,1
love,menschenwelt,1
love,erschien,1
love,größer,1
love,tag,2
love,gutes,1
love,sinn,1
love,einzige,1
love,gleichst,1
love,verdrängst,1
love,fast,1
love,bild,1
love,seele,1
love,dachte,1
love,seejungfer,1
love,trug,1
love,meer,1
love,walde,1
love,tempel,1
love,stand,3
love,saß,1
love,schaum,1
love,paßte,1
love,pflegen,1
love,leben,4
love,opfern,1
love,ja,1
love,dunkel,1
love,baumzweige,1
love,seite,1
love,bewegten,1
love,milden,1
love,augen,3
love,niederblickte,1
love,sahen,2
love,kopfe,1
love,armen,1
love,hervor,2
love,wären,1
love,bäume,1
love,büsche,1
love,verwandt,1
love,laufen,1
love,wilden,1
love,pferde,1
love,steppen,1
love,unserer,1
love,gesehen,1
love,singt,1
love,kohlenbrenner,1
love,alten,1
love,lieder,1
love,denen,1
love,kinder,1
love,tanzten,1
love,vaterland,1
love,hierher,1
love,fühlen,1
love,gezogen,1
love,betete,1
love,innersten,1
love,herzens,1
love,gebet,1
love,erblickte,1
love,klippe,1
love,däumelinchen,3
love,segelte,1
love,vielen,1
love,städten,1
love,vorbei,1
love,vögel,1
love,saßen,1
love,büschen,1
love,sangen,1
love,welch,1
love,liebliches,1
love,gefiel,1
love,kannst,1
love,bleiben,1
love,mußt,1
love,stube,1
love,sauber,1
love,rein,1
love,halten,1
love,geschichten,1
love,erzählen,1
love,fliege,1
love,gerettet,2
love,tot,1
love,dunkeln,1
love,erdkeller,1
love,lag,1
love,liebsten,1
love,daher,1
love,trennen,1
love,mögen,1
love,plötzlich,2
love,wusste,2
love,antwort,2
love,denkst,2
love,liebe.,3
love,bann,2
love,gebrochen,2
love,streichholz,1
love,brannte,1
love,nieder,1
love,vision,1
love,verschwand,1
love,flammen,1
love,loderten,1
love,hell,1
love,dame,1
love,trat,1
love,diesmal,1
love,näher,1
love,liebevoller,1
love,reich,2
love,schützen,1
love,bedeutete,1
love,verzichten,1
love,schnaubte,1
love,brachte,1
love,liebevoll,3
love,küsste,1
love,zehnmal,1
love,liebte,6
love,befehle,1
love,wer,1
love,gehorchte,1
love,bedacht,1
love,mutigsten,1
love,ritter,1
love,erzittern,1
love,damals,1
love,verliebte,5
love,madison,1
love,dinge,1
love,menschenhände,1
love,geschaffen,1
love,funkelnde,1
love,spielereien,1
love,mechanische,1
love,wunder,1
love,tand,1
love,tändelei,1
love,schweinhirtin,1
love,beweisen,1
love,bat,1
love,sicherheit,1
love,letzten,1
love,töten,1
love,rammte,1
love,mitten,1
love,herz,1
love,teile,2
love,wem,1
love,willst,1
love,hans,2
love,hand,1
love,floh,1
love,siegte,1
love,zorn,1
love,flog,1
love,schnell,1
love,tal,1
love,feen,1
love,je,1
love,laut,1
love,auszusprechen,1
love,trotzdem,1
love,behandelte,1
love,verbrachte,1
love,zeit,1
love,lebte,1
love,junger,2
love,mann,1
love,sehnte,1
love,—,3
love,kopf,1
love,stets,1
love,umarmte,2
love,wangen,1
love,fielen,1
love,schmolz,1
love,eis,2
love,verzauberten,1
love,zuckerherzen,1
love,einsame,1
love,erinnerungen,1
love,auslöschen,1
love,bliebe,1
love,vorgehabt,1
love,weinte,1
love,flüsterte,2
love,namen,1
love,umarmten,1
love,augenblick,1
love,heil,1
love,elisa,1
love,aufgegeben,1
love,land,1
love,bekannt,1
love,stärker,2
love,zauber,2
love,holting,1
love,verstand,1
love,leid,1
love,ertragen,1
love,einfach,1
love,schaum.,1
love,lyria,1
love,manchmal,1
love,schmerz,1
love,kleid,1
love,obwohl,2
love,sprach,2
love,großmutter,1
love,schimpfte,1
love,pepolino,1
love,troubadour,1
love,pirat,1
love,namens,1
love,klar,1
love,sommermorgen,1
love,künstlich,1
love,musik,1
love,freude,1
love,beim,1
love,liebst,1
love,schrieb,1
love,lächeln,1
love,milder,1
love,bald,1
love,wuchs,1
love,stille,1
love,zarte,1
love,herauszulösen,1
love,müsste,1
love,weiteren,1
love,empfangen,1
love,kosten,1
love,kniete,1
love,neben,1
love,öffnete,1
love,splitter,1
love,löste,1
love,tropfen,1
love,sonne,1
love,schmilzt,1
love,heiratete,1
love,wort,1
love,endete,1
love,mut,1
love,schweigen,1
love,mädchens,1
love,hexerei,1
nervousness,kleine,1
nervousness,klaus,1
nervousness,bittet,1
nervousness,müller,1
nervousness,nachtlager,1
nervousness,essen,2
nervousness,empfängt,1
nervousness,krähe,1
nervousness,stand,1
nervousness,tür,1
nervousness,schlug,1
nervousness,flügeln,1
nervousness,kam,1
nervousness,litt,1
nervousness,kopfschmerzen,2
nervousness,seitdem,1
nervousness,feste,1
nervousness,anstellung,1
nervousness,zuviel,1
nervousness,erhalten,1
nervousness,fühlte,1
nervousness,müde,1
nervousness,nacken,1
nervousness,blut,1
nervousness,füße,1
nervousness,hinabgesunken,1
nervousness,angeschwollen,1
nervousness,stiefeln,1
nervousness,gedrückt,1
nervousness,wurden,1
nervousness,hartem,1
nervousness,gelegen,1
nervousness,ganzen,1
nervousness,körper,1
nervousness,ganz,1
nervousness,braun,1
nervousness,blau,1
sadness,seejungfrau,1
sadness,bleibt,1
sadness,traurig,15
sadness,wendet,1
sadness,ganz,5
sadness,schönen,3
sadness,messer,2
sadness,gleitet,1
sadness,meer,1
sadness,böse,2
sadness,stiefmutter,1
sadness,tod,2
sadness,mutter,3
sadness,könig,5
sadness,verhext,1
sadness,elisa,5
sadness,brüdern,1
sadness,getrennt,1
sadness,arbeit,1
sadness,hemden,1
sadness,darf,1
sadness,wort,2
sadness,sprechen,2
sadness,schwäne,1
sadness,geweiht,1
sadness,unzufrieden,1
sadness,leben,2
sadness,führt,1
sadness,unglückliche,1
sadness,beziehung,2
sadness,weinen,8
sadness,mädchen,10
sadness,gerade,4
sadness,erwacht,2
sadness,eltern,2
sadness,tröstet,1
sadness,prinzessin,4
sadness,verliert,1
sadness,–,4
sadness,glauben,1
sadness,troll,1
sadness,sei,3
sadness,tot,1
sadness,besinnung,1
sadness,geht,1
sadness,davon,3
sadness,weinend,1
sadness,leise,1
sadness,trompetend,1
sadness,lässt,1
sadness,schließlich,1
sadness,rand,1
sadness,sees,1
sadness,nieder,1
sadness,unglück,1
sadness,gerät,1
sadness,schiff,1
sadness,sturm,1
sadness,erik,1
sadness,bord,1
sadness,geschwemmt,1
sadness,beiden,1
sadness,kehren,1
sadness,hotel,1
sadness,zurück,3
sadness,gerdas,2
sadness,vater,6
sadness,inzwischen,1
sadness,trauer,3
sadness,verlust,1
sadness,tochter,3
sadness,geschlossen,1
sadness,erzählt,1
sadness,schon,2
sadness,braut,1
sadness,ausgesucht,1
sadness,heiraten,2
sadness,müsse,1
sadness,dabei,2
sadness,stellt,1
sadness,heraus,2
sadness,immer,2
sadness,person,2
sadness,stirbt,1
sadness,schuhe,3
sadness,wegnehmen,1
sadness,möchte,1
sadness,arme,21
sadness,kay,1
sadness,splitterchen,1
sadness,herz,9
sadness,hinein,1
sadness,bekommen,1
sadness,erschrak,1
sadness,kleine,11
sadness,gerda,3
sadness,fing,2
sadness,allein,4
sadness,niemand,1
sadness,außer,1
sadness,sperlingen,1
sadness,hörte,2
sadness,konnten,1
sadness,land,3
sadness,tragen,1
sadness,``,14
sadness,armes,4
sadness,kleines,5
sadness,kind,4
sadness,'',13
sadness,höre,2
sadness,frauen,1
sadness,trauergesang,1
sadness,ruf,1
sadness,priester,1
sadness,enkelin,1
sadness,schönes,1
sadness,dienstmädchen,1
sadness,kehrte,3
sadness,kurzen,1
sadness,besuch,1
sadness,heim,2
sadness,alte,5
sadness,großmutter,1
sadness,wurden,1
sadness,hungrig,1
sadness,durstig,1
sadness,schloß,2
sadness,erhielten,1
sadness,glas,2
sadness,laues,1
sadness,wasser,5
sadness,träume,1
sadness,sausten,1
sadness,pferde,1
sadness,stube,2
sadness,herein,2
sadness,räubermädchen,1
sadness,groß,2
sadness,stärker,1
sadness,breitschultriger,1
sadness,dunkler,1
sadness,haut,1
sadness,augen,7
sadness,schwarz,1
sadness,sahen,1
sadness,fast,2
sadness,stand,5
sadness,handschuhe,1
sadness,mitten,3
sadness,fürchterlichen,1
sadness,eiskalten,1
sadness,finnmarken,1
sadness,ach,3
sadness,krank,4
sadness,mehr,5
sadness,drinnen,2
sadness,leute,2
sadness,sicher,2
sadness,entschuldigung,1
sadness,sagte,3
sadness,justizrath,1
sadness,wirthin,1
sadness,unwohl,1
sadness,geworden,2
sadness,droschke,1
sadness,christianshafen,1
sadness,hinaus,2
sadness,besorgen,1
sadness,lassen,2
sadness,zwei,2
sadness,kamen,3
sadness,zweifarbige,1
sadness,haube,1
sadness,zeit,1
sadness,kam,5
sadness,ward,3
sadness,offizier,1
sadness,nimmer,1
sadness,reich,2
sadness,armer,4
sadness,hilf,1
sadness,erbarmer,2
sadness,arm,3
sadness,nie,2
sadness,poesie,1
sadness,gold,1
sadness,weißt,1
sadness,'s,1
sadness,wächter,1
sadness,draußen,1
sadness,straße,3
sadness,weit,3
sadness,glücklicher,1
sadness,regen,2
sadness,strömte,2
sadness,herab,2
sadness,mensch,1
sadness,erblicken,1
sadness,pfortenklingel,1
sadness,konnte,7
sadness,erreichen,1
sadness,loskommen,1
sadness,herauf,1
sadness,gekommen,1
sadness,schlaf,2
sadness,verfallen,1
sadness,langen,1
sadness,weißen,2
sadness,gardinen,1
sadness,hingen,1
sadness,fenstern,1
sadness,fußboden,2
sadness,schwarze,1
sadness,sarg,2
sadness,lag,4
sadness,stillen,1
sadness,todesschlaf,1
sadness,wunsch,1
sadness,erfüllt,1
sadness,körper,1
sadness,ruhte,1
sadness,geist,1
sadness,reiste,1
sadness,größte,1
sadness,leiden,1
sadness,sieht,1
sadness,welt,4
sadness,oft,1
sadness,reisekamerad,1
sadness,johannes,4
sadness,tief,1
sadness,betrübt,3
sadness,genesen,1
sadness,weinte,7
sadness,gar,3
sadness,niemanden,1
sadness,ganzen,2
sadness,weder,3
sadness,schwester,2
sadness,bruder,1
sadness,ganzes,1
sadness,erbtheil,1
sadness,gern,2
sadness,geben,1
sadness,ehrlich,1
sadness,versprechen,1
sadness,wollt,1
sadness,armen,2
sadness,todten,1
sadness,mann,2
sadness,ruhe,1
sadness,bursche,1
sadness,herr,1
sadness,hilft,1
sadness,wohl,1
sadness,nahe,2
sadness,glitt,1
sadness,fuß,2
sadness,fiel,1
sadness,that,2
sadness,lauten,1
sadness,schrei,2
sadness,bein,1
sadness,gebrochen,1
sadness,frau,2
sadness,komödie,1
sadness,puppen,1
sadness,besaß,1
sadness,unterlassen,1
sadness,wirklich,2
sadness,ihretwegen,1
sadness,leid,1
sadness,hexe,2
sadness,schuld,2
sadness,daran,2
sadness,viele,1
sadness,herrliche,1
sadness,prinzen,2
sadness,verloren,1
sadness,machst,1
sadness,unglücklich,2
sadness,nehme,1
sadness,herzen,5
sadness,augenblicke,1
sadness,verschwunden,1
sadness,viehtreiber,1
sadness,alt,1
sadness,dahin,1
sadness,kommen,2
sadness,befühlte,1
sadness,schweinehirt,1
sadness,schalt,1
sadness,hernieder,1
sadness,hause,1
sadness,wirkliche,1
sadness,kälte,3
sadness,finsterniß,1
sadness,ging,3
sadness,bloßem,1
sadness,kopfe,1
sadness,nackten,1
sadness,füßen,1
sadness,zitternd,1
sadness,hunger,1
sadness,schlich,1
sadness,einher,1
sadness,bild,2
sadness,jammers,1
sadness,großer,1
sadness,alter,2
sadness,wagen,1
sadness,darin,1
sadness,saß,1
sadness,dame,2
sadness,betrachtete,1
sadness,fühlte,6
sadness,mitleid,3
sadness,prediger,1
sadness,hört,1
sadness,gebt,1
sadness,annehmen,1
sadness,morgens,1
sadness,tanzte,2
sadness,thüre,1
sadness,vorbei,1
sadness,gut,2
sadness,kannte,2
sadness,tönte,1
sadness,psalmengesang,1
sadness,wurde,8
sadness,herausgetragen,1
sadness,blumen,1
sadness,geschmückt,1
sadness,wußte,3
sadness,gestorben,2
sadness,verlassen,2
sadness,gottes,1
sadness,engel,1
sadness,verdammt,1
sadness,predigerfrau,1
sadness,nahm,1
sadness,dienst,1
sadness,ganze,2
sadness,nacht,2
sadness,müde,1
sadness,kummervoll,1
sadness,erscholl,1
sadness,schaaren,1
sadness,wilder,1
sadness,gänse,1
sadness,flogen,1
sadness,schilfe,1
sadness,entlein,2
sadness,wahrlich,1
sadness,prächtigen,1
sadness,thiere,1
sadness,eigenthümlichen,1
sadness,traurigkeit,1
sadness,befangen,1
sadness,tut,1
sadness,weh,2
sadness,schien,1
sadness,erschrocken,2
sadness,augenblick,1
sadness,holte,1
sadness,mehrere,1
sadness,herbei,1
sadness,seejungfer,4
sadness,sah,4
sadness,prinz,6
sadness,anlächelte,1
sadness,lächelte,1
sadness,ja,2
sadness,gerettet,1
sadness,große,1
sadness,gebäude,1
sadness,geführt,2
sadness,tauchte,1
sadness,hinab,1
sadness,vaters,1
sadness,fragte,1
sadness,wer,1
sadness,wäre,1
sadness,hierhergekommen,1
sadness,mild,1
sadness,dunkelblauen,1
sadness,schöner,1
sadness,gesungen,1
sadness,entzückt,1
sadness,besonders,1
sadness,findelkind,1
sadness,nannte,1
sadness,fort,2
sadness,male,1
sadness,erde,1
sadness,berührte,1
sadness,schmerz,3
sadness,scharfe,1
sadness,träte,1
sadness,nachts,1
sadness,schwestern,2
sadness,sangen,1
sadness,dahinschwammen,1
sadness,winkte,1
sadness,erkannten,1
sadness,erzählten,1
sadness,seien,1
sadness,empor,1
sadness,schauten,1
sadness,rangen,1
sadness,hände,2
sadness,küßte,1
sadness,hand,1
sadness,brechen,1
sadness,dachte,2
sadness,todesnacht,1
sadness,verlor,1
sadness,wirbelte,1
sadness,tanze,1
sadness,schwebte,2
sadness,schwalbe,2
sadness,schwebt,1
sadness,verfolgt,1
sadness,jubelten,1
sadness,bewunderung,1
sadness,wundersam,1
sadness,getanzt,1
sadness,schnitt,1
sadness,scharfen,1
sadness,messern,1
sadness,zarten,1
sadness,füße,2
sadness,schmerzte,1
sadness,hast,1
sadness,ganzem,1
sadness,erstrebt,1
sadness,woche,1
sadness,darauf,1
sadness,brachte,1
sadness,bauerpaare,1
sadness,lange,2
sadness,währte,1
sadness,redete,1
sadness,kümmerte,1
sadness,landmanns,1
sadness,spielte,1
sadness,grünen,2
sadness,blatte,1
sadness,spielzeug,1
sadness,elf,2
sadness,brüder,3
sadness,dafür,1
sadness,trauerte,1
sadness,duftende,1
sadness,gärten,1
sadness,prächtige,1
sadness,säle,1
sadness,hineingeführt,1
sadness,lächeln,1
sadness,lippen,1
sadness,sprach,2
sadness,schwererer,1
sadness,ring,1
sadness,dämmerte,1
sadness,erst,1
sadness,stunde,1
sadness,sonne,2
sadness,standen,1
sadness,pforte,1
sadness,schlosses,1
sadness,verlangten,1
sadness,wesen,1
sadness,erwachte,1
sadness,frühmorgens,1
sadness,recht,1
sadness,bitterlich,1
sadness,seiten,1
sadness,großen,2
sadness,blattes,1
sadness,däumelinchen,3
sadness,flog,1
sadness,sommer,1
sadness,walde,1
sadness,stellte,1
sadness,tür,1
sadness,bettelmädchen,1
sadness,bat,1
sadness,stück,1
sadness,gerstenkorn,1
sadness,seit,1
sadness,tagen,1
sadness,mindeste,1
sadness,essen,1
sadness,gehabt,1
sadness,tote,1
sadness,flügel,1
sadness,fest,1
sadness,seite,1
sadness,gedrückt,1
sadness,kopf,2
sadness,federn,1
sadness,gezogen,1
sadness,vogel,2
sadness,muß,1
sadness,erbärmlich,1
sadness,kleiner,1
sadness,geboren,1
sadness,lebewohl,1
sadness,sagen,1
sadness,feldmaus,1
sadness,türe,1
sadness,sehen,1
sadness,dürfen,1
sadness,enthalten,1
sadness,gestand,1
sadness,verliebt,1
sadness,einfaches,1
sadness,weinten,1
sadness,—,3
sadness,versuchte,1
sadness,trösten,1
sadness,wandte,1
sadness,ab,1
sadness,schöne,1
sadness,wanderte,3
sadness,frei,1
sadness,schwer,2
sadness,stadt,2
sadness,laut,1
sadness,menschen,1
sadness,hastig,1
sadness,zerbrach,1
sadness,dünnes,1
sadness,kornbluth,1
sadness,bekam,1
sadness,„,3
sadness,vielleicht,1
sadness,fee,1
sadness,geirrt,1
sadness,“,4
sadness,murmelte,1
sadness,melchior,1
sadness,gregor,1
sadness,scheiterten,1
sadness,kläglich,1
sadness,fenster,1
sadness,lina,1
sadness,ziehen,1
sadness,süß,1
sadness,schmerzlich,1
sadness,zugleich,1
sadness,klein,1
sadness,licht,2
sadness,tat,1
sadness,atmete,1
sadness,erinnerung,2
sadness,hoffnung,1
sadness,bitterkalt,1
sadness,inga,1
sadness,zündete,1
sadness,hölzchen,1
sadness,leitete,1
sadness,größer,1
sadness,hallte,1
sadness,eis,1
sadness,tages,1
sadness,traf,1
sadness,elsa,1
sadness,anna,1
sadness,versehentlich,1
sadness,sank,1
sadness,bewusstlos,1
sadness,boden,1
sadness,rot,1
sadness,schwer.,1
sadness,schwerer,2
sadness,webte,1
sadness,wund,1
sadness,brannten,1
sadness,grauen,1
sadness,wind,1
sadness,gassen,1
sadness,pfiff,1
sadness,hungriger,1
sadness,hund,1
sadness,lebte,1
sadness,namens,1
sadness,hella,2
sadness,brauche,1
sadness,mehr.,1
sadness,starb,1
sadness,streichholzmädchen,1
sadness,gesucht,1
sadness,wälder,1
sadness,felder,1
sadness,retten,1
sadness,endlich,1
sadness,stimme,1
sadness,lied,1
sadness,vermisst,1
sadness,zog,1
sadness,kleinen,1
sadness,tae‑soo,1
sadness,altes,1
sadness,wirkendes,1
sadness,apartment,1
sadness,goksung‑station,1
sadness,verdunkelt,1
sadness,wenig,1
sadness,gekränkt,1
sadness,wald,1
sadness,maria,1
sadness,blieb,1
sadness,zugeben,1
sadness,liebte.,1
sadness,zauberer,1
sadness,machte,1
sadness,vorwürfe,1
sadness,evan,1
sadness,kummer,1
caring,böse,1
caring,helfen,3
caring,nixe,2
caring,schaden,1
caring,roten,1
caring,stein,1
caring,belohnung,1
caring,–,3
caring,schon,2
caring,bekommen,1
caring,mutter,1
caring,kleinen,2
caring,wasser,2
caring,entfalten,1
caring,seeblumen,1
caring,schiff,2
caring,schützend,1
caring,umblühen,1
caring,nachdem,1
caring,däumelinchen,1
caring,halb,1
caring,erfrorene,1
caring,schwalbe,1
caring,findet,1
caring,pflegt,1
caring,vogel,2
caring,gesund,1
caring,trifft,1
caring,hilfsbereiten,1
caring,gendarmen,1
caring,fasst,1
caring,vertrauen,1
caring,klärt,1
caring,zustände,1
caring,heim,1
caring,begibt,1
caring,suche,1
caring,verschwundenen,1
caring,freundin,1
caring,emil,1
caring,kümmert,1
caring,fürsorglich,1
caring,waisenkinder,1
caring,gibt,2
caring,frau,1
caring,landfried,1
caring,entlassung,1
caring,gefängnis,1
caring,angestellte,1
caring,zweite,1
caring,chance,1
caring,arbeiten,1
caring,auskommen,1
caring,verdienen,1
caring,schlecht,1
caring,behandelt,1
caring,endlich,1
caring,hella,1
caring,jemanden,1
caring,sorgen,1
caring,pflege,1
caring,schätzen,1
caring,weiß,1
caring,herabsausende,1
caring,schwert,1
caring,zerbricht,1
caring,rettet,1
caring,schwester,2
caring,glas,1
caring,herzen,4
caring,saß,1
caring,daher,1
caring,kam,1
caring,kleine,4
caring,gerda,1
caring,neckte,1
caring,ganzem,2
caring,gut,3
caring,lebe,4
caring,wohl,5
caring,'',14
caring,gib,1
caring,mädchen,2
caring,recht,3
caring,acht,2
caring,``,8
caring,unglücklich,1
caring,segnet,1
caring,augenblick,1
caring,galoschen,2
caring,los,1
caring,segne,1
caring,erbarmer,1
caring,gewisse,1
caring,dinge,1
caring,welt,3
caring,auszusprechen,1
caring,vorsichtig,2
caring,muß,3
caring,doppelt,1
caring,glücks,1
caring,füßen,1
caring,gönnen,1
caring,spaziergang,1
caring,vielen,1
caring,sitzen,1
caring,sicher,1
caring,wohlthuend,1
caring,wirken,1
caring,zuerst,1
caring,ging,1
caring,kirchhofe,1
caring,vaters,1
caring,grab,1
caring,betete,1
caring,vaterunser,1
caring,sagte,2
caring,johannes,1
caring,nickte,1
caring,lebewohl,2
caring,kobold,1
caring,schwenkte,1
caring,rothe,1
caring,mütze,1
caring,legte,1
caring,hand,1
caring,herz,3
caring,warf,1
caring,viele,1
caring,kußhändchen,1
caring,zeigen,1
caring,glückliche,1
caring,reise,1
caring,wünsche,1
caring,draußen,1
caring,schlosse,1
caring,prinzessin,1
caring,flüsterte,1
caring,zugleich,1
caring,denke,1
caring,kopf,2
caring,geschwind,1
caring,fluß,1
caring,werfen,1
caring,ertrinkt,1
caring,sagt,1
caring,dergleichen,1
caring,könnt,1
caring,verlieren,1
caring,kommt,2
caring,große,1
caring,führen,1
caring,entenhof,1
caring,präsentiren,1
caring,haltet,1
caring,immer,2
caring,nahe,1
caring,niemand,1
caring,trete,1
caring,nehmt,1
caring,katzen,1
caring,bilde,1
caring,kind,1
caring,willst,1
caring,erleiden,1
caring,streck,1
caring,zunge,1
caring,hervor,1
caring,schneide,1
caring,ab,1
caring,bezahlung,1
caring,bekommst,1
caring,dafür,2
caring,kräftigen,1
caring,trank,1
caring,jüngste,1
caring,fand,1
caring,meeresufer,1
caring,rettete,4
caring,leben,1
caring,gehört,1
caring,heiligen,1
caring,tempel,1
caring,gesagt,1
caring,nie,1
caring,hinaus,1
caring,begegnen,1
caring,einander,1
caring,mehr,1
caring,sehe,1
caring,tag,1
caring,bringen,2
caring,fort,1
caring,weicher,1
caring,feinen,1
caring,hände,1
caring,formt,1
caring,steine,1
caring,fühlt,1
caring,schmerzen,1
caring,finger,1
caring,fühlen,1
caring,leidet,1
caring,angst,1
caring,qual,1
caring,aushalten,1
caring,mußt,1
caring,bat,1
caring,toten,1
caring,fürchten,1
caring,gange,1
caring,liege,1
caring,bleib,1
caring,warmen,1
caring,bette,1
caring,pflegen,1
caring,widerspenstig,1
caring,weißen,1
caring,zähnen,1
caring,beißen,1
caring,helle,1
caring,sonne,1
caring,arielle,1
caring,beobachtete,1
caring,sturm,1
caring,zerschlug,1
caring,prinzen,1
caring,ertrinken,1
caring,begann,1
caring,schlagen,1
caring,annas,1
caring,opfer,1
caring,akt,1
caring,wahrer,1
caring,liebe,1
caring,—,2
caring,ersten,1
caring,mal,1
caring,durfte,1
caring,jemandem,1
caring,fürsorge,1
caring,brauchte,1
caring,glück,1
caring,lyria,1
caring,trug,1
caring,nacht,1
caring,strand,1
caring,legen,1
caring,konnte,1
caring,gebe,1
caring,beine,1
caring,schmerz,1
caring,ständiger,1
caring,begleiter,1
caring,elf,1
caring,schwäne,1
caring,wurde,1
caring,königin,1
caring,blieb,1
caring,stille,1
caring,sanfte,1
caring,seele,1
caring,blutenden,1
caring,händen,1
caring,unerschütterlichem,1
caring,brüder,1
caring,gerettet,1
fear,königliche,1
fear,meeresfamilie,1
fear,sieht,1
fear,voll,1
fear,schrecken,1
fear,weitem,1
fear,entsetzte,2
fear,junge,2
fear,mädchen,2
fear,flieht,2
fear,hässlichen,1
fear,dummen,1
fear,bräutigam,1
fear,seerosenblatt,1
fear,stiel,1
fear,freundlichen,1
fear,fischen,1
fear,durchgenagt,1
fear,entkommen,2
fear,mutter,1
fear,entsetzt,4
fear,geschehene,1
fear,gutzumachen,1
fear,prinzessin,6
fear,kündigt,1
fear,aufgebracht,1
fear,entscheidende,1
fear,dritte,1
fear,frage,2
fear,kommenden,2
fear,tag,3
fear,emil,2
fear,angst,13
fear,angedrohten,1
fear,züchtigung,1
fear,übergibt,1
fear,inga,1
fear,selbstlos,1
fear,wenige,1
fear,verdiente,1
fear,geld,1
fear,drei,1
fear,hölzer,1
fear,abkauft,1
fear,begibt,1
fear,allein,4
fear,suche,1
fear,weiterer,1
fear,kundschaft,1
fear,jan,3
fear,furcht,2
fear,ergriffen,2
fear,drängt,1
fear,reisekamerad,1
fear,aufgabe,2
fear,stellen,1
fear,nacht,6
fear,erscheint,1
fear,hund,5
fear,nimmt,1
fear,schreckgeweiteten,1
fear,augen,2
fear,kammerfrau,1
fear,panik,4
fear,elsa,4
fear,nordberg,1
fear,entfesselt,1
fear,unabsichtlich,1
fear,ewigen,1
fear,winter,2
fear,arendelle,2
fear,irrt,1
fear,verängstigt,2
fear,wald,2
fear,bereut,1
fear,schon,1
fear,weggelaufen,1
fear,flogen,1
fear,höher,2
fear,gott,1
fear,engeln,1
fear,näher,1
fear,erzitterte,1
fear,spiegel,1
fear,fürchterlich,2
fear,grinsen,1
fear,händen,2
fear,entfiel,1
fear,erde,1
fear,stürzte,2
fear,hundert,1
fear,millionen,1
fear,billionen,1
fear,mehr,2
fear,stücke,1
fear,zersprang,1
fear,stiefel,1
fear,knarrten,1
fear,gar,1
fear,gewaltig,1
fear,laut,1
fear,wurde,7
fear,bange,4
fear,'',12
fear,oh,1
fear,gerdas,2
fear,herz,3
fear,sehnsucht,2
fear,pochte,1
fear,abend,2
fear,kitzele,1
fear,scharfen,2
fear,messer,1
fear,halse,2
fear,davor,2
fear,furchtet,1
fear,gerda,2
fear,blickte,1
fear,furchtsam,1
fear,freilich,1
fear,weit,2
fear,größer,1
fear,fürchterlicher,1
fear,lebten,1
fear,größte,1
fear,erstreckte,1
fear,mehrere,1
fear,meilen,1
fear,lang,2
fear,aeltere,1
fear,sah,9
fear,finster,1
fear,sorge,3
fear,geht,1
fear,immer,2
fear,höchsteigner,1
fear,person,1
fear,geschäfte,1
fear,besorgen,1
fear,weiß,1
fear,selbige,1
fear,gut,1
fear,ausgeführt,1
fear,``,7
fear,ja,3
fear,schrecklich,4
fear,schmuzig,1
fear,erschrecklich,8
fear,oststraße,1
fear,erkennen,1
fear,schrecklichste,2
fear,augenblick,2
fear,leben,1
fear,glas,1
fear,punsch,1
fear,gewirkt,1
fear,muß,1
fear,gedachte,1
fear,noth,2
fear,ausgestanden,1
fear,pries,1
fear,herzen,3
fear,glückliche,1
fear,wirklichkeit,1
fear,zeit,1
fear,mängeln,1
fear,besser,1
fear,sei,3
fear,kurzem,1
fear,gedichte,1
fear,schreibt,1
fear,verliebt,1
fear,besonnener,1
fear,mann,1
fear,läßt,1
fear,drucken,1
fear,erschreckliches,1
fear,schneewetter,1
fear,copist,1
fear,fühlte,1
fear,tödtlichsten,1
fear,schreck,2
fear,flog,1
fear,fenster,1
fear,häuser,1
fear,straßen,2
fear,davon,2
fear,zuletzt,1
fear,mußte,1
fear,ausruhen,1
fear,unruhiger,1
fear,traum,1
fear,böses,1
fear,wetter,2
fear,sputete,1
fear,dach,1
fear,fach,1
fear,gelangen,1
fear,bald,1
fear,finstere,1
fear,erreichte,2
fear,endlich,1
fear,kleine,3
fear,kirche,1
fear,ganz,8
fear,einsam,1
fear,kleinen,2
fear,hügel,1
fear,lag,1
fear,dicke,1
fear,wolken,1
fear,später,1
fear,leute,1
fear,wirthshause,1
fear,bett,1
fear,gegangen,1
fear,jemand,1
fear,tief,1
fear,seufzte,1
fear,lange,1
fear,fortfuhr,1
fear,aufstanden,1
fear,sehen,2
fear,wer,1
fear,schauerlich,1
fear,schauderte,1
fear,menschen,1
fear,anzusehen,1
fear,saß,2
fear,gerade,3
fear,steinbild,1
fear,konnte,2
fear,einziges,1
fear,wort,1
fear,sagen,1
fear,entsetzlich,3
fear,furchtbar,1
fear,sagte,3
fear,klaus,2
fear,tat,1
fear,fürchte,4
fear,sacke,1
fear,steckte,1
fear,wind,1
fear,pfiff,1
fear,ohren,1
fear,brücke,1
fear,hinunter,2
fear,kalte,1
fear,wasser,4
fear,warfst,1
fear,lege,1
fear,stein,1
fear,hinein,1
fear,untersinke,1
fear,große,2
fear,vieh,1
fear,finden,1
fear,abends,1
fear,zog,2
fear,furchtbares,1
fear,blitzte,1
fear,donnerte,1
fear,regen,1
fear,herab,1
fear,soldat,1
fear,schreckliche,1
fear,danach,1
fear,wunderschöne,1
fear,wiederzusehen,1
fear,kam,3
fear,nahm,4
fear,lief,2
fear,alte,1
fear,hofdame,1
fear,wasserstiefel,1
fear,ebenso,1
fear,schnell,2
fear,hinterdrein,1
fear,ging,2
fear,muthig,1
fear,kirchhofsthüre,1
fear,rothen,1
fear,schuhe,1
fear,her,1
fear,tanzen,2
fear,kehrte,1
fear,bereute,1
fear,recht,1
fear,sünde,1
fear,angeführt,1
fear,worden,1
fear,jungen,1
fear,drinnen,2
fear,schrecklicher,1
fear,lärmen,1
fear,zwei,1
fear,familien,1
fear,aalkopf,1
fear,bissen,1
fear,ende,1
fear,bekam,3
fear,katze,1
fear,arme,1
fear,entlein,3
fear,wendete,1
fear,kopf,1
fear,flügel,1
fear,stecken,1
fear,stand,2
fear,großer,1
fear,dicht,1
fear,zunge,1
fear,hing,1
fear,heraus,1
fear,leuchteten,1
fear,gräulich,1
fear,häßlich,1
fear,streckte,2
fear,rachen,1
fear,entgegen,1
fear,zeigte,1
fear,zähne,1
fear,platsch,1
fear,drehte,1
fear,rad,1
fear,rund,1
fear,herum,2
fear,hals,1
fear,hoch,1
fear,luft,1
fear,stieß,1
fear,lauten,1
fear,sonderbaren,1
fear,schrei,1
fear,fürchtete,6
fear,bucht,1
fear,traf,2
fear,schar,1
fear,kleiner,1
fear,menschenkinder,1
fear,nackend,1
fear,liefen,1
fear,umher,1
fear,plätscherten,1
fear,spielen,1
fear,erschreckt,2
fear,gelaufen,1
fear,kleines,1
fear,schwarzes,1
fear,tier,1
fear,gekommen,1
fear,nie,1
fear,zuvor,1
fear,gesehen,2
fear,bellte,1
fear,offene,1
fear,see,2
fear,kommen,1
fear,suchte,1
fear,schiffen,1
fear,segel,2
fear,herein,1
fear,überall,1
fear,herrschte,1
fear,grauen,1
fear,ruhig,1
fear,schwimmenden,1
fear,eisberg,1
fear,blauen,1
fear,blitze,1
fear,zickzack,1
fear,schimmernde,1
fear,herniederschlagen,1
fear,schreckliches,1
fear,unwetter,1
fear,anzuge,1
fear,deshalb,1
fear,nahmen,1
fear,matrosen,1
fear,schwestern,1
fear,vaters,1
fear,schloß,1
fear,meerhexe,1
fear,gehen,2
fear,gefürchtet,1
fear,seejungfer,1
fear,blieb,2
fear,erschrocken,2
fear,draußen,1
fear,stehen,1
fear,klopfte,1
fear,fast,2
fear,wäre,2
fear,umgekehrt,1
fear,dachte,2
fear,prinzen,1
fear,menschenseele,1
fear,machte,1
fear,mut,1
fear,erschien,1
fear,schrecklichtse,1
fear,dampf,1
fear,seltsamsten,1
fear,gestalten,1
fear,polypen,1
fear,zogen,1
fear,zurück,3
fear,leuchtenden,1
fear,trank,1
fear,sahen,1
fear,hand,2
fear,glänzte,1
fear,funkelnden,1
fear,stern,1
fear,hielte,1
fear,begegnen,1
fear,köstliche,1
fear,tracht,1
fear,ertönte,1
fear,jagdhorn,1
fear,bergen,1
fear,herzensangst,1
fear,böse,1
fear,that,1
fear,vorhabe,1
fear,schlich,1
fear,mondhellen,1
fear,garten,1
fear,langen,1
fear,alleen,1
fear,einsamen,1
fear,kirchhofe,1
fear,hinaus,1
fear,beichtstuhle,1
fear,könige,1
fear,miene,1
fear,finsterer,1
fear,elisa,1
fear,begriff,1
fear,weshalb,1
fear,ängstigte,1
fear,litt,1
fear,brüder,1
fear,einsame,1
fear,wanderung,1
fear,schrecklichen,1
fear,lamien,1
fear,wille,1
fear,fest,1
fear,sowie,1
fear,vertrauen,1
fear,herrn,1
fear,wich,1
fear,haufen,1
fear,seite,1
fear,fremde,1
fear,schützte,1
fear,rubin,1
fear,glühte,1
fear,mal,2
fear,wolle,1
fear,warnen,1
fear,frau,1
fear,unterwegs,1
fear,großen,1
fear,erwartete,1
fear,floh,2
fear,irrte,1
fear,derweil,1
fear,voller,2
fear,zweifel,1
fear,„,1
fear,“,2
fear,rief,1
fear,selbst.,1
fear,erschrak,1
fear,begleiter,1
fear,legte,1
fear,schulter,1
fear,wünschte,1
fear,dampfbad,1
fear,—,3
fear,sofort,1
fear,verzweifelt,1
fear,jedoch,2
fear,kaum,1
fear,verdient,1
fear,strafe,1
fear,häuptling,1
fear,heilte,1
fear,anna,3
fear,erinnerung,1
fear,elsas,2
fear,kräfte,1
fear,warnte,1
fear,größter,1
fear,feind,1
fear,verbrachte,1
fear,tage,1
fear,verschlossenen,1
fear,türen,1
fear,jemandem,1
fear,schaden,1
fear,eis,1
fear,schoss,1
fear,boden,1
fear,gefror,1
fear,gäste,1
fear,wichen,1
fear,berge,1
fear,erfuhr,1
fear,gefangen,1
fear,geriet,1
fear,erneut,1
fear,mitten,1
fear,schneesturm,1
fear,tobte,1
fear,geboren,1
fear,unruhig,1
fear,gedanken,1
fear,flatterten,1
fear,motten,1
fear,kerze,1
fear,dumm,1
fear,gehalten,1
fear,zugab,1
fear,lyria,1
fear,spürte,1
fear,zerbrach,1
fear,haus,1
fear,aufgebrachte,1
fear,menge,1
fear,drohte,1
fear,außer,1
fear,kontrolle,1
fear,geraten,1
fear,vater,1
fear,gern,1
fear,jemanden,1
fear,verlieren,1
fear,julian,1
fear,bleich,1
fear,bat,1
disapproval,wunsch,1
disapproval,erfüllt,1
disapproval,beiden,2
disapproval,missfällt,1
disapproval,ungerechtigkeit,1
disapproval,kaiser,2
disapproval,land,1
disapproval,regiert,1
disapproval,allerdings,1
disapproval,erweisen,1
disapproval,undankbar,1
disapproval,schicken,1
disapproval,schlafen,1
disapproval,essen,1
disapproval,lagerfeuer,1
disapproval,schmecken,1
disapproval,lassen,2
disapproval,allein,2
disapproval,schloss,1
disapproval,aufmachen,1
disapproval,jan,1
disapproval,reise,1
disapproval,kirche,1
disapproval,übernachtet,1
disapproval,ertappt,1
disapproval,zwei,1
disapproval,räuber,1
disapproval,aufgebahrten,1
disapproval,leichnam,1
disapproval,ausplündern,1
disapproval,anmerken,1
disapproval,sehe,1
disapproval,niemand,2
disapproval,wußte,1
disapproval,konnte,1
disapproval,bescheid,1
disapproval,geben,1
disapproval,erwiderten,1
disapproval,ende,1
disapproval,glaubte,1
disapproval,kleine,2
disapproval,gerda,2
disapproval,``,16
disapproval,nein,20
disapproval,sicher,1
disapproval,schlitten,1
disapproval,'',19
disapproval,möglich,1
disapproval,schloß,1
disapproval,hineinkommen,1
disapproval,kannst,1
disapproval,ja,1
disapproval,barfuß,1
disapproval,weine,1
disapproval,sagte,4
disapproval,erzählte,1
disapproval,erlebt,1
disapproval,kleinen,2
disapproval,kay,2
disapproval,lieb,1
disapproval,hätte,1
disapproval,schneekönigin,1
disapproval,hineingelangen,1
disapproval,glas,1
disapproval,entfernen,1
disapproval,helfen,1
disapproval,gar,2
disapproval,wohl,2
disapproval,erwiderte,1
disapproval,mann,1
disapproval,heiberg,1
disapproval,godfred,1
disapproval,gehmen,1
disapproval,herausgekommen,1
disapproval,komme,1
disapproval,hindurch,1
disapproval,laßt,3
disapproval,menschen,3
disapproval,bietet,1
disapproval,mehr,1
disapproval,gekostet,1
disapproval,nie,4
disapproval,zauberer,1
disapproval,hagelwetter,1
disapproval,ausgewesen,1
disapproval,storch,1
disapproval,fliegt,1
disapproval,herunter,1
disapproval,beißt,1
disapproval,beine,1
disapproval,laß,1
disapproval,gehörig,1
disapproval,böse,1
disapproval,tat,1
disapproval,sei,2
disapproval,begangen,1
disapproval,schlechter,1
disapproval,mensch,2
disapproval,bestraft,1
disapproval,müsse,1
disapproval,gehst,1
disapproval,erste,2
disapproval,kammer,1
disapproval,hinein,1
disapproval,siehst,1
disapproval,mitten,1
disapproval,fußboden,1
disapproval,große,1
disapproval,kiste,1
disapproval,hund,1
disapproval,sitzt,1
disapproval,paar,2
disapproval,augen,1
disapproval,groß,1
disapproval,teetassen,1
disapproval,darum,1
disapproval,sollst,1
disapproval,kümmern,1
disapproval,hexe,1
disapproval,einzigen,1
disapproval,schilling,1
disapproval,scheußlich,1
disapproval,sprechen,1
disapproval,schadet,1
disapproval,entenhofe,1
disapproval,geboren,1
disapproval,schwanenei,1
disapproval,gelegen,1
disapproval,alte,1
disapproval,geglaubt,1
disapproval,darf,1
disapproval,wissen,1
disapproval,geht,1
disapproval,erzähle,1
disapproval,könne,1
disapproval,zeug,1
disapproval,sehen,1
disapproval,tauge,1
disapproval,morgen,1
disapproval,fliegen,1
disapproval,ablauf,1
disapproval,ganzen,1
disapproval,jahres,1
disapproval,zurückkehren,1
disapproval,nahmen,1
disapproval,niedliche,1
disapproval,bett,1
disapproval,schwammen,1
disapproval,fort,1
disapproval,däumelinchen,1
disapproval,saß,1
disapproval,ganz,1
disapproval,weinte,1
disapproval,grünen,1
disapproval,blatte,1
disapproval,mochte,2
disapproval,garstigen,1
disapproval,kröte,1
disapproval,wohnen,1
disapproval,häßlichen,1
disapproval,sohn,1
disapproval,manne,1
disapproval,durfte,1
disapproval,geschehen,1
disapproval,gelehrsamkeit,1
disapproval,besaß,1
disapproval,sonne,1
disapproval,schönen,1
disapproval,blumen,1
disapproval,leiden,1
disapproval,sprach,1
disapproval,schlecht,1
disapproval,gesehen,1
disapproval,prinz,1
disapproval,wusste,1
disapproval,glauben,1
disapproval,sah,1
disapproval,—,1
disapproval,eigene,1
disapproval,unwürdigkeit,1
disapproval,eingestand,1
disappointment,nächsten,1
disappointment,tag,3
disappointment,mädchen,5
disappointment,erneut,1
disappointment,langweilig,1
disappointment,gelingt,2
disappointment,bezahlt,1
disappointment,leben,3
disappointment,beglückt,1
disappointment,traurige,1
disappointment,schöne,1
disappointment,prinz,2
disappointment,enttäuscht,4
disappointment,weiterwandern,1
disappointment,arielle,2
disappointment,englischen,1
disappointment,original,1
disappointment,ariel,1
disappointment,jüngste,1
disappointment,tochter,3
disappointment,könig,1
disappointment,triton,2
disappointment,herrscher,1
disappointment,meeresvolk,1
disappointment,meer,2
disappointment,unzufrieden,1
disappointment,gemeinsam,1
disappointment,reisen,1
disappointment,beide,3
disappointment,prinzessin,5
disappointment,agnes,1
disappointment,dabei,2
disappointment,dieben,1
disappointment,verfolgt,1
disappointment,fehlende,1
disappointment,teilchen,1
disappointment,hella,4
disappointment,insgeheim,1
disappointment,erhofft,1
disappointment,tages,1
disappointment,kurts,1
disappointment,ehefrau,1
disappointment,sieht,1
disappointment,bitter,1
disappointment,eröffnet,1
disappointment,demnächst,1
disappointment,heiraten,1
disappointment,…,1
disappointment,leider,1
disappointment,achten,1
disappointment,straßenverkehr,1
disappointment,erfasst,1
disappointment,herannahendes,1
disappointment,auto,1
disappointment,verletzt,1
disappointment,nachdem,1
disappointment,grafen,1
disappointment,enttäuschung,5
disappointment,erlebt,2
disappointment,erscheint,1
disappointment,gewisser,1
disappointment,holting,3
disappointment,sogleich,1
disappointment,graf,2
disappointment,tannen,1
disappointment,duell,1
disappointment,herausfordert,1
disappointment,verwundet,1
disappointment,scheinen,1
disappointment,anzunähern,1
disappointment,diesmal,1
disappointment,scheint,1
disappointment,empathie,1
disappointment,einst,2
disappointment,erlittenes,1
disappointment,leid,1
disappointment,kind,1
disappointment,streichholzverkäuferin,1
disappointment,entwickeln,1
disappointment,ehrlichherz,1
disappointment,alias,1
disappointment,schweinehirt,1
disappointment,hofdamen,1
disappointment,schlimmerem,1
disappointment,bewahrt,1
disappointment,elsa,2
disappointment,trotz,1
disappointment,versuche,1
disappointment,kräfte,1
disappointment,kontrollieren,1
disappointment,angst,2
disappointment,könnten,2
disappointment,magie,1
disappointment,bemerken,1
disappointment,menschen,1
disappointment,umgebung,1
disappointment,anna,2
disappointment,verletzen,1
disappointment,immer,1
disappointment,größer,1
disappointment,zehn,1
disappointment,jahre,1
disappointment,später,2
disappointment,verunglücken,1
disappointment,eltern,1
disappointment,schweren,1
disappointment,sturm,1
disappointment,hoher,1
disappointment,see,2
disappointment,tödlich,1
disappointment,sinkt,1
disappointment,verzweiflung,4
disappointment,boden,1
disappointment,königs,1
disappointment,trifft,1
disappointment,leere,1
disappointment,kutsche,1
disappointment,strauß,1
disappointment,wunderschöner,1
disappointment,wiesenblumen,1
disappointment,befindet,1
disappointment,großmutter,1
disappointment,pepolino,1
disappointment,fische,1
disappointment,mitbringt,1
disappointment,lieber,1
disappointment,trobador,1
disappointment,pirat,1
disappointment,kleine,1
disappointment,fiel,2
disappointment,hals,1
disappointment,blinzelte,1
disappointment,augen,1
disappointment,nein,1
disappointment,gar,3
disappointment,sehen,2
disappointment,sieh,1
disappointment,ja,1
disappointment,ganz,1
disappointment,schief,1
disappointment,``,6
disappointment,fällt,1
disappointment,schwer,1
disappointment,sprache,1
disappointment,reden,1
disappointment,junge,1
disappointment,männer,1
disappointment,strömten,1
disappointment,herzu,1
disappointment,gedränge,1
disappointment,gelaufe,1
disappointment,glückte,1
disappointment,weder,2
disappointment,ersten,2
disappointment,zweiten,1
disappointment,anfang,1
disappointment,hause,2
disappointment,kopenhagen,1
disappointment,weit,1
disappointment,königs-neumarkt,1
disappointment,gesellschaft,2
disappointment,große,1
disappointment,versammelt,1
disappointment,eingeladenen,1
disappointment,einladungen,1
disappointment,erhalten,1
disappointment,suchte,1
disappointment,finden,2
disappointment,leichenbitterstyl,1
disappointment,gute,1
disappointment,baccalaureus,1
disappointment,unwissend,1
disappointment,einfachsten,1
disappointment,aeußerungen,1
disappointment,justizraths,1
disappointment,klangen,1
disappointment,dreist,1
disappointment,phantastisch,1
disappointment,finstre,1
disappointment,zukunft,1
disappointment,seh,1
disappointment,ach,1
disappointment,armer,1
disappointment,lüge,1
disappointment,recht,1
disappointment,hübsch,1
disappointment,galoschen,1
disappointment,glücks,1
disappointment,schreckliche,1
disappointment,lage,1
disappointment,gebracht,1
disappointment,unglücklicherweise,1
disappointment,frei,1
disappointment,wünschen,1
disappointment,seufzte,1
disappointment,wären,1
disappointment,seite,1
disappointment,alpen,1
disappointment,wäre,3
disappointment,sommer,1
disappointment,hätte,2
disappointment,geld,1
disappointment,accreditiv,1
disappointment,erhoben,1
disappointment,fühle,1
disappointment,macht,1
disappointment,schweiz,1
disappointment,genieße,1
disappointment,arme,2
disappointment,mann,1
disappointment,ganze,1
disappointment,komödie,1
disappointment,gab,3
disappointment,erschrocken,1
disappointment,betrübt,1
disappointment,königin,2
disappointment,allein,1
disappointment,konnte,3
disappointment,helfen,1
disappointment,richtig,1
disappointment,gerathen,1
disappointment,nie,5
disappointment,schönere,1
disappointment,musik,1
disappointment,gehört,1
disappointment,reiste,1
disappointment,ganzen,1
disappointment,welt,1
disappointment,herum,1
disappointment,überall,1
disappointment,fehlte,1
disappointment,gott,1
disappointment,weiß,1
disappointment,bett,1
disappointment,dachte,1
disappointment,merkwürdig,1
disappointment,bekommen,1
disappointment,darf,1
disappointment,eben,1
disappointment,angenehm,1
disappointment,hören,1
disappointment,feuerzeug,1
disappointment,zuhause,1
disappointment,wirtshause,1
disappointment,vergessen,1
disappointment,hübsche,1
disappointment,kinder,1
disappointment,mutter,2
disappointment,'',2
disappointment,sagte,1
disappointment,alte,1
disappointment,ente,1
disappointment,lappen,1
disappointment,bein,1
disappointment,schön,1
disappointment,geglückt,1
disappointment,möchte,1
disappointment,umarbeiten,1
disappointment,ging,1
disappointment,wurde,1
disappointment,schlimmer,2
disappointment,schon,1
disappointment,froh,1
disappointment,enten,1
disappointment,geduldet,1
disappointment,hätten,1
disappointment,häßliche,1
disappointment,tier,1
disappointment,stumm,1
disappointment,singen,1
disappointment,sprechen,1
disappointment,allerhöchste,1
disappointment,hoffen,1
disappointment,wagte,1
disappointment,priester,1
disappointment,schwangen,1
disappointment,erfüllung,1
disappointment,gegangen,1
disappointment,ewige,1
disappointment,nacht,1
disappointment,gedanken,1
disappointment,träume,1
disappointment,wartete,1
disappointment,seele,1
disappointment,nimmermehr,1
disappointment,gewinnen,1
disappointment,übernachten,1
disappointment,unserer,1
disappointment,menschengestalt,1
disappointment,liebes,1
disappointment,vaterland,1
disappointment,besuchen,1
disappointment,zwei,1
disappointment,längsten,1
disappointment,tage,1
disappointment,jahres,1
disappointment,brauchen,1
disappointment,unserm,1
disappointment,flug,1
disappointment,trat,1
disappointment,elisa,1
disappointment,schöneres,1
disappointment,gesehen,1
disappointment,kaum,1
disappointment,kam,1
disappointment,näher,1
disappointment,flatterten,1
disappointment,davon,1
disappointment,schatten,1
disappointment,unglück,1
disappointment,bringt,1
disappointment,erfüllten,1
disappointment,herzenswünsche,1
disappointment,–,3
disappointment,erwartete,3
disappointment,fanden,1
disappointment,heraus,1
disappointment,prinzen,1
disappointment,stimmte,1
disappointment,gestand,1
disappointment,blind,1
disappointment,sei,2
disappointment,falschen,1
disappointment,glück,1
disappointment,nachgejagt,1
disappointment,wahre,1
disappointment,beinahe,1
disappointment,verloren,2
disappointment,erbse,1
disappointment,königreich,1
disappointment,friedlich,1
disappointment,wirkte,1
disappointment,stiller,1
disappointment,morgengrauen,1
disappointment,oberfläche,2
disappointment,brodelte,1
disappointment,unheil,1
disappointment,wer,1
disappointment,scheiterte,1
disappointment,verlor,2
disappointment,sōsuke,1
disappointment,untröstlich,1
disappointment,lisa,1
disappointment,versuchte,2
disappointment,trösten,2
disappointment,berühren,1
disappointment,—,3
disappointment,erwachsener,1
disappointment,zog,2
disappointment,zurück,2
disappointment,kehrte,1
disappointment,cape,1
disappointment,cod,1
disappointment,schatzkammern,1
disappointment,leer,1
disappointment,händler,1
disappointment,murrten,1
disappointment,hofkatzen,1
disappointment,bekamen,1
disappointment,dünne,1
disappointment,suppe,1
disappointment,schien,1
disappointment,sah,1
disappointment,unglücklich,1
disappointment,erik,1
disappointment,liebte,1
disappointment,tausendschön,1
disappointment,fliehen,1
disappointment,schneekönigin,1
disappointment,hielt,1
disappointment,fest,1
disappointment,gerda,1
disappointment,außer,1
disappointment,mut,1
disappointment,brachte,1
disappointment,königliche,1
disappointment,familie,1
disappointment,trollen,1
disappointment,felsbrocken,1
disappointment,tarnen,1
disappointment,konnten,1
disappointment,steckte,1
disappointment,beutel,1
disappointment,machte,1
disappointment,heimweg,1
disappointment,schlechtem,1
disappointment,gewissen,1
disappointment,schenkte,1
disappointment,kleinen,1
disappointment,klaus,1
disappointment,wirtshaus,1
disappointment,lächelte,1
disappointment,tapfer,1
disappointment,inneren,1
disappointment,brach,1
disappointment,entzwei,1
disappointment,enttäuschte,1
disappointment,absicht,1
disappointment,körper,1
disappointment,geschwächt,1
disappointment,krankheit,1
disappointment,meerkönig,1
disappointment,worte,1
disappointment,schwere,1
disappointment,steine,1
disappointment,schmerz,1
disappointment,auflösung,1
disappointment,molly,1
disappointment,stand,1
disappointment,daneben,1
disappointment,abgebrannte,1
disappointment,streichholz,1
disappointment,hand,1
disappointment,böse,1
disappointment,verschwand,1
disappointment,reich,1
disappointment,niemand,1
disappointment,fragte,1
disappointment,je,1
disappointment,wohin,1
disappointment,soldaten,1
disappointment,wollten,1
disappointment,fassen,1
disappointment,entkam,1
disappointment,wandte,1
disappointment,vicki,1
disappointment,hauptrolle,1
disappointment,neuen,1
disappointment,stück,1
disappointment,roten,2
disappointment,schuhe,3
disappointment,alten,1
disappointment,märchen,2
disappointment,tanzt,1
disappointment,mehr,1
disappointment,tanz,1
disappointment,zwangen,1
disgust,herrscher,1
disgust,troll,1
disgust,entstelltes,1
disgust,gesicht,1
disgust,tuch,1
disgust,verbirgt,1
disgust,aufgrund,1
disgust,ungeschicklichkeit,1
disgust,familie,1
disgust,verspottet,2
disgust,herrlichsten,1
disgust,landschaften,1
disgust,sahen,1
disgust,gekochter,1
disgust,spinat,1
disgust,darin,1
disgust,besten,2
disgust,menschen,2
disgust,wurden,2
disgust,widerlich,1
disgust,standen,1
disgust,kopfe,2
disgust,rumpf,1
disgust,gesichter,1
disgust,verdreht,1
disgust,erkennen,1
disgust,sonnenfleck,1
disgust,konnte,4
disgust,überzeugt,1
disgust,nase,1
disgust,mund,1
disgust,verbreitete,1
disgust,platz,1
disgust,banden,1
disgust,kecksten,1
disgust,knaben,2
disgust,oft,2
disgust,schlitten,1
disgust,wagen,3
disgust,landleute,1
disgust,fest,1
disgust,fuhren,1
disgust,gutes,1
disgust,stück,1
disgust,wegs,1
disgust,``,7
disgust,bäumen,1
disgust,hängt,1
disgust,seilen,1
disgust,lange,1
disgust,brett,2
disgust,schaukel,1
disgust,schaukelndes,1
disgust,zerspringendes,1
disgust,schaumbild,1
disgust,gesang,1
disgust,'',8
disgust,riefen,1
disgust,stürzten,1
disgust,hervor,1
disgust,hielten,1
disgust,pferde,1
disgust,schlugen,1
disgust,kleinen,2
disgust,vorreiter,1
disgust,kutscher,1
disgust,diener,1
disgust,tot,1
disgust,zogen,1
disgust,kleine,1
disgust,gerda,1
disgust,erde,1
disgust,schwebte,1
disgust,große,1
disgust,dunkelrothe,1
disgust,kugel,1
disgust,kopf,2
disgust,dachte,1
disgust,sei,2
disgust,schlimmste,1
disgust,brachten,1
disgust,höchst,1
disgust,elegante,1
disgust,stube,1
disgust,hinein,2
disgust,dicke,1
disgust,lächelnde,1
disgust,dame,1
disgust,empfing,2
disgust,einzige,1
disgust,menschliche,1
disgust,tirade,1
disgust,papchen,1
disgust,plaudern,1
disgust,recht,1
disgust,komisch,1
disgust,klang,1
disgust,nein,1
disgust,laßt,1
disgust,gegenüberliegende,1
disgust,haus,1
disgust,heimisches,1
disgust,giftige,2
disgust,fliegen,1
disgust,mücken,1
disgust,flogen,1
disgust,tausenden,1
disgust,wirthin,1
disgust,bloßen,1
disgust,füßen,1
disgust,ungeordneten,1
disgust,haaren,1
disgust,schmutzigen,1
disgust,blouse,1
disgust,bedeckt,1
disgust,gäste,1
disgust,allerniedlichste,1
disgust,puppe,1
disgust,häßliche,3
disgust,bullenbeißer,1
disgust,abgebissen,1
disgust,schlimme,1
disgust,prinzessin,3
disgust,verbieten,1
disgust,böse,2
disgust,gesagt,1
disgust,wolle,2
disgust,nie,1
disgust,liebhabern,1
disgust,thun,2
disgust,könne,1
disgust,kamen,1
disgust,großen,1
disgust,saal,1
disgust,silber,1
disgust,gold,1
disgust,erbaut,1
disgust,blumen,3
disgust,groß,4
disgust,sonnenblumen,1
disgust,rothe,1
disgust,blaue,1
disgust,glänzten,1
disgust,wänden,1
disgust,niemand,1
disgust,pflücken,1
disgust,stengel,1
disgust,schlangen,1
disgust,feuer,1
disgust,rachen,1
disgust,herausbrannte,1
disgust,teufel,1
disgust,sieht,1
disgust,häßlich,11
disgust,lieber,1
disgust,sehen,1
disgust,sagte,1
disgust,bauer,1
disgust,oh,1
disgust,entsetzlich,1
disgust,schlecht,1
disgust,sprühte,1
disgust,brannte,1
disgust,karen,1
disgust,streckte,2
disgust,fuß,1
disgust,arme,2
disgust,entlein,5
disgust,zuletzt,1
disgust,ei,1
disgust,gekrochen,1
disgust,aussah,2
disgust,wurde,3
disgust,gebissen,1
disgust,gestoßen,1
disgust,gehabt,1
disgust,sowohl,1
disgust,enten,1
disgust,hühnern,1
disgust,wußte,1
disgust,stehen,1
disgust,gehen,1
disgust,betrübt,1
disgust,ganzen,1
disgust,entenhofe,1
disgust,stande,1
disgust,glück,1
disgust,seufzte,1
disgust,hund,1
disgust,beißen,1
disgust,mag,1
disgust,sturm,1
disgust,umsauste,1
disgust,niedersetzen,1
disgust,mußte,1
disgust,dagegen,1
disgust,stemmen,1
disgust,schlimmer,2
disgust,sah,2
disgust,eigenes,1
disgust,bild,1
disgust,plumper,1
disgust,schwarzgrauer,1
disgust,vogel,1
disgust,mehr,1
disgust,garstig,2
disgust,schwan,1
disgust,dreisteste,1
disgust,seltsamsten,1
disgust,gestalten,1
disgust,zeigten,1
disgust,funkelten,1
disgust,diamanten,1
disgust,kröte,1
disgust,naß,1
disgust,hüpfte,1
disgust,gerade,1
disgust,tisch,1
disgust,herunter,1
disgust,roten,1
disgust,däumelinchen,1
disgust,rosenblatt,1
disgust,schlief,1
disgust,hu,1
disgust,glich,2
disgust,koax,1
disgust,mutter,1
disgust,hässliche,1
disgust,winkel,1
disgust,schilfgürtels,1
disgust,wasser,1
disgust,leise,1
disgust,wurzeln,1
disgust,weiden,1
disgust,schlägt,1
disgust,saßen,1
disgust,ente,1
disgust,enterich,1
disgust,nest,1
disgust,warteten,1
disgust,schein,1
disgust,flamme,1
disgust,mädchen,2
disgust,ofen,1
disgust,glühend,1
disgust,hände,1
disgust,danach,1
disgust,hob,1
disgust,schwert,1
disgust,zerschmetterte,1
disgust,krone,1
disgust,dunkelheit,1
disgust,stiefmutter,1
disgust,könig,1
disgust,einst,1
disgust,zauberei,1
disgust,gebunden,1
disgust,ließ,1
disgust,audienz,1
disgust,verschandeln,1
disgust,eher,1
disgust,hexe,1
optimism,hofft,4
optimism,beide,1
optimism,endlich,1
optimism,kreation,1
optimism,zustande,1
optimism,bringen,1
optimism,schaffen,2
optimism,kai,1
optimism,zwischenzeit,1
optimism,wort,1
optimism,„,1
optimism,ewigkeit,1
optimism,“,1
optimism,eissplittern,1
optimism,zusammensetzen,1
optimism,belohnung,1
optimism,schneekönigin,1
optimism,ganze,1
optimism,welt,2
optimism,paar,2
optimism,neue,1
optimism,schlittschuhe,1
optimism,versprochen,1
optimism,verspricht,1
optimism,künftig,1
optimism,besser,2
optimism,aufzupassen,1
optimism,gepäck,1
optimism,befinden,1
optimism,zwei,1
optimism,ganz,1
optimism,besondere,1
optimism,geschenke,1
optimism,denen,1
optimism,herz,2
optimism,prinzessin,3
optimism,gewinnen,1
optimism,alte,1
optimism,könig,1
optimism,immer,1
optimism,sohn,1
optimism,umstimmen,2
optimism,setzt,1
optimism,hoffnung,4
optimism,deren,1
optimism,ankunft,1
optimism,erwartet,1
optimism,dafür,1
optimism,geld,1
optimism,bekommen,2
optimism,fisch,1
optimism,kaufen,1
optimism,mädchen,1
optimism,wirft,1
optimism,rose,1
optimism,hoffe,1
optimism,ehren,1
optimism,gelangen,1
optimism,dankbares,1
optimism,zeigen,1
optimism,'',6
optimism,sahen,1
optimism,einander,1
optimism,wurde,1
optimism,gar,1
optimism,arg,1
optimism,sprach,1
optimism,baccalaureus,1
optimism,latein,1
optimism,verstanden,1
optimism,half,1
optimism,``,2
optimism,glauben,1
optimism,land,1
optimism,wäre,1
optimism,heidenthume,1
optimism,zurückgekehrt,1
optimism,possierliches,1
optimism,concert,1
optimism,hoffentlich,1
optimism,natürlicher,1
optimism,denke,1
optimism,gute,3
optimism,kräfte,1
optimism,schlägt,1
optimism,schon,1
optimism,vielleicht,1
optimism,raten,1
optimism,helfen,1
optimism,dreihundert,2
optimism,jahre,1
optimism,lang,1
optimism,danach,1
optimism,gestrebt,1
optimism,tun,1
optimism,vermögen,1
optimism,erhalten,1
optimism,unsterbliche,2
optimism,seele,2
optimism,nehmen,1
optimism,teil,1
optimism,ewigen,1
optimism,glückseligkeit,1
optimism,menschen,1
optimism,hast,2
optimism,gelitten,1
optimism,geduldet,1
optimism,luftigeister,1
optimism,erhoben,1
optimism,kannst,1
optimism,werke,1
optimism,jahren,2
optimism,trug,1
optimism,schachtel,1
optimism,schwefelhölzer,1
optimism,hoffte,3
optimism,wenigstens,1
optimism,davon,1
optimism,verkaufen,1
optimism,vater,1
optimism,dennoch,1
optimism,setzte,1
optimism,letzte,1
optimism,bald,1
optimism,eintreffen,1
optimism,feuerzeug,1
optimism,soldat,2
optimism,langen,1
optimism,krieges,1
optimism,heimkehrte,1
optimism,abgetragenen,1
optimism,mantel,1
optimism,stumpfen,1
optimism,säbel,1
optimism,irgendwo,1
optimism,mensch,1
optimism,nahm,1
optimism,dachte,1
optimism,wer,1
optimism,weiß,1
optimism,wann,1
optimism,glück,1
optimism,zimmer,1
optimism,eng,1
optimism,wände,1
optimism,dünn,1
optimism,sun‑jae,1
optimism,neuanfang,1
optimism,finden,1
amusement,erwartung,1
amusement,sensationellen,1
amusement,kleides,1
amusement,wirft,1
amusement,kaiser,2
amusement,kleidungsstücke,1
amusement,fenster,2
amusement,volk,3
amusement,beginnt,1
amusement,lachen,11
amusement,flieht,1
amusement,schloss,1
amusement,schwester,1
amusement,hofjunker,1
amusement,inszeniert,1
amusement,fäustchen,1
amusement,zunächst,1
amusement,betroffen,1
amusement,tod,1
amusement,tochter,1
amusement,macht,1
amusement,sun-jae,1
amusement,vorwürfe,1
amusement,zeigt,1
amusement,daraufhin,1
amusement,jedoch,1
amusement,wahres,1
amusement,gesicht,1
amusement,läuft,1
amusement,dämonisch,1
amusement,lachend,3
amusement,leeren,2
amusement,u-bahn-tunnel,1
amusement,grade,1
amusement,verursachte,1
amusement,weit,2
amusement,größeres,1
amusement,unglück,1
amusement,zuvor,2
amusement,stücke,2
amusement,kaum,1
amusement,groß,1
amusement,sandkorn,1
amusement,flogen,3
amusement,ringsumher,1
amusement,weiten,1
amusement,welt,2
amusement,jemand,1
amusement,auge,2
amusement,bekam,1
amusement,blieben,1
amusement,sitzen,1
amusement,sahen,1
amusement,menschen,4
amusement,verkehrt,2
amusement,augen,3
amusement,verkehrte,1
amusement,sache,1
amusement,kleine,5
amusement,spiegelscherbe,1
amusement,kräfte,1
amusement,mußte,1
amusement,kamen,2
amusement,brillen,2
amusement,ging,3
amusement,schlecht,1
amusement,leute,2
amusement,aufsetzten,1
amusement,recht,3
amusement,sehen,3
amusement,gerecht,1
amusement,böse,1
amusement,lachte,8
amusement,bauch,1
amusement,wackelte,1
amusement,kitzelte,1
amusement,angenehm,1
amusement,räuber,1
amusement,lachten,6
amusement,sagten,2
amusement,``,11
amusement,seht,1
amusement,kalbe,1
amusement,tanzt,1
amusement,'',9
amusement,mädchen,1
amusement,zog,2
amusement,langes,1
amusement,messer,1
amusement,spalte,1
amusement,mauer,1
amusement,ließ,1
amusement,renntiers,1
amusement,hals,1
amusement,hingleiten,1
amusement,arme,1
amusement,tier,1
amusement,schlug,1
amusement,beinen,1
amusement,räubermädchen,1
amusement,gerda,2
amusement,bett,1
amusement,hinein,1
amusement,hitze,1
amusement,drinnen,1
amusement,finnin,1
amusement,fast,1
amusement,völlig,1
amusement,nackt,1
amusement,weinte,1
amusement,spiegelsplitterchen,1
amusement,schwamm,1
amusement,erkannte,1
amusement,jubelte,1
amusement,schändlich,1
amusement,laternen,1
amusement,angezündet,2
amusement,schmuz,1
amusement,ginge,1
amusement,sumpf,1
amusement,vertragen,1
amusement,ganz,4
amusement,gar,2
amusement,punsch,1
amusement,warmen,2
amusement,lachs,1
amusement,geben,1
amusement,frau,2
amusement,agentin,1
amusement,sagen,2
amusement,konnte,4
amusement,hübschen,1
amusement,spaß,1
amusement,seele,1
amusement,abgeben,1
amusement,falle,1
amusement,zurückkehrte,1
amusement,wahrscheinlichkeit,1
amusement,körper,1
amusement,oststraße,1
amusement,suchen,1
amusement,finden,1
amusement,augenblicke,1
amusement,rockschöße,1
amusement,aermel,1
amusement,flügel,1
amusement,zusammen,1
amusement,kleider,1
amusement,wurden,4
amusement,federn,1
amusement,galoschen,1
amusement,klauen,1
amusement,bemerkte,1
amusement,wohl,2
amusement,innerlich,1
amusement,träume,1
amusement,erblickte,1
amusement,viele,2
amusement,schöne,1
amusement,papageien,1
amusement,lustigsten,1
amusement,geschichten,1
amusement,erzählten,1
amusement,lange,1
amusement,nein,1
amusement,weinen,1
amusement,allein,1
amusement,gegeben,1
amusement,__________,1
amusement,cactus,1
amusement,papchen,1
amusement,fügte,1
amusement,witz,2
amusement,laßt,1
amusement,rief,1
amusement,größte,1
amusement,glück,2
amusement,kleinen,3
amusement,vögel,1
amusement,saßen,1
amusement,oben,1
amusement,kastanienbäumen,1
amusement,zwitscherten,1
amusement,quivit,2
amusement,somit,1
amusement,nahmen,1
amusement,geld,2
amusement,gab,3
amusement,laut,3
amusement,gutmüthigkeit,1
amusement,gingen,1
amusement,weges,1
amusement,rings,1
amusement,umher,1
amusement,mond,1
amusement,bäume,1
amusement,hereinscheinen,1
amusement,sah,4
amusement,niedlichen,1
amusement,elfen,1
amusement,lustig,7
amusement,spielen,1
amusement,hörten,1
amusement,draußen,1
amusement,hurrah,1
amusement,rufen,1
amusement,rothen,1
amusement,spinnen,1
amusement,sprangen,1
amusement,wänden,1
amusement,eben,1
amusement,nieder,1
amusement,feuerblumen,1
amusement,sprüheten,1
amusement,„,6
amusement,tölpel,1
amusement,“,7
amusement,fuhren,1
amusement,willst,1
amusement,königstochter,2
amusement,schenken,1
amusement,ja,2
amusement,thue,1
amusement,ritten,2
amusement,etwa,1
amusement,sagte,2
amusement,tölpelhans,1
amusement,brüder,1
amusement,große,1
amusement,strecke,1
amusement,voraus,1
amusement,möchte,1
amusement,allerkünstlichste,1
amusement,finger,1
amusement,dampf,1
amusement,topfes,1
amusement,hielt,1
amusement,sogleich,1
amusement,riechen,1
amusement,speisen,1
amusement,feuerherd,1
amusement,stadt,1
amusement,zubereitet,1
amusement,glaube,1
amusement,verrückt,1
amusement,lebte,1
amusement,darauf,1
amusement,los,1
amusement,theater,1
amusement,fuhr,1
amusement,königs,1
amusement,garten,2
amusement,armen,1
amusement,wohlgetan,1
amusement,wußte,1
amusement,alten,1
amusement,tagen,2
amusement,schlimm,1
amusement,schilling,1
amusement,besitzen,1
amusement,soldat,1
amusement,wäre,1
amusement,lustiges,1
amusement,feuerzeug,1
amusement,bekommen,1
amusement,musik,1
amusement,gesang,1
amusement,abends,1
amusement,dunkelte,2
amusement,hunderte,1
amusement,bunten,1
amusement,lichtern,1
amusement,flaggen,1
amusement,nationen,1
amusement,luft,1
amusement,wehten,1
amusement,seejungfer,1
amusement,schien,1
amusement,lustige,2
amusement,fahrt,1
amusement,seeleuten,1
amusement,erschien,1
amusement,gleichzeitig,1
amusement,hexe,1
amusement,scheußlich,1
amusement,kröte,1
amusement,schlangen,1
amusement,erde,1
amusement,fielen,1
amusement,wälzten,1
amusement,bunte,1
amusement,lampen,1
amusement,entzündet,1
amusement,seeleute,1
amusement,tanzten,2
amusement,tänze,1
amusement,deck,1
amusement,kannst,1
amusement,frühere,1
amusement,heimath,1
amusement,zurückträumen,1
amusement,großen,2
amusement,festsaal,1
amusement,blickte,1
amusement,feine,1
amusement,gesellschaft,1
amusement,tanzen,2
amusement,seidenen,1
amusement,gewändern,1
amusement,drehen,1
amusement,herz,1
amusement,wurde,1
amusement,schwer,1
amusement,sehnsucht,1
amusement,immer,1
amusement,öfter,1
amusement,dachte,1
amusement,lisbeth,1
amusement,geduld,1
amusement,wärme,1
amusement,klaus,1
amusement,mehr,1
amusement,besaß,1
amusement,trat,2
amusement,hervor,1
amusement,bat,1
amusement,müller,1
amusement,unterkunft,1
amusement,markt,1
amusement,preisvorstellungen,1
amusement,kehrte,1
amusement,händen,3
amusement,heim,1
amusement,–,1
amusement,herzen,1
amusement,voller,2
amusement,galle,1
amusement,entführte,1
amusement,rüpel,1
amusement,küsse,1
amusement,hofdamen,1
amusement,kichernd,1
amusement,zusahen,1
amusement,klaren,1
amusement,hinaus,2
amusement,aufs,1
amusement,meer,1
amusement,blickt,1
amusement,sieht,1
amusement,zwei,1
amusement,gestalten,1
amusement,wellen,1
amusement,—,3
amusement,mann,1
amusement,meerjungfrau,1
amusement,miteinander,1
amusement,kinder,1
amusement,endlich,1
amusement,hause,1
amusement,gefunden,1
amusement,arielle,1
amusement,lernte,1
amusement,gehen,1
amusement,sprechen,1
amusement,mensch,1
amusement,sprach,1
amusement,leise,1
amusement,dritte,1
amusement,vierte,1
amusement,tanzte,1
amusement,gut,1
amusement,königin,1
amusement,davon,1
amusement,erfahren,1
amusement,zischte,1
amusement,verschwand,1
amusement,nacht,1
amusement,arendelle,1
amusement,liefen,1
amusement,eisfläche,1
amusement,geschaffen,1
amusement,beiden,1
amusement,schwestern,1
amusement,hielten,1
amusement,vereint,1
amusement,nie,1
amusement,figuren,1
amusement,sangen,1
amusement,stritten,1
amusement,gäste,1
amusement,klatschten,1
amusement,warfen,1
amusement,paar,1
amusement,münzen,1
amusement,zauberte,1
amusement,schnee,1
amusement,sommer,1
amusement,echtes,1
amusement,befreiendes,1
amusement,platz,1
amusement,unterwäsche,1
amusement,bekleidet,1
amusement,zuerst,1
amusement,niemand,1
amusement,wagte,1
amusement,stellte,1
amusement,männer,1
amusement,hob,1
amusement,kleines,1
amusement,streichholz,1
amusement,entzündete,1
amusement,öffnete,1
amusement,lag,1
amusement,blumen,1
amusement,fröhlichem,1
amusement,empfing,1
embarrassment,kaiser,1
embarrassment,erkennt,1
embarrassment,beschämt,5
embarrassment,wahrheit,1
embarrassment,siegessichere,1
embarrassment,kammerfrau,2
embarrassment,königspaar,1
embarrassment,nächsten,2
embarrassment,tag,2
embarrassment,markierte,1
embarrassment,tür,1
embarrassment,zeigen,1
embarrassment,jedoch,1
embarrassment,gerät,1
embarrassment,blamage,1
embarrassment,hella,1
embarrassment,daraufhin,1
embarrassment,fragt,1
embarrassment,damals,1
embarrassment,altar,1
embarrassment,geführt,1
embarrassment,hätte,1
embarrassment,gesellschaftliche,1
embarrassment,stellung,1
embarrassment,geld,2
embarrassment,besaß,1
embarrassment,frage,2
embarrassment,vereinen,1
embarrassment,oh,1
embarrassment,kleinen,2
embarrassment,füße,1
embarrassment,wund,1
embarrassment,müde,1
embarrassment,besser,1
embarrassment,konnte,1
embarrassment,herausbringen,1
embarrassment,meinte,1
embarrassment,gut,3
embarrassment,mädchen,2
embarrassment,wohin,1
embarrassment,allein,2
embarrassment,weite,1
embarrassment,welt,2
embarrassment,hinausginge,1
embarrassment,ganze,1
embarrassment,sagt,1
embarrassment,angenehmes,1
embarrassment,eigener,1
embarrassment,herr,1
embarrassment,``,2
embarrassment,träume,1
embarrassment,'',2
embarrassment,sagte,1
embarrassment,copist,1
embarrassment,wahrlich,1
embarrassment,böse,1
embarrassment,lieber,1
embarrassment,kleiner,1
embarrassment,klaus,1
embarrassment,scheffel,1
embarrassment,geben,1
embarrassment,großmutter,1
embarrassment,begraben,1
embarrassment,lassen,1
embarrassment,wäre,2
embarrassment,eigene,1
embarrassment,schweige,1
embarrassment,still,1
embarrassment,kopf,2
embarrassment,abgeschlagen,1
embarrassment,unangenehm,1
embarrassment,sah,1
embarrassment,regen,1
embarrassment,bösen,1
embarrassment,wetter,1
embarrassment,fühlte,1
embarrassment,steckte,1
embarrassment,flügel,1
embarrassment,wußte,1
embarrassment,beginnen,1
embarrassment,allzu,1
embarrassment,glücklich,1
embarrassment,durchaus,1
embarrassment,stolz,2
embarrassment,gutes,1
embarrassment,herz,1
embarrassment,nie,2
embarrassment,kleine,2
embarrassment,seejungfer,1
embarrassment,stand,2
embarrassment,begierig,1
embarrassment,schönheit,1
embarrassment,sehen,1
embarrassment,mußte,1
embarrassment,anerkennen,1
embarrassment,lieblichere,1
embarrassment,erscheinung,1
embarrassment,gesehen,1
embarrassment,zwei,1
embarrassment,passanten,1
embarrassment,lachten,1
embarrassment,hungrige,1
embarrassment,wandte,1
embarrassment,ab,1
embarrassment,türen,1
embarrassment,gleich,1
embarrassment,gezeichnet,1
embarrassment,moment,1
embarrassment,lang,1
embarrassment,starr,1
embarrassment,scham,1
embarrassment,evan,1
embarrassment,schämte,1
embarrassment,—,1
embarrassment,zauberer,1
embarrassment,seufzte,1
embarrassment,gemeint,1
remorse,johann,1
remorse,blind,1
remorse,glück,1
remorse,unmittelbarer,1
remorse,nähe,1
remorse,erwartet,1
remorse,sieht,1
remorse,bedauern,1
remorse,beide,1
remorse,schuld,1
remorse,bezahlt,1
remorse,sagte,1
remorse,karen,1
remorse,``,1
remorse,sünde,1
remorse,bereuen,1
remorse,entlein,1
remorse,ging,1
remorse,schwamm,1
remorse,wasser,1
remorse,tauchte,1
remorse,thieren,1
remorse,wurde,1
remorse,wegen,1
remorse,häßlichkeit,1
remorse,übersehen,1
remorse,fanden,1
remorse,niedlich,1
remorse,bedauerten,1
remorse,häßlichen,1
remorse,kröte,1
remorse,hinunter,1
confusion,``,11
confusion,weiß,1
confusion,nie,1
confusion,vorfallen,1
confusion,'',12
confusion,verstehe,1
confusion,bornholmisch,1
confusion,steht,1
confusion,lächerlich,1
confusion,frage,1
confusion,darf,2
confusion,wohl,2
confusion,fragen,1
confusion,wem,1
confusion,vergnügen,1
confusion,sprechen,1
confusion,verfasser,1
confusion,augenblicklich,1
confusion,sowie,1
confusion,gedanke,1
confusion,ausgesprochen,1
confusion,kopf,1
confusion,los,1
confusion,stürzte,1
confusion,hinein,1
confusion,ganz,2
confusion,verwirrt,2
confusion,schreck,1
confusion,galoschen,1
confusion,glücks,1
confusion,eingejagt,1
confusion,schon,2
confusion,fort,1
confusion,schön,1
confusion,wege,1
confusion,meinte,1
confusion,ja,1
confusion,fluß,1
confusion,nirgends,1
confusion,hinkommen,1
confusion,sehen,1
confusion,bekommen,1
confusion,niemand,3
confusion,außer,1
confusion,könig,1
confusion,glanzleder,1
confusion,ganze,1
confusion,himmel,1
confusion,gold,1
confusion,ausgesehen,1
confusion,sagte,1
confusion,wolken,1
confusion,gar,1
confusion,tun,1
confusion,unsterbliche,1
confusion,seele,1
confusion,gewinnen,1
confusion,na,1
confusion,hast,1
confusion,mut,2
confusion,verloren,1
confusion,dachte,2
confusion,dumm,2
confusion,amte,1
confusion,taugen,1
confusion,mann,2
confusion,gutes,1
confusion,amt,1
confusion,tauge,1
confusion,sitzt,1
confusion,gut,1
confusion,böse,1
confusion,königin,1
confusion,sah,1
confusion,rieb,1
confusion,elisa,1
confusion,wallnußsaft,1
confusion,sodaß,1
confusion,schwarzbraun,1
confusion,wurde,1
confusion,bestrich,1
confusion,hübsche,1
confusion,antlitz,1
confusion,stinkenden,1
confusion,salbe,1
confusion,ließ,1
confusion,herrliche,1
confusion,haar,1
confusion,verwirren,1
confusion,morgen,1
confusion,erwachte,1
confusion,wußte,1
confusion,geträumt,1
confusion,wirklich,1
confusion,art,1
confusion,erlösen,1
confusion,grober,1
confusion,stieg,1
confusion,weißen,1
confusion,kutsche,1
confusion,zerschlug,1
confusion,rose,1
confusion,glas,1
confusion,rief,1
confusion,„,2
confusion,schönste,1
confusion,zerstört,1
confusion,—,1
confusion,unglaublichste,1
confusion,“,2
confusion,prinzessin,1
confusion,töricht,1
confusion,legte,1
confusion,hand,1
confusion,flüsterte,1
confusion,wusste,3
confusion,nächstes,1
confusion,geschehen,1
confusion,magie,1
confusion,einfach,1
grief,weißes,1
grief,huhn,1
grief,trug,1
grief,schlitten,1
grief,saß,1
grief,wagen,1
grief,schneekönigin,1
grief,gesagt,1
grief,dicht,1
grief,wald,1
grief,hinfuhr,1
grief,nest,1
grief,lagen,1
grief,blies,1
grief,junge,1
grief,außer,1
grief,beiden,1
grief,starben,1
grief,glück,2
grief,bringen,2
grief,welt,2
grief,mehr,2
grief,lässt.,1
grief,“,2
grief,kurz,2
grief,darauf,2
grief,starb,2
grief,vater,2
grief,wucherer,1
grief,dorfes,1
grief,nahm,1
grief,haus,1
grief,stall,1
grief,feld,1
grief,vertrag,1
grief,verlangte,1
grief,nötigsten,1
grief,hast.,1
grief,jan,1
grief,stand,1
grief,allein,1
grief,rubin,1
grief,herzen,1
grief,mut,1
grief,besitz,1
grief,kannte,1
grief,elsa,1
grief,wurde,1
grief,tode,1
grief,verurteilt,1
grief,arme,1
grief,tier,1
grief,brach,1
grief,bald,1
grief,zusammen,1
relief,unruhe,1
relief,fühle,1
relief,gestillt,1
relief,gerda,1
relief,angst,1
relief,mehr,1
relief,warmes,1
relief,licht,1
relief,breitete,1
relief,dunkelheit,1
relief,zurückweichen,1
