Author	Type	Year	OriginalAuthor	Source	Author2	Title	Text	Filename	Path	Sentiment
Andersen	Wikipedia	1987	Andersen	Wikipedia	Fleischer	Der kleine und der große Klaus	"Der kleine und der große Klaus

In einem kleinen Dorf wohnen zwei Männer mit Namen Klaus. Um sie voneinander zu unterscheiden, nennt man sie nach der Höhe ihres Vermögens den Großen und den Kleinen Klaus. Als Große Klaus eines Tages die reiche Gutsbesitzerstochter Dora heiratet und guter Laune ist, macht ihm der sehr arme Kleine Klaus ein Angebot. Weil sein Acker klein ist solle ihm der Große Klaus seine vier Pferde leihen, dann würde er schon sehr bald mit seiner Arbeit fertig sein und den Rest der Woche nur noch für ihn arbeiten. Dieser willigt ein, doch missfällt es ihm sehr, dass der Kleine Klaus am nächsten Tag überall verkündet, es wären seine Pferde. Kurzerhand macht er das Geschäft rückgängig und nimmt dem Kleinen Klaus die Pferde wieder weg. So muss er nun mit seinem eigenen, mageren Klepper den schweren Pflug ziehen. Als das Tier vor Erschöpfung zusammenbricht, bietet ihm ein Zigeuner zwei Taler für das Pferd. Da sich der Kleine Klaus nicht gleich entscheiden kann und erst später auf das Angebot zurückkommt, bietet ihm der Zigeuner nur noch ein altes Fell für das Tier. Enttäuscht packt er das Fell in seinen Beutel und macht sich auf den Weg nach Hause, denn es ist spät geworden.

Als er an einer Mühle vorbeikommt und es zu regnen beginnt, bittet er um Unterschlupf. Doch die Müllerin weist ihn ab, da sie angeblich allein ist und der Müller nicht im Hause. Als der Kleine Klaus aber heimlich durchs Fenster schaut, sieht er die Müllerin an einem reich gedeckten Tisch zusammen mit einem Liebhaber. Unerwartet kehrt der Müller vorzeitig zurück und die Müllerin versteckt ihren Liebhaber in einer Truhe und das schöne Essen im Ofen. Als der Müller den Kleinen Klaus vor dem Haus entdeckt, lädt er ihn mit zu sich ein. Dort setzt ihnen die Müllerin nur einen einfachen Haferbrei als Abendessen vor.

Während der Kleine Klaus widerwillig den Brei zu essen beginnt, kommt er gegen seinen Beutel, in dem die Tierhaut eigenartig knarrt. Der Müller wird neugierig und will wissen, was das war. Listig meint sein Gast, er hätte da einen kleinen Zauberer in seinem Sack, der ihm sagte, sie sollen nicht den Haferbrei essen, sondern lieber die leckeren Speisen, die er für sie in den Ofen gezaubert hätte. Der Müller sieht nach und findet eine gebratene Gans. Als der Sack ein weiteres Mal „spricht“, verrät er den beiden, dass er auch noch leckeren Rotwein hinter dem Kamin hätte. Der Müller ist begeistert und will wissen, ob der Zauber auch den Teufel herbeizaubern könne. Der Kleine Klaus erklärt, dass sein Zauberer alles könnte und wenn er den Teufel unbedingt sehen wollte, der würde in Gestalt des Küsters in der Truhe sitzen. Der Müller schaut in die Truhe und sieht dort tatsächlich jemanden, der wie der Küster des Dorfes aussieht. Nun will er den Zauberer unbedingt selber besitzen und bietet dem Kleinen Klaus einen Beutel Silbertaler für den Sack mit dem Zauberer drin. Klaus willigt ein und muss allerdings auch die Truhe mit dem „Teufel“ mitnehmen, die er ins Wasser werfen soll. Doch er lässt den Küster dann unterwegs frei.

Der Kleine Klaus kehrt als reicher Mann zurück. Als der Große Klaus erfährt, dass er das alles für ein altes Pferd eintauschen kann, bringt er seine vier schönen Pferde zu den Zigeunern, um sie ihnen zu verkaufen. Er tauscht sie gegen alle Felle ein, die sie haben und denkt er kann die Häute teuer in der Stadt verkaufen. Als das fehlschlägt ist er so wütend auf den Kleinen Klaus, dass er ihm sein Haus anzündet. Vergeblich bemüht sich der Kleine Klaus die Silbertaler unter dem Schutt zu finden. Mittellos kehrt er in einer Herberge ein, doch er hat sich einen Sack voll Asche mitgenommen. Den gibt er dem Wirt in Verwahrung und trägt ihm auf ja nicht hineinzusehen, sonst würde alles was darinnen ist zu Asche werden. Doch der Wirt kann nicht widerstehen und sieht, dass wirklich nur „noch“ Asche im Sack ist, schenkt er dem Kleinen Klaus als Ausgleich sein Wirtshaus und seine Tochter dazu.

Der Große Klaus wird so neidisch, dass er den Kleinen Klaus überfällt, in einen Sack steckt und in den Fluss werfen will. Da gerade die Zigeuner vorbeikommen, lenken sie ihn ab, befreien den Kleinen Klaus und bringen ihm sein altes Pferd als Hochzeitsgeschenk wieder. Zu seinen Hochzeitsgästen zählt auch das Müllerpaar und plötzlich fällt dem Kleinen Klaus ein, dass er seinen Silberschatz im Ofen versteckt hatte und dort kann er die Taler nun unversehrt wiederfinden.

Der Große Klaus wird inzwischen von Dora von seinem Hof gejagt.
"	1987_Andersen_Wikipedia_Fleischer_Der_kleine_und_der_große_Klaus.txt	/content/drive/MyDrive/Märchen-Seminar/Korpus/Andersen/Wikipedia/1987_Andersen_Wikipedia_Fleischer_Der_kleine_und_der_große_Klaus.txt	neutral
Andersen	Wikipedia	1987	Andersen	Wikipedia	Burrell	Das Mädchen mit den Wunderhölzern	"Das Mädchen mit den Wunderhölzern

Molly möchte Haywood wieder mit seinem Sohn versöhnen. Sie meint, wenn dieser seinen Enkelsohn, den Sohn von Joe, sehen würde, würden sich beide wieder näherkommen. So macht sie sich mit ihm auf den Weg zum Haus der Duttons. Doch die Kinder verirren sich zunächst auf dem Weg. Währenddessen hat sich die aufgebrachte Menge der Obdachlosen vor Duttons Haus zum Protest gegen die Räumung versammelt. Als Joe aus dem Gefängnis kommt und seinen Sohn dort nicht findet, macht er sich ebenfalls auf zum Haus der Duttons. Dort kann er die aufgebrachte Menge zunächst beruhigen, doch dann greift ein Betrunkener zur Waffe, um Haywood Dutton zu erschießen. Doch Molly ist es gerade noch rechtzeitig gelungen, auch zum Haus der Duttons zu kommen. Als sie ein Streichholz anzündet, kann sie auf wundersame Weise einen Tumult verhindern und Dutton dazu bewegen, den Streit mit seinem Sohn Joe beizulegen. Haywood Dutton versöhnt sich wieder mit seinem Sohn und beschließt, die Häuser nicht zu verkaufen.
"	1987_Andersen_Wikipedia_Burrell_Das_Mädchen_mit_den_Wunderhölzern.txt	/content/drive/MyDrive/Märchen-Seminar/Korpus/Andersen/Wikipedia/1987_Andersen_Wikipedia_Burrell_Das_Mädchen_mit_den_Wunderhölzern.txt	neutral
Andersen	Wikipedia	1986	Andersen	Wikipedia	Hartzell	Die Schneekönigin	"Die Schneekönigin

Eine Prophezeiung besagt, dass, wenn die Sterne des nördlichen Himmels aufs Neue geboren werden, derjenige, der mit dem schwarzen Schwert das Eis zerschlägt, das den kristallenen, grünen Stein aus der Krone der Dunkelheit bedeckt, in den Besitz des Steins kommen wird. Setzt er sich gar die Krone auf sein Haupt, so wird er zum Herrscher der Welt und nichts wäre mehr wie vorher. Das Wasser würde sich in Kristall verwandeln, die Sonne würde sich in Reif hüllen, der Mond würde zu Silber erbleichen und die Zeit würde stehenbleiben.

An einem Strand finden die Kinder Gerda und Kai beim Spielen in einer Düne eine Spieldose mit einer Ballerina und drei goldenen Knöpfen. Die Spieldose bekommt Gerda, Kai erhält die drei goldenen Knöpfe. Des Nachts wird Kai dann von der Schneekönigin geholt, die ihn mit ihrem fliegenden Pferdeschlitten in ihr Reich bringt. Unterwegs nimmt sie ihm die drei Knöpfe ab, die daraufhin zu glühen beginnen und so wirft sie die Kalte auf die Erde hinunter. Am nächsten Morgen ist Gerda betrübt über das Verschwinden Kais. Als sie auf der Straße einen von Kais Knöpfen findet, beschließt sie sich auf die Suche nach ihm zu begeben.

Mit einem Boot wird sie in das von einer einsamen Hexe beherrschte Wasserreich gelockt, wo Gerda mit Hilfe verhexter Zuckerherzen dazu gebracht wird ihr Vorhaben zu vergessen, damit die Einsame nicht so allein bleibt. Gerda kommt hinter das Geheimnis der Hexe und täuscht fortan nur vor die Zuckerherzen zu essen. Es erscheinen ihr die Rosenmädchen, die ihr erzählen, dass alle Mädchen die in das Reich der Hexe kommen, für diese tanzen und ihren Befehlen gehorchen müssen oder sie werden zu Rosen an den Wänden verwandelt. Außerdem raten sie Gerda sich davonzuschleichen während die Hexe schläft. Diese folgt dem Rat, wird erwischt, kann aber trotzdem entkommen, woraufhin die Einsame augenblicklich vergeht und die Rosenmädchen erlöst werden. Im Reich der Schneekönigin ist es der Kalten derweil gelungen, Kai zu einem eisigen Prinzen zu machen. Sie erzählt dem Eisprinzen, dass sie ihn mag und bittet ihn darum das Eis, das den grünen Stein bedeckt zu zerschlagen und ihr den Stein zu bringen, der auf der Krone der Dunkelheit kronend dieser wieder ihre alte Kraft verleihen würde, wodurch sie ihn zum Herrscher der Welt erheben könnte.

Gerda macht sich unterdessen weiter auf die Suche nach Kai und findet einen zweiten seiner Knöpfe. Sie wird auf ein Schloss hingewiesen, in dem er als Geliebter einer Prinzessin leben soll, findet dort aber heraus, dass es sich bei diesem Kai nicht um ihren Kai handelt. Von der Prinzessin bekommt sie eine neue Frisur, ein neues Kleid und ein Geschenk für Kai sowie auch ein paar Männer und Pferde für ihre weitere Reise mitgegeben. Die Gemeinschaft wird jedoch von Räubern überfallen, die Gerda entführen. Die Gaben der Prinzessin verliert sie an die Gesetzlosen, dafür aber findet sie in deren Lager Kais dritten Knopf. Als die Räuber schlafen, entwendet sie ein fliegendes Zauberrentier, womit sie sich in den Norden zum eisigen Reich der Schneekönigin begibt.

Auf dem Weg dorthin, wird Gerda durch die magischen Fertigkeiten der Kaltherzigen erst von ihrem Rentierschlitten und dann in eine Erdspalte gestoßen, wo sie der Zauberin des Nordens begegnet. Die der Schneekönigin Ebenbürtige erzählt Gerda, dass einst, als die Erde noch wirr und wüst war und Licht und Dunkelheit miteinander rangen, ein zauberkräftiger, grüner Stein aus der Krone der Dunkelheit in eine Quelle fiel, wo er zu Eis erstarrte. Die Schneekönigin trachtet danach den Kristallstein zurückzubekommen, weil sich ihre Macht ohne ihn langsam erschöpfen, sie mit ihm aber ewig währen würde. Jedoch kann es ihr nicht selbst gelingen sich den Stein aus der Quelle zu holen, da alles Wasser darin erstarren würde sobald sie ihr zu nahe käme. Jemanden durch dessen Hände Wärme strömt, einen Menschen, benötigt sie dafür. Also entführte sie Kai und machte ihn zum Eisprinzen, damit er mit dem schwarzen Schwert zu einer bestimmten Stunde das Eis auf der Quelle zerbricht. Gerda erfährt auch, dass, sollte sich Kai die Krone der Dunkelheit aufsetzen, er zu Eis erstarren würde. Dann gibt ihr die Zauberin noch einen weißen Tarnumhang und die mutige Gerda macht sich auf zur Schneekönigin.

Zum richtigen Zeitpunkt wird Kai von der Schneekönigin dazu gebracht das Eis auf der Quelle zu zerschlagen. Die kurz darauf eintreffende Gerda wird von der kalten Hexe enttarnt. Verzweifelt fasst Gerda Kais Hand, um ihn zum weglaufen zu bewegen, doch er Eisige zeigt keine Regung. Als die Hexe Gerda angreifen will, wirft ihr diese zwei von Kais Knöpfen entgegen, die sich durch die Macht des Guten, die ihnen innewohnt, in Feuerbälle verwandeln. Die Kalte aber hält das nicht lange auf und so wird Gerda eingefroren. Die Schneekönigin macht sich also daran die bekommene Krone auf ihr Haupt zu setzen, da erwacht Kai durch die schwachen Rufe Gerdas und den dritten seiner Knöpfe, der bei der Berührung mit Gerda in seiner Hand gelandet ist und mit der Hilfe des magischen Knopfes kann die dunkle Krone zerstört werden. Die Spieldose wird später wieder im Sand vergraben.
"	1986_Andersen_Wikipedia_Hartzell_Die_Schneekönigin.txt	/content/drive/MyDrive/Märchen-Seminar/Korpus/Andersen/Wikipedia/1986_Andersen_Wikipedia_Hartzell_Die_Schneekönigin.txt	neutral
Andersen	Wikipedia	1968	Andersen	Wikipedia	Dunski	Ein uraltes Märchen	"Ein uraltes Märchen

Ein armer Puppenspieler präsentiert am Abend in einem Wirtshaus seine Künste. Zum Dank darf er frei essen und trinken. Was der Wirt nicht ahnt ist, dass seine Tochter am nächsten Morgen mit dem Puppenspieler fortgehen will, ist er doch ihr heimlicher Geliebter. Der Puppenspieler kann in der Nacht nicht einschlafen und so präsentieren ihm seine Puppen ein Märchenspiel:

Ein Soldat (in Gestalt des Puppenspielers) wurde aus der Armee entlassen und geht nun arm in die Welt. Er trifft auf eine Hexe, die ihm erzählt, dass in einem Brunnen reiche Goldvorkommen lagern. Sie lässt ihn in den Brunnen hinab, wo er das Gold in seinen Tornister sammelt. Die Hexe verspricht, ihn hochzuziehen, will jedoch zunächst das Gold zurück ans Tageslicht befördern. Entgegen ihrem Versprechen eilt sie mit dem Gold fort und lässt den Soldaten allein im Brunnen zurück. Über einen Trick gelangt dieser ans Tageslicht, holt die Hexe ein und besiegt sie. Er hat nun nicht nur seinen Tornister voll Gold – auch ein von der Hexe in einen Kater verwandelter Zauberer erhält sein ursprüngliches Aussehen wieder und schenkt dem Soldaten zum Dank ein magisches Feuerzeug.

Der Soldat kommt zu einem kleinen Königreich, in das er eingelassen wird, als der Torwächter seinen Reichtum bemerkt. Die folgenden Tage lebt der Soldat verschwenderisch und hat mit einem Mal viele falsche Freunde. Auf dem Marktplatz sieht er die hochmütige Prinzessin (in Gestalt der Wirtstochter), in die er sich sofort verliebt. Er wirbt um sie, wie viele andere Freier vor ihm, doch sie weist ihn wie alle anderen zurück. Dies verursacht bei ihrem Vater (in Gestalt des Wirts) großen Verdruss, hat das Königreich doch kein Geld mehr und ist auf einen reichen Ehemann für die Prinzessin angewiesen. Dem Soldaten geht bald das Geld aus, sodass er in das schäbigste Hotel des Königreichs ziehen muss. Hier macht er auch Bekanntschaft mit dem Prinzen eines noch kleineren Königreiches, der ebenfalls vergeblich um die Prinzessin geworben hatte. Als dem Soldaten die einzige Kerze ausgeht, erinnert er sich an sein Feuerzeug. Beim Zünden steht plötzlich der gute Zauberer vor ihm und erklärt, dass er vom Feuerzeug gerufen ihm nun jeden Wunsch erfüllen müsse. Der Soldat wünscht sich die Prinzessin her und tatsächlich fährt kurze Zeit später das Himmelbett mit der schlafenden Prinzessin in die Stube des Soldaten. Die Schlafende erwacht und glaubt, sie träume. So lässt sie sich auch auf einen Spaziergang mit dem Soldaten über die Dächer des Königreiches ein und ist erfreut, als er ihr den gewünschten Schnee im Sommer herbeizaubert. Als er sie küssen will, erkennt sie jedoch, dass dies kein Traum sein kann und geht empört davon. Ihr Bett fährt zurück ins Schloss, wo die Prinzessin erwacht und ihrem Vater von dem merkwürdigen Traum erzählt.

Der Vater hat bald genug von den Befindlichkeiten der Tochter, also ordnet er eine Hochzeit an. Die Prinzessin besteht darauf, märchentraditionsgemäß alle Freier zu testen und stellt jedem eine knifflige Frage. Nur der Soldat kann sie mithilfe des Zauberers richtig beantworten und darf nun die Prinzessin heiraten. Die jedoch befiehlt, ihn ins Gefängnis zu werfen, da er sie in der Nacht auf den Dächern habe küssen wollen. Als der König erfährt, dass der Soldat kein Geld mehr hat, stimmt er der Verhaftung zu. Im Gefängnis bemerkt der Soldat, dass das rettende Feuerzeug noch in seinem Hotelzimmer liegt. Er beauftragt den Prinzen, es zu holen, welcher noch rechtzeitig zu der kurzen Gerichtsverhandlung erscheint, in der bereits die Hinrichtung des Soldaten beschlossen wurde. Der Zauberer löst unsichtbar die Fesseln des Gefangenen, kettet damit den König an und zaubert ihm eine große Nase. Seine Tochter möchte diesem Schicksal entgehen, also willigt sie ein und ihre Heirat mit dem Soldaten wird in die Wege geleitet. Der Zauberer sieht seine Aufgabe als erfüllt an und verlangt sein Feuerzeug zurück. Auch der Prinz geht, um sich eine neue Geliebte zu suchen. Der Soldat aber erkennt letztendlich, dass eine Ehe mit der Prinzessin nicht sinnvoll wäre, da sie ihn nicht liebt. Er trennt sich kurze Zeit vor der Eheschließung von ihr und geht nach einem Abschiedskuss. Nun fühlt die Prinzessin, dass auch sie ihn liebt, und eilt ihm nach, woraufhin es zum guten Ende kommt.

Der Puppenspieler erwacht im Wirtshaus und die Wirtstochter erscheint. Sie eröffnet ihm, dass sie nicht mit ihm kommen könne. Sie sei im Ort verwurzelt und könne ihren Vater nicht allein zurücklassen. Der Puppenspieler versteht sie und geht mit seinem Puppentheater davon.
"	1968_Andersen_Wikipedia_Dunski_Ein_uraltes_Märchen.txt	/content/drive/MyDrive/Märchen-Seminar/Korpus/Andersen/Wikipedia/1968_Andersen_Wikipedia_Dunski_Ein_uraltes_Märchen.txt	neutral
Andersen	Wikipedia	1971	Andersen	Wikipedia	Küchenmeister	Der kleine und der große Klaus	"Der kleine und der große Klaus

Der kleine Klaus ist ein Kleinbauer, lebt mit seiner Frau und seinen sieben Kindern in ärmlichen Verhältnissen. Von Montag bis Samstag arbeitet er auf dem Hof des Großen Klaus, der ein Großbauer ist. Nur am Sonntag leiht ihm der Große Klaus zwei Pferde, so dass der Kleine Klaus mit ihnen und seinem eigenen Pferd Hans sein Feld bestellen kann.

Er treibt sie an, indem er „Hüh, alle meine Pferde, hüh!“ ruft. Damit verärgert er wiederholt den Großen Klaus, bis dieser das Pferd vom Kleinen Klaus mit einem Stein erschlägt. Um die Familie weiterhin ernähren zu können, beschließt der Kleine Klaus, die Haut seines Pferdes auf dem Markt zu verkaufen.

Auf dem Weg dorthin möchte er aufgrund des starken Regens im Haus des Müllers übernachten, aber nur dessen Frau ist dort und schickt ihn weg. Er kriecht deswegen auf den Boden der Scheune und beobachtet von dort, wie die Müllersfrau den Küster, mit dem sie ein Verhältnis hat, empfängt und ihm ein üppiges Essen vorsetzt. Als der Müller unerwartet nach Hause kommt, versteckt die Müllerin das Essen im Ofen und den Küster in einer Truhe.

Der Kleine Klaus bittet den Müller um ein Nachtlager und etwas zu essen; dieser empfängt ihn. Seinen Sack, in dem das Pferdefell ist, stellt der Kleine Klaus unter den Tisch. Er behauptet, darin wäre ein Zauberer und beweist es, indem er vorhersagt, dass sich Braten und Kuchen im Ofen befinden und sogar ""der Teufel"" in der Truhe sitzt. Der Müller ist davon so beeindruckt, dass er dem Kleinen Klaus für dessen Sack reichlich Waren sowie die Truhe und einen Scheffel Geld überlässt. Während des Nachhauseweges lässt der Kleine Klaus den Küster frei, der ihm aus Dankbarkeit seine Schuhe schenkt.

Wieder daheim bittet er den Großen Klaus um ein Scheffelmaß, und nachdem dieser daraufhin mitbekommt, wie viel Geld der Kleine Klaus scheinbar für das Pferdefell vom toten Hans bekommen hat, erschlägt er daraufhin seine eigenen Pferde. Anschließend versucht er, die Felle teuer auf dem Markt zu verkaufen, wird aber wegen seiner Preisvorstellungen verjagt.

Wütend versucht er, den Kleinen Klaus in einem Sack im Fluss zu ertränken. Zuvor möchte er sich in der Kirche ""seelisch stärken"", lässt den Sack davor stehen, und so befreit der vorbeikommende Schäfer den Kleinen Klaus. Sie füllen Steine in den Sack, so dass der Große Klaus denkt, er hätte seinen Feind tatsächlich in den Fluss geworfen.

Wenig später findet er diesen allerdings unversehrt auf einer Wiese neben der Schafherde. Der Kleine Klaus berichtet, ihm wäre auf dem Grund des Flusses eine Fee begegnet, die ihm die Tiere geschenkt hätte. Weil der Große Klaus dies auch möchte, geht er in den Fluss und ertrinkt.
"	1971_Andersen_Wikipedia_Küchenmeister_Der_kleine_und_der_große_Klaus.txt	/content/drive/MyDrive/Märchen-Seminar/Korpus/Andersen/Wikipedia/1971_Andersen_Wikipedia_Küchenmeister_Der_kleine_und_der_große_Klaus.txt	neutral
Andersen	Wikipedia	1976	Andersen	Wikipedia	Hofman	Die kleine Meerjungfrau	"Die kleine Meerjungfrau

Meereswelt
Die Erdkugel umspült das kreisende Wasser – geleitet vom strengen Auge des Meerkönigs. An der tiefsten Stelle der See, wo nur noch wilde Klippen aus dem Wasser ragen wohnen die Nixen. Am Meeresgrund spielen im Sand die beiden jüngsten Töchter des Meerkönigs mit glänzenden Perlen wie mit Murmeln. Die Ältere von den beiden hat heute Geburtstag, die Jüngere ist die kleine Meerjungfrau. Die Jüngere verliert das übermütige Perlenspiel und muss singen. Ihr Vater gesellt sich zu ihnen. Die Stimme der kleinen Nixe ist bezaubernd. Sie singt:

„Um Mitternacht/Läuten von fern/Glocken zu Hochzeit./Da kommt die Braut/ Schneeweiß wie aus Meerschaum ihr Kleid./Denn der König wird/Heiraten heut/Stolz naht der König/Sie seufzt voll Kummer./Ja, das wird für sie Liebe voller Trauer. Blumen im Schloss/Prachtvoll das Fest/Und wie ein Strom/ Fließt süßer Wein,/Den man von ganz weit her gebracht./Aber vergebens/ Wartet die Braut/Alle sofort an Deck/ Leb wohl mein Liebling/Ja, das wird für sie Liebe voller Trauer. Stürmisch die See/Da bricht der Mast/So treibt das Schiff/Hilflos dahin/Keiner kann sich retten – zu spät./Unten am Strand/Wartet die Braut/Weint sich die Augen aus/Niemals kommt er wieder./Ja, das war für sie Liebe voller Trauer.“

Schiff
Während des Liedes hat der Meereskönig in den zauberischen allsehenden Stein seines Ringes geblickt, er hat seine Macht spielen lassen und ein Schiff ist an den Klippen zerschellt – die sinkende Fracht gleitet sanft herab. Es ist das Geschenk für das Geburtstagsnixchen. Die beiden Schwestern spielen in heller Freude mit den Schätzen: Bildrollen Japanischer Druckgraphik, Stoffe – eine blutrote Rose wird der kleinen Seejungfrau geschenkt. Sie steckt sie ins blaue Haar.

Das Fest
Das Geburtstagsfest beginnt. Es ist auch der Tag, an dem die ältere Schwester das erste Mal an die Wasseroberfläche darf. Und sie wird den Kronprinz des Sargassomeeres heiraten. Die große Familie und die verheirateten Schwestern werden aus allen Königreichen der Meere erwartet. Die kleine Seejungfrau verzehrt sich nach Berichten von der Erde. Alle Schwestern und die alte Großmutter werden befragt. Die Königin vom Nordmeer schwärmt für das Nordlicht, die vom gelben Meer stöhnt über Feuer und Krieg der Menschen. Die Großmutter erzählt von fliegenden, singenden Fischen und Blumen und Schafen und einem Schafhirtprinzen. Da fragt die kleine Nixe auf einmal nach dem Verbleib ihre Mutter, die doch auch 300 Jahre alt werden kann. Aber die Frage nach der Königin aller Meere wird übergangen. Das Fest verläuft anmutig und schön. Sehnsuchtsvoll blickt die kleine Nixe ihrer älteren Schwester nach, als diese an die Oberfläche schwimmt.

Der Froschprinz
Weniger begeistert ist die kleine Nixe von dem zugleich hochmütigen wie kriecherischen Prinzen, der ihr eines Tages zum Gatten bestimmt ist. Es ist der Prinz des Meeres der untergehenden Sonne. Sie vergleicht sein Aussehen mit einem Frosch. Aber er weckt in ihr die Neugier nach einer Grotte. Heimlich läuft sie dorthin und findet aber kein Fenster zur oberen Welt, sondern eine bizarre Meerschaum-Skulptur ihrer schönen Mutter. Ihr Vater überrascht sie, aber er bestraft sie nicht, auch wenn er die Neugier der Nixe mit der Neugier ihrer Mutter vergleicht.

Drei Steine
Zeit ist vergangen – das Fest der Jüngsten steht bevor. Die Großmutter erzählt von der Erde, der Sonne, von den Menschen, von den Bäumen und auch vom gefährlichen Kuss eines Menschen. Die große königliche Meeresfamilie kommt zusammen. Die kleine Nixe trägt eine Kette mit drei kostbaren Steinen: Der Rote war ein Geschenk ihrer Mutter, den Schwarzen hat sie im Inneren eines Meeresvulkans gefunden, den Weißen bei der Behausung einer Meereshexe. Den roten Stein gibt es nur zweimal auf der Welt: Den einen behielt die Königin und den anderen schenkte sie ihrer Jüngsten – mit dem Stein sind Stürme zu besänftigen. Alle begehren wieder die wunderschöne Stimme der kleinen Nixe zu hören und sie beginnt zu singen:

„Weiß ist der erste Stein,/Blendet die Sinne/ Rot ist der zweite/Er verschließt die Lippen/ Schwarz ist dann der dritte/Er versteinert Herzen/ Und wer so versteinert ist,/Der spürt nie mehr Schmerzen.“

Der Prinz
Während die Nixe singt, segelt oben das Schiff eines jungen Prinzen. Auch er hat Geburtstag. Als er die Stimme hört, nimmt er voll Sehnsucht Kurs auf die gefährlichen Klippen. Er will die Sängerin sehen. Aus der Tiefe des Meeres eilt die Schar der königlichen Meeresfamilie an die Wasseroberfläche um die kleine Nixe zu begleiten – dort feiert man auf dem Schiff den Geburtstag des Prinzen mit einem prächtigen Feuerwerk. Staunend sieht die kleine Meerjungfrau die Schönheit der Lichter und die Schönheit des Prinzen. Das Schiff beginnt zu kentern. Da schleicht die Nixe sich davon und schwimmt, um den Prinzen zu retten. Sie schwimmt lange mit dem Bewusstlosen und bringt ihn an einen Strand. Aber sie muss wieder ins Meer zurück, da sie sich sonst in Meeresschaum auflöst. Erst als eine Schar von Erdenmädchen an Land fröhlich herbeireitet und den Prinzen findet erwacht der Schöne. Eine bezaubernde Dunkelhaarige hat ihn geküsst. Er fühlt sich durch sie gerettet. Kummervoll schwimmt die kleine Meerjungfrau zurück ins Meer.

Königin aller Meere
Der Meerkönig empfängt seine Lieblingstochter streng. Sie fragt nach dem Erdenprinz und er berichtet, dass er jetzt in sein Land gebracht wird, aber immer an die dunkelhaarige Schöne denken muss. Für die kleine Meerjungfrau hat der König die Vorstellung, in einem halben Jahr solle sie den ihr bestimmten Meerprinzen von der untergehenden Sonne heiraten. Dann will der Meerkönig die kleine Nixe zur Königin aller Meere machen. Doch die Seejungfrau bleibt traurig. Als der Tag des Festes gekommen ist, flüchtet sie und läuft zu der Meerhexe, um von ihr menschliche Gestalt zu erhalten. Die Böse will ihr helfen, um der Nixe zu schaden, aber den roten Stein will sie nicht als Belohnung – den hat sie schon bekommen von der Mutter der kleinen Nixe. Die Hexe will die vollkommene Stimme der Nixe. Das Meermädchen wird ein stummes, aber bildschönes Menschenkind. Mit dem Lied von den Steinen, das den Prinzen mit Sehnsucht erfüllte, verliert sie ihre Stimme. Wenn der Prinz aber eine andere liebt, wird ihr das Herz brechen und sie wird sich in Meeresschaum auflösen.

Brautwahl
In dem von der Wildheit des Meeres heimgesuchten Land des Prinzen ist Brautschau. Die Staatsfinanzen sind durch die aufgewühlte Natur zerrüttet. Die Prinzessinnen aus vielen reichen Ländern tanzen im Garten. Der Prinz wandelt einsam am Strand. Da wird die bildschöne Seejungfrau in Menschengestalt aus dem Meer geworfen. Der Prinz glaubt seinen Augen nicht zu trauen. Aber er wendet sich ganz der Schönen zu. Die Prinzessinnen reisen ab. Auf das innere Flehen der kleinen Nixe füllen sich wieder die Fischernetze. Die Stürme schweigen. In Muscheln finden sie Perlen, die die Finanzen des Prinzen sichern und retten, auch Schiffe laufen wieder ein. Aber das Meer färbt sich zuweilen blutrot (nachdem sie ihre blutigen Füße im Meer reinigen will). Der Prinz ist bezaubert von der Meeresprinzessin. Er berichtet ihr von den Nixen-Legenden, die sich um sie ranken und die er für schöne Märchen hält. Aber er gesteht dem Mädchen auch seine Liebe zu der Dunkelhaarigen, von deren Verbleib er aber nichts weiß. Es scheint, als würde er sich immer mehr der stummen Meeresschönen zuneigen.

Die Prinzessin des Südreichs
Die Ratgeber veranlassen den Prinzen zu einem Brautbesuch im reichen fernen Südreich. Er will zunächst nicht und nimmt seine Nixe sogar mit auf die Reise. Aber als er vor der Prinzessin des Südreiches steht, erkennen sich die beiden. Es ist die schöne Dunkelhaarige und überglücklich gestehen sie sich ihr Wiederfinden. Das Meermädchen steht benommen. Auf dem Schiff segelt das Hochzeitspaar zurück in das Reich des Prinzen. Alles liegt in Zauberschlaf. Die kleine Meerjungfrau hat aus dem Wasserreich ein Messer, damit soll sie den Prinzen noch vor Sonnenaufgang umbringen – dann kann sie wieder Nixe werden. Ratlos steht sie mit dem Dolch vor dem schlafenden Liebespaar. Die Stimme des Meervaters mahnt zur Eile und drängt, das Schiff müsse in jedem Fall an den Klippen zerschellen. Das Meermädchen neigt sich über den Prinzen – doch nur um ihn zu küssen. Das Messer gleitet ins Meer. Die königliche Meeresfamilie sieht dies voll Schrecken von weitem. Das Meermädchen stürzt sich mit einem Schrei in die Fluten und löst sich in Meeresschaum auf. Aus dem Wasser entfalten sich Seeblumen, die das Schiff schützend umblühen. Vom Schrei erwachen der Prinz und seine Braut. Er fragt nach der Nixe. Staunend sehen die beiden das blühende Meer. Ratlos steht der Meereskönig und das Meer rauscht – befreit erhebt sich darüber der Gesang des Meermädchens.
"	1976_Andersen_Wikipedia_Hofman_Die_kleine_Meerjungfrau.txt	/content/drive/MyDrive/Märchen-Seminar/Korpus/Andersen/Wikipedia/1976_Andersen_Wikipedia_Hofman_Die_kleine_Meerjungfrau.txt	neutral
Andersen	Wikipedia	1980	Andersen	Wikipedia	Wolpin	Die Nachtigall	"Die Nachtigall

Maria und der Schuster Evan lieben sich, doch will Maria sich erst von Evan küssen lassen, wenn der alt genug für Bartwuchs ist. Evan geht enttäuscht davon und trifft auf einen Zauberer, der seinen Zauberstab verloren hat und sich daher nicht aus einem Baum retten kann. Evan findet den Zauberstab und rettet den Zauberer, der ihm daraufhin einen Wunsch freigibt. Evan wünscht sich einen Bart, doch gefällt dieser Maria nicht, sodass sie den Bart wieder wegzaubern lässt. Kurze Zeit später erscheinen Soldaten des verstorbenen Königs bei Evan, sind sie doch auf der Suche nach dem verschollenen Königssohn. Der hatte auf dem Rücken drei Muttermale in bestimmter Anordnung, und der Zauberer, der Evan endlich einen Wunsch erfüllen will, zaubert Evan diese drei Muttermale auf den Rücken. Evan gilt nun als der verschollene Königssohn und wird zum Schloss gebracht. Maria bleibt allein zurück.

Am Hofe erhält Evan Kanzler Krab als Ratgeber, sowie eine Riege alter, duckmäuserischer Räte an seine Seite. Er nimmt Tanzstunden und Sprechunterricht im Französischen und der Mechanikus baut ihm auf seinen Wunsch hin eine mechanische Nachtigall, da alles am Hof mechanisch ist. Zudem erscheinen zwei Schneider bei ihm, die ihm ein Gewand zur anstehenden Krönung anfertigen sollen. Neben normalen Stoffen haben sie auch einen besonderen Stoff bei sich, den nur die sehen können, die ihres Amtes würdig sind. Alle Räte und der Kanzler geben vor, den unsichtbaren Stoff zu sehen und Evan lässt sich schließlich sein Krönungsgewand „schneidern“. Zur Krönung erscheint er folglich in Unterwäsche, und obwohl der Rat Boms eigentlich etwas über die Nacktheit des Königs sagen will, traut er sich nicht. Maria, die inzwischen als Tellerwäscherin Anstellung am Hof gefunden hat, ruft Evan zu, dass er endlich erkennen soll, dass man ihn bloßstellt, immerhin sei er fast nackt. Bevor die Soldaten des Königs sie fassen können, gelingt ihr die Flucht.

Sie taucht beim Zauberer unter und beklagt sich bei ihm, habe die eigentlich gutgemeinte Königswürde Evan doch vollkommen verändert. Der Zauberer macht sich Vorwürfe und verwandelt schließlich Maria in eine Prinzessin. Bei einem Ball verliebt sich Evan in sie – sie erinnert ihn an seine frühere Liebe Maria. Beide tanzen gemeinsam. Wenig später schickt Evan Maria die mechanische Nachtigall und eine in Glas verhüllte Rose. Maria wiederum lässt zum Rendezvous eine Puppe erscheinen und entgegnet Evan, dass er wohl das Künstliche mehr liebe als das Lebendige. Zurück im Schloss verfällt Evan in Schwermut und wird krank, da er das Künstliche am Hof nicht mehr ertragen kann. Maria bittet die Nachtigall, die stets im Wald singt, Evan zu retten. Die Nachtigall fliegt vor Evans Fenster und beginnt zu singen. Ihr Gesang macht Evan gesund und er erinnert sich an seine frühere Zeit mit Maria. Er flieht aus dem Schloss und hinterlässt eine Nachricht, in der er auf die Königswürde verzichtet. Evan kehrt zu Maria zurück und beide wünschen sich vom Zauberer, dass sie sich nie mehr trennen mögen.
"	1980_Andersen_Wikipedia_Wolpin_Die_Nachtigall.txt	/content/drive/MyDrive/Märchen-Seminar/Korpus/Andersen/Wikipedia/1980_Andersen_Wikipedia_Wolpin_Die_Nachtigall.txt	neutral
Andersen	Wikipedia	1977	Andersen	Wikipedia	Takashi	Die wilden Schwäne	"Die wilden Schwäne

Prinzessin Elisa lebt mit ihren sechs Brüdern in einem versteckten Schloss. Da ihr Vater aufgrund eines Versprechens in zweiter Ehe die Tochter einer Hexe heiraten musste, hielt er es für sicherer, seine Kinder dort zu verbergen. Doch die Hexentochter findet das Schloss und verwandelt die Prinzen in Schwäne. Nur Elisa bleibt übrig und muss einen Weg finden, ihre Brüder zu retten.
"	1977_Andersen_Wikipedia_Takashi_Die_wilden_Schwäne.txt	/content/drive/MyDrive/Märchen-Seminar/Korpus/Andersen/Wikipedia/1977_Andersen_Wikipedia_Takashi_Die_wilden_Schwäne.txt	neutral
Andersen	Wikipedia	1978	Andersen	Wikipedia	Oyabu	Däumelinchen	"Däumelinchen

Die Handlung folgt weitestgehend treu der von Andersens Märchen: Eine Fee erfüllt einer Frau deren Herzenswunsch nach einem Kind. Weil dieses so klein ist, nennt sie es Däumelinchen. Eines Nachts wird das Mädchen von einer Kröte aus seinem Walnussschalenbett entführt. Sie hält Däumelinchen für eine ideale Ehepartie für ihren Kröterich-Sohn. Das entsetzte junge Mädchen flieht vor dem hässlichen und dummen Bräutigam auf ein Seerosenblatt, dessen Stiel von freundlichen Fischen durchgenagt wird, auf dass das Mädchen entkommen kann. Unterwegs macht sie neue Freunde. Ein Schmetterling zieht ihr Blatt und ein Maikäfer verliebt sich in sie. Er lässt sie jedoch fallen, nachdem andere Maikäfer sich über das Aussehen des kleinen Menschen lustig machen. Als der Winter kommt, bittet Däumelinchen um Unterschlupf bei einer Feldmaus. Die Alte lässt das Mädchen über den Winter bei sich wohnen, wo es als Gegenleistung bei der Arbeit helfen und ihrer Gastgeberin Geschichten erzählen muss. Zu Besuch kommt immer wieder ein älterer, blinder aber wohlbetuchter Maulwurf. Nachdem Däumelinchen eine halb erfrorene Schwalbe findet, pflegt sie den Vogel gesund. Nachdem der Maulwurf um Däumelinchens Hand angeholten hat, flieht sie auch vor diesem. Ihre Freundin, die Schwalbe, fliegt sie daraufhin in ein wärmeres Land. Dort lebt sie in einer Blüte und findet in einer anderen ihren Traumprinzen, den sie heiratet.
"	1978_Andersen_Wikipedia_Oyabu_Däumelinchen.txt	/content/drive/MyDrive/Märchen-Seminar/Korpus/Andersen/Wikipedia/1978_Andersen_Wikipedia_Oyabu_Däumelinchen.txt	neutral
Andersen	Wikipedia	1987	Andersen	Wikipedia	Karis	Die elf Schwäne	"Die elf Schwäne

Der König feiert wie jedes Jahr den Geburtstag seiner einzigen Tochter Elisa, die jedoch als verschollen gilt. So lässt er in seinem Königreich nach Mädchen mit dem Namen Elisa suchen und tatsächlich findet sich ein 15-jähriges Mädchen. Die böse Stiefmutter jedoch lässt das Mädchen bei der Audienz verschandeln, sodass es eher einer Hexe ähnelt. Der König erkennt so nicht, dass er tatsächlich seine lang vermisste Tochter vor sich hat. Elisa muss das Schloss wieder verlassen. Im Wald erscheint ihr ihre verstorbene Mutter, die ihr offenbart, die Tochter des Königs zu sein und elf Brüder zu haben. Die böse Stiefmutter hatte nach dem Tod der Mutter den König verhext und Elisa von ihren Brüdern getrennt.

Elisa begibt sich auf die Suche nach den elf Prinzen, doch können ihr die Leute immer nur von elf Schwänen berichtet. Sie folgt der Spur der Schwäne und findet sie am Meer wieder. Es ist Abend und die Schwäne verwandeln sich in die elf Brüder Elisas, nehmen bei Tag jedoch wieder die Gestalt von Schwänen an. Die Mutter erscheint dem Mädchen erneut und berichtet, dass die böse Stiefmutter die Brüder in Schwäne verwandelt hat. Elisa muss elf Hemden aus Brennnesseln flechten und diese den Schwänen überwerfen, damit der Zauber gebrochen wird. Während der Arbeit an den Hemden darf sie nicht ein Wort sprechen, sonst sind die Schwäne dem Tod geweiht. Die Brennnesseln wiederum darf Elisa nur an der Waldhütte oder auf einem Friedhof ernten.

Elisa beginnt zu arbeiten und die Brennnesseln zerstechen ihre Hände. Ein König erscheint an ihrer Hütte und nimmt sie mit sich. Er heiratet die stumme Elisa, lässt ihr im Schloss jedoch eine Kammer einrichten, in der Elisa ihre bisher geflochtenen Hemden und ein Vorrat Brennnesseln verwahren darf. Heimlich schleicht sich Elisa so nachts aus dem Schlafzimmer, um in der Kammer weiter an den Hemden zu arbeiten. Als ihr Brennnesselvorrat aufgebraucht ist, begibt sie sich auf den Friedhof, um neue Pflanzen zu pflücken. Dort warten Hexen auf sie, die sie bedrohen, doch Elisa lässt sich nicht einschüchtern. Der Erzbischof jedoch hat alles beobachtet und glaubt nun, Elisa sei selbst eine Hexe. Bei einem erneuten Friedhofsbesuch Elisas wird auch der König Zeuge des Zusammentreffens von Elisa mit den Hexen. Der Erzbischof lässt die Bevölkerung über das Schicksal von Elisa entscheiden und das Urteil garstiger Frauen führt schließlich dazu, dass Elisa der Tod auf dem Scheiterhaufen droht. Elisa wird zur Hinrichtung gefahren. Die bereits fertigen Hemden hat man ihr auf den Wagen gelegt. Während der Fahrt arbeitet Elisa hastig am letzten Hemd und kann am Richtplatz angekommen zehn Schwänen die Hemden überstreifen. Die Schwäne verwandeln sich in ihre Brüder, doch der elfte Bruder bleibt als Schwan zurück. Er fordert die Brüder auf, nicht um ihn zu trauern. Der Erzbischof legt seinen Hut ab und die Menschen verneigen sich vor Elisa, die vom König im Arm gehalten wird.
"	1987_Andersen_Wikipedia_Karis_Die_elf_Schwäne.txt	/content/drive/MyDrive/Märchen-Seminar/Korpus/Andersen/Wikipedia/1987_Andersen_Wikipedia_Karis_Die_elf_Schwäne.txt	neutral
Andersen	Wikipedia	1986	Andersen	Wikipedia	Königsmark	Die Galoschen des Glücks	"Die Galoschen des Glücks

Die Glücksfee hat Geburtstag und möchte den Menschen deshalb ein besonderes Geschenk machen. Sie sinnt lange darüber nach, was sie sich ausdenken sollte und verzaubert letztendlich zwei Galoschen, die demjenigen, der sie trägt jeden Wunsch erfüllt. Ihre Freundin, Frau Sorge, hat Bedenken, da ihrer Meinung und Erfahrung nach der Mensch nicht zum ewigen Glücklichsein taugen würde. Hätte sich ein Wunsch erfüllt, würde es ihm bereits nach einem neuen verlangen.

Ein geeigneter Glückskandidat scheint ein Student zu sein, der gern auf einen Ball gehen würde, doch keine Einladung dazu besitzt. Eine Lernfee bemerkt das Verlangen des Studenten, in den sie heimlich verliebt ist, und stellt ihm die Galoschen zurecht. Doch nicht er findet sie, sondern der Herr Schulrat. Er zieht die Schuhe an und gerät auf seinem Heimweg vom Ball in eine Kaschemme, wo sein Erscheinen Verwunderung auslöst. Als er sich auch noch eine Zigarre anzünden will, was in diesen niederen Kreisen nicht üblich ist, wird er als „Satan“ angesehen und ins Gefängnis gesteckt. Da er nicht weiß, dass er verzauberte Galoschen trägt, kommt er gar nicht auf die Idee sich etwas zu wünschen. Und so kann ihm auch kein Wunsch erfüllt werden. Zu guter Letzt, werden ihm die Galoschen sogar abgenommen und sie geraten in die Hände eines Laternenanzünders, der sich wünscht einmal an der Stelle eines solchen hohen Herrn zu sein. Ehe er sich versieht ist er ein junger Leutnant, der nun allerdings ermahnt wird, seinen Pflichten nachzukommen. Da er auf dem Ball am Spieltisch sein ganzes Vermögen verloren hat, soll er sich erschießen, wie das ein Ehrenmann zu tun hätte. Da wünscht er sich sehnlichst nur ein armer Laternenanzünder zu sein, der solche Sorgen nicht hat. Kurzerhand ist er wieder der, der er vorher war. Nur ist er total erschöpft und wünscht sich endlich mal schlafen zu können wie ein Toter. Das wird ihm erfüllt und er fällt in einen todesähnlichen Schlaf, was den Wissenschaftlern Rätseln aufgibt und sie ihn den Medizinstudenten in einer Vorlesung vorführen. Denen fallen die Galoschen auf, die der „Tote“ noch immer an den Füßen trägt. Als ihm diese abgenommen werden, erwacht er urplötzlich aus seinem Schlaf (siehe Anatomisches Theater).

So gelangen die Zaubergaloschen an den Assistenten des Arztes, der gerade auf dem Weg in die Oper ist. Dort angekommen trifft er seinen Chef, der ihn ohne ersichtlichen Grund maßregelt. So wünscht er sich einen Bart zu haben wie dieser, der ihm seiner Ansicht nach mehr Autorität bringen würde. Urplötzlich wächst ihm ein Bart, der sogar viel üppiger ist, als der des Arztes. Voller Ehrfurcht der Angestellten, wird er in der Oper nun bevorzugt behandelt und ganz in der ersten Reihe untergebracht, wo ihm allerdings das Orchester viel zu laut ist. Er flüchtet aus der Situation und gelangt mitten in das Operngeschehen, wo er sich so gut es geht versucht einzufügen, um nicht aufzufallen. Bei dem Versuch, die Opernbühne zu verlassen, gerät er allerdings noch viel tiefer in die Kulissen und wünscht sich nichts sehnlicher, als nicht so allein zu sein. Kurzerhand erscheinen alle Mitwirkenden der Oper und das Bühnenbild gerät völlig aus dem Plan. Vor lauter Durcheinander wünscht er sich in einem Dampfbad zu sein, was sich sofort erfüllt und er sich sehr darüber wundert. Der Bademeister will die Eintrittskarte sehen und da der Assistent nur eine Opernkarte bei sich hat, muss er das Bad verlassen und wird für verrückt gehalten, weil er wähnt immer noch in dem Konzerthaus zu sein. So wird er zu einem Irrenarzt gebracht und wünscht sich daher einfach nur normal zu sein und als ihm die Galoschen von den Füßen rutschen, ist er wieder ganz er selbst. Der Amtsschreiber des Arztes zieht sich die Schuhe an und da ihm seine Arbeit zu öde ist, wünscht er sich ein Vogel zu sein, was sich sofort erfüllt und er als ein Papagei aus dem Fenster fliegt. Verwundert versucht er in seine Amtsstube zurückzukommen. Da er zu einem anderen Papagei in einen Käfig gesetzt wird und dieser ständig plappert ein Mensch sein zu wollen, spricht er die Worte nach und beide werden in Menschen verwandelt.

Die Feen sind stets in der Nähe der Benutzer der Galoschen, und die Lernfee ist nach wie vor bemüht, die Galoschen des Glücks dem armen Studenten zukommen zu lassen. Sie schafft dies nach langem Bemühen, und der Student, der sich sowieso gern in seinen Traumwelten aufhält, ist gar nicht weiter verwundert, als er sich in einem Schloss voller märchenhafter Wesen wiederfindet, wohin er sich unbewusst gewünscht hat (hierbei finden sich auffällig viele Figuren von Andersens Märchen wie Die Schneekönigin mit Gerada und Kay, Der standhafte Zinnsoldat, der Kaiser ohne Kleider, Das kleine Mädchen mit den Schwefelhölzern und Ole Lukøje, das kleine Männchen mit zwei Regenschirmen). Er genießt seinen Traum und versucht nun seine Prinzessin, von der er seit langem träumt, für sich zu gewinnen. Der Student wird bereits als Heiratskandidat für die Töchter des Schlosses erwartet, allerdings soll er (wie der Protagonist in Andersens Der Reisekamerad) zuvor seine Eignung beweisen und Rätsel lösen, was bei Nichtbeantwortung die Todesstrafe zur Folge hätte. Mit Bravour löst er die ersten zwei Fragen, doch scheitert er an der dritten. Im Kerker erwartet ihn der Scharfrichter. Als er sich der letzten Frage entsprechend das tiefste Schlafmittel wünscht, fällt er in einen todesähnlichen Schlaf und entgeht der Hinrichtung. Die Lernfee kann den Studenten erwecken, indem sie ihm die Galoschen auszieht. Er verliebt sich auf den ersten Blick in die hübsche junge Fee, und sie verspricht, für immer zu ihm ins Menschenreich zu kommen. Die Glücksfee nimmt daraufhin die Galoschen an sich und verschwindet zusammen mit Frau Sorge.
"	1986_Andersen_Wikipedia_Königsmark_Die_Galoschen_des_Glücks.txt	/content/drive/MyDrive/Märchen-Seminar/Korpus/Andersen/Wikipedia/1986_Andersen_Wikipedia_Königsmark_Die_Galoschen_des_Glücks.txt	neutral
Andersen	Wikipedia	1984	Andersen	Wikipedia	Ganz	Splash	"Splash

Der kleine Junge Allen Bauer springt während einer Familienreise nach Cape Cod von der Fähre und trifft unter Wasser auf ein hübsches Mädchen, das, wie der Zuschauer etwas später sieht, einen Fischschwanz hat, er wird jedoch schnell von einem Erwachsenen aus dem Wasser geholt.

Jahre später ist Allen zusammen mit seinem Bruder Freddie Besitzer eines Obst- und Gemüsehandels in New York City. Er ist unzufrieden mit seinem Leben und führt eine unglückliche Beziehung. Als sich seine Freundin von ihm trennt, betrinkt sich Allen und beschließt daraufhin wieder nach Cape Cod zu fahren. Dort trifft er auf den paranoiden Meeresbiologen Dr. Walter Kornbluth. Allen lässt sich mit einem winzigen Boot zur Insel übersetzen. Dabei gibt es aber einen Unfall, durch den Allen ins Wasser stürzt und bewusstlos wird. Als er wieder zu sich kommt, liegt er am Strand und bei ihm ist eine schöne, blonde, nackte Frau, die ihm sehr bekannt vorkommt. Bevor er aber mehr herausfinden kann, küsst sie ihn und schwimmt davon.

Es zeigt sich, dass die blonde Frau eine Meerjungfrau ist und zwar die, welche Allen als Kind rettete. An Land verwandelt sich ihr Fischschwanz in Beine, so dass sie nicht auffällt. Die Beine verwandeln sich aber sofort in den Schwanz zurück, wenn sie mit Wasser in Berührung kommt. Sie hat sich in ihn verliebt und will ihn wiedersehen, deshalb fischt sie seine verlorene Brieftasche aus dem Meer und schwimmt nach New York. Dabei begegnet ihr auch Kornbluth auf einem Tauchgang.

Als sie an der Freiheitsstatue auftaucht, nackt, aber im Besitz der Brieftasche, ruft die Polizei Allen an, der sie aufnimmt. Bei einem Ausflug in die Stadt (zu Bloomingdale’s) kleidet sie sich nicht nur ein, sondern lernt auch vom Fernsehen die Sprache. Da ihr Name nicht für Menschen auszusprechen ist (hohe Frequenzen lässt alles Glas zerspringen), gibt Allen ihr bei einem Spaziergang spontan den Namen Madison, als sie an der Madison Avenue vorbeikommen.

Allen verliebt sich schnell in sie, was Madison auch erwidert. Trotzdem wundert er sich über ihr teils merkwürdiges Verhalten (sie kennt keine Autos und Musik und isst einen ganzen Hummer mit Schale). Außerdem sagt sie ihm, dass sie nur bis zum nächsten Vollmond (sechs Tage) bleiben darf.

Währenddessen ist Kornbluth besessen davon, die Meerjungfrau zu finden. Er wird zwar verlacht und sogar verprügelt, schafft es aber schließlich doch, Madison in der Öffentlichkeit mit Wasser zu übergießen, sodass sich ihre Beine in ihren Meerjungfernschwanz verwandeln. Daraufhin wird Madison in ein Labor gebracht, wo sie von Wissenschaftlern untersucht und sogar seziert werden soll. Sie beginnt aber Kornbluth leidzutun, so dass er Allen und Freddie hilft, sie zu befreien. Nach einer langen Verfolgungsjagd gelingt es Madison, wieder ins Meer zu springen, Allen soll mit ihr kommen. Zunächst fürchtet er sich, aber sie erinnert ihn daran, dass ihm unter Wasser nichts passieren kann, wenn sie bei ihm ist. Sie macht Allen aber auch klar, dass es für ihn kein Zurück an Land gibt. Er willigt ein und beide tauchen gemeinsam davon.
"	1984_Andersen_Wikipedia_Ganz_Splash.txt	/content/drive/MyDrive/Märchen-Seminar/Korpus/Andersen/Wikipedia/1984_Andersen_Wikipedia_Ganz_Splash.txt	neutral
Andersen	Wikipedia	1977	Andersen	Wikipedia	Mironer	Die Prinzessin auf der Erbse	"Die Prinzessin auf der Erbse

Die königliche Familie und ein Mädchen
Regen strömt. Das Gemäuer einer königlichen, schlichten Burg kommt in den Blick. Hier ist ein Schild zu sehen: Prinzessin gesucht. Im Burginneren sitzt das königliche Paar am Feuer und neckt sich. Der Sohn, der schöne Prinz, ist erwachsen. Aber wo soll in der Einöde die passende Prinzessin herkommen. Da pocht es ans Tor. Als der König öffnet steht ein vor Regen triefendes Mädchen davor. Wer sie ist, beantwortet sich schlicht: Sie ist eine Prinzessin. Den schönen Prinzen staunt sie an und scherzt mit ihm: So habe sie sich ihn immer vorgestellt. Vater und Sohn müssen lachen. Die Königin bringt das reizende Mädchen zu Bett. Der König hält es für Phantasterei eines kleinen Mädchens, dass hier eine Prinzessin sein soll.

Aufbruch
Am kommenden Morgen weckt der König seinen Sohn früh. Es ist Zeit. Der Prinz soll in die Welt reiten und eine echte Prinzessin erobern. Mit dem einzigen Pferd schickt der König den Prinzen auf den Weg. Die Mutter ist entsetzt, aber das Geschehene ist nicht wieder gutzumachen. Der Prinz ist fort. Alle weinen, auch das Mädchen, das gerade erwacht ist und die Eltern tröstet.

Die Rose und die Nachtigall
Der Prinz reitet und kommt in ein anderes Königreich. Anmutig residiert hier ein König in einem rosafarbenen Wasserschloss. Als der Prinz auf den Schultern eines Schweinehirten über die Schlossmauer lugt bietet sich ihm ein prächtiger Anblick. Goldbetresst pflegt der König die Rocaillen seines Gartens. Und dann erscheint trippelnd in rosa Rüschen die Prinzessin mit ihren Hoffräulein. Es ist eine echte Prinzessin. Der Schweinehirt murrt – man sei nicht sehr stolz im Land auf dieses Mädchen. Doch der Prinz ist begeistert. Er bittet als Freier um eine Audienz und bringt Geschenke: Doch die zauberhafte Rose aus dem Garten seines Vaters und die singende Nachtigall werden am Hof verachtet: Es sind Herrlichkeiten der Natur. Und das Natürliche wird an diesem Hof als Schweinerei verspottet.

Der Schweinehirt
Traurig geht der Prinz seiner Wege, am Feldrain begegnet ihm der Schweinehirt. Und für einen Spaß tauscht er mit diesem die Kleider und wird neuer Schweinehirt bei Hofe. Verschmutzt und unerkannt unterhält sich der Prinz als Schweinehirt mit einem glockenspielenden Töpfchen. Die Prinzessin kommt dazu, keine ihrer Hoffräulein hat eine Idee, die gähnende Langeweile zu vertreiben. Da hört die Prinzessin das Glockenspiel. Die Begier erwacht: Unbedingt muss sie das Töpfchen haben. Es ist etwas Neues. Und nicht nur die Musik ist lieblich, das Töpfchen gibt auch Auskunft über Küchengerichte. Doch der Schweinehirt gibt das Töpfchen nicht her und verkauft es nur für zehn Küsse der Prinzessin. Erst ziert sich das Mädchen, doch sie will unbedingt den Topf besitzen und schließlich lässt sie sich von dem schmutzigen Schweinehirten zehnmal küssen. Am nächsten Tag ist dem Mädchen erneut langweilig. Doch der Schweinehirt hat schon wieder ein neues klingendes Spielzeug zu der Melodie Oh, du lieber Augustin. Und begehrlich fragt das Mädchen nach dem Preis. Der Hirt will hundert Prinzessinnen-Küsse. Als ihn Prinzessin schließlich küsst, erwischt sie der königliche Vater beim hundertsten Kuss. Empört verweist der König seine Tochter des Schlosses und gibt sie dem Schweinehirten zur Frau. Das rosa Rüschenfräulein will nunmehr gerne des Prinzen Frau werden, doch er verweist sie an den echten Schweinehirt, der das verwöhnte Mädchen aber auch nicht haben will.

Turandot
Nach weitem Weg durch Berge und Wälder gelangt der Prinz in ein anderes Königreich. In der mittelalterlich ummauerten Stadt ragt hochgotisch emporstrebend die von schwarzem Tuch umflatterte königliche Burg. Warnende Rufe der Bürger suchen den Prinzen aufzuhalten. Man flüstert, die Prinzessin sei eine Hexe und der Prinz reite in sein Verderben. Im Palast begegnet ihm ein quirliger, kleiner König, der mit viel Witz versucht einem Gespräch über seine Tochter aus dem Wege zu gehen. Als der Prinz schließlich doch um die Hand der Königstochter anhält, wird der Vater tief bekümmert: Die Prinzessin hat an das Werben um ihre Hand die Bedingung gestellt, dass jeder Freier drei Dinge erraten muss, an die sie denkt. Gelingt ihm dies nicht bezahlt er mit seinem Leben. Als der Prinz die dohlenumschwirrten Opfer dieses Spiels im Burghof sieht, will er zur Freude des Königs auf weiteres Werben verzichten. Doch dann reitet die schwarze Schönheit durch die Stadt. Und er ist bezaubert. Am nächsten Morgen wird sich der Prinz der tödlichen Gefahr des Rätsels stellen.

Troll
In schlafloser Nacht beobachtet der Prinz die davonreitende Turandot und folgt ihr heimlich durch weite dunkle Gänge. Das Ziel der Schönen ist ein Fest der Waldgeister. Nymphen und Dryaden tanzen hier ihren Reigen. Der Herrscher hier ist ein Troll, der sein entstelltes Gesicht unter einem Tuch verbirgt. Ihn liebt die schwarze Prinzessin. Sie drehen sich im Tanz und überlegen, durch welche Fragen dem neuen Freier beizukommen ist. Während der Prinz sich bei einem Erlenmädchen versteckt, kann er die Antworten erlauschen: Die schwarze Prinzessin wird an ihren Schuh und an ihren Handschuh denken. Am nächsten Morgen beantwortet der Prinz so zur Freude der Hofgesellschaft die ersten beiden Fragen der Schönen. Doch die Prinzessin kündigt entsetzt und aufgebracht die entscheidende dritte Frage für den kommenden Tag an.

Erlösung
Voll Hoffnung, die Prinzessin von ihrer Trollverblendung zu erlösen, folgt der Prinz in der Nacht wiederum der Schönen und belauscht den Troll und seine Liebste. Diesmal soll die Prinzessin an den Troll-Kopf denken. Als das Mädchen fort ist, stellt der Prinz den Troll zum Kampf. Der vorgewiesene Kopf soll morgen die Frage beantworten. Doch dann kommt alles ganz anders. Der Prinz muss erkennen, die Prinzessin und Trollprinz sind glücklich und sie können keinen anderen lieben. Lebensmüde und traurig berichtet der Troll aber von einem gestaltzerstörenden Fluch, der auf ihm liegt, und der nur durch das öffentliche Bekenntnis der Prinzessin zu dem Entstellten aufgehoben werden kann. Hiervon darf das Mädchen jedoch nichts wissen, weil sonst der Zauber nicht wirkt. Am nächsten Morgen erscheint der Prinz mit einem Sack zur Fragezeremonie. Bei der dritten Frage schwenkt er bedeutungsvoll den Sack. Die Prinzessin verliert – im Glauben der Troll sei tot – die Besinnung. Doch dann erscheint der lebendige Troll und der Prinz löst das dritte Rätsel: Das ist der Troll-Kopf, an den ihr gedacht habt, und nun gesteht, daß ihr ihn liebt. Für den königlichen Vater ist diese Wahrheit lebensgefährlich, doch schließlich spricht die Schöne die Wahrheit. Und entzaubert steht ein Prinz vor ihr. Auch der König erholt sich von dem Schreck. Turandot und ihr Liebster feiern Hochzeit. Die getöteten Freier erwachen zu neuem Leben. Alle sind beglückt, aber der traurige schöne Prinz muss enttäuscht weiterwandern.

Die Preziöse
Müde gelangt der Prinz in eine ferne Gegend. In der Waldeinsamkeit trifft er einen Maler. Auf dessen Staffelei ist das Bildnis einer bezaubernden Prinzessin zu sehen. Nach einigen Missverständnissen stellt sich heraus, dass dieses Porträt nach dem Leben gemalt ist, und es die Prinzessin dieses Landes darstellt. Diese Prinzessin ist Muse und Mäzenin der Künste und sie will am morgigen Tag denjenigen zum Gatten wählen, der das Unglaublichste in der Kunst vollbringt. Der Prinz begegnet der Schönen in ihrem Schlossgarten. Im Hintergrund zeigt sich ein prachtvolles klassizistisches Schloss. Die rothaarige Zarte gewährt dem Prinzen sein Werben gern, aber sie wünscht von ihm das Unwahrscheinliche, das Erstaunlichste zu sehen, welches einzig ihr Herz rühren könne. In der Liste der Freier und ihrer künstlerischen Darbietungen wird der Prinz auf Platz sechs positioniert.

Das Unglaublichste
Am nächsten Tag ist der sonnige skulpturenreiche Schlossgarten von tausenderlei Klängen erfüllt. Aber da jeder Musiker für sich spielt, klingt das Ganze recht dissonant. Lauten liegen im Gras, Tänzer hüpfen vorbei, andere Rezitieren – es ist ein Karneval der Künste. Der Poet darf als Erster vortragen. Doch der muss sich erst einmal den Schlaf aus den Augen reiben. Die Prinzessin ist von seinem kurzen Gedicht sehr eingenommen. Dann folgt der Pantomime. Seine ausdrucksstarke Darbietung der Herzenssehnsucht wird so lebensecht, dass der Ärmste einem wahren Herzanfall erliegt und stirbt. Für die zartbesaitete Prinzessin ist dies aber wohl zu viel an Tiefe. Dann darf der Maler sein großartiges Kunstwerk präsentieren. Man ist begeistert. Allerdings wird deutlich, die Liebe des Malers gilt der Kunst und nicht der Prinzessin. Beim darauffolgenden Balletttänzer geht die Prinzessin richtig mit – sie tanzen gemeinsam, bis der wachsame alte Berater das Vögelchen wieder einfängt. In tanzender Leidenschaft alleingelassen bohrt sich der Tänzer besessen in die Tiefe durch die Erde. Jetzt ist der Prinz an der Reihe. Er zeigt ein Kunststück und mit einer Kusshand. Der Prinzessin zaubert er die schönste Rose der Welt in eine Glasschale. Alles ist begeistert und da die Prinzessin ermüdet ist, beschließt man einstimmig, auf die weiteren hundertfünfzig Darbietungen zu verzichten und den Prinzen als Sieger anzuerkennen. Doch dann dröhnt durch den artifiziellen Garten machtvolles Hohngelächter. Ein starker rüpelhafter Mann entsteigt einer weißen Kutsche, zerschlägt Glas und Rose und behauptet mit seiner Tat der Zerstörung des Schönsten das Unglaublichste übertroffen zu haben. Das dümmliche Prinzesschen fügt sich und legt das zarte Händchen in die Eisenhand. Lachend entführt der Brutale die Preziöse.

Die Prinzessin auf der Erbse
Zur Freude aller Eltern kehrt der Prinz nach Hause, wenn auch ohne Prinzessin. Dafür verliebt er sich sogleich in die Schönheit, die einst durchnässt im Schloss aufgenommen wurde. Der König zweifelt immer noch, ob sie eine Prinzessin ist. Die Königin rät, eine Erbse in ihrem Bett zu verstecken. Als richtige Prinzessin müsste sie die winzige Unebenheit bemerken und darauf nicht schlafen können. Auf das Bett des Mädchens werden nun tatsächlich Berge von Matratzen und Eiderdaunendecken geschichtet. Zuunterst liegt die Erbse. Alles geschieht wunschgemäß. Das Mädchen kann nicht auf der Erbse schlafen und der Prinz ist nun überglücklich, da er seine Liebe gefunden hat. Die mystische Erbse gelangt auf einer Kristallschale in eine Kunstkammer. Und so zeigt diese Märchenerbse zuletzt noch diesem Prinzen, welche Prinzessin von allen die Richtige ist.
"	1977_Andersen_Wikipedia_Mironer_Die_Prinzessin_auf_der_Erbse.txt	/content/drive/MyDrive/Märchen-Seminar/Korpus/Andersen/Wikipedia/1977_Andersen_Wikipedia_Mironer_Die_Prinzessin_auf_der_Erbse.txt	neutral
Andersen	Wikipedia	1994	Andersen	Wikipedia	Bluth	Däumeline	"Däumeline

Die Geschichte wird von Jacquimo erzählt, einer Schwalbe, die in komplizierte Liebesgeschichten vernarrt ist. Sie beginnt mit einer guten Fee, die einer Frau ein Samenkorn schenkt. Aus diesem Samenkorn wird eine wunderschöne Blume, aus der ein winziges Mädchen „schlüpft“ und so den lang gehegten Kinderwunsch der Frau erfüllt. Das Mädchen wird Däumeline genannt, da sie nicht größer als ein Daumen ist.

Eines Nachts lernt sie den Feenprinzen Cornelius kennen, der durch ihren Gesang auf sie aufmerksam geworden ist. Sie verlieben sich ineinander.

In der gleichen Nacht wird Däumeline dann aber von der Fröschin Cassandra entführt, die sie in ihrer Gesangstruppe haben möchte und außerdem von Däumeline verlangt, ihren Sohn Grundel zu heiraten. Als die Frösche Däumeline kurz allein lassen, kann diese mit Hilfe von Jacquimo auf einem Seerosenblatt fliehen. Nach einigen weiteren Turbulenzen beschließt Däumeline, sich auf den Heimweg zu machen.

Unterdessen fleht Cornelius, der von der Entführung erfahren hat, seine Eltern an, den Winter aufzuhalten und macht sich auf die Suche nach seiner Liebsten.

Däumeline trifft während dessen auf Karl den Käfer, der ebenfalls ein Bewunderer ihrer schönen Stimme ist. Auch ihm entflieht sie, bemerkt allerdings, dass es inzwischen Winter geworden ist und kriecht in einem alten Schuh unter. Hier wird sie von Frieda Feldmaus gefunden, die sie mit zu sich nach Haus nimmt und Meister Mole, einem Maulwurf, vorstellt. Auch dieser ist Däumeline sofort verfallen und möchte sie heiraten. Däumeline, die glaubt, dass ihr Liebster gestorben sei, willigt schließlich ein. Nebenbei arbeiten Grundel der Frosch und Karl der Käfer zusammen und bringen den Prinzen in ihre Gewalt, der bei seiner Suche in einen Teich gestürzt ist und eingefroren wurde. Als die beiden den Prinzen in seinem Eisgefängnis allein lassen, finden ihn einige freundlich gesinnte Insekten und tauen ihn auf.

Karl und Grundel sind inzwischen auf dem Weg zu Däumelines Hochzeit. Diese hat es sich kurz vor dem Altar anders überlegt, da sie Cornelius nicht vergessen kann und flüchtet ein weiteres Mal. Sie schafft es, an die Erdoberfläche zu gelangen und trifft dort auf Jacquimo, der inzwischen das Tal der Feen gefunden hat und sie nun dort hinbringen möchte. Der aufgetaute Prinz liefert sich unterdessen noch einen Kampf mit Grundel, den er auch gewinnt, und macht sich ebenfalls auf den Weg zum Tal.

Die beiden Liebenden treffen dort schließlich wieder aufeinander und Däumeline kann endlich den Mann ihrer Träume heiraten. Schlussendlich bekommt sie sogar ihre eigenen Flügel.
"	1994_Andersen_Wikipedia_Bluth_Däumeline.txt	/content/drive/MyDrive/Märchen-Seminar/Korpus/Andersen/Wikipedia/1994_Andersen_Wikipedia_Bluth_Däumeline.txt	negative
Andersen	Wikipedia	1994	Andersen	Wikipedia	Fiedler	Des Kaisers neue Kleider	"Des Kaisers neue Kleider

Der Straßenjunge Tobias freundet sich mit Lorenzo, dem Hofschneider des Kaisers, an. Beiden missfällt die Ungerechtigkeit, mit der ihr Kaiser das Land regiert. Um immer wieder genug Geld für seinen aufwendigen Lebensstil zu bekommen, lässt der Kaiser ständig die Steuern erhöhen. Zu seiner Leidenschaft gehört es, sich wöchentlich neue und teure Gewändern schneidern zu lassen. Das nötige Geld müssen seine Untertanen aufbringen, die deshalb meist in großer Armut leben.

Als Lorenzo erfährt, dass der Kaiser darüber nachdenkt, einen neuen Modeschöpfer einzustellen, fasst er den Plan, seinem Dienstherren eine Lehre zu erteilen. Tobias nimmt er mit zu sich in den Palast und stellt ihn als Pagen ein. Dieser hilft ihm dabei, sein waghalsiges Unternehmen anzugehen. Er fertigt Kleider aus Stoffresten an und lässt sie als unübertreffliche neueste Mode erscheinen. Der Hofstaat klatscht Beifall, als sich der Kaiser in seinen neuen Kleidern präsentiert, und Lorenzo wird zum Ritter geschlagen. Als beim Auskleiden der neuen Jacke ein Missgeschick passiert und der rechte Ärmel abreißt, findet der Kaiser die Idee, nur den linken Arm bekleidet zu tragen, so gut, dass er seinem Hofstaat auferlegt, auch nur noch einen Ärmel zu tragen. Dabei stellt er sich die Frage, wie ehrlich seine Untertanen es mit ihm wohl meinen, wenn sie alles, was er befiehlt, auch gut finden.

Nachdem Lorenzo ein Versprechen dem Major gegenüber nicht einhält, wird er von ihm vom Hof gejagt. Tobias und er beschließen nun erst recht, den Kaiser bei seiner Eitelkeit zu packen und sich zu rächen. Kostümiert als orientalische Tuchmacher kehren sie zum Hof des Kaisers zurück und bitten, ihn persönlich und allein sprechen zu dürfen. Sie erklären dem Kaiser ein ganz besonderes Tuch weben zu können, dass eine wundervolle Eigenschaft besitze: Die Stoffe seien unsichtbar für jeden, der für sein Amt nicht tauge oder unermesslich dumm sei. Das gefällt dem Kaiser und er lässt sofort mit der Arbeit beginnen.

Lorenzo erhält die edelsten Rohstoffe und beginnt, damit die neuen Stoffe zu weben. Voller Ungeduld wartet der Kaiser und schickt einen Vertrauten, der nachsehen soll, wie weit die Arbeit gediehen sei. Der sieht natürlich nichts und will seine – damit bewiesene – Unfähigkeit für sein Amt nicht zugeben. Er lobt die Stoffe in den höchsten Tönen, doch der Kaiser ist skeptisch und schickt den Major nochmals zur Überprüfung. Doch diesem ergeht es nicht anders, auch er sieht nichts, was auch er nicht zugeben will, und bestätigt den Eindruck seines Vorgängers. Ungläubig nimmt der Kaiser nun die Stoffe selbst in Augenschein und kann nicht fassen, dass er nichts sieht, während um ihn herum die Hofangestellten nur von den neuen Stoffen schwärmen.

Der Kaiser will seinem gesamten Volk die Entscheidung überlassen, ob er tatsächlich zu dumm und unfähig für sein Amt ist. Die Untertanen würden ihm die Wahrheit sagen, im Gegensatz zu seinem Hofstaat. Und so will er sich in seinen neuen Gewändern allen Untertanen zeigen. Doch als der Kaiser sich umkleiden will, geben sich Lorenzo und Tobias zu erkennen. Sie meinen, ihr Scherz sei nun weit genug getrieben. Aber der Kaiser ist entschlossen, das Spiel zu Ende zu führen, um nun auch seinem verlogenen Hofstaat eine Lehre zu erteilen.

So erscheint der Kaiser halbnackt vor seinem Volk, und obwohl die Leute zuerst lachen wollen, jubeln sie ihm plötzlich zu, denn auch sie wollen sich nicht eingestehen, dass sie dumm seien. Erst als ein kleines Kind ausruft: „Der Kaiser hat ja gar nichts an!“, klärt der Herrscher sein Volk auf. Lorenzo ist erfreut, seinen Kaiser endlich einmal ehrlich zum Volk sprechen zu hören, und dieser verspricht in Zukunft mehr für sein Volk zu tun. Als erstes lässt er ihnen Steuern zurückzahlen.
"	1994_Andersen_Wikipedia_Fiedler_Des_Kaisers_neue_Kleider.txt	/content/drive/MyDrive/Märchen-Seminar/Korpus/Andersen/Wikipedia/1994_Andersen_Wikipedia_Fiedler_Des_Kaisers_neue_Kleider.txt	neutral
Andersen	Wikipedia	1939	Andersen	Wikipedia	Disney	Das hässliche Entlein	"Das hässliche Entlein

Ente und Enterich sind ungeduldig, steht das Schlüpfen ihrer Kinder doch kurz bevor. Kurze Zeit später ist es soweit: Die beiden werden stolze Eltern von vier gelben Entenküken. Ein Ei jedoch springt erst kurze Zeit später. Heraus kommt ein kleines weißes Küken, das vollkommen andere Töne von sich gibt. Ente und Enterich geraten über den Fremdling in Streit und trennen sich. Während Mutter Ente mit ihren Küken erste Schwimmversuche macht, wird das „hässliche Entlein“, das ein Schwan ist, ausgeschlossen und sieht selbst in seinem Wasserspiegelbild, dass es anders aussieht. Traurig geht es davon.

Der kleine Schwan versucht, Anschluss bei einer Vogelfamilie zu finden, wird jedoch davongejagt. Auf einem See entdeckt er einen Schwimmvogel, der still hält und sich von ihm herzen lässt – es ist jedoch nur eine Spielzeugente.

Weinend und leise trompetend lässt er sich schließlich am Rand des Sees nieder. Eine Schwanenfamilie hört ihn trauern und kommt angeschwommen. Ungläubig sieht der kleine Schwan die vier anderen Jungtiere, die ihm gleichen, und wird von der Schwanenmutter sofort in die Familie aufgenommen. Seiner früheren Entenfamilie kehrt er nun selbstbewusst den Rücken zu.
"	1939_Andersen_Wikipedia_Disney_Das_hässliche_Entlein.txt	/content/drive/MyDrive/Märchen-Seminar/Korpus/Andersen/Wikipedia/1939_Andersen_Wikipedia_Disney_Das_hässliche_Entlein.txt	neutral
Andersen	Wikipedia	1989	Andersen	Wikipedia	Musker	Arielle	"Arielle

Arielle (im englischen Original Ariel), die jüngste Tochter von König Triton, Herrscher über das Meeresvolk, ist mit ihrem Leben im Meer unzufrieden. Sie sehnt sich danach, einmal ein Mensch zu sein, und gerät mit ihrem Vater oft in Streitereien über diese „barbarischen Fischfresser“. Häufig muss dessen Hofmusikant Sebastian, die Krabbe, der unternehmungslustigen Arielle und ihrem Freund Fabius (Flounder), einem Doktorfisch, nachspionieren, um zu gewährleisten, dass Arielle nicht entgegen den Anweisungen ihres Vaters zur Meeresoberfläche schwimmt.

Von allen unbemerkt beobachtet die Seehexe Ursula das Treiben von Arielle und ihren Freunden und sieht in ihr die perfekte Chance, Rache an König Triton zu üben, der sie einst aus dem Königreich verbannt hatte.

Eines Abends beobachten Arielle und Fabius an der Oberfläche ein Feuerwerk zu Ehren des Prinzen Erik (Prince Eric), der seinen Geburtstag auf einem Schiff feiert. Zu seinem Unglück gerät das Schiff in einen Sturm und Erik wird von Bord geschwemmt. Arielle kommt ihm zu Hilfe und verliebt sich in den Prinzen. Als dieser jedoch erwacht, verschwindet sie und Erik hat keine Erinnerung an sie, außer an ihren wunderschönen Gesang.

Als Arielles Vater erfährt, dass sie einen Menschen vor dem Ertrinken gerettet und sich dabei in ihn verliebt hat, ist er außer sich vor Wut und zerstört mit seinem goldenen Dreizack eigenhändig Arielles geheimes Versteck, wo sie ihre gefundenen Souvenirs aus der Menschenwelt aufbewahrte.

Nun sieht Ursula ihre Chance gekommen und verspricht, Arielle für drei Tage in einen Menschen zu verwandeln. In diesen drei Tagen muss sie von Erik geküsst werden, nur dann kann sie für immer ein Mensch bleiben. Schafft sie es nicht, verwandelt sie sich wieder in eine Meerjungfrau und ihre Seele gehört Ursula. Als „Bezahlung“ erhält die Hexe ihre Stimme, da sie weiß, dass Erik Arielle nur an ihrer Stimme erkennen kann.

Sebastian und Fabius bringen die in einen Menschen verwandelte Arielle schnellstens an die Oberfläche, wo sie Prinz Erik sogleich am Strand trifft. Wie von Ursula geplant, kann er nicht ergründen, wer sie ist und wo sie herkommt. Arielles Freunde bemühen sich, die beiden zum Küssen zu bewegen, während Ursula genau das Gegenteil versucht. Arglistig geht sie als wunderschöne Vanessa an Land und betört Erik mit Arielles Stimme. Erik glaubt, in Vanessa seine Lebensretterin gefunden zu haben, und die Hochzeit wird für den Abend festgelegt, an dem Arielles Arrangement mit Ursula ausläuft.

Nun werden von Eriks Hund Max und der Seemöwe Scuttle alle möglichen Vorkehrungen getroffen, damit die Hochzeit nicht wie geplant stattfinden kann. So kommt es, dass die falsche Braut von Seevögeln attackiert wird und Max schließlich durch einen Biss in Ursulas Hinterteil deren Identität aufklärt. Damit erhält Arielle ihre Stimme wieder und Erik begreift, dass sie das Mädchen ist, das ihn einst rettete. Er will sie küssen, doch es ist zu spät. Mit dem Untergehen der Sonne verwandelt sich Arielle wieder in eine Meerjungfrau und die zurücktransformierte Ursula entführt sie in die Tiefen des Meeres.

Nun schaltet sich König Triton ein, der zwar den Handel nicht brechen kann, sich aber für seine Tochter bei Ursula aufopfert, indem er seine Seele gegen die Arielles austauscht. Ursula nimmt Tritons Krone und ernennt sich selbst zur Herrscherin der Meere. Unter der Wasseroberfläche entdeckt Erik Ursula, während sie Arielle bedroht, und trifft Ursula mit einer Harpune am Arm. Diese will ihn mit dem Dreizack vernichten, doch Arielle verursacht, dass Ursula versehentlich ihre beiden Haustier-Muränen tötet, und nun soll auch Arielle beseitigt werden. Vor lauter Zorn verwandelt die Seehexe sich in einen Riesenkraken und zieht in einem gewaltigen Wirbel den herbeigesegelten Erik in Richtung Meeresgrund. Doch er wächst über sich hinaus, als Arielle in den Strudel gerät. Er geht auf ein herbeigewirbeltes Schiffswrack an Bord und steuert es Richtung Ursula. Als sie kurz davor ist, Arielle zu töten, rammt Erik Ursula den Bug des Schiffes mitten ins Herz.

Mit ihrem Tod werden all ihre ehemaligen Opfer inklusive Triton wieder zu Meeresbewohnern. Als der Meereskönig erkennt, wie unglücklich Arielle als Meerjungfrau ist, und wie sehr sie Erik liebt, gibt er schließlich nach und schenkt Arielle ein Leben als Mensch.
"	1989_Andersen_Wikipedia_Musker_Arielle.txt	/content/drive/MyDrive/Märchen-Seminar/Korpus/Andersen/Wikipedia/1989_Andersen_Wikipedia_Musker_Arielle.txt	neutral
Andersen	Wikipedia	2013	Andersen	Wikipedia	Ungureit	Das Mädchen mit den Schwefelhölzern	"Das Mädchen mit den Schwefelhölzern

Der 9 1⁄2-jährige Emil lebt im Waisenhaus „Landfried“ und ist dort mit der etwas älteren Inga eng befreundet. Ingas Eltern sind bei einem Unfall ums Leben gekommen. Sie trägt ein magisches Amulett bei sich, in dem, wenn sie darauf pustet, das Bild ihrer Eltern erscheint, was ihr Kraft gibt. Die kaltherzige Hausmutter, Frau Landfried, lässt die Kinder hart arbeiten, um sich unter dem Vorwand der Verbesserung der Lebensbedingungen im Heim selbst zu bereichern. Sie behandelt die Kinder mit kalter Herablassung und äußerster Härte: Wer die geforderte Leistung nicht erbringt, wird mit dem Stock bestraft.

Am Weihnachtstag müssen die hungrigen und frierenden Kinder auf dem Markt in der nahe gelegenen Stadt Schwefelhölzer verkaufen. Demjenigen, der die meisten Groschen mit nach Hause bringt, winkt eine Keule der gebratenen Weihnachtsgans als Belohnung. Inga erregt mit ihrem Mut und ihrer kräftigen Stimme bei den zumeist erfolglosen Bemühungen die Aufmerksamkeit des diensthabenden Gendarms, der sich als freundlich erweist und ihr ein Hölzchen abkauft.

Da Emil Angst vor der angedrohten Züchtigung hat, übergibt ihm Inga selbstlos das wenige verdiente Geld, indem sie ihm drei seiner Hölzer abkauft, und begibt sich allein auf die Suche nach weiterer Kundschaft. Dabei begegnet sie einem unbekannten Mann, der scheinbar mit dem Schicksal ihrer Familie vertraut ist und tröstende Worte findet. Da sie nicht ins Heim zurückwill, läuft sie zu ihrem nun verfallenen Elternhaus, wo sie der Fremde wieder erwartet. Da ihr sehr kalt ist, zündet sie verbotenerweise eines ihrer Hölzchen als Wärmespender an, worauf das festlich geschmückte Wohnzimmer aus alten Tagen erscheint. Doch sobald das Hölzchen erlischt, ist auch die Vision vorbei. Von dem Fremden ermutigt zündet sie ein weiteres Hölzchen an, wobei das gesamte Bündel in Brand gerät. Daraufhin findet Inga hinter einem Vorhang auch ihre Eltern, die sie herzlich willkommen heißen, während das Bündel Schwefelhölzchen abbrennt.

Emil hat das Waisenhaus spätabends verbotenerweise verlassen, um Inga zu suchen. Er trifft auf den hilfsbereiten Gendarmen und fasst Vertrauen zu ihm, klärt ihn über die Zustände im Heim auf und begibt sich mit ihm auf die Suche nach seiner verschwundenen Freundin. In Ingas Elternhaus finden sie sie leblos vor, das abgebrannte Bündel Schwefelhölzer in der Hand. Ihre Visionen haben sie in Anwesenheit des Fremden (offenbar ein Engel) sanft in den Erfrierungstod begleitet, sie ist nun tatsächlich mit ihren Eltern vereint.

Zeitsprung: Der 20-jährige Emil ist neuer Heimleiter des Waisenhauses, das jetzt „Frieden“ heißt. Der Gendarm und seine Frau geben gerade eine großzügige Spende für die Kinder ab. Emil kümmert sich fürsorglich um die Waisenkinder und gibt auch Frau Landfried nach ihrer Entlassung aus dem Gefängnis als Angestellte eine zweite Chance – sie kann durch Arbeiten ihr Auskommen verdienen, wird aber nicht schlecht behandelt. Emil trägt Ingas Amulett bei sich, in dem nun Ingas Bild statt das ihrer Eltern erscheint, und bleibt auf diese Weise mit seiner Freundin verbunden.
"	2013_Andersen_Wikipedia_Ungureit_Das_Mädchen_mit_den_Schwefelhölzern.txt	/content/drive/MyDrive/Märchen-Seminar/Korpus/Andersen/Wikipedia/2013_Andersen_Wikipedia_Ungureit_Das_Mädchen_mit_den_Schwefelhölzern.txt	neutral
Andersen	Wikipedia	1989	Andersen	Wikipedia	Hürtgen	Der Tölpelhans	"Der Tölpelhans

Während seine klugen Brüder Melchior und Gregor sich dem täglichen Studium widmen dürfen, muss sich der Tölpelhans um die Arbeiten im Hause seines Vaters kümmern. Aufgrund seiner Ungeschicklichkeit wird er von seiner Familie nur verspottet.

Eines Tages erscheint ein Bote des Königs und verkündet, dass ein Gemahl für dessen Tochter, die Prinzessin Tausendschön, gesucht wird. Während sich seine Brüder sogleich auf Geheiß ihres Vaters bereit machen, räumt Tölpelhans die unordentliche Stube auf. Plötzlich erscheint ihm eine Fee und verkündet, dass sie ihm zu seinem Glück verhelfen will. Sie erscheine den Menschen nur aller sieben Jahre, um demjenigen zu helfen, dem schuldlos Unrecht getan werde und der sich aus eigener Kraft nicht zu helfen wisse.

Tölpelhans ist unsicher, ob die Fee ihm wirklich dazu verhelfen kann das Herz der Prinzessin zu erobern. Zudem kennt er sich in der Welt da draußen eigentlich gar nicht aus. Dennoch schließt er sich seinen Brüdern an und so machen sie sich zu dritt auf den Weg. Im Wald gelangen sie an eine kleine Hütte und Hans will dort den rechten Weg zum Schloss erfragen. In der Hütte wohnt ein seltsames Männlein und fordert Hans auf ihm ein wenig zur Hand zu gehen. Ehe er sich versieht wird er von dem Männlein eingesperrt und sein Hilferuf an die Brüder treibt diese nur in die Flucht. Auf sich allein gestellt, weiß er nicht so recht, wie er sich gegen den Bösewicht zur Wehr setzen soll. Da hilft ihm aber die Fee und es gelingt Hans aus der Hütte zu entkommen. Seine Brüder haben indessen bei einem Müller um ein Mittagessen gebeten. Doch anstatt ihm dafür eine Gegenleistung zu erbringen, speisen sie ihn nur mit klugen Worten ab und machen sich auf und davon. Als Hans dort eintrifft, sieht das ganz anders aus. Er hilft sofort und begnügt sich mit einer Handvoll Körner als Wegzehrung, obwohl ihm der Müller sogar seine Mühle anbietet, wenn er sein Nachfolger werden würde. Seine Brüder holt Hans am Abend ein und befreit sie mit einer List aus den Händen einer Räuberbande. Sie sind überrascht, denn das hätten sie dem ungeschickte Hans gar nicht zugetraut. Allerdings erweisen sie sich als sehr undankbar und schicken ihn schlafen, während sie sich das Essen am Lagerfeuer schmecken lassen und sich allein weiter zum Schloss aufmachen.

Am Königshof sind die ersten Bewerber eingetroffen, die von der Prinzessin auf eine recht ungewöhnliche Probe gestellt werden, indem sie eigentlich nur praktisch Lösungen finden sollen. Alle stellen sich derart unfähig an, dass die Prinzessin alle Bewerber ablehnt. Die klugen Reden von Hans’ Brüdern beeindrucken sie ebenso wenig, wie die auswendig gelernten Hofnachrichten, oder mitgebrachten Brautgeschenke.

Damit Hans noch rechtzeitig zum Schloss gelangt, hilft ihm erneut die Fee. Da Hans sich ganz und gar nicht ungeschickt darin anstellt, sie Aufgaben der Prinzessin zu lösen, ist sie gewillt Hans zu erwählen. Ihrem Vater ist das weniger Recht. Er fordert noch ein Brautgeschenk und einen Beweis, dass er zum Regieren taugt. Die Prinzessin meint allerdings, ihr Vater solle sein Reich teilen, mit wen er mag, sie wolle ihr Leben mit dem teilen, den sie mag. Mit diesen Worten entschwindet sie mit Hans aus dem Schloss. Beide verstecken sich beim Müller und als die Häscher des Königs erscheinen, die ihrem Weg gefolgt waren, zeigt sich die Fee in Gestalt der Prinzessin Tausendschön und lässt sich mit aufs Schloss nehmen. Hans nimmt seine echte Prinzessin in die Arme und lächelt der Fee zum Abschied zu.
"	1989_Andersen_Wikipedia_Hürtgen_Der_Tölpelhans.txt	/content/drive/MyDrive/Märchen-Seminar/Korpus/Andersen/Wikipedia/1989_Andersen_Wikipedia_Hürtgen_Der_Tölpelhans.txt	neutral
Andersen	Wikipedia	1961	Andersen	Wikipedia	Günther	Das Kleid	"Das Kleid

Die Tuchweber Hans und Kumpan kommen auf ihrer Wanderschaft zu einer Stadt, die von einer hohen Mauer umgeben ist. Sie hören zwar, dass die Menschen hinter der Mauer alle fröhlich sind und ein erfülltes Leben führen, doch werden sie nicht in die Stadt eingelassen. Als blinde Passagiere unter einem Wagen gelangen sie schließlich unbemerkt in die Stadt. Es ist bereits dunkel und niemand öffnet ihnen die Tür. Auch die schöne Katrin schließt eilig die Fensterläden, als sie die beiden Männer sieht. Die übernachten schließlich unter einem bereits aufgestellten Stand auf dem Marktplatz. Als sie am nächsten Morgen erwachen, hat der Markt bereits begonnen und sie erkennen, dass sie unter dem Stand des Fleischers genächtigt haben, der in Katrin verliebt ist. Sie jedoch lässt ihn stets zappeln.

Als Hans und Kumpan unter dem Tisch hervorgekommen sind, laufen sie prompt den Wachen des Kaisers in die Arme. Katrin hilft ihnen, bei den Soldaten um Mitnahme ins Schloss zu bitten. Die Soldaten lehnen dies jedoch ab, da der Kaiser bereits mit seiner Bekleidungsministerin auf Kriegsfuß steht, weil sie nur unpassende Kreationen zu fertigen weiß. Hans und Kumpan schmuggeln sich daher in die Essenskiste und gelangen so ins Schloss.

Der Kaiser leidet unter seinen Ministern. Der Innenminister hat zahlreiche Sonderagenten ins Schloss gebracht, die sich unsichtbar zu machen verstehen, den Kaiser jedoch beschützen sollen. Die Bekleidungsministerin präsentiert dem Kaiser eine Marinejacke als neueste Erfindung und die Essenskiste ist am Ende auch leer, weil Hans und Kumpan darin ins Schloss gebracht wurden. Der Kaiser verurteilt beide Männer zum Tode, doch greift die Bekleidungsministerin ein, als sie hört, dass beide Tuchmacher sind, die dem Kaiser ein neues Kleid schneidern wollen. Sie hofft, dass beide endlich die Kreation zustande bringen, die sie nicht schaffen kann. In Erwartung eines sensationellen Kleides wirft der Kaiser alle seine Kleidungsstücke aus dem Fenster. Da er Hans und Kumpan jedoch keine Vorgabe für ein neues Kleid macht, sind beide ratlos, zumal sie das Kleid in einer Gefängniszelle schaffen sollen. Katrin versorgt sie heimlich mit Essen und bald arbeiten die beiden Männer eifrig an einem offenbar unsichtbaren Kleid. Nur der kann es sehen, der nicht dumm ist und zu Recht sein Amt führt, lassen beide Männer verkünden. Als der Kaiser dies hört, frohlockt er und prophezeit, dass seine Würdenträger alle unfähig sind. Symbolisch malt er deren Köpfe auf Luftballons, die er genüsslich zerstößt. Nur der Küchenmeister gibt zu, wahrscheinlich zu dumm zu sein, um das Kleid zu sehen. Der Kaiser lässt für den nächsten Tag einen Festzug durch die Stadt ankündigen.

Am nächsten Morgen bittet der Innenminister, als erster das Kleid ansehen zu dürfen, da er nach langer Überlegung zu dem Schluss gekommen ist, dass er zu Recht in seinem Amt sitzt. Er kehrt verstört zurück, da er kein Kleid gesehen hat. Die Soldaten werden unterdessen von den beiden Tuchmachern in das Geheimnis eingeweiht. Der Außenminister und die Bekleidungsministerin erscheinen, sehen das Kleid nicht, beschließen aber, dem Kaiser seine Überheblichkeit vom Vortag heimzuzahlen. Sie schildern das Kleid in blumigen Worten und der Kaiser muss nun das Spiel mitspielen. Er wird angekleidet, mit Krone, Handschuhen, Schärpe und Stiefeln sowie Unterwäsche, Hose und Rock aus dem „Wunderstoff“. Im Volk hat man inzwischen gehört, dass die beiden Tuchmacher keinen Stoff gewoben haben. Als der Kaiser jedoch nackt durch die Straßen zieht, lacht niemand. Dem Jungen, der auf die Nacktheit hinweisen will, wird der Mund zugehalten. Erst die Soldaten Latte und Zwiebel brechen das Eis: Sie erscheinen in Unterhosen vor dem Kaiser, der sie fragt, warum sie halbnackt sind. Beide sind entrüstet und behaupten, einen schönen Rock zu tragen, der aus Resten der kaiserlichen Kleidung hergestellt wurde. Das Volk beginnt zu lachen und der Kaiser flieht in sein Schloss. Hier zeigen sich nun auch die Minister hämisch – der Kaiser hat seine Macht verloren. Hans und Kumpan wiederum verabschieden sich von Katrin, die gerne einen von ihnen heiraten würde, und ziehen zu zweit in die Welt hinaus.
"	1961_Andersen_Wikipedia_Günther_Das_Kleid.txt	/content/drive/MyDrive/Märchen-Seminar/Korpus/Andersen/Wikipedia/1961_Andersen_Wikipedia_Günther_Das_Kleid.txt	neutral
Andersen	Wikipedia	1990	Andersen	Wikipedia	Raza	Der Reisekamerad	"Der Reisekamerad

Als der Vater des Schafhirten Jan im Sterben liegt, erzählt er seinem Sohn, dass nach seinem Tod der Besitz der gesamten Familie an den Wucherer übergeht. Während Jans Kindheit hatte die Pest die gesamte Schafherde der Familie vernichtet, da half ihnen der Wucherer und verlangte beim Tod des Vaters den gesamten Besitz der Familie. Für Jan bleibt nur ein Rubin in Herzform zurück; dieser wurde Jan von einem geheimnisvollen Fremden in die Wiege gelegt und solle ihm einmal Glück bringen.

Jan sieht seine Chance gekommen, als Prinzessin Agnes demjenigen, der die drei Dinge errät, an die sie denkt, sowohl die Hand als auch die Erfüllung eines Herzenswunsches verspricht; jeder, der scheitert, wird in Stein verwandelt. Als Jan auf seiner Reise in einer Kirche übernachtet, ertappt er zwei Räuber, die den dort aufgebahrten Leichnam ausplündern wollen. Er gibt ihnen seine einzige Münze, damit sie den Toten in Ruhe lassen. Später wird Jan von den Gaunern überfallen, doch ihm kommt ein geheimnisvoller Fremder zu Hilfe. Gemeinsam reisen beide zu Prinzessin Agnes und werden dabei von den Dieben verfolgt. Auf seiner Reise begegnet Jan mehrmals einem Dämon, der ihm den Rubin stehlen will, was sein Reisekamerad jedoch zu verhindern weiß.

Als Jan das Schloss erreicht, zeigt Agnes’ Vater ihm zur Warnung die Männer, die bereits falsch geraten haben und zu Stein verwandelt wurden, und erzählt ihm, dass eine fremde Macht von seiner Tochter, als diese 16 Jahre alt war, Besitz ergriffen hat. Jan wird von Furcht ergriffen, doch drängt ihn sein Reisekamerad, sich seiner Aufgabe zu stellen. In der Nacht folgt der Reisekamerad der Prinzessin zu der Höhle des Dämons, der von der Lebenskraft der in Stein verwandelten Männer zehrt und den Rubin braucht, um das ewige Leben zu erlangen. Er ist derselbe Dämon, der in verschiedenen Gestalten versucht hatte, Jan den Rubin zu stehlen.

Mit der Hilfe des Reisekameraden gelingt es Jan, zweimal richtig zu raten. In der dritten Nacht folgt Jan der Prinzessin in die Höhle; dort kommt es zum Kampf zwischen ihm und dem Dämon. Jan besiegt den Dämon und findet am nächsten Morgen die dritte richtige Lösung: Die Liebe. Jan wünscht sich, dass alle versteinerten Männer wieder zum Leben erwachen sollen. Während Jans Wunsch in Erfüllung geht, verwandelt sich der Dämon selbst in Stein. Jan wird König und heiratet Agnes. Der Reisekamerad sieht, dass Jan ihn nicht mehr braucht, und verlässt ihn.
"	1990_Andersen_Wikipedia_Raza_Der_Reisekamerad.txt	/content/drive/MyDrive/Märchen-Seminar/Korpus/Andersen/Wikipedia/1990_Andersen_Wikipedia_Raza_Der_Reisekamerad.txt	neutral
Andersen	Wikipedia	2010	Andersen	Wikipedia	Ungureit	Des Kaisers neue Kleider	"Des Kaisers neue Kleider

Jakob zieht durchs Land und gelangt in die Stadt des Kaisers. Er macht Bekanntschaft mit Maja und ihrer kleinen Schwester Greta und erfährt die Not und Armut der Bürger, weil der Kaiser Friedhelm viel Geld und Zeit für seine Kleider ausgibt. Jakob beschließt, das zu ändern, und kommt durch eine List an eine Audienz beim Kaiser. Er behauptet, dass er der beste Weber weit und breit ist, und er verspricht, für den Kaiser die allerschönsten Kleider zu nähen. Diese hätten aber eine Besonderheit: Jeder, der unverzeihlich dumm oder seines Amtes nicht würdig sei, könne diese Kleider nicht sehen. Der Kaiser freut sich, denn er denkt, er könne so erkennen, wer in seinem Reiche dumm ist oder ihres Amtes nicht taugt.

Jakob macht sich zusammen mit Maja und Greta am Webstuhl an die Arbeit. Es ist aber kein Stoff auf dem Webstuhl. Der Kaiser schickt seinen engsten Vertrauten, damit ihm berichtet wird, wie gut die Arbeit vorankommt. Er berichtet ihm, die Kleider sähen prächtig aus, obwohl er nichts gesehen hat, um nicht als dumm dazustehen. Als der Kaiser die fertigen Kleider anziehen will, sieht er sie auch nicht. Er sagt aber, es seien wunderschöne Kleider, weil er als Kaiser tauglich gelten will.

Der Kaiser präsentiert seine neuen Kleider dem Volke. Alle staunen – sie sehen ja nichts – und sagen, wie schön des Kaisers neue Kleider sind. Keiner will sich anmerken lassen, er sehe nichts. Ein kleines Kind sagt schließlich: „Aber der Kaiser hat ja gar nichts an!“ Diese Aussage eines unschuldigen Kindes macht sich im Volke breit. Dann sagt das ganze Volk die Wahrheit: Der Kaiser hat nichts an! Der Kaiser erkennt beschämt die Wahrheit. Anders als in der Vorlage akzeptiert er lachend die Situation und es lässt ihn zur Einsicht kommen, dass schöne Kleidung nicht alles ist. Als er daraufhin überredet wird mehr für sein Volk zu tun und die unschuldigen Gefangenen freizulassen, merkt er, dass er damit viel mehr Anerkennung erfahren kann, als es Kleider je getan hätten.
"	2010_Andersen_Wikipedia_Ungureit_Des_Kaisers_neue_Kleider.txt	/content/drive/MyDrive/Märchen-Seminar/Korpus/Andersen/Wikipedia/2010_Andersen_Wikipedia_Ungureit_Des_Kaisers_neue_Kleider.txt	neutral
Andersen	Wikipedia	1967	Andersen	Wikipedia	Schwarz	Die Schneekönigin	"Die Schneekönigin

 Großmutter der Ziehgeschwister Kai und Gerda bekommt an einem Winterabend Besuch von einem unfreundlichen Fremden, einem reichen Kommerzienrat, der unbedingt ihre Rosen haben will, um sie teuer weiterzuverkaufen. Die Großmutter weigert sich jedoch vehement, da die Blumen ein Geschenk ihres Untermieters sind, eines Märchenerzählers, und man Geschenke nicht verkaufen dürfe. Der Fremde kündigt an, sich dafür zu rächen und bei seiner Königin, der Schneekönigin, zu beschweren. Diese erscheint kurz darauf und will Kai mitnehmen; sie bietet dem Jungen dafür ein Leben in ewigem Wohlstand. Als Kai sich weigert, gibt die Schneekönigin ihm zum Abschied einen Kuss, wodurch sich das Herz des Jungen in einen Eisklumpen verwandelt.

Nur wenig später hängt sich Kai mit seinem Schlitten an den Pferdeschlitten der Schneekönigin und wird entführt. Als er im Frühjahr noch immer nicht zurückgekehrt ist, macht sich Gerda auf die Suche nach ihrem Bruder. Dabei begegnen ihr der Rabe Karl und dessen Freundin, die Krähe Klara. Die beiden erzählen ihr, dass Kai möglicherweise der Bräutigam der Prinzessin Elsa geworden sei, und bringen Gerda zum Schloss. Bei dem Prinzen handelt es sich jedoch nicht um Kai, sondern einen jungen Mann namens Klaus. Er und Elsa haben durch die geschwätzige Elster, eine Verwandte von Karl und Klara, jedoch schon von Gerda und Kai gehört und stellen dem Mädchen eine goldene Kutsche zur Verfügung, damit Gerda sicher zum Palast der Schneekönigin gelangen kann, um Kai zu retten. Als Elsas eigentlich gutmütiger Vater, der König, Gerda auf Druck des Kommerzienrates einkerkern will, kommt ihr der Märchenerzähler zu Hilfe und duelliert sich mit dem Kommerzienrat. Mit Hilfe von Klaus und Elsa können die beiden schließlich entkommen.

Um Gerda doch noch aufzuhalten, setzt der Kommerzienrat eine Räuberhauptfrau und deren Bande auf die Goldkutsche an. Die Räuber freuen sich über die leichte Beute und wollen Gerda dem Kommerzienrat ausliefern. Als aber die Tochter der Räuberhauptfrau Gerda als Spielkameradin für sich behält, beauftragt der Kommerzienrat einen der Räuber, das Mädchen umzubringen. Dieser schleicht sich nachts zu Gerda in die Räuberhöhle, entpuppt sich aber als der verkleidete Märchenerzähler und befreit sie. Die Räubertochter ertappt die beiden bei der Flucht, lässt sich schließlich aber erweichen, Gerda gehen zu lassen und gibt ihr ihr sprechendes Rentier mit, das den Weg zum Palast der Schneekönigin kennt.

Als Gerda den Palast der Schneekönigin erreicht, ist diese unterwegs, um den Frühling aufzuhalten. Kai soll in der Zwischenzeit das Wort „Ewigkeit“ aus Eissplittern zusammensetzen; als Belohnung hat ihm die Schneekönigin die ganze Welt und ein paar neue Schlittschuhe versprochen. Der innerlich vereiste Kai weigert sich zunächst, mit Gerda mitzugehen, taut aber wieder auf, als er von seiner weinenden Schwester umarmt wird und sie ihm von zu Hause erzählt. Als die beiden den Palast bereits verlassen haben, taucht plötzlich die Schneekönigin auf und versucht, die Geschwister zurückzuhalten; jedoch vergeblich, da Gerda vor nichts mehr Angst und Kai kein kaltes Herz mehr hat.

Die Nachricht von Kais Rettung verbreitet sich schnell unter allen Freunden, die Gerda auf ihrer Reise getroffen hat. Die Großmutter schließt ihre Enkelkinder glücklich in die Arme und der Märchenerzähler meint, dass nichts und niemand sie jemals trennen könne, solange sie alle immer zusammenhalten würden.
"	1967_Andersen_Wikipedia_Schwarz_Die_Schneekönigin.txt	/content/drive/MyDrive/Märchen-Seminar/Korpus/Andersen/Wikipedia/1967_Andersen_Wikipedia_Schwarz_Die_Schneekönigin.txt	neutral
Andersen	Wikipedia	1959	Andersen	Wikipedia	Hartmann	Das Feuerzeug	"Das Feuerzeug

Ein Soldat kehrt nach getaner Kriegsarbeit in die Heimat zurück. Auf dem Weg in die Stadt trifft er eine alte Hexe, deren Feuerzeug in einem hohlen Baum liegt, da ihre Großmutter es vergessen hatte, als sie das letzte Mal unten im Baum war. Sie sagt zu ihm, dass er nun soviel Geld haben kann, wie er möchte. Er fragt lächelnd, was er dafür tun müsse und die Hexe antwortet, dass er ihr nur das Feuerzeug heraufbringen müsse. Er willigt ein, kletterte den Stamm hoch und sie lässt ihn mit einem Seil den hohlen Stamm runter. Als der Soldat sich unten im hohlen Baum befindet, sieht er drei Tore, hinter denen sich jeweils ein Hund befindet. Jeder dieser drei Hunde bewacht eine Truhe mit Münzen aus Gold, Silber oder Kupfer. Der Soldat bedient sich aus jeder und lässt sich von der alten Hexe wieder hochziehen. Bevor er jedoch oben ankommt, fährt ihn die Hexe an, er solle ihr zuerst das Feuerzeug herunterwerfen. Er befiehlt, ihn erst ganz heraus zu ziehen, aber sie lässt das Seil los. Er kann sich noch abfangen und schafft es allein raus. Da verwandelt sich die Hexe in eine Schlange, die der Soldat mit seinem Säbel erschlägt. Anschließend kehrt er zurück in seine Heimat.

Dort angekommen, gibt er den armen Kindern von seinem Reichtum ab und verschafft einem Jungen eine Lehre bei einem armen Schuster. Ein reicher Schuhmachermeister hatte den Jungen zuvor wegen dessen Armut weggejagt, weil er kein Lehrgeld bezahlen konnte. Nach diesen guten Taten gönnt er sich ein gutes Essen und ein gutes Zimmer in einem Wirtshaus, dem besten in der Stadt. Auch sonst lässt er sich sein Leben in Saus und Braus gefallen und deckt sich mit neuer Kleidung ein. Nachdem er sein Geld aufgebraucht und er somit auch all die falschen Freunde verloren hat, die sich auf seine Kosten satt gegessen hatten, muss er in eine armselige Wirtsstube umziehen und sogar seine neuen Stiefel in Zahlung geben. Der Schuster hat ihn jedoch nicht vergessen und schickt jeden Tag den neuen Lehrling mit Essen zu ihm. Als der Soldat bei fadem Tageslicht seine Kleidung selbst zu nähen und eine Kerze mit dem Feuerzeug anzuzünden versucht, kommt er hinter das Geheimnis des Feuerzeuges: Es ruft die Hunde aus dem hohlen Baum, die ihm auf Wunsch etwas von den edlen Metallen bringen. Somit ist er wieder solvent, und der Wirt versucht sich genauso wie seine falschen Freunde erneut bei ihm einzuschmeicheln.

Auf dem Marktplatz kommt dem Soldaten zu Ohren, dass der König seine wunderschöne Tochter im Kupferschloss eingesperrt hat, da er sie einer alten Weissagung zufolge sonst an einen gewöhnlichen Soldaten verlieren würde. An diesem Abend lässt sich der Soldat von einem der Hunde die schlafende Prinzessin bringen und genießt deren Anblick. Am nächsten Morgen berichtet die Prinzessin dies den aufgelösten Eltern, die in den folgenden Nächten der Kammerfrau befehlen, an dem Bett der Prinzessin zu wachen. Diese verspricht, künftig besser aufzupassen. In der kommenden Nacht erscheint wieder ein Hund und nimmt die Prinzessin vor den schreckgeweiteten Augen der Kammerfrau mit. Die Kammerfrau folgt den beiden und macht an der Haustür des Soldaten ein Kreuz aus Kreide. Der Soldat bemerkt dies jedoch durch den Hund und macht dasselbe Zeichen an allen Haustüren der Straße. Die siegessichere Kammerfrau will dem Königspaar am nächsten Tag die markierte Tür zeigen, jedoch gerät ihr dies zur Blamage.

In einer der folgenden Nächte gelangt der Soldat selbst ins Zimmer der Prinzessin und wird sogleich festgenommen. Als er daraufhin am Galgen gehängt werden soll, bittet er noch darum, eine letzte Pfeife rauchen zu dürfen. Er beauftragt den Schusterjungen, ihm sein Feuerzeug aus dem Wirtshaus zu holen. Der muss, weil alle Bewohner ihre Häuser verlassen haben und somit auch das Wirtshaus verschlossen ist, über einen Baum ins Zimmer des Soldaten klettern. Ein Polizist entdeckt den Jungen jedoch und nimmt ihn beim Herunterklettern fest. Der Junge kann sich befreien und endlich dem Soldaten das Feuerzeug bringen, worauf dieser dreimal mit dem Feuerzeug Feuer schlägt. Sogleich erscheinen die drei riesigen Hunde, stürzen sich auf die Wächter und das ganze andere hartherzige Volk und jagen alle zur Stadt hinaus. Der König kann sich der Erfüllung der Prophezeiung nicht mehr widersetzen und gibt dem Soldaten seine Tochter zur Frau.
"	1959_Andersen_Wikipedia_Hartmann_Das_Feuerzeug.txt	/content/drive/MyDrive/Märchen-Seminar/Korpus/Andersen/Wikipedia/1959_Andersen_Wikipedia_Hartmann_Das_Feuerzeug.txt	neutral
Andersen	Wikipedia	2002	Andersen	Wikipedia	Moore	Die Schneekönigin	"Die Schneekönigin

In einem Dorf in den Bergen lebt die kleine Gerda mit ihren Eltern. Eines Tages wird ihre Mutter durch den Winter, den „Schoßhund der Schneekönigin“ getötet. Daraufhin verfällt ihr Vater in tiefe Trauer und Gerda muss die Rolle als Hausfrau übernehmen.

Jahre später kommt der junge Kai als Page in das Hotel, das Gerdas Vater gehört. Die beiden verlieben sich ineinander, was Gerdas Vater nicht gerne sieht. Als eines Tages jedoch ein Eissplitter in Kais Auge fliegt, wird sein Herz zu Eis und er ist nicht mehr wiederzuerkennen. Da steigt eine geheimnisvolle Unbekannte im Hotel ab, die Kai mit sich nehmen will. Er weigert sich zunächst. Doch durch den Kuss der Fremden hypnotisiert, folgt er ihr schließlich und lässt Gerda allein.

Im Schloss der Königin soll Kai einen Spiegel zusammensetzen, der der Königin zerbrochen ist. Währenddessen springt Gerda, verzweifelt über Kais Verschwinden, in den Fluss. Als sie die Augen wieder öffnet, erwacht sie im Garten der fröhlichen Frau Frühling, die sich mütterlich um Gerda kümmert und ihr so ermöglicht, ihre Kindheit (den „Frühling ihres Lebens“) nachzuholen. Allerdings hält sie das Mädchen mit einem Zauber bei sich fest, um sie davon abzuhalten, weiter nach Kai zu suchen. Schließlich gelingt Gerda aber doch die Flucht, nachdem sie von den Rosen im Garten erfahren hat, dass sich Kai im Reich der Schneekönigin aufhält. Der letzte Rat, den der Frühling ihr gibt, lautet: „Vergiss nie, welche Macht ein einziger Kuss hat!“ Bei ihrer Reise durch den Wald trifft Gerda auf einen kleinen Zauberer. Durch ihn gelangt sie zum Palast der Sommerprinzessin. Diese verspricht Gerda, ihr eine Karte zum Schloss der Schneekönigin zu geben. Als Tausch dafür verspricht das Mädchen, an einem Ball teilzunehmen. Auf diesem jedoch will die Sommerprinzessin das Mädchen verkuppeln, um sie Kai vergessen zu lassen. Gerda bleibt aber standhaft, ihr sind alle anderen Männer egal. Sie flieht mit Hilfe des Zauberers aus dem Palast, die Karte zum Reich der Schneekönigin in der Hand. Dabei läuft sie einer Räuberbande in die Arme, angeführt von Frau Herbst. Nur dem Einschreiten von deren Tochter ist es zu verdanken, dass sie nicht sofort ermordet wird. Diese will sie als ihr „Spielzeug“ behalten. Als Gerda fortzulaufen versucht, wird sie erwischt und in ein Erdloch gesperrt. Durch die Kerkerwand nimmt sie Kontakt mit einem sprechenden Rentier auf. Sie durchbricht die Wand zu seiner Zelle. Zusammen überwältigen die beiden das Räubermädchen und brechen zum Schloss der Schneekönigin auf.

Inzwischen hat Kai den Spiegel fast fertig gepuzzelt. Nur ein Teilchen fehlt noch. Doch wo ist es? Der Eisbär, der ihn bewacht, erzählt ihm die Geschichte des Spiegels, die durch den Wind auch bis an Gerdas Ohren getragen wird: Der Spiegel zeigte einst alles Gute dessen, der in ihn sieht. Als die vier Jahreszeiten in den Spiegel sahen, strahlte der Frühling strahlende Wärme aus, ebenso der Sommer und der Herbst. Als dann der Winter, die Schneekönigin, hineinsah, war dort nur Eis und Kälte. Zusätzlich war er mit einem Zauber belegt: Er erfüllte die Schneekönigin mit dem Wunsch, dass ihre Jahreszeit, der Winter, die einzige auf Erden würde. Daraufhin nahm sie den Spiegel in ihren Besitz und wollte ihn zum Himmel tragen. Als er dort zerbrach, verteilten sich alle Teile in der Welt, ein kleines Spiegelstück ist in Kais Auge. Dieses ist das fehlende Teilchen. Um es zu erreichen, muss Kai einen weiteren Kuss von der Königin empfangen, der ihn aber gleichzeitig umbringen wird.

Endlich ist Gerda am Schloss der Schneekönigin angekommen. Glücklich schließt sie Kai in die Arme, der sie aber nicht erkennt. Sie erinnert ihn an ihre gemeinsame Zeit: Das bricht den Bann. Die beiden wollen gehen, da schreitet die Königin ein. Sie droht, Gerda umzubringen, wenn Kai ihr nicht den letzten Splitter gibt. Dieser willigt ein. Von ihrem Kuss berührt, fällt er leblos zu Boden. Bevor die Schneekönigin ihren Plan vollenden kann, stellt sich Gerda ihr zum finalen Kampf. Das Mädchen wird in die Ecke gedrängt. Ihre Gegnerin wähnt sich als Siegerin. Da entgegnet ihr Gerda: „Du bist nicht die Schneekönigin. Du bist nur der Winter. Und der Winter vergeht!“ Mit diesen Worten presst sie ihr eine Brosche aufs Herz, die einst ihrer Mutter gehört hat und in der deren ganze Liebe steckt. Dadurch wird der Zauber der Schneekönigin gebrochen; sie liegt wehrlos am Boden. Gerda läuft zu Kai und gesteht ihm: „Ich liebe dich.“ In dem Moment erwacht der Junge aus seiner Bewusstlosigkeit. Die beiden kehren in das Hotel zurück, das Gerdas Vater inzwischen aus Trauer über den Verlust seiner Tochter geschlossen hat. Als er die beiden wohlbehalten wieder sieht, schließt er sie in seine Arme und heißt Kai als Schwiegersohn willkommen.
"	2002_Andersen_Wikipedia_Moore_Die_Schneekönigin.txt	/content/drive/MyDrive/Märchen-Seminar/Korpus/Andersen/Wikipedia/2002_Andersen_Wikipedia_Moore_Die_Schneekönigin.txt	neutral
Andersen	Wikipedia	2017	Andersen	Wikipedia	Brinx	Der Schweinehirt	"Der Schweinehirt

Das kleine Königreich Lichterwald steht vor dem Bankrott. Die Königin drängt daher ihren Sohn Augustin, eine wohlhabende Prinzessin zu heiraten, um das Königreich zu retten. Augustin ist aber mehr daran interessiert, sein Leben zu genießen. Als er von seiner Mutter an seine Pflichten als Prinz des Königreiches Lichterwald erinnert wird, beschließt er, nicht die Prinzessin eines anderen Königreiches zu ehelichen, sondern sogleich die Kaisertochter Victoria.

Das Wertvollste, was dem Königreich Lichterwald geblieben ist, ist eine Nachtigall, die jedes Lied singen kann, und eine Rose, deren Duft alle Sorgen verfliegen lässt. Prinz Augustin nimmt die Nachtigall und die Rose mit an den Kaiserhof, um das Herz der Kaisertochter zu gewinnen, aber sie liebt nur Tand aus Menschenhand, sodass sie Augustin erst gar nicht empfängt.

So schnell lässt sich der Prinz jedoch nicht abweisen und verdingt sich als Schweinehirt am Kaiserhof, um seiner Angebeteten nahe zu sein. In dem Krämerladen Schief & Krumm tauscht er seine Nachtigall und seine Rose gegen einen Topf, der gleichzeitig Seifenblasen und Lieder hervorzaubern kann, und eine wundersame Ratsche ein, um doch noch das Herz der Kaisertochter zu erobern. Die Kaisertochter ist von diesem Schnickschnack begeistert und will die beiden Dinge unbedingt haben, aber der Schweinehirt Augustin verlangt erst 10, dann 100 Küsse dafür. Sie ist empört, was dieser Schweinehirt von ihr verlangt, aber sie willigt schließlich trotz dieser Unverfrorenheit ein. Langsam kommen die beiden sich näher und Victoria löst innerhalb von zwei Tagen ihr Versprechen von 100 Küssen ein.

Der Kaiser sucht seine Tochter im Park auf, um ihr mitzuteilen, dass er am morgigen Tage auf dem Hofball ihre Verlobung mit dem steinreichen Prinzen Ferdinand von Wasserfelde verkünden will. Victoria ist verzweifelt. Ihr wird bewusst, Prinz Augustin aufrichtig zu lieben und gesteht ihm ihre Liebe in einem rührenden Brief. Auch Augustin ist nun sicher, dass Victoria die richtige Frau für ihn ist.

Von den beiden Krämern Schief & Krumm erbittet er fürstliche Kleidung. Er will auf dem Ball beweisen, der richtige Bewerber für Victoria zu sein. Unter falschem Namen geht er gemeinsam mit den Krämern, die sich als seine Gefolgschaft ausgeben, zum Ball. Der arrogante Prinz Ferdinand kann es mittlerweile kaum mehr erwarten, seine Braut kennenzulernen. Victoria fordert ihn zum Tanz auf. Bei einem Contredanse gelingt es Victoria und Augustin, für einen kurzen Moment unbeobachtet miteinander zu sprechen. Augustin erklärt, Victoria vor ihrem größten Unglück bewahren zu wollen. Die beiden fliehen aus dem Ballsaal und gestehen sich in Victorias Privatgemächern ihre Liebe. Der Kaiser überrascht die Liebenden dort, fordert von Victoria eine Erklärung und droht ihr mit Enterbung. In diesem Moment verlässt sie der Mut und sie leugnet, den Schweinehirten geküsst zu haben.

Der Kaiser drängt sie zur Heirat mit Prinz Ferdinand. Auch Augustins Mutter hat eine neue „Partie“ für ihren Sohn aufgetan: Kunigunde, die Tochter ihres Hauptgläubigers. Victoria will Schweinhirtin werden, um Augustin ihre Liebe zu beweisen. Von dem echten Schweinehirten erfährt sie, dass Augustin ein Prinz und in sein Königreich zurückgekehrt ist. Sie bittet die beiden Krämer Schief & Krumm, ihr Rose und Nachtigall zu überlassen, um diese dem Prinzen zurückzubringen. Sie erreicht das Königreich direkt am Hochzeitstag von Prinz Augustin.

Während der Trauungszeremonie lässt sie die Nachtigall frei, die sich auf dem Fenstersims niederlässt und ein Lied singt. Augustin weiß, dass Victoria zu ihm zurückgekehrt ist. Als Victoria das Königreich verlassen will, holt Prinz Augustin sie ein. Die beiden gestehen sich erneut ihre Liebe und Augustin bittet Victoria, seine Frau zu werden, auch ohne Reichtum und finanzielle Mittel. Der Kaiser, der seiner Tochter nachgeritten ist, gibt schließlich den Liebenden ebenfalls seinen Segen.
"	2017_Andersen_Wikipedia_Brinx_Der_Schweinehirt.txt	/content/drive/MyDrive/Märchen-Seminar/Korpus/Andersen/Wikipedia/2017_Andersen_Wikipedia_Brinx_Der_Schweinehirt.txt	neutral
Andersen	Wikipedia	1916	Andersen	Wikipedia	Goetz	Streichhölzer kauft Streichhölzer	"Streichhölzer, kauft Streichhölzer!

Die kleine Hella wächst im Elend der Straße auf und verkauft Streichhölzer an achtlos vorbeigehende Passanten, um wenigstens einigermaßen überleben zu können. Einzig der junge Fritz, der es als Zeitungsausträger ähnlich schwer hat, scheint in diesem Überlebenskampf treu an ihrer Seite zu stehen. Hellas Traum ist es, eines Tages diesen miserablen Lebensumständen entkommen zu können und auf die Sonnenseite des Lebens zu wechseln. Dafür bietet sich eines Tages eine Chance, als ein eleganter Herr namens Kurt Stahn des Weges kommt. Ihn rührt Hellas Schicksal, und er nimmt das kleine Mädchen zu sich nach Haus, um ihm Heim und Obdach zu geben. Hella, die sich insgeheim erhofft hat, eines Tages Kurts Ehefrau werden zu können, sieht sich bitter enttäuscht, als dieser ihr eröffnet, demnächst heiraten zu wollen … nur leider nicht sie. Im Zustand des Schocks verlässt das einstige Streichholz-Mädchen das traute Heim und irrt erneut ziellos durch die Straßen umher. Als sie ein vertrautes Gesicht aus vergangener Zeit erblickt, rennt sie auf den Knaben zu: Es ist Fritz, der Zeitungsjunge. Dabei achten beide nicht auf den Straßenverkehr, und so erfasst ein herannahendes Auto Hella und verletzt sie. Am Steuer sitzt Graf Tannen, der Hella von einem früheren Besuch Kurt Stahns her kennt.

Schuldbewusst nimmt der Adelige das Streichholzmädchen zu sich nach Hause und lässt es durch seine Freundin Lotte gesundpflegen. Hella kommt allmählich wieder auf die Beine, lediglich ihre Lungen haben gelitten. Nachdem sie auch mit dem Grafen eine Enttäuschung erlebt hat, erscheint ein gewisser Holting, der sogleich Graf Tannen zu einem Duell herausfordert, bei dem Holting verwundet wird. Endlich kann Hella auch einmal für jemanden sorgen, der ihre Pflege zu schätzen weiß. Beide scheinen sich anzunähern, doch Hella erlebt auch diesmal eine Enttäuschung, denn Holting scheint keine Empathie für ihr einst erlittenes Leid als Kind und Streichholzverkäuferin zu entwickeln. Und so schwört Hella der Liebe ab und plant, fortan nur noch ihrem alten Traum nach Geld und Luxus nachzujagen. Holtings Gefühle sind zwar aufrichtig, aber dies scheint Hella nicht zu genügen. Als er sein gesamtes Vermögen verliert, ist er bereit, das arme Mädchen zu heiraten. Als Hella ihn daraufhin fragt, ob er sie auch damals vor den Altar geführt hätte, als er noch gesellschaftliche Stellung und viel Geld besaß, muss er diese Frage beschämt vereinen.

Bitter enttäuscht wendet sie sich von Holting ab mit den Worten: „Dann geh und leide, wie ich einst gelitten!“. Hella bleibt nicht lange allein, denn Männer in fortgeschrittenem Alter, die ihre Schönheit bewundern, hatten schon immer ein Auge auf sie geworfen. Der nächste in der Reihe ist Berthold Lohmann, von Haus aus betuchter Großindustrieller, und der sucht sie in ihrer Wohnung auf. Er ist es endlich, der sie bittet, seine Frau zu werden. Sie sagt freudestrahlend ja, und man gibt zum Anlass der Vermählung im Hause Lohmann ein rauschendes Fest. In diesem Rahmen stellt der Neu-Gatte Hella den jungen Maler Richard Rust vor. Er soll zur Hochzeit ein Porträt von ihr schaffen. Erstmals empfindet die Aufsteigerin tief empfundene Liebe zu jemandem und erkennt schlagartig, dass sie bislang stets den falschen, den nichtigen Dingen des Lebens nachgejagt ist. Plötzlich sind Luxus und gesellschaftliche Anerkennung für sie vollkommen unerheblich. Doch wieder schlägt das Schicksal erbarmungslos zu: Hella muss erkennen, dass Richard nicht frei ist und eine andere liebt. Nach all dem Raubbau an ihren physischen Kräften bricht Hella nun auch emotional zusammen. Im Angesicht des eigenen Todes vermacht sie dem Maler und seiner jungen Braut all ihr verbliebenes Hab und Gut.
"	1916_Andersen_Wikipedia_Goetz_Streichhölzer_kauft_Streichhölzer.txt	/content/drive/MyDrive/Märchen-Seminar/Korpus/Andersen/Wikipedia/1916_Andersen_Wikipedia_Goetz_Streichhölzer_kauft_Streichhölzer.txt	neutral
Andersen	Wikipedia	2008	Andersen	Wikipedia	Miyazaki	Ponyo Das große Abenteuer am Meer	"Ponyo – Das große Abenteuer am Meer

Ein Goldfischmädchen wird von seinem Vater, dem Magier Fujimoto, unter Wasser gefangen gehalten. Doch es flieht aus seinem Heim und strandet an der Küste. Dort trifft es den Jungen Sōsuke, der sie Ponyo nennt, und die beiden werden Freunde. Gemeinsam mit seiner Mutter Lisa fahren sie in die Kindertagesstätte, Lisa arbeitet im Altersheim nebenan. Als Sōsuke heimlich zum Wasser geht, holt Ponyos Vater sie wieder zurück. Sōsuke, über den Verlust Ponyos verzweifelt, geht daraufhin zu seiner Mutter, die ihn zu trösten versucht.

Doch Ponyo will wieder zu Sōsuke und ein Mensch werden. Weil ihr Vater sie nicht davon abbringen kann, ruft er ihre Mutter, die Meeresgöttin Granmammare. Währenddessen kann Ponyo mit Hilfe ihrer Schwestern fliehen und nutzt die Magie ihres Vaters, um ein Mensch zu werden. Doch dadurch gerät die Welt aus dem Gleichgewicht und es kommt zu immer stärkeren Katastrophen. Als ein Sturm aufzieht, sind Lisa, Sōsuke und Ponyo gemeinsam in Sōsukes Haus. Doch muss Lisa in das Altenheim und nach den Menschen dort sehen, währenddessen werden weite Teile der Insel überschwemmt.

Als Granmammare Fujimoto erreicht, gerät bereits der Mond aus seiner Bahn und Satelliten stürzen ab. Sie erklärt ihm, dass Ponyo ein Mensch bleiben könne, wenn sie auf Magie verzichten und dadurch die Weltordnung wiederhergestellt werden würde. Währenddessen brechen Ponyo und Sōsuke, mit Hilfe Ponyos Magie, auf, um Lisa im Sturm zu helfen. Doch in der Überschwemmung nimmt Ponyo wieder ihre Fischform an und beide werden von Fujimoto ins Altenheim gebracht. Dort stellt Granmammare Sōsuke die Frage, ob er Ponyo auch lieben würde, wenn sie ein Fisch oder eine Meerjungfrau wäre. Als er versichert, dass er Ponyo in jeder Form lieben wird, kann sie wieder ihre menschliche Form annehmen. Um das Gleichgewicht der Welt wieder vollkommen herzustellen, verzichtet Ponyo auf ihre Magie. Ponyo lebt von nun an bei Lisa und Sōsuke. Und die Meeresgöttin Granmammare erklärt dem Zauberer Fujimoto, dass sie auf ihre Art und Weise glücklich werden muss.
"	2008_Andersen_Wikipedia_Miyazaki_Ponyo_Das_große_Abenteuer_am_Meer.txt	/content/drive/MyDrive/Märchen-Seminar/Korpus/Andersen/Wikipedia/2008_Andersen_Wikipedia_Miyazaki_Ponyo_Das_große_Abenteuer_am_Meer.txt	neutral
Andersen	Wikipedia	2018	Andersen	Wikipedia	Brinx	Die Galoschen des Glücks	"Die Galoschen des Glücks

Johann ist ein einfacher Küchenjunge und träumt davon, zur feinen Gesellschaft, also zu „denen da oben“, zu gehören. In der Küche schwingen Frau Sorge und Frau Glück das Zepter beziehungsweise den Kochlöffel. Niemand weiß, dass sie eigentlich Feen sind. Im Schloss wird die Großnichte von Großherzogin Ottilie erwartet, deren Geburtstag dort stattfinden soll. Schon einen Tag vorher trifft ihre Kammerzofe Lisbeth ein, die den Wunsch hegt, Schauspielerin zu werden. Bereits bei der Ankunft von Prinzessin Aurora verliebt sich Johann Hals über Kopf in die schöne junge Frau.

Frau Sorge und Frau Glück sind seit langem im Besitz der „Galoschen des Glücks“, die Herzenswünsche erfüllen können. Einem Zufall ist es geschuldet, dass Johann in die verstaubten Galoschen steigt und den Wunsch äußert, doch auch ein Prinz zu sein. Das Unglaubliche geschieht, er findet sich auf einem Pferd wieder, gekleidet wie ein Prinz und stellt sich der Prinzessin und deren Bruder Amadeus und dessen Freund, Prinz Laszlo, als Prinz Ludwig vor. Zunächst läuft alles ganz gut, obwohl Johann keine Ahnung von den Gepflogenheiten hat, die in Adelskreisen herrschen, und immer wieder für Kopfschütteln aufgrund seiner Manieren sorgt. Lisbeth ist es, die ihn mit einigen Gebräuchen bei Hofe bekannt macht und ihn auch in die Kunst des Tanzens einweiht. Mit seinem Geburtstagsgeschenk, einer Dose, der blaue Schmetterlinge entschweben, kann Johann in seiner Rolle als Prinz Ludwig bei der Prinzessin punkten, so etwas Bezauberndes habe sie noch nie bekommen, lässt sie ihn wissen. Prinz Amadeus und Prinz Laszlo, der ebenfalls um die Prinzessin wirbt, ahnen, dass etwas mit diesem seltsamen Prinzen nicht stimmt.

Dass sich Lisbeth gleich beim ersten Sehen insgeheim in ihn verliebt hat, hat Johann nicht bemerkt. Allerdings sind den Feen Sorge und Glück die Gefühle Lisbeths nicht verborgen geblieben. Dass Johann so blind ist, und das Glück, das ihn in unmittelbarer Nähe erwartet, nicht sieht, bedauern beide sehr.

Ein Picknick, das Prinz Ludwig für Aurora vorbereitet hat, geht gründlich schief, da die Prinzessin ihr wahres Gesicht zeigt und offenbart, wie launisch und kapriziös sie ist. Ludwig merkt langsam, dass weder das Leben in der feinen Gesellschaft noch Aurora seinen Vorstellungen entspricht, die er vom Leben und der Liebe hat. Auch stellt er fest, dass ihm Lisbeth immer öfter in den Sinn kommt. Ein Zufall will es, dass Lisbeth ein Gespräch zwischen den Feen mit anhört und so erfährt, dass Prinz Ludwig und Johann ein und dieselbe Person sind.

Die Prinzen Amadeus und Laszlo haben inzwischen Nachforschungen angestellt, die ergeben haben, dass nichts von dem, was der ihnen nicht geheure Prinz behauptet hat, stimmt und er ein Hochstapler ist. Kurz bevor man ihn ergreifen kann, kommt Johann sozusagen im letzten Moment wieder in den Besitz der Galoschen des Glücks und verschwindet vor den Augen der Adligen auf Nimmerwiedersehen.

Lisbeth hat inzwischen bei den Schauspielern angeheuert, die beim Geburtstag der Prinzessin aufgetreten waren. Johann folgt ihr und gesteht Lisbeth, dass er dumm und blind gewesen sei und sich wohl vom falschen Glück habe blenden lassen und bittet Lisbeth, ihm zu verzeihen. Ihre Liebe besiegeln beide mit einem Kuss.
"	2018_Andersen_Wikipedia_Brinx_Die_Galoschen_des_Glücks.txt	/content/drive/MyDrive/Märchen-Seminar/Korpus/Andersen/Wikipedia/2018_Andersen_Wikipedia_Brinx_Die_Galoschen_des_Glücks.txt	neutral
Andersen	Wikipedia	1953	Andersen	Wikipedia	Surmann	Die Prinzessin und der Schweinehirt	"Die Prinzessin und der Schweinehirt

Die schöne Prinzessin Rosenmund ist dafür bekannt, dass sie mit hochmütigem Stolz Befehle erteilt. Viele Prinzen, die ihr in der Vergangenheit einen Antrag machen wollten, sind an dieser Haltung gescheitert. Auch Prinz Ehrlichherz, ein liebenswürdiger junger Mann, macht sich zum Schloss des Kaisers auf, um um die Hand der Prinzessin anzuhalten. In seinem Gepäck befinden sich zwei ganz besondere Geschenke, mit denen er hofft, das Herz der Prinzessin zu gewinnen. Aber weder hat die junge Frau einen Blick für die edle mit Tautropfen benetzte Rose, noch berührt sie der berückende Gesang der mitgebrachten Nachtigall. Alles Natürliche ist ihr zuwider, nur von künstlichen Dingen fühlt sie sich angezogen.

Enttäuscht verlässt der Prinz daraufhin das Schloss, fasst aber unterwegs den Entschluss, sich als Schweinehirt zu verkleiden und so kostümiert erneut im Schloss vorzusprechen. Dort weist man ihm jedoch zunächst einmal eine Arbeit im Schweinestall zu. Es gelingt ihm, einen Topf herzustellen, der die Melodie „O du lieber Augustin …“ spielt, während man auf seinem Boden erblickt, was gerade in anderen Küchen gekocht wird. Mithilfe des Hofnarren Hick, der Ehrlichherz ein Verbündeter geworden ist, erfährt die Prinzessin von diesem Topf und will ihn unbedingt haben. Der angebliche Schweinehirt verlangt von Rosenmund für dieses Geschenk zehn Küsse, die sie ihm, wenn auch widerstrebend, gewährt. Als die Prinzessin den Topf zusammen mit ihren Hofdamen ausprobieren will, gibt es ein Feuer. Prinz Ehrlichherz alias der Schweinehirt ist es, der die Prinzessin und ihre Hofdamen vor Schlimmerem bewahrt.

Als Nächstes fertigt Ehrlichherz eine Knarre an, die die schönsten Lieder erklingen lassen kann. Die Prinzessin ist beflügelt von dem Instrument und will es um jeden Preis haben. Diesmal verlangt der angebliche Schweinehirt schon hundert Küsse als Bezahlung. Bevor die Prinzessin diese noch vollständig eingelöst hat, tritt ihr Vater, der Kaiser, ins Zimmer und erlegt Rosenmund die Strafe auf, dass sie den Mann, den sie küsst, auch heiraten muss. Als sich herausstellt, dass der Schweinehirt in Wirklichkeit Prinz Ehrlichherz ist, ist die Überraschung erst einmal groß. Vater und Tochter sind allerdings sehr froh über die Fügung der Dinge, und einer fröhlichen Hochzeitsfeier steht nichts mehr im Wege.
"	1953_Andersen_Wikipedia_Surmann_Die_Prinzessin_und_der_Schweinehirt.txt	/content/drive/MyDrive/Märchen-Seminar/Korpus/Andersen/Wikipedia/1953_Andersen_Wikipedia_Surmann_Die_Prinzessin_und_der_Schweinehirt.txt	neutral
Andersen	Wikipedia	1953	Andersen	Wikipedia	Trebst	Die Prinzessin auf der Erbse	"Die Prinzessin auf der Erbse

Prinz Fridolin aus dem Königreich Immerfroh suchte in der ganzen Welt nach einer Prinzessin die ihm gefällt, fand aber keine, da er an allen etwas auszusetzen hatte. Da klopft in einer regnerischen Nacht eine hübsche Prinzessin an das Schlosstor und bittet um Unterschlupf. Durchnässt wie sie ist, glaubt ihr der Hofstaat nicht so recht, dass sie eine Prinzessin sei. Also ersinnt die Oberhofmeisterin eine List, um herauszufinden, ob es sich bei dem Mädchen tatsächlich um eine Prinzessin handelt oder nicht: Es werden alle Decken, Kissen und Matratzen die im Schloss zu finden sind geholt und auf ein Bett gestapelt. Darunter wird eine Erbse platziert. Als sich die Prinzessin am nächsten Morgen darüber beschwert auf etwas Hartem gelegen zu haben, ist der Beweis für ihre Herkunft erbracht. Denn so empfindlich kann nur eine wirkliche Prinzessin sein. Sie willigt ein Prinz Fridolin zum Mann zu nehmen und eine Heirat wird in die Wege geleitet.
"	1953_Andersen_Wikipedia_Trebst_Die_Prinzessin_auf_der_Erbse.txt	/content/drive/MyDrive/Märchen-Seminar/Korpus/Andersen/Wikipedia/1953_Andersen_Wikipedia_Trebst_Die_Prinzessin_auf_der_Erbse.txt	neutral
Andersen	Wikipedia	2013	Andersen	Wikipedia	Lee	Frozen Die Eiskönigin völlig unverfroren	"Frozen – Die Eiskönigin, völlig unverfroren

Die achtjährige Elsa, Prinzessin des Königreichs Arendelle, besitzt Zauberkräfte, mit denen sie in der Lage ist, Eis, Frost und Schnee zu erzeugen. Während eines Spiels in von Elsa erzeugtem Schnee trifft sie unabsichtlich ihre fünfjährige Schwester Anna mit ihrer Magie am Kopf, wodurch diese bewusstlos wird. Das Königspaar ersucht als Felsbrocken getarnte Trolle um Hilfe. Ihr Häuptling Grand Pabbie kann Anna heilen und nimmt ihr sicherheitshalber auch die Erinnerung an Elsas Kräfte. Er erwähnt, dass es sehr gefährlich gewesen wäre, wenn Elsa Anna ins Herz getroffen hätte, und dass Elsa nun lernen müsse, ihre Kräfte zu kontrollieren. Er deutet an, dass eine große Gefahr für die Menschen von ihr ausgeht, wenn sie dies nicht schaffe. In Bezug auf die Kontrolle ihrer Kräfte werde die Angst ihr Feind sein.

Um Elsa zu beschützen und ihre Fähigkeiten geheim zu halten, bis sie diese vollständig kontrollieren kann, schließt sich die Königsfamilie im Schloss ein. Elsa verbringt die meiste Zeit in ihrem Zimmer, damit von ihren Kräften keine Gefahr für andere Menschen ausgeht. So entsteht ein tiefer Spalt zwischen den beiden Schwestern, die sich vor dem Unfall sehr nahe standen. Elsa gelingt es trotz aller Versuche nicht, ihre Kräfte zu kontrollieren, und ihre Angst, andere könnten ihre Magie bemerken und sie könnte die Menschen ihrer Umgebung, vor allem Anna, damit verletzen, wird immer größer. Zehn Jahre später verunglücken ihre Eltern bei einem schweren Sturm auf hoher See tödlich.

Drei Jahre später, als Elsa 21 Jahre alt ist, bereiten die Anwohner von Arendelle alles für Elsas Krönungszeremonie vor. Unter den Würdenträgern befindet sich auch der Herzog von Pitzbühl aus einem benachbarten Königreich, der Arendelle für den eigenen Profit ausschöpfen möchte. Aufgeregt, dass sich die Schlosstore endlich öffnen, läuft die unter der im Schloss herrschenden Einsamkeit leidende Prinzessin Anna, nun 18 Jahre alt, singend durch die Straßen und trifft auf den attraktiven Prinzen Hans von den südlichen Inseln. Die beiden scheinen sich gut zu verstehen und verlieben sich schnell ineinander. Die Krönungszeremonie läuft anfangs ohne Zwischenfälle ab, und die Schwestern beginnen, sich einander wieder zu nähern. Hans macht Anna einen Heiratsantrag, den sie annimmt. Elsa weigert sich jedoch, ihnen für ihre Hochzeit ihren Segen zu geben, mit dem Argument, dass Anna Hans erst so kurz kenne. Daraufhin kommt es zum Streit zwischen den Schwestern, der so weit eskaliert, dass Elsa wütend wird und die Kontrolle verliert, woraufhin alle anwesenden Gäste Elsas magische Fähigkeiten zu sehen bekommen. Der Herzog von Pitzbühl bezeichnet Elsa als Hexe und Monster und bestätigt damit die von Grand Pabbie geschürten Ängste Elsas, ihre Kräfte könnten außer Kontrolle geraten.

In ihrer Panik flieht Elsa auf den Nordberg und entfesselt unabsichtlich einen ewigen Winter über Arendelle. Sie beschwört sich einen riesigen Eispalast, bereitet sich glücklich auf ein einsames Leben vor, schließt mit der Vergangenheit ab und erweckt nichtsahnend den Schneemann aus der gemeinsamen Kindheit, Olaf, zum Leben. Anna begibt sich auf die Suche nach ihrer Schwester mit dem Ziel, sie nach Arendelle zurückzubringen, den ewigen Winter zu beenden und ihre einst liebevolle Beziehung neu aufzubauen. Vor ihrer Abreise gibt sie die Führung von Arendelle in die Hände des Prinzen Hans. Während sie sich in Oakens Berghütte warme Bekleidung besorgt, trifft sie auf den Eislieferanten Kristoff und sein Rentier Sven. Anna gelingt es, Kristoff zu überreden, sie auf den Nordberg zu bringen. Auf dem Weg dorthin treffen beide auf Olaf, der sie zu Elsas Eispalast führt.

Anna trifft auf Elsa, und obwohl sie alles daran setzt, ihre Schwester zur Rückkehr zu überreden, weigert sich Elsa, weil sie immer noch Angst hat, Anna zu verletzen. Diese bleibt aber hartnäckig. Als Elsa von Anna erfährt, dass sie einen ewigen Winter über Arendelle gebracht hat und die Menschen dort deshalb in Gefahr sind, verliert Elsa in ihrer Aufregung und Angst erneut die Kontrolle über ihre Kräfte und trifft Anna mit einem Eisblitz, dieses Mal – von ihr unbemerkt – mitten ins Herz. Kristoff hilft der zunächst unverletzt erscheinenden Anna auf. Damit Anna fortgeht, beschwört Elsa ein riesiges Schneeungeheuer, das sie und Kristoff hinauswirft. Auf der Flucht bemerkt Kristoff, dass sich Annas Haare silbrig-weiß zu färben beginnen, und bringt sie zu seiner Adoptivfamilie, den Trollen. Grand Pabbie kann dieses Mal nichts für sie tun und erklärt, dass nur ein Akt der wahren Liebe ein gefrorenes Herz auftauen könne, ansonsten werde Anna bald erfrieren und für immer zu einer Eisstatue erstarren. Kristoff reitet mit ihr zurück nach Arendelle in dem Glauben, dass ein Kuss von Hans sie retten könne.

Währenddessen erreicht Hans, der sich seinerseits auch auf die Suche nach Anna begeben hat, mit seinen Männern das Schloss. Als Pitzbühls Männer das Schloss stürmen und versuchen, Elsa zu töten, wehrt sie sich erfolgreich, wird aber von herabstürzendem Eis begraben und verliert das Bewusstsein. Sie erwacht in einem Verlies in Arendelle, in das Hans sie hat sperren lassen. Er bittet sie, den Winter rückgängig zu machen, aber sie offenbart, dass sie nicht über die Kraft verfügt, ihren Zauber rückgängig zu machen. Als Anna zu Hans gebracht wird, bringt sie ihn in das Kaminzimmer. Dort bittet sie ihn, sie mit einem Kuss der Liebe zu erlösen. Jetzt erst offenbart Hans seine wirklichen Absichten: Er wollte Anna nur heiraten, um – im Königreich seiner Eltern wegen seiner zwölf älteren Brüder chancenlos auf den Thron – den Thron von Arendelle besteigen zu können. Er löscht das Feuer, schließt Anna ein und überlässt sie ihrem Schicksal. Im Thronsaal berichtet er vor dem anwesenden Hof, Anna habe ihm, bevor sie in seinen Armen starb, das Eheversprechen gegeben. So befugt beschuldigt er Elsa, für den Tod ihrer Schwester verantwortlich zu sein, und verurteilt sie wegen Hochverrates zum Tode.

Kurz bevor die Männer sie erreichen und Hans’ Urteil vollstrecken können, bricht Elsa aus dem Verlies aus und flieht durch einen Schneesturm, den sie selbst durch ihre aufgebrachte Gefühlslage auslöst, über den zugefrorenen Fjord. Olaf findet Anna und enthüllt, dass sich Kristoff in sie verliebt und es unter seiner rauen Schale verborgen habe. Beide begeben sich auf die Suche nach ihm ebenfalls auf den Fjord. Hans sagt Elsa, dass Anna durch ihre Schuld verstorben sei. Elsa sinkt vor Verzweiflung zu Boden. Aufgrund ihrer veränderten Gefühlslage lässt der Sturm sofort nach, wodurch Anna und Kristoff die Chance erhalten, einander zu erreichen und Anna zu erlösen.

Als Anna sieht, dass Hans kurz davor steht, Elsa mit dem Schwert hinterrücks zu ermorden, gibt sie die Erlösung auf und wirft sich mit letzter Kraft schützend vor ihre Schwester, bevor sie zu einer Eisstatue erstarrt. Das herabsausende Schwert zerbricht an ihr und so rettet sie ihre Schwester. Als Elsa Anna in diesem Zustand sieht, bricht sie in Tränen aus und umarmt sie. Annas Entscheidung, sich für ihre Schwester zu opfern, ist der Akt der wahren Liebe, der sie wieder auftauen lässt. Anna rettet sich somit unbewusst selbst. Als Elsa klar wird, dass die Liebe der Schlüssel für die Kontrolle über ihre Kräfte ist, gelingt es ihr, den ewigen Winter zu verbannen. Olaf erhält sein persönliches Mikroklima in Form einer kleinen Schneewolke, damit auch er die warmen Jahreszeiten übersteht.

Hans wird zurück zu den südlichen Inseln geschickt, wo ihn eine Bestrafung durch seine zwölf Brüder erwartet. Elsa bricht für alle Zeiten jeden Handel mit Pitzbühl ab. Sie verspricht, die Tore des Schlosses nie wieder zu schließen und ernennt Kristoff zum offiziellen Eislieferanten von Arendelle. Anna und er küssen sich und werden ein Paar. Der Film endet mit einem gemeinsamen Eislaufen auf der von Elsa kreierten Eisdecke im Schlosshof.
"	2013_Andersen_Wikipedia_Lee_Frozen_Die_Eiskönigin_völlig_unverfroren.txt	/content/drive/MyDrive/Märchen-Seminar/Korpus/Andersen/Wikipedia/2013_Andersen_Wikipedia_Lee_Frozen_Die_Eiskönigin_völlig_unverfroren.txt	neutral
Andersen	Wikipedia	1962	Andersen	Wikipedia	Ryss	Die wilden Schwäne	"Die wilden Schwäne

Elf Söhne und eine Tochter hat der König, als er zum zweiten Mal heiratet. Die neue böse und stolze Königin verwandelt die Stiefsöhne in wilde Schwäne und gibt auch dem Mädchen ein so hässliches Gesicht, dass nicht mal der eigene Vater seinen Liebling wiedererkennt, sondern davonjagt. Die Schwester macht sich auf den Weg, um ihre verschwundenen Brüder zu suchen und zu erlösen. Sie erfährt, dass sie ihnen Hemden aus Brennnesseln weben muss, damit sie ihre ursprüngliche Gestalt zurückerhalten. Während der Arbeit an den Hemden darf sie aber kein Wort sprechen. Der Prinz des Nachbarreiches hat sich unterdessen in die stumme Schöne verliebt und will sie zu seiner Frau machen. Jedoch der Tod auf dem Scheiterhaufen steht ihr bevor, da das Gerücht gestreut wird, dass sie in Wahrheit eine Hexe sei. Und dennoch schweigt das Mädchen, webt weiter am letzten Hemd. Erst auf dem Scheiterhaufen wird es fertig, kann sie die Brennesselhemden ihren Schwanenbrüdern überwerfen und so sie und sich befreien.
"	1962_Andersen_Wikipedia_Ryss_Die_wilden_Schwäne.txt	/content/drive/MyDrive/Märchen-Seminar/Korpus/Andersen/Wikipedia/1962_Andersen_Wikipedia_Ryss_Die_wilden_Schwäne.txt	neutral
Andersen	Wikipedia	2006	Andersen	Wikipedia	Allers	Das Mädchen mit den Schwefelhölzern	"Das Mädchen mit den Schwefelhölzern

In den winterlich-verschneiten Straßen einer russischen Großstadt bietet ein kleines Mädchen Schwefelhölzer zum Verkauf an. Die Passanten ignorieren das Mädchen, das sich sogar auf einen Laternensockel stellt, um auf sich aufmerksam zu machen, doch wird es vom Laternenanzünder heruntergehoben. Das Mädchen zieht sich in einen Hinterhof zurück. Es friert, denn es hat nicht einmal richtige Schuhe an, und so entzündet es nach einigem Zögern eines der Schwefelhölzer. Beim Schein des Lichts stellt es sich einen Ofen vor und will sich an ihm wärmen, doch geht das Streichholz plötzlich aus. Das zweite entzündete Holz führt zu der Vorstellung einer reichgedeckten Tafel, das dritte schließlich zur Imagination einer Schlittenfahrt, die an einer herrschaftlichen Villa endet. Eine gutmütige alte Dame öffnet und sieht das Mädchen erfreut an. Als diese Vorstellung durch das abgebrannte Streichholz zu verschwinden droht, entzündet das Mädchen alle drei verbliebenen Streichhölzer. In seiner Fantasie umarmt es die großmütterliche Frau und eine Tür öffnet sich, die einen reichgeschmückten Weihnachtsbaum zeigt.

Die Lichter des Baums verwandeln sich in die Sterne des Himmels. Im Schnee liegt das erfrorene Mädchen. Der Geist der alten Frau erscheint und nimmt den Geist des Mädchens mit sich.
"	2006_Andersen_Wikipedia_Allers_Das_Mädchen_mit_den_Schwefelhölzern.txt	/content/drive/MyDrive/Märchen-Seminar/Korpus/Andersen/Wikipedia/2006_Andersen_Wikipedia_Allers_Das_Mädchen_mit_den_Schwefelhölzern.txt	neutral
Andersen	Wikipedia	2010	Andersen	Wikipedia	Jacob	Die Prinzessin auf der Erbse	"Die Prinzessin auf der Erbse

Im Königreich droht Unheil: Die für ihre Bosheit und Machtgier hinlänglich bekannte Schwester des Königs soll den Thron erben. Es existiert ein Testament, das vorsieht, dass der König an seinem 70. Geburtstag abdanken muss, um den Thron für seinen Sohn freizumachen. Allerdings muss der junge Prinz am Tag seiner Thronbesteigung verheiratet sein. Da der junge Mann bisher unter den von ihm in aller Welt gesuchten Prinzessinnen die Richtige nicht gefunden hat, sieht es so aus, als würde tatsächlich die Schwester des Königs zum Zuge kommen, da nicht mehr viel Zeit verbleibt bis zum Geburtstag des Königs. Der Prinz liebt die Arbeit als Zimmermann und geht ihr heimlich nach. Der alte König hofft immer noch, seinen Sohn umstimmen zu können, und setzt seine Hoffnung in eine Prinzessin, deren Ankunft er erwartet. Als er seinem Sohn davon berichtet, meint dieser nur, dass er aus Liebe heiraten wolle, und erinnert seinen Vater daran, dass er seine Mutter doch auch aus Liebe geheiratet habe.

Die Prinzessin jedoch bekommt unterwegs Bedenken und flüchtet. Zur Enttäuschung des Königs trifft nur ihre leere Kutsche ein, in der sich ein Strauß wunderschöner Wiesenblumen befindet. Die Schwester des Königs beauftragt den Hofjunker, die Prinzessin zu finden, um sie auszuschalten. Die Prinzessin irrt verängstigt durch den Wald und bereut schon, dass sie weggelaufen ist. Sie wird von einer Barmherzigen Schwester gefunden, die sich um elternlose Kinder kümmert, und bietet dieser ihre Hilfe an. Als der Prinz zusammen mit dem Zimmermann einen Leiterwagen an das Waisenhaus liefert, lernt er die Prinzessin kennen, ohne zu wissen, wer sie wirklich ist, und ist sofort sehr von ihr angetan. Als der Hofhauptmann, der auch im Waisenhaus aufgewachsen ist, dort nachfragt, ob man eine Prinzessin gesehen habe, weil ihr Schmuck in einer Scheune gefunden wurde, verneint die Barmherzige Schwester auf ein leichtes Kopfschütteln des Mädchens dies. Der junge Prinz sucht jede Gelegenheit, um das Waisenhaus erneut aufsuchen zu können. Die Zuneigung zwischen den beiden jungen Leuten nimmt täglich zu. Als die Prinzessin dem Prinzen erzählt, dass die Kinder keine eigenen Bettchen hätten, kann er das erst gar nicht fassen. Dann macht er sich daran, für die Kinder eigene Betten zu zimmern. Später erzählt er seinem Vater freudestrahlend, dass er endlich das Mädchen gefunden habe, nach dem er immer gesucht habe. Er habe sich verliebt, in ein einfaches Mädchen! Sein Vater versucht ihm klarzumachen, dass er nun einmal kein einfacher Tischler sei, wie er vorgibt, und die Verpflichtung habe, sein Land vor der Regentschaft seiner raffgierigen Tante zu schützen. Traurig erzählt er der Prinzessin davon, dass sein Vater schon eine Braut für ihn ausgesucht habe und er heiraten müsse. Die Prinzessin rät ihm wegzulaufen. Er fragt sie, ob sie denn mit ihm kommen würde, was sie bejaht, und glücklich umarmen sie sich. Als er seinem Vater seinen Entschluss mitteilen will, stürzt der Hofjunker heran und zeigt dem König einen Umhang und einen Schuh, angeblich Eigentum der Prinzessin, die wahrscheinlich im Moor versunken sei. Der König ist außer sich. Seine Schwester und der Hofjunker, die das alles inszeniert haben, lachen sich ins Fäustchen. Zufällig hört der junge Prinz, wie die beiden sich über ihren geglückten Plan freuen. Er erkennt, dass er dieser Frau unmöglich den Thron überlassen darf, und beschließt, auf die Frau, die er liebt, zu verzichten, um die Prinzessin zu heiraten. Als die Prinzessin erkennt, dass sie sich in den Prinzen verliebt hat, weiß sie, was sie nun zu tun hat. Gerade als sie zum Schloss eilen will, steht der Hofjunker vor ihr, sperrt sie in ein Verlies und nimmt den Schlüssel mit. Die Waisenkinder haben alles gesehen und entwenden ihm den Schlüssel.

Als es ans Tor klopft, steht die Prinzessin vor der Tür. Die Schwester des Königs tut alles, um das Misstrauen des Königs gegen die junge Frau zu schüren, und auch der Prinz weiß nicht so recht, was er glauben soll. Die Schwester des Königs will die junge Frau prüfen und legt eine Erbse unter einen Berg von Matratzen. Sie glaubt, nur eine Prinzessin sei in der Lage, durch diese unzähligen Matratzen hindurch so etwas Kleines wie eine Erbse zu spüren. Am anderen Morgen erscheint die Schwester des Königs zusammen mit dem König und dem Prinzen am Bett der noch schlafenden Prinzessin. Wenn sie wirklich eine Prinzessin sei, müsse sie durch die unzähligen Matratzen hindurch die Erbse gespürt haben. Auf ihre Frage antwortet die Prinzessin, dass sie die ganze Nacht hindurch auf etwas Hartem gelegen habe. Wutentbrannt zetert die Schwester des Königs herum, was ihr aber nichts mehr nützt. Es gibt eine Hochzeit am Hof, und nicht nur das junge Paar ist überglücklich, sondern auch der alte König, der sein Reich nun in guten Händen weiß.
"	2010_Andersen_Wikipedia_Jacob_Die_Prinzessin_auf_der_Erbse.txt	/content/drive/MyDrive/Märchen-Seminar/Korpus/Andersen/Wikipedia/2010_Andersen_Wikipedia_Jacob_Die_Prinzessin_auf_der_Erbse.txt	neutral
Andersen	Wikipedia	2005	Andersen	Wikipedia	Yong-gyun	The Red Shoes	"The Red Shoes

Nachdem Sun-jae herausfindet, dass ihr Ehemann sie betrügt, zieht sie mit ihrer Tochter Han Tae-soo in ein heruntergekommenes Apartment an der Goksung Station. Während sie in der U-Bahn nach Hause fährt, findet Sun-jae ein Paar rote Schuhe und nimmt sie mit in ihr Apartment. Die Schuhe üben eine merkwürdige Anziehungskraft auf die Mutter und ihre Tochter aus, so dass die beiden eine Art Besessenheit für die roten Schuhe entwickeln und sich vermehrt seltsam benehmen. Eifersucht und Habgier treten bei den beiden auf. Tae-soo nimmt schließlich ihrer Mutter die Schuhe weg und zieht sich immer mehr aus ihrer Umwelt zurück. Nach dem Tod einer Freundin versucht Sun-jae die Hintergründe der geheimnisvollen Schuhe zu ergründen, um ihre Tochter vor einem Unheil zu schützen. Sie findet heraus, dass die Schuhe verflucht sind und ein schreckliches Geheimnis tragen. Zusammen mit ihrem neuen Freund Cho In-cheol macht sie sich auf die Suche nach dem Modell auf dem Werbeplakat, welches darauf die roten Schuhe in den Händen hält. Dabei befragt sie auch eine Studentin, welche ebenfalls die Schuhe getragen hatte, jedoch nicht gestorben ist. Dabei stellt sich heraus, dass immer die Person stirbt, welche die Schuhe einer anderen Person wegnehmen möchte. Aus demselben Grund hat auch Sun-jae ihren Ehemann und dessen Geliebte umgebracht, mit der er sie betrogen hat. Als In-cheol sie darauf anspricht ermordet sie auch ihn und hängt ihn an der Wand in seinem Apartment neben einer Zeichnung auf, die sie darstellt. Sun-jae möchte sich nun auch an ihrer Tochter rächen, da diese ihr ebenfalls die roten Schuhe weggenommen hat. Sie verfolgt sie bis zum Gleis der nahegelegenen U-Bahn-Station. Tae-soo steht dicht an der Kante der Plattform und wird vom einfahrenden Zug in das Gleisbett gezogen. Zunächst betroffen vom Tod ihrer Tochter macht sich Sun-jae Vorwürfe, zeigt daraufhin jedoch ihr wahres Gesicht und läuft dämonisch lachend durch den leeren U-Bahn-Tunnel. Sun-jaes Besessenheit von Schuhen ging so weit, dass sie dafür mehrere Personen umbrachte.
"	2005_Andersen_Wikipedia_Yong-gyun_The_Red_Shoes.txt	/content/drive/MyDrive/Märchen-Seminar/Korpus/Andersen/Wikipedia/2005_Andersen_Wikipedia_Yong-gyun_The_Red_Shoes.txt	neutral
Andersen	Wikipedia	1948	Andersen	Wikipedia	Powell	Die roten Schuhe	"Die roten Schuhe

Der Film beginnt mit einer Vorstellung des Ballett Lermontov im Royal Opera House, bei der auch die junge Tänzerin Victoria „Vicki“ Page im Publikum anwesend ist und sich beeindruckt zeigt. Im Anschluss an die Vorstellung veranstaltet Vickis Tante eine Party, bei der auch Boris Lermontov, der eigentlich menschenscheue und perfektionistische Manager des Balletts, anwesend ist. Lermontov lädt sie zu einer Probe bei seinem Ballett ein. Wenig später bekommt Lermontov Besuch durch den jungen Musikstudenten Julian Craster, der sich über seinen Professor empört, der für die Musik bei Lermontovs Vorstellung verantwortlich war: Der Professor habe seine Kompositionen plagiiert. Lermontov lässt Craster am Klavier für sich spielen und glaubt ihm, er engagiert ihn als Korrepetitor und Assistenten für den musikalischen Leiter Livy. Zu den wichtigen Mitgliedern des Balletts gehören außerdem der Bühnenbildner Sergei Ratov, der Choreograph Grischa Ljubov sowie die Haupttänzer Ivan und Irina.

Victoria scheint zunächst nicht aus dem Ensemble herauszuragen, doch Lermontov engagiert sie, als er sie in einer anderen, wenig aufwendigen Produktion von Schwanensee tanzen sieht. Sie darf mit dem Ensemble nach Paris und Monte Carlo reisen. Als die bisherige Haupttänzerin Irina heiratet und damit aus dem Ballett aussteigt, quittiert das Lermontov – der nur für das Ballett lebt – mit Verachtung und Enttäuschung. Auf der Suche nach einem neuen Star erkennt Lermontov Vickis Potenzial und fordert sie auf, die Titelrolle eines neuen Balletts zu spielen: The Red Shoes wurde von Julian komponiert und basiert auf dem gleichnamigen Märchen von Hans Christian Andersen, in dem ein Mädchen durch ihre roten Schuhe nicht mit Tanzen aufhören kann und schließlich stirbt. Vicki und Julian verlieben sich während der Proben zu dem neuen Stück. Die Aufführung wird zum Erfolg, aber Lermontov untersagt die Liaison zwischen der Tänzerin und dem Musiker, da sie sich durch die Liebe nicht mehr auf ihre Kunst konzentrieren würden. Julian weigert sich und verlässt das Ballett, Vicki folgt ihm und heiratet ihn.

Etwa ein Jahr später reist Victoria nach Monte Carlo, wo ihre roten Schuhe, das der wütende Lermontov nach ihrem Ausstieg aus dem Repertoire genommen hatte, zufällig wieder getanzt werden soll. Als sie von Lermontov zur Rückkehr überzeugt wird und sich für die erste Aufführung vorbereitet, taucht Julian Craster auf und verlangt, dass sie das Ballett verlässt und ihm folgt. Vicki ist zerrissen und verzweifelt zwischen der Liebe zu Julian und der Liebe zum Ballett. Sie zieht die roten Schuhe an, die sie scheinbar magisch wie von selbst bewegen und sie in Richtung Julian ziehen – schließlich stürzt sie sich von einem Balkon vor einen Zug, was Julian am Bahnhof beobachten muss. Er eilt herbei und sie stirbt in seinen Armen. Mit ihren letzten Worten bitte sie Julian, ihr die roten Schuhe auszuziehen. Bei der Aufführung von The Red Shoes, die trotz ihres Todes stattfindet und von einem erschüttert wirkenden Lermontov angekündigt wird, deutet ein Scheinwerfer auf den leeren Platz, den sie besetzen sollte.
"	1948_Andersen_Wikipedia_Powell_Die_roten_Schuhe.txt	/content/drive/MyDrive/Märchen-Seminar/Korpus/Andersen/Wikipedia/1948_Andersen_Wikipedia_Powell_Die_roten_Schuhe.txt	neutral
Andersen	Wikipedia	1937	Andersen	Wikipedia	Marcus	The Little Match Girl	"The Little Match Girl

Ein kleines Mädchen bietet Streichhölzer in den winterlichen Straßen von New York City an, doch niemand interessiert sich für ihre Ware. Als sie hungrig durch das Schaufenster eines Bäckers blickt, wird sie von anderen Passanten ausgelacht.

Das Mädchen zieht sich in eine kleine Ecke nahe einem Hause zurück, wo sie ein Streichholz anzündet, es in den Boden steckt und sich die Hände wärmt. In ihrer Phantasie stellt sie sich ein großes Kaminfeuer vor. Der Wind bläst ihr Streichholz aus, weswegen sie ein zweites entzündet und sich nun in ein großes Himmelbett träumt. Auch das zweite Streichholz wird ausgeblasen, und so zündet sie ihr drittes und letztes Streichholz an.

Sie träumt sich in den Himmel, ist umgeben von Blumen und Engeln und erhält eine Puppe als Geschenk. Die Engel umtanzen sie, doch plötzlich kommt ein starker Wind auf und fegt all die Herrlichkeit davon. Selbst die Puppe wird dem Mädchen aus der Hand gezogen, und es findet sich in einer Winterlandschaft wieder. Mit letzter Kraft erreicht sie eine einsam brennende Kerze, die zerfließt, bevor sie sie berühren kann. Das Bild wandelt sich – das Mädchen liegt reglos vor dem letzten verloschenen Streichholz.

Ein Engel kommt und nimmt das Mädchen an sich. Es strahlt den Engel an. Gemeinsam schweben sie in den Himmel hinauf und werden schließlich zu einem der zahlreichen Sterne.
"	1937_Andersen_Wikipedia_Marcus_The_Little_Match_Girl.txt	/content/drive/MyDrive/Märchen-Seminar/Korpus/Andersen/Wikipedia/1937_Andersen_Wikipedia_Marcus_The_Little_Match_Girl.txt	neutral
Andersen	Wikipedia	1995	Andersen	Wikipedia	Wincelberg	Pepolino und der Schwanz der Meerjungfrau	"Pepolino und der Schwanz der Meerjungfrau

Hexe Hildegard hält Pepolinos Großvater seit dreizehn Jahren in einem Kerker gefangen. Als er ihr endlich verrät, wo sich die Schatzkarte befindet, die sie von ihm haben will, schickt sie das Piraten-Trio Rotbart, Holzbein und Glasauge los, um die Karte zu holen. Schließlich geht es um Gold und Geschmeide von unermesslichem Wert: um die Mitgift der Königin von Saba.

Pepolino will zusammen mit seinem Hund Jacob Fische für das Mittagessen fangen, doch vor lauter Singerei ist er nicht dazu gekommen. So nimmt er einen Umweg durch die Stadt und bezaubert die Menschen mit seinem Gesang. Er hofft dafür Geld zu bekommen, um Fisch zu kaufen, doch ein Mädchen wirft ihm nur eine Rose zu. Die Großmutter ist enttäuscht, dass Pepolino keinen Fische mitbringt und lieber Trobador als Pirat werden will. Als zwei Schiffe im Hafen einlaufen ist überraschend das Schiff seines Großvaters dabei, der seit seiner letzten Fahrt verschollen ist. Pepolinos Großmutter schickt den Jungen sofort zum Hafen, damit er die ""Granny Maria"" auslösen kann. Pepolino zahlt dem Hafenmeister das Geld und sieht sich auf dem alten Schiff um. Plötzlich hört er eine Stimme: es ist der Papagei Don Poco. Er berichtet ihm von der letzten Schlacht, die sein Großvater bestritten hat. Man wollte die Schatzkarte die sein Großvater vom Schatz der Königin von Saba besitzen soll, aber er hätte sie ihnen nicht gegeben.

Kapitän Babaluk, der die ""Granny Maria"" mit seiner ""Seacat"" in den Hafen geschleppt hat, begibt sich zu Pepolinos Großmutter. Auch er will unbedingt die Schatzkarte von ihr, was sie verweigert. Heimlich durchsucht er das ganze Haus. Als sie ihn dabei erwischt, setzt er sie außer Gefecht und verschwindet. Als das Piraten-Trio Rotbart, Holzbein und Glasauge erscheint, behauptet die Großmutter, dass Pepolino die Karte hätte. So ist sie die drei schnell wieder los. Als Pepolino mit Jacob nach Hause zurückkommt und seine Großmutter gefesselt vorfindet, ist er wütend. Die Großmutter berichtet, dass der Kapitän Babaluk ihr die Schatzkarte des Großvaters gestohlen hätte und Pepolino eilt sofort los, um sie zurückzuholen. Doch die Großmutter meint, was solle sie mit einem Fetzen Papier, er solle ihr doch gleich den ganzen Schatz bringen. Da Babaluk mit der ""Seacat"" bereits ausgelaufen ist, nimmt Pepolino kurzerhand die ""Granny Maria"" und segelt ihm nach. Seine Schiffsmannschaft besteht aus seinem treuen Hund Jacob, dem Papagei Don Poco und der Schiffsratte Emil.

Kapitän Babaluk studiert inzwischen die Schatzkarte und stellt entsetzt fest, dass er in ein Gebiet segeln muss, der „Bauchnabel des Teufels“ genannt wird, von wo noch nie ein Mensch lebend zurückgekommen sein soll und wo Hexe Hildegard in Unwesen treibt. Pepolino folgt dem Schiff des Kapitäns und vertreibt sich die Zeit auf der Reise mit Gesang. Das hört die Meerjungfrau Mora, die davon so entzückt ist, dass sie den Jungen in ihr Herz schließt. Als Pepolino sie erblickt, verliebt er sich sofort.

Als Pepolino die ""Seacat"" endlich einholt, schickt er die Ratte Emil hinüber, um die Karte zurückzuholen. Emil findet den Kapitän schlafend vor, doch hat dieser seine dicke Katze Babette dabei, die nun Jagd auf die Ratte macht. Aber Emil gelingt es mit der Karte auf die ""Granny Maria"" zurückzukommen. Als Babaluk den Diebstahl bemerkt, rudert er seinerseits zu Pepolinos Schiff und fordert die Schatzkarte zurück. Da er droht Jacob zu töten, gibt der Junge ihm die Karte wieder heraus. Pepolino ahnt nicht, dass er dem Schatz näher ist als er denkt und die Karte gar nicht bräuchte. Mora könnte ihn zu ihm führen, doch distanziert sie sich, als sie erfährt, dass Pepolino – genauso wie alle Menschen, die sie kennt – angeblich nur am Gold interessiert ist.

Inzwischen sind auch Rotbart, Holzbein und Glasauge der ""Granny Maria"" dicht auf den Fersen und überrascht, dass sie ihren Heimatfelsen fast vor Augen haben. Ihr Schiff trifft als erstes auf die ""Seacat"", die sie mit ihrer Kanone beschießen und zum Sinken bringen. Schiffbrüchig lassen sich Kapitän Babaluk und Babette auf der ""Granny Maria"" aufnehmen und versenken im Gegenzug das Schiff des Piratentrios. Auf der Schatzinsel angekommen machen sie Pepolino und Babaluk auf die Suche nach dem Schatz, doch auch Rotbart, Holzbein und Glasauge folgen ihnen. Babaluk geht, ohne es zu wissen, direkt auf Hildegards Burg zu und Pepolino muss allein gegen die drei Verfolger kämpfen. Die Hexe nimmt ihn am Ende gefangen und er trifft im Kerker auf seinen tot geglaubten Großvater. Don Poco, der dem Jungen gefolgt ist, will den beiden bei der Flucht helfen. Dabei begegnet ihm Mora, die ihren Teil dazu beiträgt, als sie von Poco erfährt, dass Pepolino nicht am Schatz interessiert ist, sondern nur an ihr. Mit dem Dreizack ihres Vaters Neptun erzeugt sie eine Springflut, die den ganzen Hexenberg zum Einsturz bringt und den Kerker so voll Wasser laufen lässt, dass die Gefangenen schwimmend ein Fenster erreichen und fliehen können. Glücklich gelangen sie zur ""Granny Maria"" und segeln zurück nach Hause. Unterwegs trifft Pepolino noch einmal auf Mora, der ihr dieses Mal bis unter Wasser folgt und dort in einem untergegangenen Schiff den Schatz entdeckt. Er nimmt jedoch nur eine kleine Kiste von dem Gold mit. Zu Hause angekommen, ist Pepolinos Großmutter überglücklich ihren Lieben wieder bei sich zu haben. Doch Pepolino liefert nur die Schatzkiste für seine Großmutter ab und segelt zurück zu Mora.
"	1995_Andersen_Wikipedia_Wincelberg_Pepolino_und_der_Schwanz_der_Meerjungfrau.txt	/content/drive/MyDrive/Märchen-Seminar/Korpus/Andersen/Wikipedia/1995_Andersen_Wikipedia_Wincelberg_Pepolino_und_der_Schwanz_der_Meerjungfrau.txt	neutral
Andersen	Wikipedia	2014	Andersen	Wikipedia	Brinx	Die Schneekönigin	"Die Schneekönigin

Gerda und Kay sind seit ihrer Kindheit die besten Freunde und lieben sich heimlich. Kay hat Gerda sogar ein beheiztes Glashaus gebaut, damit darin ihre Rosen auch im kalten Winter wachsen können und nicht erfrieren. Doch das macht die Schneekönigin wütend, die vergeblich versucht, Blumen in Eis zu verwandeln. Als Kay sie dann auch noch verhöhnt, schleudert sie einen Eissplitter in Kays Auge und schlagartig wird der liebenswerte Junge zu einem kaltherzigen Knaben. Gerda versteht ihn nicht mehr und es kommt zum Streit zwischen ihnen. Dabei zerschlägt Kay eine Scheibe des Glashauses, sodass die blühenden Rosen nun doch erfrieren müssen. In seinem Zorn rennt Kay über die Schneelandschaft und begegnet der Schneekönigin, die ihn zu sich in den Schlitten bittet. Er lässt sich willig von ihr mit in ihren Eispalast nehmen. Gerda bleibt verzweifelt zurück und versucht, Kay zu finden. Doch bleibt ihr nur sein Schlitten an einem halb zugefrorenen Fluss.

Auch als der Frühling einkehrt, kommt Kay nicht zurück. Obwohl alle glauben, dass er tot sei, ist Gerda davon überzeugt, dass er lebt. So macht sie sich auf die Suche nach ihrem Freund. Am Flussufer kommt Gerda ein Kahn entgegen, in den sie steigt, um sich treiben zu lassen. Ihre Reise führt Gerda in das blühende Reich der Flora, einen sommerlichen Garten in herrlicher Blütenpracht. Die einfältige Flora, die es eigentlich gut mit Gerda meint, gibt ihr einen Pflanzensaft zu trinken, wodurch sie Kay vorübergehend vergisst. Flora genießt es sehr, nicht mehr allein zu sein und würde Gerda gern für immer bei sich behalten. Doch Gerdas Erinnerung kommt zurück und damit auch der Wunsch, Kay zu finden, und so bleibt sie nicht länger und zieht weiter. Von Flora hat sie erfahren, dass ein Junge namens Kay im Schloss leben würde und so macht sie sich dorthin auf den Weg. Sie schleicht sich in das herrschaftliche Anwesen, muss jedoch feststellen, dass es sich bei dem Prinzen nicht um ihren Kay handelt. Dennoch nimmt man sie freundlich auf und Gerda verlebt eine schöne Zeit. Auch auf dem Schloss würde man sie gern behalten, aber Gerda will nach einem sehnsüchtigen Traum weiterziehen.

Kay indes fühlt Gerdas Traum und verliert ganz plötzlich den Eissplitter aus dem Auge. Das hat zur Folge, dass er sich in dem Eispalast der Schneekönigin nicht mehr wohl fühlt, doch zeigt er dies seiner Herrscherin nicht und spielt den gefühlskalten Jungen, so wie sie es mag. Als Kay sich dann an einer Eisscherbe schneidet und ein Tropfen Blut im Schnee wie eine rote Rose aussieht, kehrt auch seine Erinnerung zurück. Er unternimmt einen Fluchtversuch aus dem Palast, aber die Schneekönigin hält ihn zurück.

Gerda lässt sich mit einer Kutsche vom Schloss wegbringen, doch wird diese im Wald von Räubern überfallen. Das Mädchen muss um sein Leben fürchten und hat nur Glück, weil die Tochter der Räuberhauptfrau jemanden zum Spielen haben möchte und ihre Mutter dem Kind nichts abschlagen kann. Den Räubern gefällt dies gar nicht, doch müssen sie sich fügen. Die Räubertochter behandelt Gerda anfangs wie eine Sklavin, doch je mehr Gerda von ihrem Kay erzählt und nicht nachlässt, desto mehr bewundert sie das Mädchen und lässt es letztendlich „frei“. So wandert Gerda weiter und gelangt allmählich in das Gebiet des ewigen Schnees, wo sie entkräftet zusammenbricht und von einer Lappin gefunden wird. Diese päppelt Gerda auf, die sich sodann gestärkt auf den letzten Teil ihrer Suche begibt.

Als Gerda endlich im Eispalast der Schneekönigin ankommt, muss diese einsehen, dass es nicht in ihrer Macht steht, die Liebe zwischen Gerda und Kay zu zerstören. So kehren die beiden jungen Menschen in ihr Dorf zurück und genießen den nächsten Frühling zu zweit.
"	2014_Andersen_Wikipedia_Brinx_Die_Schneekönigin.txt	/content/drive/MyDrive/Märchen-Seminar/Korpus/Andersen/Wikipedia/2014_Andersen_Wikipedia_Brinx_Die_Schneekönigin.txt	neutral
Andersen	Original	1844	Andersen	Original	Andersen	Die Schneekönigin	"Die Schneekönigin

IN SIEBEN GESCHICHTEN
Erste Geschichte,
welche von dem Spiegel und den Scherben handelt.
Seht, nun fangen wir an. Wenn wir am Ende der
Geschichte sind, wissen wir mehr als jetzt, denn es war
ein böser Kobold! Es war einer der allerärgsten, es war
der Teufel! Eines Tages war er recht bei Laune, denn
er hatte einen Spiegel gemacht, welcher die
Eigenschaft besaß, daß alles Gute und Schöne, was
sich darin spiegelte, fast zu Nichts zusammenschwand,
aber das, was nichts taugte und sich schlecht ausnahm,
hervortrat und noch ärger wurde. Die herrlichsten
Landschaften sahen wie gekochter Spinat darin aus,
und die besten Menschen wurden widerlich und
standen auf dem Kopfe ohne Rumpf, die Gesichter
wurden so verdreht, daß sie nicht zu erkennen waren,
und hatte man einen Sonnenfleck, so konnte man
überzeugt sein, daß er sich über Nase und Mund
verbreitete. Das sei äußerst belustigend, sagte der
Teufel. Fuhr nun ein guter frommer Gedanke durch
einen Menschen, dann zeigte sich ein Grinsen im
Spiegel, so daß der Teufel über seine künstliche
die
Erfindung
Koboldschule besuchten, denn er hielt Koboldschule,
erzählten überall, daß ein Wunder geschehen sei; nun
könne man erst sehen, meinten sie, wie die Welt und
die Menschen wirklich aussähen. Sie liefen mit dem
Spiegel umher, und zuletzt gab es kein Land oder
keinen Menschen mehr, welcher nicht verdreht darin
erschienen wäre. Nun wollten sie auch zum Himmel
auffliegen, um sich über die Engel und den lieben Gott
lustig zu machen. Je höher sie mit dem Spiegel flogen,
um so mehr grinste er; sie konnten ihn kaum
festhalten. Sie flogen höher und höher, Gott und den
Engeln näher; da erzitterte der Spiegel so fürchterlich
in seinem Grinsen, daß er ihren Händen entfiel und zur
Erde stürzte, wo er in hundert Millionen, Billionen und
noch mehr Stücke zersprang. Und nun grade
verursachte er weit größeres Unglück als zuvor; denn
einige Stücke waren kaum so groß wie ein Sandkorn,
und diese flogen ringsumher in der weiten Welt, und
wo jemand sie in das Auge bekam, da blieben sie
sitzen, und da sahen die Menschen alles verkehrt oder
hatten nur Augen für das Verkehrte bei einer Sache;
denn jede kleine Spiegelscherbe hatte dieselben Kräfte

lachen mußte. Alle, welche

so groß, daß

einem Klumpen Eis

behalten, welche der ganze Spiegel besaß. Einige
Menschen bekamen sogar eine Spiegelscherbe in das
Herz,m und dann war es ganz greulich; das Herz
gleich. Einige
wurde
sie zu
Spiegelscherben waren
Fensterscheiben verbraucht wurden; aber durch diese
Scheiben taugte es nicht, seine Freunde zu betrachten.
Andere Stücke kamen in Brillen, und dann ging es
schlecht, wenn die Leute diese Brillen aufsetzten, um
recht zu sehen und gerecht zu sein; der Böse lachte,
daß ihm der Bauch wackelte, und das kitzelte ihn so
flogen noch kleine
angenehm. Aber draußen
Glasscherben in der Luft umher. Nun werden wir's
hören!
Zweite Geschichte
Ein kleiner Knabe und ein kleines Mädchen
Drinnen in der großen Stadt, wo so viele Menschen
und Häuser sind, ja nicht einmal Platz genug ist, daß
alle Leute einen kleinen Garten besitzen können, und
wo sich deshalb die meisten mit Blumen
in
Blumentöpfen begnügen müssen, waren zwei arme
Kinder, die einen etwas größeren Garten als einen
Blumentopf besaßen. Sie waren nicht Bruder und
Schwester, aber sie waren sich ebenso gut, als wenn
sie es gewesen wären. Die Eltern wohnten einander
gerade gegenüber in zwei Dachkammern, wo das Dach
des einen Nachbarhauses gegen das andere stieß und
die Wasserrinne zwischen den Dächern entlang lief;
dort war in jedem Haus ein kleines Fenster; man
brauchte nur über die Rinne zu schreiten, so konnte
man von dem einen Fenster zum anderen gelangen.
Die Eltern hatten draußen beiderseits einen großen
hölzernen Kasten, und darin wuchsen Küchenkräuter,
die sie brauchten, und ein kleiner Rosenstock. Es stand
einer in jedem Kasten; die wuchsen gar herrlich! Nun
fiel es den Eltern ein, die Kasten quer über die Rinne
zu stellen, so daß sie fast von dem einen Fenster zum
andern reichten und zwei Blumenwällen ganz ähnlich
sahen. Erbsenranken hingen über die Kasten herunter,
und die Rosenstöcke schossen lange Zweige, die sich
um die Fenster rankten und einander entgegen bogen;
es sah fast einer Ehrenpforte von Blättern und Blumen
gleich. Da die Kasten sehr hoch waren und die Kinder
wußten,daß sie nicht hinaufkriechen durften, so
zueinander
erhielten

die Erlaubnis,

sie

oft

hinauszusteigen und auf ihren kleinen Schemeln unter
den Rosen zu sitzen, da spielten sie dann so prächtig.
Im Winter hatte dieses Vergnügen ein Ende. Die
Fenster waren oft ganz zugefroren; aber dann wärmten
sie Kupferschillinge auf dem Ofen und legten den
warmen Schilling gegen die gefrorene Scheibe;
dadurch entstand ein schönes Guckloch, so rund, so
rund; dahinter blitzte ein lieblich mildes Auge, eines
vor jedem Fenster; das war der kleine Knabe und das
kleine Mädchen. Er hieß Kay, und sie hieß Gerda. Im
Sommer konnten sie mit einem Sprunge zueinander
gelangen; im Winter mußten sie erst die vielen
Treppen herunter und die Treppen hinauf; draußen
stob der Schnee.
""Das sind die weißen Bienen, die schwärmen,"" sagte
die Großmutter.
""Haben sie auch eine Bienenkönigin?"" fragte der
kleine Knabe, denn er wußte, daß unter den wirklichen
Bienen eine solche ist.
""Die haben sie!"" sagte die Großmutter. ""Sie fliegt dort,
wo sie am dichtesten schwärmen! Es ist die größte von
allen, und nie bleibt sie ruhig auf Erden, sie fliegt
in die schwarze Wolke hinauf. Manche
wieder
Mitternacht fliegt sie durch die Straßen der Stadt und
blickt zu den Fenstern hinein, und dann frieren die gar
sonderbar und sehen wie Blumen aus.""
""Ja, das habe ich gesehen!"" sagten beide Kinder und
wußten nun, daß es wahr sei. ""Kann die Schneekönigin
hier hereinkommen?"" fragte das kleine Mädchen. ""Laß
sie nur kommen!"" sagte der Knabe, ""dann setze ich sie
auf den warmen Ofen und sie schmilzt."" Aber die
Großmutter glättete sein Haar und erzählte andere
Geschichten.
Am Abend, als der kleine Kay zu Hause und halb
entkleidet war, kletterte er auf den Stuhl am Fenster
und guckte aus dem kleinen Loch. Ein paar
Schneeflocken fielen draußen, und eine derselben, die
allergrößte, blieb
einen
Blumenkastens liegen; die Schneeflocke wuchs mehr
und mehr und wurde zuletzt ein ganzes Frauenzimmer,
in den feinsten weißen Flor gekleidet, der wie aus
Millionen sternartiger Flocken zusammengesetzt war.
Sie war so schön und fein, aber von Eis, von
blendendem, blinkendem Eise. Doch war sie lebendig;
die Augen blitzten wie zwei klare Sterne; aber es war
keine Ruhe oder Rast in ihnen. Sie nickte dem Fenster
zu und winkte mit der Hand. Der kleine Knabe
erschrak und sprang vom Stuhl herunter; da war es, als
ob draußen vor dem Fenster ein großer Vogel

auf dem Rand des

vorbeiflöge.
Am nächsten Tag wurde es klarer Frost ? und dann
kam das Frühjahr; die Sonne schien, das Grün keimte
hervor, die Schwalben bauten Nester, die Fenster
wurden geöffnet, und die kleinen Kinder saßen wieder
in ihrem kleinen Garten hoch oben in der Dachrinne
über allen Stockwerken.
Die Rosen blühten diesen Sommer so prachtvoll; das
kleine Mädchen hatte einen Psalm gelernt, in welchem
auch von Rosen die Rede war; und bei den Rosen
dachte sie an ihre eigenen; und sie sang ihn dem
kleinen Knaben vor, und er sang mit:
Die Rosen, sie verblüh'n und verwehen,
Wir werden das Christkindlein sehen!
Und die Kleinen hielten einander bei den Händen,
in Gottes hellen
küßten die Rosen, blickten
Sonnenschein hinein und sprachen zu demselben, als
ob das Jesuskind da sei. Was waren das für herrliche
Sommertage; wie schön war es draußen bei den
frischen Rosenstöcken, welche unermüdlich zu blühen
schienen!
Kay und Gerda saßen und blickten in das Bilderbuch
mit Tieren und Vögeln, da war es ? die Uhr schlug
gerade fünf auf dem großen Kirchturm ?, daß Kay
sagte: ""Au! Es stach mir in das Herz, und mir flog
etwas in das Auge!""
Das kleine Mädchen fiel ihm um den Hals; er blinzelte
mit den Augen; nein, es war gar nichts zu sehen.
""Ich glaube, es ist weg!"" sagte er; aber weg war es
nicht. Es war gerade so einer von jeden Glassplittern,
welche vom Spiegel gesprungen waren, dem
Zauberspiegel, wir entsinnen uns seiner wohl, dem
häßlichen Glase, welches alles Große und Gute, das
sich darin abspiegelte, klein und häßlich machte; aber
das Böse und Schlechte trat ordentlich hervor, und
jeder Fehler an einer Sache war gleich zu bemerken.
Der arme Kay hatte auch ein Splitterchen gerade in das
Herz hinein bekommen. Das wird nun bald wie ein
Eisklumpen werden; nun tat es nicht mehr weh, aber
das Splitterchen war da.
""Weshalb weinst du?"" fragte er. ""So siehst du häßlich
aus! Mir fehlt ja nichts!"" ? ""Pfui"" rief er auf einmal:
""Die Rose dort hat einen Wurmstich! Und sieh, diese
da ist ja ganz schief! Im Grunde sind es häßliche
Rosen! Sie gleichen dem Kasten, in welchem sie
stehen!"" Und dann stieß er mit dem Fuß gegen den
Kasten und riß die beiden Rosen ab.
""Kay, was machst du?"" rief das kleine Mädchen. Und
als er ihren Schreck gewahr wurde, riß er noch eine

Rose ab und sprang dann in sein Fenster hinein und
von der kleinen lieblichen Gerda fort.
Als sie später mit dem Bilderbuch kam, sagte er, daß
das
für Wickelkinder passe; und erzählte die
Großmutter Geschichten, so kam er immer mit einem
""aber"" ? konnte er dazu gelangen, dann ging er hinter
ihr her, setzte eine Brille auf und sprach ebenso wie
sie; das machte er ganz treffend, und die Leute lachten
über ihn. Bald konnte er Sprache und Gang von allen
Menschen in der ganzen Straße nachahmen. Alles, was
an ihnen eigentümlich und unschön war, das wußte
Kay nachzumachen; und die Leute sagten: ""Das ist
sicher ein ausgezeichneter Kopf, den der Knabe hat!""
Aber es war das Glas, welches ihm in dem Herzen saß;
daher kam es auch, daß er selbst die kleine Gerda
neckte, die ihm von ganzem Herzen gut war.
Seine Spiele wurden nun ganz anders als früher; sie
waren so verständig. An einem Wintertag, als es
schneite, kam er mit einem großen Brennglas, hielt
ließ die
seinen blauen Rockzipfel hin und
Schneeflocken darauf fallen. ""Sieh nun in das Glas,
Gerda!"" sagte er; und jede Schneeflocke wurde viel
größer und sah aus wie eine prächtige Blume oder ein
zehneckiger Stern; es war schön anzusehen. ""Siehst
du, wie künstlich!"" sagte Kay. ""Das
ist weit
interessanter als die wirklichen Blumen! Und es ist
kein einziger Fehler daran; sie sind ganz akkurat, wenn
sie nur nicht schmölzen!""
Bald darauf kam Kay mit großen Handschuhen und
seinem Schlitten auf dem Rücken; er rief Gerda in die
Ohren: ""Ich habe Erlaubnis erhalten, auf dem großen
Platz zu fahren, wo die anderen Knaben spielen!,"" und
weg war er.
Dort auf dem Platz banden die kecksten Knaben oft
ihre Schlitten an die Wagen der Landleute fest, und
dann fuhren sie ein gutes Stück Wegs mit. Das ging
recht schön. Als sie im besten Spielen waren, kam ein
großer Schlitten; der war ganz weiß angestrichen, und
darin saß jemand, in einen rauhen weißen Pelz gehüllt
und mit einer rauhen weißen Mütze; der Schlitten fuhr
zweimal um den Platz herum, und Kay band seinen
kleinen Schlitten schnell daran fest, und nun fuhr er
mit. Es ging rascher und rascher, gerade hinein in die
nächste Straße; der, welcher fuhr, drehte sich um,
nickte dem Kay freundlich zu; es war, als ob sie
einander kannten. Jedesmal, wenn Kay seinen kleinen
Schlitten ablösen wollte, nickte der Fahrende wieder,
und dann blieb Kay sitzen; sie fuhren zum Stadttor
hinaus. Da begann der Schnee so hernieder zu fallen,

daß der kleine Knabe keine Hand vor sich erblicken
konnte; aber er fuhr weiter. Nun ließ er schnell die
Schnur
fahren, um von dem großen Schlitten
loszukommen, aber das half nichts, sein kleines
Fuhrwerk hing fest, und es ging mit Windeseile
vorwärts. Da rief er ganz laut, aber niemand hörte ihn,
und der Schnee stob, und der Schlitten flog von
dannen; mitunter gab es einen Sprung; es war, als
führe er über Gräben und Hecken. Der Knabe war
ganz erschrocken; er wollte sein Vaterunser beten,
aber er konnte sich nur des großen Einmaleins
entsinnen.
Die Schneeflocken wurden größer und größer; zuletzt
sahen sie aus wie große weiße Hühner. Auf einmal
sprangen sie zur Seite; der große Schlitten hielt, und
die Person, die in ihm fuhr, erhob sich; der Pelz und
die Mütze waren ganz und gar von Schnee; es war eine
Dame, hoch und schlank, glänzend weiß; es war die
Schneekönigin.
""Wir sind gut gefahren!"" sagte sie. ""Aber wer wird
frieren! Krieche in meinen Bärenpelz!"" Und sie setzte
ihn neben sich in den Schlitten und schlug den Pelz um
ihn; es war, als versinke er in einem Schneetreiben.
""Friert dich noch?"" fragte sie, und dann küßte sie ihn
auf die Stirn. Oh! das war kälter als Eis; das ging ihm
gerade hinein bis ins Herz, welches ja doch zur Hälfte
ein Eisklumpen war. Es war, als sollte er sterben; aber
nur einen Augenblick, dann tat es ihm recht wohl; er
spürte nichts mehr von der Kälte ringsumher.
""Meinen Schlitten! Vergiß nicht meinen Schlitten!""
Daran dachte er zuerst, und der wurde an eins der
weißen Hühnchen festgebunden, und dieses flog
hinterher mit dem Schlitten auf dem Rücken. Die
Schneekönigin küßte Kay nochmals, und da hatte er
die kleine Gerda, die Großmutter und alle daheim
vergessen.
""Nun bekommst du keine Küsse mehr!"" sagte sie;
""denn sonst küßte ich dich tot!""
Kay sah sie an; sie war so schön; ein klügeres,
lieblicheres Antlitz konnte er sich nicht denken. Nun
erschien sie ihm nicht von Eis wie damals, als sie
draußen vor dem Fenster saß und ihm winkte; in
seinen Augen war sie vollkommen; er fühlte gar keine
Furcht. Er erzählte ihr, daß er kopfrechnen könne, und
zwar mit Brüchen; er wisse des Landes Quadratmeilen
und die Einwohnerzahl; sie lächelte immer. Da kam es
ihm vor, als sei es doch nicht genug, was er wisse; und
er blickte hinauf in den großen Luftraum; und sie flog
mit ihm, flog hoch hinauf auf die schwarze Wolke,

und der Sturm sauste und brauste; es war, als sänge er
alte Lieder. Sie flogen über Wälder und Seen, über
Meere und Länder; unter ihnen sauste der kalte Wind,
die Wölfe heulten, der Schnee knisterte; über
demselben flogen die schwarzen, schreienden Krähen
dahin; aber hoch oben schien der Mond so groß und
klar, und dort betrachtete Kay die lange, lange
Winternacht. Am Tage schlief er zu den Füßen der
Schneekönigin.
Dritte Geschichte
Der Blumengarten bei der Frau, welche zaubern
konnte
Aber wie erging es der kleinen Gerda, als Kay nicht
zurückkehrte? Wo war er nur geblieben? Niemand
wußte es, niemand konnte Bescheid geben. Die
Knaben erzählten nur, daß sie ihn seinen Schlitten an
einen mächtig großen hätten binden sehen, der in die
Straße hinein und zu dem Stadttor hinausgefahren sei.
Niemand wußte, wo er war, und viele Tränen flossen.
Die kleine Gerda weinte so viel und so lange, denn
sagte sie, er sei tot, er sei im Fluß ertrunken, der nahe
bei der Schule vorbeifloß; oh, das waren recht lange,
finstere Wintertage!
Nun kam der Frühling mit wärmerem Sonnenschein.
""Kay ist tot und fort!"" sagte die kleine Gerda.
""Das glaube ich nicht!"" antwortete der Sonnenschein.
""Er ist tot und fort!"" sagte sie zu den Schwalben.
""Das glauben wir nicht!"" erwiderten diese, und am
Ende glaubte die kleine Gerda es auch nicht.
""Ich will meine neuen roten Schuhe anziehen,"" sagte
sie eines Morgens, ""die, welche Kay nie gesehen hat,
und dann will ich zum Fluß hinuntergehen und den
nach ihm fragen!""
Und es war noch ganz früh; sie küßte die alte
Großmutter, die noch schlief, zog die roten Schuhe an
und ging ganz alleine aus dem Stadttor zu dem Fluß.
""Ist es war, das du mir meinen kleinen Spielkameraden
genommen hast? Ich will dir meine roten Schuhe
schenken, wenn du ihn mir wiedergeben willst!""
Und es war ihr, als nickten die Wellen so sonderbar.
Da nahm sie ihre roten Schuhe, die sie am liebsten
hatte, und warf sie alle beide in den Fluß hinein; aber
sie fielen dicht an das Ufer, und die kleinen Wellen
trugen sie ihr wieder an das Land. Es war gerade, als
wollte der Fluß nicht das liebste, was sie besaß, weil er
den kleinen Kay ja nicht hatte. Aber sie glaubte nun,
daß sie die Schuhe nicht weit genug hinausgeworfen
habe; und so kroch sie in ein Boot, welches im Schilf
lag. Sie ging ganz an das äußerste Ende desselben und

warf die Schuhe von da in das Wasser; aber das Boot
war nicht festgebunden, und bei der Bewegung,
welche sie verursachte, glitt es vom Land ab. Sie
bemerkte es und beeilte sich, herauszukommen; doch
ehe sie zurückkam, war das Boot über eine Elle vom
Lande, und nun trieb es schneller von dannen. Da
erschrak die kleine Gerda sehr und fing an zu weinen;
allein niemand außer den Sperlingen hörte sie, und die
konnten sie nicht an das Land tragen. Aber sie flogen
längs dem Ufer und sangen, gleichsam um sie zu
trösten: ""Hier sind wir, hier sind wir!"" Das Boot trieb
mit dem Strom; die kleine Gerda saß ganz still, nur mit
Strümpfen an den Füßen; ihre kleinen roten Schuhe
trieben hinter ihr her; aber sie konnten das Boot nicht
erreichen, das hatte stärkere Fahrt. Hübsch war es an
beiden Ufern; schöne Blumen, alte Bäume und Hänge
mit Schafen und Kühen; aber nicht ein Mensch war zu
erblicken. ""Vielleicht trägt mich der Fluß zu dem
kleinen Kay,"" dachte Gerda, und da wurde sie heiterer,
erhob sich und betrachtete viele Stunden die grünen,
schönen Ufer. Dann gelangte sie zu einem großen
Kirschgarten,
in welchem ein kleines Haus mit
sonderbaren roten und blauen Fenstern war; übrigens
hatte es ein Strohdach, und im Garten standen zwei
hölzerne Soldaten, die vor der Vorbeisegelnden das
Gewehr schulterten.
Gerda rief nach ihnen; sie glaubte, daß sie lebendig
seien; aber sie antworteten natürlich nicht. Sie kam
ihnen ganz nahe, denn der Fluß trieb das Boot gerade
auf das Land zu.
Gerda rief noch lauter, und da kam eine alte, alte Frau
aus dem Hause, die sich auf einen Krückstock stützte;
sie hatte einen großen Sonnenhut auf, und der war mit
den schönsten Blumen bemalt.
""Du armes, kleines Kind!"" sagte die alte Frau; ""wie
bist du doch auf den großen, reißenden Strom
gekommen und weit in die Welt hinausgetrieben!""
Und dann ging die alte Frau ganz in das Wasser
hinein, erfaßte mit ihrem Krückstock das Boot, zog es
an das Land und hob die kleine Gerda heraus.
Und Gerda war froh, wieder auf das Trockene zu
gelangen, obgleich sie sich vor der fremden alten Frau
ein wenig fürchtete.
""Komm doch und erzähle mir, wer du bist und wie du
hierher kommst!"" sagte sie.
Und Gerda erzählte ihr alles; und die Alte schüttelte
den Kopf und sagte: ""Hm! Hm!"" und als ihr Gerda
alles gesagt und gefragt hatte ob sie nicht den kleinen
Kay gesehen habe, sagte die Frau, daß er nicht

vorbeigekommen sei, aber er werde wohl noch
kommen. Sie solle nur nicht betrübt sein, sondern ihre
Kirschen kosten und ihre Blumen betrachten; die seien
schöner als irgendein Bilderbuch; eine jede könne eine
Geschichte erzählen, und die alte Frau schloß die Tür
zu.
Die Fenster lagen sehr hoch, und die Scheiben waren
rot, blau und gelb; das Tageslicht schien mit allen
Farben gar sonderbar herein, aber auf dem Tisch
standen die schönsten Kirschen, und Gerda aß davon,
soviel sie wollte, denn das war ihr erlaubt. Während
sie aß, kämmte die alte Frau ihr Haar mit einem
goldenen Kamm, und das Haar ringelte sich und
glänzte herrlich golden rings um das kleine freundliche
Antlitz, welches so rund war und wie eine Rose
aussah.
""Nach einem so lieben, kleinen Mädchen habe ich
mich schon lange gesehnt,"" sagte die Alte. ""Nun wirst
du sehen, wie gut wir miteinander leben werden!"" Und
so wie sie der kleinen Gerda Haar kämmte, vergaß
Gerda mehr und mehr ihren Spielgefährten Kay; denn
die alte Frau konnte zaubern; aber eine böse Zauberin
war sie nicht. Sie zauberte nur ein wenig zu ihrem
Vergnügen und wollte gern die kleine Gerda behalten.
Deshalb ging sie
ihren
Krückstock gegen alle Rosensträucher aus, und wie
schön sie auch blühten, so sanken sie doch alle in die
schwarze Erde hinunter, und man konnte nicht sehen,
wo sie gestanden hatten. Die Alte fürchtete, wenn
Gerda die Rosen erblickte, möchte sie an ihre eigenen
denken, sich dann des kleinen Kay erinnern und
davonlaufen.
Nun führte sie Gerda hinaus in den Blumengarten.
Was war da für ein Duft und eine Herrlichkeit! Alle
nur denkbaren Blumen, und zwar für jede Jahreszeit,
standen hier im prächtigsten Flor; kein Bilderbuch
konnte bunter und schöner sein. Gerda sprang vor
Freude hochauf und spielte, bis die Sonne hinter den
hohen Kirschbäumen unterging, da bekam sie ein
schönes Bett mit roten Seidenkissen, die waren mit
bunten Veilchen gestopft; und sie schlief und träumte
so herrlich wie nur eine Königin an
ihrem
Hochzeitstag.
Am nächsten Tag konnte sie wieder mit den Blumen
im warmen Sonnenschein spielen, und so verflossen
viele Tage. Gerda kannte jede Blume; aber wieviel
derer auch waren, stets war es ihr doch, als ob eine
fehle, allein welche, das wußte sie nicht. Da sitzt sie
eines Tages und betrachtet der alten Frau Sonnenhut

in den Garten, steckte

mit den gemalten Blumen, und gerade die schönste
darunter war eine Rose. Die Alte hatte vergessen, diese
vom Hut wegzunehmen, als sie die andern in die Erde
senkte. Aber so ist es, wenn man die Gedanken nicht
immer beisammen hat! ""Was, sind hier keine Rosen?""
sagte Gerda und sprang zwischen die Beete, suchte
und suchte; ach, da war keine zu finden. Nun setzt sie
sich hin und weinte, aber ihre Tränen fielen gerade auf
eine Stelle, wo ein Rosenstrauch verschwunden war,
und als die warmen Tränen die Erde bewässerten,
schoß der Strauch auf einmal empor, so blühend, wie
er versunken war und Gerde umarmte ihn, küßte die
Rosen und gedachte der herrlichen Rosen daheim und
mit ihnen auch des kleinen Kay.
""Oh, wie bin ich aufgehalten worden!"" sagte das kleine
Mädchen. ""Ich wollte ja den kleinen Kay suchen! Wißt
ihr nicht, wo er ist?"" fragte sie die Rosen. ""Glaubt ihr,
daß er tot ist?""
""Tot ist er nicht,"" antworteten die Rosen. ""Wir sind ja
in der Erde gewesen; dort sind alle Toten, aber Kay
war nicht da.""
""Ich danke euch,"" sagte die kleine Gerda und ging zu
den anderen Blumen hin, sah in deren Kelche hinein
und fragte: ""Wißt ihr nicht, wo der kleine Kay ist?""
Aber jede Blume stand in der Sonne und träumte ihr
eigenes Märchen oder Geschichtchen; davon hörte
Gerda so viele, viele; aber keine wußte etwas von Kay.
Und was sagte die Feuerlilie? ""Hörst du die Trommel:
bum! bum! Es sind nur zwei Töne; immer: bum! bum!
Höre der Frauen Trauergesang, höre den Ruf der
Priester. In ihrem langen roten Mantel steht das
Hindu-Weib auf dem Scheiterhaufen; die Flammen
lodern um sie und ihren toten Mann empor; aber das
Hindu-Weib denkt an den Lebenden hier im Kreise, an
ihn, dessen Auge heißer denn die Flammen brennen,
an ihn, dessen Augenfeuer ihr Herz stärker berührt als
die Flammen, welche bald ihren Körper zu Asche
verbrennen. Kann die Flamme des Scheiterhaufens
ersterben?"" - ""Das verstehe ich durchaus nicht,"" sagte
die kleine Gerda. ""Das ist mein Märchen!"" sagte die
Feuerlilie.
Was sagte die Winde? ""Über den schmalen Feldweg
hinaus hängt eine alte Ritterburg; das dichte
Immergrün wächst um die alten roten Mauern empor,
Blatt an Blatt um den Altan herum, und da steht ein
schönes Mädchen, es beugt sich über das Geländer
hinaus und sieht den Weg hinunter. Keine Rose hängt
frischer an den Zweigen als dasselbe, keine
Apfelblüte, wenn der Wind sie dem Baume entführt

schwebt leichter dahin als dieses; wie rauscht das
prächtige Seidengewand. 'Kommt er noch nicht?' "" -
""Ist es Kay, den du meinst?"" fragte die kleine Gerda.
""Ich spreche nur von meinem Märchen, meinem
Traum,"" erwiderte die Winde.
Was sagte die kleine Schneeblume? ""Zwischen den
Bäumen hängt an Seilen das lange Brett; das ist eine
Schaukel. Zwei niedliche kleine Mädchen ? die
Kleider sind weiß wie der Schnee, lange grüne
Seidenbänder flattern von den Hüten ? sitzen darauf
und schaukeln sich; der Bruder, welcher größer ist als
sie, steht in der Schaukel. Er hat den Arm um das Seil
geschlungen, um sich zu halten, denn in der einen
Hand hat er eine kleine Schale, in der andern eine
Tonpfeife; er bläst Seifenblasen. Die Schaukel geht,
und die Blasen steigen mit schönen, wechselnden
Farben empor; die letzte hängt noch am Pfeifenstiel
und biegt sich im Winde. Die Schaukel geht; der
kleine schwarze Hund, leicht wie die Blasen, erhebt
sich auf den Hinterfüßen und will mit in die Schaukel;
sie fliegt; der Hund fällt, bellt und ist böse; er wird
geneckt, die Blasen bersten. Ein schaukelndes Brett,
ein zerspringendes Schaumbild ist mein Gesang!"" -
""Es ist möglich, daß es hübsch ist, was du da erzählst;
aber du sagst es so traurig und erwähnst den kleinen
Kay gar nicht.""
Was sagten die Hyazinthen? ""Es waren drei schöne
Schwestern, gar durchsichtig und fein; der einen Kleid
war rot, das der anderen blau, der dritten ihres ganz
weiß; Hand in Hand tanzten sie beim stillen See im
hellen Mondenschein. Es waren keine Elfen, es waren
Menschenkinder. Dort duftete es herrlich, und die
Mädchen verschwanden im Wald. Der Duft wurde
stärker; drei Särge, darin lagen die schönen Mädchen,
glitten von des Waldes Dickicht über den See dahin;
die Johanniswürmchen flogen leuchtend ringsumher
schwebende Lichter. Schlafen die
wie kleine
tanzenden Mädchen, oder sind sie tot? Der Blumenduft
sagt, sie sind Leichen; die Abendglocke läutet den
Grabgesang!"" - ""Du machst mich ganz betrübt,"" sagte
die kleine Gerda. ""Du duftest so stark; ich muß an die
toten Mädchen denken! Ach, ist denn der kleine Kay
wirklich tot? Die Rosen sind unten in der Erde
gewesen, und die sagen nein!"" - ""Kling, klang!"" läuten
die Hyazinthen-Glocken. ""Wir läuten nicht für den
kleinen Kay, wir kennen ihn nicht; wir singen nur
unser Lied, das einzige, welches wir kennen.""
Und Gerda ging zur Butterblume, die aus den
glänzenden, grünen Blättern hervorschien. ""Du bist

eine kleine helle Sonne!"" sagte Gerda. ""Sage mir, ob
du weißt, wo ich meinen Gespielen finden kann?"" Und
die Butterblume glänzte so schön und sah wieder auf
Gerda. Welches Lied konnte wohl die Butterblume
singen? Es handelte auch nicht vom Kay. ""In einem
kleinen Hof schien die liebe Gottessonne am ersten
Frühlingstage sehr warm; die Strahlen glitten an des
Nachbarhauses weißen Wänden herab. Dicht dabei
wuchs die erste gelbe Blume und glänzte golden in den
warmen Sonnenstrahlen. Die alte Großmutter saß
draußen in ihrem Stuhl. Die Enkelin, ein armes,
schönes Dienstmädchen kehrte von einem kurzen
Besuch heim. Sie küßte die Großmuter; es war Gold,
Herzensgold in dem gesegneten Kuß. Gold im Munde,
Gold im Grunde, Gold in der Morgenstunde! Sieh, das
ist meine kleine Geschichte!"" sagte die Butterblume.
""Meine arme, alte Großmutter!"" seufzte Gerda. ""Ja, sie
sehnt sich gewiß nach mir und grämt sich um mich,
ebenso wie sie es um den kleinen Kay tat. Aber ich
komme bald wieder nach Hause, und dann bringe ich
Kay mit. Es nützt nichts, daß ich die Blumen frage, die
wissen nur ihr eigenes Lied; sie geben mir keinen
Bescheid!"" Und dann band sie ihr kleines Kleid auf,
damit sie rascher laufen könne; aber die Pfingstlilie
schlug ihr über das Bein, als sie darüber hinsprang. Da
blieb sie stehen, betrachtete die lange gelbe Blume und
fragte: ""Weißt du vielleicht etwas'?"" Und sie bog sich
ganz zur Pfingstlilie hinab; und was sagte die?
""Ich kann mich selbst erblicken! Ich kann mich selbst
sehen!"" sagte die Pfingstlilie. ""Oh, oh, wie ich rieche!
Oben
in dem kleinen Erkerzimmer steht, halb
angekleidet, eine kleine Tänzerin; sie steht bald auf
einem Bein, bald auf beiden. Sie tritt die ganze Welt
mit Füßen; sie ist nichts als Augentäuschung. Sie gießt
Wasser aus dem Teetopf auf ein Stück Zeug aus,
welches sie hält; es ist der Schnürleib; Reinlichkeit ist
eine schöne Sache! Das weiße Kleid hängt am Haken;
das ist auch im Teetopf gewaschen und auf dem Dach
getrocknet; sie zieht es an und schlägt das safrangelbe
Tuch um den Hals; nun scheint das Kleid noch weißer.
Das Bein ausgestreckt! Sieh, wie sie auf einem Stiele
prangt! Ich kann mich selbst erblicken! Ich kann mich
selbst sehen!"" - ""Darum kümmere ich mich gar nicht!""
sagte Gerda. ""Das brauchst du mir nicht zu erzählen"";
und dann lief sie nach dem Ende des Gartens.
Die Tür war verschlossen, aber sie drückte auf die
verrostete Klinke, so daß diese abging; die Tür sprang
auf, und die kleine Gerda lief barfüßig in die weite
Welt hinaus. Sie blickte dreimal zurück, aber niemand

war da, der sie verfolgte, zuletzt konnte sie nicht mehr
laufen und setzte sich auf einen großen Stein; und als
sie sich umsah, war es mit dem Sommer vorbei. Es
war Spätherbst; das konnte man in dem schönen
Garten gar nicht bemerken, wo immer Sonnenschein
und Blumen aller Jahreszeiten waren.
""Gott, wie habe ich mich verspätet!"" sagte die kleine
Gerda. ""Es ist ja Herbst geworden! Da darf ich nicht
ruhen!"" Und sie erhob sich, um zu gehen.
Oh, wie waren ihre kleinen Füße wund und müde!
Ringsumher sah es kalt und rauh aus; die langen
Weidenblätter waren ganz gelb, und der Trau tröpfelte
als Wasser herab. Ein Blatt fiel nach dem andern ab;
nur der Schlehdorn trug noch Früchte, die waren aber
herbe und zogen ihr den Mund zusammen. Oh, wie
war es grau und schwer in der weiten Welt!
Vierte Geschichte
Prinz und Prinzessin
Gerda mußte wieder ausruhen; da hüpfte dort auf dem
Schnee, der Stelle, wo sie saß, gerade gegenüber, eine
große Krähe; die hatte lange ruhig gesessen, sie
betrachtet und mit dem Kopf gewackelt. Nun sagte sie:
""Kra! Kra ? Gu' Tag! Gu' Tag."" Besser konnte sie es
nicht herausbringen, aber sie meinte es gut mit dem
kleinen Mädchen und frage, wohin sie so allein in die
weite Welt hinausginge. Das Wort allein verstand
Gerda sehr wohl und fühlte recht, wieviel darin liegt;
und sie erzählte der Krähe ihr ganzes Leben und
Schicksal und fragte, ob sie Kay nicht gesehen habe.
Und die Krähe nickte ganz bedächtig und sagte: ""Das
könnte sein! Das könnte sein!"" - ""Wie? Glaubst du?""
rief das kleine Mädchen und hätte fast die Krähe tot
gedrückt: so küßte sie diese. ""Vernünftig, vernünftig!""
sagte die Krähe. ""Ich glaube, ich weiß; ich glaube, es
kann sein; der kleine Kay ? aber nun hat er dich sicher
über der Prinzessin vergessen!"" - ""Wohnt er bei einer
Prinzessin?"" frage Gerda. ""Ja, höre!"" sagte die Krähe.
""Aber es fällt mir so schwer, deine Sprache zu reden.
Verstehst du die Krähensprache, dann will ich besser
erzählen."" - ""Nein, die habe ich nicht gelernt,"" sagte
Gerda; ""aber die Großmutter verstand sie, und auch
sprechen konnte sie diese Sprache. Hätte ich sie nur
gelernt!"" - ""Tut gar nichts!"" sagte die Krähe. ""Ich
werde erzählen, so gut ich kann; aber schlecht wird es
gehen""; und dann erzählte sie, was sie wußte.
""In diesem Königreich, in welchem wir jetzt sitzen,
wohnt eine Prinzessin, die ist ganz unbändig klug; aber
sie hat auch alle Zeitungen, die es in der Welt gibt,
gelesen und wieder vergessen, so klug ist sie. Neulich

saß sie auf dem Thron, und das ist doch nicht so
angenehm, sagt man; da fängt sie an, ein Lied zu
singen, und das war gerade dieses: 'Weshalb sollt' ich
wohl heiraten!' 'Höre, da ist etwas daran', sagte sie,
und so wollte sie sich verheiraten; aber sie wollte
einen Mann haben, der zu antworten verstehe, wenn
man mit ihm spräche; einen, der nicht bloß dastände
und vornehm aussähe, denn das sei zu langweilig. Nun
ließ sie alle Hofdamen zusammentrommeln, und als
diese hörten, was sie wollte, wurden sie sehr vergnügt.
'Das mag ich leiden!' sagten sie; 'daran dachte ich
neulich auch!' ? Du kannst glauben, daß jedes Wort,
was ich sage, wahr ist!"" sagte die Krähe. ""Ich habe
eine zahme Geliebte, die geht frei im Schlosse umher,
und die hat mir alles erzählt!"" Die Geliebte war
natürlicherweise auch eine Krähe. Denn eine Krähe
sucht die andere, und es bleibt immer eine Krähe.
""Die Zeitungen kamen sogleich mit einem Rand von
Herzen und der Prinzessin Namenszug heraus; man
konnte darin lesen, daß es einem jeden jungen Manne,
der gut aussehe, freistehe, auf das Schloß zu kommen
und mit der Prinzessin zu sprechen, und derjenige,
welcher am besten und so spräche, daß man hören
könne, er sei in dem, was er spräche, zu Hause, den
wolle die Prinzessin zum Manne nehmen."" ? ""Ja, Ja,""
sprach die Krähe, ""du kannst es mir glauben, es ist so
gewiß wahr, wie ich hier sitze. Junge Männer strömten
herzu; es war ein Gedränge und ein Gelaufe; aber es
glückte keinem, weder am ersten nach am zweiten
Tag. Sie konnten alle gut sprechen, wenn sie draußen
auf der Straße waren, aber wenn sie in das Schloßtor
traten und dort die Gardisten in Silber sahen und auf
den Treppen die Lakaien in Gold und die großen
erleuchteten Säle, dann wurden sie verwirrt. Und
standen sie gar vor dem Throne, wo die Prinzessin saß,
dann wußten sie nichts zu sagen als das letzte Wort,
das die gesprochen hatte; und das noch einmal zu
hören, dazu hatte sie keine Lust. Es war gerade, als ob
sie drinnen Schnupftabak auf den Magen bekommen
hätten und in den Schlaf gefallen wären, bis sie wieder
auf die Straße kamen, denn dann konnten sie sprechen.
Da stand eine Reihe vom Stadttor bis zum Schlosse
hin. Ich war selbst drinnen, um es zu sehen!"" sage die
Krähe. ""Sie wurden hungrig und durstig, aber auf dem
Schloß erhielten sie nicht einmal ein Glas laues
Wasser. Zwar hatten einige der Klügsten, Butterbrot
mitgebracht, aber sie teilten nicht mir ihrem Nachbarn;
sie dachten so: laß ihn nur hungrig aussehen, dann
nimmt ihn die Prinzessin nicht!""

""Aber Kay, der kleine Kay!"" fragte Gerda. ""Wann kam
der? War er unter der Menge?"" - ""Warte! warte! jetzt
sind wir gerade bei ihm! Es war am dritten Tag, da
kam eine kleine Person, ohne Pferd oder Wagen, ganz
fröhlich gerade auf das Schloß zumarschiert; seine
Augen glänzten wie deine; er hatte schöne lange
Haare, aber sonst ärmliche Kleider."" - ""Das war Kay!""
jubelte Gerda. ""Oh, dann habe ich ihn gefunden!"" und
sie klatschte in die Hände.
""Er hatte ein kleines Ränzel auf dem Rücken!"" sagte
die Krähe. ""Nein, das war sicher sein Schlitten!"" sagte
Gerda; ""denn mit dem Schlitten ging er fort!"" - ""Das
kann wohl sein,"" sagte die Krähe, ""ich sah nicht so
genau danach! Aber das weiß ich von meiner zahmen
Geliebten; als er in das Schloßtor kam und die
Leibgardisten in Silber sah und auf den Treppen die
Lakaien in Gold, daß er nicht im mindesten verlegen
wurde; er nickte und sagte zu ihnen:
'es muß
langweilig sein, auf der Treppe zu stehen; ich gehe
lieber hinein!'. Da glänzten die Säle von Lichtern;
Geheimräte und Exzellenzen gingen mit bloßen Füßen
und trugen Goldgefäße; man konnte wohl andächtig
werden! Seine Stiefel knarrten gar gewaltig laut, aber
ihm wurde doch nicht bange.""
""Das ist ganz gewiß Kay!"" sagte Gerda. ""Ich weiß, er
hatte neue Stiefel an, ich habe sie in der Großmutter
Stube knarren hören!""
""Ja, freilich knarrten sie!"" sagte die Krähe. ""Und
frischen Muts ging er gerade zur Prinzessin hinein, die
auf einer großen Perle saß, welche so groß wie ein
Spinnrad war; und alle Hofdamen mit ihren Jungfern
und den Jungfern der Jungfern und alle Kavaliere mit
ihren Dienern und den Dienern der Diener, die wieder
ringsherum
einen Burschen
aufgestellt; und je näher sie der Türe standen, desto
stolzer sahen sie aus. Des Dieners Diener Burschen,
in Pantoffeln geht, darf man kaum
der
anzusehen wagen; so stolz steht er an der Tür!""
""Das muß greulich sein!"" sagte die kleine Gerda. ""Und
Kay hat doch die Prinzessin erhalten?""
""Wäre ich nicht eine Krähe gewesen, so hätte ich sie
genommen, und das ungeachtet ich verlobt bin. Er soll
ebenso gut gesprochen haben, wie ich spreche, wenn
ich die Krähensprache rede; das habe ich von meiner
zahmen Geliebten gehört. Er war fröhlich und
niedlich, Er war nicht gekommen zum Freien, sondern
nur, um der Prinzessin Klugheit zu hören; und die fand
er gut, und sie fand ihn wieder gut.""
""Ja, sicher! das war Kay!"" sagte Gerda. ""Er war so

standen

hielten,

immer

klug; er konnte die Kopfrechnung mit Brüchen! Oh,
willst du mich nicht auf dem Schloß einführen?""
""Ja, das ist leicht gesagt!"" antwortete die Krähe. ""Aber
wie machen wir das? Ich werde es mit meiner zahmen
Geliebten besprechen; sie kann uns wohl Rat erteilen;
denn das muß ich dir sagen: so ein kleines Mädchen,
wie du bist, bekommt nie die Erlaubnis, ganz hinein zu
kommen!""
""Ja, die erhalten ich!"" sagte Gerda. ""Wenn Kay hört,
daß ich da bin, kommt er gleich heraus und holt mich!""
- ""Erwarte mich dort am Gitter!"" sagte die Krähe,
wackelte mit dem Kopfe und flog davon.
Erst als es spät am Abend war, kehrte die Krähe
wieder zurück. ""Rar! Rar!"" sagte sie. ""Ich soll dich
vielmal von ihr grüßen, und hier ist ein kleines Brot
für dich, daß nahm sie aus der Küche; dort ist Brot
genug, und du bist sicher hungrig. Es ist nicht
möglich, daß du in das Schloß hineinkommen kannst:
du bist ja barfuß. Die Gardisten in Silber und Lakaien
in Gold würden es nicht erlauben. Aber weine nicht!
Du sollst schon hinaufkommen. Meine Geliebte kennt
eine kleine Hintertreppe, die zum Schlafgemach führt,
und sie weiß, wo sie den Schlüssel erhalten kann.""
Und die gingen in den Garten hinein, in die große
Allee, wo ein Blatt nach dem anderen abfiel; und als
auf dem Schloß die Lichter ausgelöscht wurden, das
eine nach dem andern, führte die Krähe die kleine
Gerda zu einer Hintertür, die nur angelehnt war.
Oh, wie Gerdas Herz vor Angst und Sehnsucht pochte!
Es war gerade, als ob sie etwas Böses tun wollte; und
sie wollte ja doch nur wissen, ob es der kleine Kay sei.
Ja, er mußte es sein; sie gedachte so lebendig seiner
klugen Augen, seines langen Haares; sie konnte
ordentlich sehen, wie er lächelte, wie damals, als sie
daheim unter den Rosen saßen. Er würde sicher froh
werden, sie zu erblicken; zu hören, welchen langen
Weg sie um seinetwillen zurückgelegt; zu wissen, wie
betrübt sie alle daheim gewesen, als er nicht
wiedergekommen. Oh, das war eine Furcht und eine
Freude!
Nun waren sie auf der Treppe; da brannte eine kleine
Lampe auf einem Schrank; mitten auf dem Fußboden
stand die zahme Krähe; ""Ihre Vita, wie man es nennt,
ist auch sehr rührend. Wollen Sie die Lampe nehmen,
dann werde ich vorausgehen. Wir gehen hier den
geraden Weg, denn da begegnen wir niemandem.""
""Es ist mir, als ginge jemand hinter uns,"" sagte Gerda:
und es sauste an ihr vorbei. Es war wie Schatten an der
Wand: Pferde mit fliegenden Mähnen und dünnen

Beinen, Jägerburschen, Herren und Damen zu Pferde.
""Das sind nur Träume,"" sagte die Krähe; ""die kommen
und holen der hohen Herrschaft Gedanken zur Jagd.
Das ist recht gut, dann können Sie sie besser im Bette
betrachten. Aber ich hoffe, wenn Sie zu Ehren und
Würden gelangen, werden Sie ein dankbares Herz
zeigen.""
""Das versteht sich von selbst!"" sagte die Krähe vom
Walde. ""Nun kamen sie in den ersten Saal; der war
von rosenrotem Atlas mit künstlichen Blumen an den
Wänden hinauf; hier sausten an ihnen schon die
Träume vorbei; aber sie fuhren so schnell, daß Gerda
die hohen Herrschaften nicht zu sehen bekam. Ein Saal
war immer prächtiger als der andere; ja man konnte
verdutzt werden."" Nun waren sie im Schlafgemach.
Hier glich die Decke einer großen Palme mit Blättern
von Glas, von kostbarem Glase; und mitten auf dem
Fußboden hingen an einem dicken Stengel von Gold
zwei Betten, von denen jedes wie eine Lilie aussah; die
eine war weiß, in der lag die Prinzessin; die andere
war rot, und in dieser sollte Gerda den kleinen Kay
suchen. Sie bog eines der roten Blätter zur Seite, und
da sah sie einen braunen Nacken.
Oh, das war Kay! Sie rief ganz lauf seinen Namen,
hielt die Lampe nach ihm hin ? die Träume sausten zu
Pferde wieder in die Stube herein ? er erwachte, drehte
den Kopf und und ? es war nicht der kleine Kay.
Der Prinz glich ihm nur im Nacken; aber jung und
Hübsch war er. Und aus dem weißen Lilienblatt
blinzelte die Prinzessin hervor und frage, wer da sei.
Da weinte die kleine Gerda und erzählte ihre ganze
Geschichte und alles, was die Krähen für sie getan
hätten.
""Du armes Kind!"" sprach der Prinz und die Prinzessin;
und sie belobten die Krähen und sagten, daß sie gar
nicht böse auf sie seien; aber sie sollten es doch nicht
öfters tun. Übrigens sollten sie eine Belohnung
erhalten.
""Wollt ihr frei fliegen?"" fragte die Prinzessin. ""Oder
wollt ihr feste Anstellung als Hofkrähen haben, mit
allem, was in der Küche abfällt?"" Und beide Krähen
verneigten sich und baten um feste Anstellung, denn
sie gedachten des Alters und sagten: ""Es wäre gar
schön, etwas für die alten Tage zu haben,"" wie sie es
nannten.
Und der Prinz stand aus seinem Bette auf und ließ
Gerda darin schlafen, doch mehr konnte er nicht tun.
Sie faltete ihre kleinen Hände und dachte: ""Wie gut
sind die Menschen und die Tiere!"" Und dann schloß

sie ihre Augen und schlief so sanft. Alle Träume
kamen wieder hereingeflogen, und da sahen sie wie
Gottes Engel aus, und sie zogen einen kleinen
Schlitten, auf welchem Kay saß und nickte; aber das
Ganze war nur Traum, und deshalb war es auch wieder
fort, sobald sie erwachte.
Am folgenden Tag wurde sie von Kopf bis Fuß in
Seide und Samt gekleidet; es wurde ihr angeboten, auf
dem Schloß zu bleiben und gute Tage zu genießen;
aber sie bat nur um einen kleinen Wagen mit einem
Pferd davor und um ein Paar kleine Stiefel; dann wolle
sie wieder in die weite Welt hinausfahren und Kay
suchen.
Und sie erhielt sowohl Stiefel als auch einen Muff; sie
wurde niedlich gekleidet, und als sie fort wollte, hielt
vor der Tür eine neue Kutsche aus reinem Gold; des
Prinzen und der Prinzessin Wappen glänzte an
derselben wie ein Stern; Kutscher, Diener und
Vorreiter, denn es waren auch Vorreiter da, saßen mit
Goldkronen auf dem Kopf zu Pferde. Der Prinz und
die Prinzessin selbst halfen ihr in den Wagen und
wünschten ihr alles Glück. Die Waldkrähe, welche nun
verheiratet war, begleitete sie die ersten drei Meilen;
sie saß ihr zur Seite, denn sie konnte nicht vertragen,
rückwärts zu fahren. Die andere Krähe stand in der Tür
und schlug mit den Flügeln; sie kam nicht mit, denn
sie litt an Kopfschmerzen, seitdem sie eine feste
Anstellung und zuviel zu essen erhalten hatte.
Inwendig war die Kutsche mit Zuckerbrezeln gefüttert,
und im Sitz waren Früchte und Pfeffernüsse.
""Lebe wohl! Lebe wohl!"" riefen der Prinz und die
Prinzessin; und die kleine Gerda weinte, und die Krähe
weinte. So ging es die ersten Meilen; da sagte auch die
Krähe Lebewohl, und das war der schwerste Abschied;
sie flog auf einen Baum und schlug mit ihren
schwarzen Flügeln, so lange sie den Wagen, welcher
wie der helle Sonnenschein glänzte, erblicken konnte.
Fünfte Geschichte
Das kleine Räubermädchen
Sie fuhren durch den dunklen Wald, aber die Kutsche
leuchtete wie eine Fackel; das stach den Räubern in
die Augen, das konnten sie nicht ertragen. ""Das ist
Gold, das ist Gold!"" riefen sie, stürzten hervor, hielten
die Pferde an, schlugen die kleinen Vorreiter, den
Kutscher und die Diener tot und zogen dann die kleine
Gerda aus dem Wagen.
""Sie ist fett, sie ist niedlich, sie ist mit Mußkernen
gefüttert!"" sagte das alte Räuberweib, das einen langen
struppigen Bart und Augenbrauen hatte, die ihm über

ihren Muff,

die Augen herabhingen.
""Die ist so gut wie ein kleines fettes Lamm; wie wird
die schmecken!"" Und dann zog es sein blankes Messer
heraus, und das glänzte, daß es gräßlich war.
""Au!"" sagte das Weib zu gleicher Zeit; es wurde von
der eigenen Tochter, die auf dessen Rücken hing, so
wild und unartig in das Ohr gebissen, daß es eine Lust
war. ""Du häßlicher Balg!"" sagte die Mutter und hatte
nicht Zeit, Gerda zu schlachten.
""Sie soll mit mir spielen!"" sagte das kleine
Räubermädchen. ""Sie soll mir
ihr
hübsches Kleid geben, bei mir in meinem Bette
schlafen!"" Und dann bis sie wieder, daß das
Räuberweib in die Höhe sprang und sich ringsherum
drehte. Und alle Räuber lachten und sagten: ""Seht, wie
es mit seinem Kalbe tanzt!""
""Ich will in den Wagen hinein,"" sagte das kleine
Räubermädchen. Und es mußte und wollte seinen
Willen haben, denn es war ganz verzogen und sehr
hartnäckig! Es saß mit Gerda drinnen, und so fuhren
sie über Stock und Stein immer tiefer in den Wald.
Das kleine Räubermädchen war so groß wie Gerda,
aber stärker, breitschultriger und von dunkler Haut; die
Augen waren ganz schwarz; sie sahen fast traurig aus.
Sie faßte die kleine Gerda um den Leib und sagte: ""Sie
sollen dich nicht schlachten, so lange ich dir nicht böse
werde. Du bist wohl eine Prinzessin?""
""Nein,"" sagte Gerda und erzählte ihr alles, was sie
erlebt hatte und wie sehr sie den kleinen Kay lieb
hätte.
Das Räubermädchen betrachtete sie ganz ernsthaft,
nickte ein wenig mit dem Kopf und sagte: ""Sie sollen
dich nicht schlachten, selbst wenn ich dir böse werde;
dann werde ich es schon selber tun!"" Und dann
trocknete sie Gerdas Augen und steckte ihre beiden
Hände in den schönen Muff, der gar weich und warm
war.
Nun hielt die Kutsche still; sie waren mitten auf dem
Hof eines Räuberschlosses. Dasselbe war von oben bis
unten geborsten; Raben und Krähen flogen aus den
offenen Löchern, und die großen Bullenbeißer, von
denen jeder aussah, als könnte er einen Menschen
verschlingen, sprangen hoch empor aber sie bellten
nicht, denn es war verboten.
In dem großen, alten, verräucherten Saal brannte
mitten auf dem steinernen Fußboden ein helles Feuer;
der Rauch zog unter der Decke hin und mußte sich
selbst den Ausweg suchen; ein großer Braukessel mit
Suppe kochte, und Hasen wie Kaninchen wurden an

das

sagte

gehören

alle mir!""

Spießen gebraten.
""Du sollst die Nacht mit mir bei allen meinen kleinen
Tiefen schlafen,"" sagte das Räubermädchen. Sie
bekamen zu essen und zu trinken und gingen dann in
eine Ecke, wo Stroh und Teppiche lagen. Darüber
saßen auf Latten und Stäben mehr als hundert Tauben,
die alle zu schlafen schienen, sich aber doch ein wenig
drehten, als die beiden kleinen Mädchen kamen.
kleine
""Die
Räubermädchen und ergriff rasch eine der nächsten,
hielt sie bei den Füßen und schüttelte sie, daß sie mit
den Flügeln schlug. ""Küsse sie!"" rief sie und schlug sie
Gerda ins Gesicht. ""Da sitzen die Waldkanaillen,"" fuhr
es fort und zeigte hinter eine Anzahl Stäbe, die vor
einem Loch oben in die Mauer eingeschlagen waren.
""Das sind Waldkanaillen, die beiden; die fliegen gleich
fort, wenn man sie nicht ordentlich verschlossen hält;
und hier steht mein alter liebster Ba!"" Und sie zog ein
Rentier am Horn vor, welches einen blanken
kupfernen Ring um den Hals trug und angebunden
war. ""Den müssen wir auch in der Klemme halten,
sonst springt er von uns fort. An jedem Abend kitzele
ich ihn mit meinem scharfen Messer am Halse, davor
furchtet er sich sehr!"" Und das kleine Mädchen zog ein
langes Messer aus einer Spalte in der Mauer und ließ
es über des Renntiers Hals hingleiten; das arme Tier
schlug mit den Beinen aus, das kleine Räubermädchen
lachte und zog dann Gerda mit in das Bett hinein.
""Willst du das Messer bei dir behalten, wenn du
schläfst?"" frage Gerda und blickte es etwas furchtsam
an.
""Ich schlafe immer mit dem Messer!"" sagte das kleine
Räubermädchen. ""Man weiß nie, was vorfallen kann.
Aber fahre nun fort mit dem, was du mir vorhin von
dem kleinen Kay erzähltest und weshalb du in die
weite Welt hinausgegangen bist."" Und Gerda erzählte
wieder von vorn, und die Waldtauben gurrten oben im
Käfig, und die andern Tauben schliefen. Das kleine
Räubermädchen legte seinen Arm um Gerdas Hals,
hielt das Messer in der andren Hand und schlief, daß
man es hören konnte; aber Gerda konnte ihre Augen
nicht schließen, sie wußte nicht, ob sie leben oder
sterben würde. Die Räuber saßen rings um das Feuer,
sangen und tranken, und das Räuberweib überpurzelte
sich. Oh, es war ganz gräßlich für das kleine Mädchen
mit anzusehen.
Da sagten die Waldtauben: ""Kurre! Kurre! wir haben
den kleinen Kay gesehen. Ein weißes Huhn trug seinen
Schlitten; er saß im Wagen der Schneekönigin,

gesagt

welcher dicht über den Wald hinfuhr, als wir im Nest
lagen; sie blies auf uns Junge, und außer uns beiden
starben alle. Kurre! Kurre!"" - ""Was sagt ihr da oben?""
rief Gerda. ""Wohin reiste die Schneekönigin? Wißt ihr
etwas davon?""
""Sie reiste wahrscheinlich nach Lappland, denn dort ist
immer Schnee und Eis! Frage das Rentier, welches am
Strick angebunden steht."" - ""Dort ist Eis und Schnee,
dort ist es herrlich und gut!"" sagte das Rentier. ""Dort
springt man frei umher in den großen glänzenden
Tälern! Dort hat die Schneekönigin ihr Sommerzelt;
aber ihr festes Schloß ist oben, gegen den Nordpol zu,
auf der Insel, die Spitzbergen genannt wird!"" - ""O
Kay, kleiner Kay!"" seufzte Gerda. ""Du mußt still
liegen!"" sagte das Räubermädchen; ""Sonst stoße ich
dir das Messer in den Leib!""
ihr alles, was die
Am Morgen erzählte Gerda
Waldtauben
kleine
das
und
hatten
Räubermädchen sah ganz ernsthaft aus, nickte aber mit
dem Kopfe und sagte: ""Das ist einerlei! Das ist
einerlei! ? Weißt du, wo Lappland ist?"" fragte sie das
Rentier. ""Wer könnte es wohl besser wissen als ich?""
sagte das Tier, und die Augen funkelten ihm im Kopfe.
""Dort bin ich geboren und erzogen; dort bin ich auf
den Schneefeldern herumgesprungen!""
""Höre!"" sagte das Räubermädchen zu Gerda; ""du
siehst, alle unsere Mannsleute sind fort, nur die Mutter
ist noch hier, und die bleibt; aber gegen Mittag trinkt
sie aus der großen Flasche und schlummert nachher
ein wenig darauf; dann werde ich etwas für dich tun!""
Nun sprang sie aus dem Bett, fuhr der Mutter um den
Hals, zupfte sie am Bart und sagte: ""Mein einzig lieber
Ziegenbock, guten Morgen!"" Und die Mutter gab ihr
Nasenstüber, daß die Nase rot und blau wurde; und das
geschah alles aus lauter Liebe.
Als die Mutter dann aus ihrer Flasche getrunken hatte
und darauf einschlief, ging das Räubermädchen zum
Rentier hin und sagte: "" Ich könnte große Freude daran
haben, dich noch manches Mal mit dem scharfen
Messer zu kitzeln, denn dann bist du so possierlich;
aber es ist einerlei. Ich will deine Schnur lösen und dir
hinaushelfen, damit du nach Lappland laufen kannst;
aber du mußt tüchtig Beine machen und dieses kleine
Mädchen zum Schlosse der Schneekönigin bringen,
wo ihr Spielkamerad ist. Du hast wohl gehört, was sie
erzählte, denn sie sprach
laut genug, und du
horchtest!""
Das Rentier sprang vor Freude hochauf. Das
Räubermädchen hob die kleine Gerda hinaus und hatte

die Vorsicht, sie fest zu binden, ja sogar, ihr ein
kleines Kissen zum Sitzen zu geben: ""Da hast du auch
deine Pelzstiefel,"" sagte sie, ""denn es wird kalt; aber
den Muff behalte ich, der ist gar zu niedlich! Darum
sollst du aber doch nicht frieren. Hier hast du meiner
Mutter große Fausthandschuhe, die reichen dir gerade
bis zum Ellbogen hinauf. Krieche hinein: Nun siehst
du an den Händen ebenso aus wie meine häßliche
Mutter!""
Und Gerda weinte vor Freude. ""Ich kann nicht leiden,
daß du weinst!"" sagte das kleine Räubermädchen.
""Jetzt mußt du gerade recht froh aussehen! Und da hast
du zwei Brote und einen Schinken; nun wirst du nicht
hungern."" Beides wurde hinten auf das Rentier
gebunden, das kleine Räubermädchen öffnete die Tür,
lochte alle die großen Hunde herein, durchschnitt dann
den Strick mit ihrem scharfen Messer und sagte zum
Rentier: ""Laufe nun! Aber gib auf das kleine Mädchen
recht acht!""
Und Gerda streckte die Hände mit den großen
Fausthandschuhen gegen das Räubermädchen aus und
sagte Lebewohl, und dann flog das Rentier über Stock
und Stein davon, durch den großen Wald über Sümpfe
und Steppen, so schnell es nur konnte. Die Wölfe
heulten, und die Raben schrieen. ? Fugt! Fugt! ging es
am Himmel. Es war gleichsam, als ob er rot niese.
""Das sind meine alten Nordlichter!"" sagte das Rentier;
""sieh, wie sie leuchten!"" Und dann lief es noch
schneller davon, Tag und Nacht. Die Brote wurden
verzehrt, der Schinken auch, und dann waren sie in
Lappland.
Sechste Geschichte
Die Lappin und die Finnin
Bei einem kleinen Haus hielten sie an; es war sehr
jämmerlich. Das Dach ging bis zur Erde herunter, und
die Tür war so niedrig, daß die Familie auf dem Bauch
kriechen mußte, wenn sie heraus oder hinein wollte.
Hier war außer einer alten Lappin, die bei einer
Tranlampe Fische kochte, niemand im Hause; und das
Rentier erzählte Gerdas ganze Geschichte, aber zuerst
seine eigene, denn diese erschien ihm weit wichtiger;
und Gerda war so angegriffen von der Kälte, daß sie
nicht sprechen konnte.
""Ach, ihr Armen!"" sagte die Lappin; ""da habt ihr noch
weit zu laufen! Ihr müßt über hundert Meilen weit in
Finnmarken hinein, denn da wohnt die Schneekönigin
auf dem Lande und brennt jeden Abend bengalische
Flammen. Ich werde einige Worte auf einen trocknen
Stockfisch schreiben, Papier habe ich nicht; den werde

ich euch für die Finnin dort oben mitgeben. Sie kann
euch besser Bescheid erteilen als ich!""
Und als Gerda nun erwärmt worden war und zu essen
und zu trinken bekommen hatte, schrieb die Lappin
einige Worte auf einen trockenen Stockfisch, bat
Gerda, wohl darauf zu achten, band sie wieder auf dem
Rentier fest, und dieses sprang davon. Fugt! Fugt! ging
es oben in der Luft; die ganze Nacht brannten die
schönsten blauen Nordlichter. Und dann kamen sie
nach Finnmarken und klopften an den Schornstein der
Finnin, denn sie hatte nicht einmal eine Tür.
Da war eine solche Hitze drinnen, daß die Finnin
selbst fast völlig nackt ging. Sie war klein und ganz
schmutzig. Sofort zog sie der kleinen Gerda die
Fausthandschuhe und Stiefel aus, denn sonst wäre es
ihr zu heiß geworden, legte dem Rentier ein Stück Eis
auf den Kopf und las dann, was auf dem Stockfisch
geschrieben stand. Sie las es dreimal, und dann wußte
sie es auswendig und steckte den Fisch in den
Suppenkessel, denn er konnte ja gegessen werden, und
sie verschwendete nie etwas.
Nun erzählte das Rentier zuerst seine Geschichte, dann
die der kleinen Gerda, und die Finnin blinzelte mit den
klugen Augen, sagte aber gar nichts.
""Du bist sehr klug,"" sagte das Rentier; ""ich weiß, du
kannst alle Winde der Welt in einen Zwirnsfaden
zusammenbinden. Wenn der Schiffer den einen
Knoten löst, so bekommt er guten Wind, löst er den
andern, dann weht es scharf, und löst er den dritten
und vierten, dann stürmt es, daß die Wälder umfallen.
Willst du nicht dem kleinen Mädchen einen Trank
geben, daß sie Zwölf-Männer-Kraft erhält und die
Schneekönigin überwindet?""
""Zwölf-Männer-Kraft?"" sagte die Finnin. ""Ja, das
würde viel helfen!"" Und dann ging sie zu einem Bett,
nahm ein großes zusammengerolltes Fell hervor und
rollte es auf. Da waren wunderbare Buchstaben darauf
geschrieben, und die Finnin las, daß ihr das Wasser
von der Stirn herunterlief.
Aber das Rentier bat wieder so sehr für die kleine
Gerda, und Gerda blickte die Finnin mit so bittenden
Augen voller Tränen an, daß diese wieder mit den
ihrigen zu blinzeln anfing und das Rentier in einen
Winkel zog, wo sie ihm zuflüsterte, während es wieder
frisches Eis auf den Kopf bekam:
""Der kleine Kay ist freilich bei der Schneekönigin und
findet dort alles nach seinem Geschmack und Gefallen
und glaubt, es sei der beste Ort in der Welt. Aber das
kommt daher, daß er einen Glassplitter in das Herz und

ein kleines Glaskörnchen in das Auge bekommen hat;
die müssen zuerst heraus, sonst wird er nie wieder ein
Mensch, und die Schneekönigin wird die Gewalt über
ihn behalten!""
""Aber kannst du nicht der kleinen Gerda etwas
eingeben, so daß sie Gewalt über das Ganze erhält?"" -
""Ich kann ihr keine größere Gewalt geben als sie schon
hat; siehst du nicht, wie groß die ist? Siehst du nicht,
wie Menschen und Tiere ihr dienen müssen, wie sie
mit bloßen Füßen so gut in der Welt fortgekommen
ist? Sie kann nicht von uns ihre Macht erhalten; sie
sitzt in ihrem Herzen und besteht darin, daß sie ein
liebes unschuldiges Kind ist. Kann sie nicht selbst zur
Schneekönigin hineingelangen und das Glas aus dem
kleinen Kay entfernen, dann können wir nicht helfen!
Zwei Meilen von hier beginnt der Schneekönigin
Garten, dahin kannst du das kleine Mädchen tragen.
Setze sie beim großen Busch ab, welcher mit roten
Beeren im Schnee steht. Halte keinen Gevatterklatsch,
sondern spute dich, hierher zurückzukommen!"" Und
dann hob die Finnin die kleine Gerda auf das Rentier,
das lief, was es konnte.
""Oh, ich habe meine Stiefel nicht! Ich habe meine
Fausthandschuhe nicht!"" rief die kleine Gerda. Das
merkte sie in der schneidenden Kälte; aber das Rentier
wagte nicht, anzuhalten. Es lief, bis es zu dem Busch
mit den roten Beeren gelangt. Da setzte es Gerda ab
und küßte sie auf den Mund, und es liefen große, heiße
Tränen über die Backen des Tieres; und dann sprang
es, was es nur konnte, wieder zurück. Da stand die
arme Gerda ohne Schuhe, ohne Handschuhe mitten in
den fürchterlichen, eiskalten Finnmarken.
Sie lief vorwärts, so schnell sie nur konnte. Da kam ein
ganzes Regiment Schneeflocken; aber die fielen nicht
vom Himmel herunter, denn der war ganz hell und
glänzte von Nordlichtern. Die Schneeflocken liefen
gerade auf der Erde dahin, und je näher sie kamen,
desto größer wurden sie. Gerda erinnerte sich noch,
wie groß und künstlich die Schneeflocken damals
ausgesehen hatten, als sie dieselben durch ein
Brennglas betrachtete. Aber hier waren sie freilich
noch weit größer und fürchterlicher; sie lebten. Sie
waren der Schneekönigin Vorposten; sie hatten die
sonderbarsten Gestalten. Einige sahen aus wie
häßliche große Stachelschweine; andere wie Knoten,
gebildet
die Köpfe
hervorstrecken; noch andere wie kleine dicke Bären,
auf denen die Haare sich sträuben. Alle waren
glänzend weiß, alle waren lebendige Schneeflocken.

von Schlangen, welche

Da betete die kleine Gerda ihr Vaterunser. Und die
Kälte war so groß, daß sie ihren eigenen Atem sehen
konnte; der ging ihr wie Rauch aus dem Munde. Der
Atem wurde dichter und dichter und gestaltete sich zu
kleinen Engeln, die mehr und mehr wuchsen, wenn sie
die Erde berührten; und alle hatten Helme auf dem
Kopf und Spieße und Schilde in den Händen. Ihre
Anzahl wurde größer und größer, und als Gerda ihr
Vaterunser beendet hatte, war eine ganze Legion um
sie. Sie stachen mit ihren Spießen gegen die greulichen
Schneeflocken, so daß diese
in hundert Stücke
zersprangen. Und die kleine Gerda ging ganz sicher
und frischen Mutes vorwärts. Die Engel streichelten
ihr Hände und Füße, da empfand sie weniger, wie kalt
es war und eilte zu der Schneekönigin Schloß.
Aber nun müssen wir doch erst sehen, was Kay macht.
Er dachte freilich nicht an die kleine Gerda, und am
wenigsten, daß sie draußen vor dem Schlosse stehe.
Siebente Geschichte
Von dem Schloß der Schneekönigin und war sich
später darin zutrug
Die Wände des Schlosses waren gebildet von dem
treibenden Schnee und Fenster und Türen von den
schneidenden Winden. Es waren über hundert Säle
darin, alle wie sie der Schnee zusammenwehte. Der
größte erstreckte sich mehrere Meilen lang. Das starke
Nordlicht beleuchtete sie alle, und sie waren so groß,
so leer, so eisig kalt und so glänzend! nie gab es hier
Lustbarkeiten, nicht einmal einen kleinen Bärenball,
wozu der Sturm hätte aufspielen und wobei die
Eisbären hätten auf den Hinterfüßen gehen und ihre
feinen Manieren zeigen können; nie eine kleine
Spielgesellschaft mit Maulklapp und Tatzenschlag; nie
ein klein bißchen Kaffeeklatsch von den Weißfuchs-
Fräuleins;
in der
Schneekönigin Sälen. Die Nordlichter flammten so
genau, daß man sie zählen konnte, wann sie am
höchsten und wann sie am niedrigsten standen. Mitten
in diesem leeren unendlichen Schneesaal war ein
zugefrorener See, der war
tausend Stücke
zersprungen; aber jedes Stück war dem andern so
gleich, daß es ein vollkommenes Kunstwerk war. Und
mitten auf dem See saß die Schneekönigin, wenn sie
zu Hause war, und dann sagte sie, daß sie im Spiegel
des Verstandes säße und daß dieser der einzige und der
beste in der Welt sei.
Der kleine Kay war ganz blau vor Kälte, ja fast
schwarz; aber er merkte es nicht, denn sie hatte ihm
den Frostschauer abgeküßt, und sein Herz glich einem

leer, groß und kalt war es

in

in

diese

haben

Eisklumpen. Er schleppte einige scharfe, flache
Eisstücke hin und her, die er auf alle mögliche Weise
aneinanderfügte, denn er wollte damit etwas
herausbringen. Es war gerade, als wenn wir kleine
Holztafeln
Figuren
und
aneinanderlegen, was man das chinesische Spiel nennt.
Kay ging auch und legte Figuren, und zwar die
allerkunstvollsten. Das war das Eisspiel des
Verstandes. In seinen Augen waren die Figuren ganz
ausgezeichnet und von der höchsten Wichtigkeit: das
machte das Glaskörnchen, welches ihm im Auge saß!
Er legte vollständige Figuren, die ein geschriebenes
Wort waren; aber nie konnte er es dahin bringen, das
Wort zu legen, das er unbedingt haben wollte, das
Wort Ewigkeit. Und die Schneekönigin hatte gesagt:
""Kannst du diese Figur ausfinden machen, dann sollst
du dein eigener Herr sein, und ich schenke dir die
ganze Welt und ein Paar neue Schlittschuhe."" Aber er
konnte es nicht.
""Nun sause ich fort zu den warmen Ländern!"" sagte
die Schneekönigin. ""Ich will hinfahren und in die
schwarzen Töpfe hineinsehen!"" Das waren die
feuerspeienden Berge Ätna und Vesuv, wie man sie
nennt. ""Ich werde sie ein wenig weiß machen! Das
gehört dazu; das tut den Zitronen und Weintrauben
gut!"" Und die Schneekönigin flog davon, und Kay saß
ganz allein in dem viele Meilen großen, leeren Eissaal,
betrachtete die Eisstücke und dachte und dachte, so
daß es in ihm knackte. Ganz steif und still saß er, man
hätte glauben können, er sei erfroren.
Da geschah es, daß die kleine Gerda durch das große
Tor in das Schloß trat. Hier herrschten schneidende
Winde; aber sie betete ein Abendgebet, und da legten
sich die Winde, als ob sie schlafen wollten. Und sie
trat in die großen, leeren, kalten Säle ein ? da erblickte
sie Kay. Sie erkannte ihn, sie flog ihm um den Hals,
hielt ihn so fest und rief: ""Kay! Lieber, kleiner Kay!
Da habe ich dich endlich gefunden!""
Aber er saß ganz still, steif und kalt; da weinte die
kleine Gerda heiße Tränen, die fielen auf seine Brust,
sie drangen in sein Herz, sie tauten den Eisklumpen
auf und verzehrten das kleine Spiegelstück darin. Er
betrachtete sie, und sie sang:
Rosen, die blüh'n und verwehen;
Wir werden das Christkindlein sehen!
Da brach Kay in Tränen aus. Er weinte so, daß das
Spiegelsplitterchen aus dem Auge schwamm, und nun
erkannte er sie und jubelte: ""Gerda! Liebe, kleine
Gerda! Wo bist du so lange gewesen? Und wo bin ich

gewesen?"" Und er blickte rings um sich her. ""Wie kalt
es hier ist! Wie es hier weit und leer ist!""
Und er klammerte sich an Gerda an, und sie lachte und
weinte vor Freude. Das war so herrlich, daß selbst die
Eisstücke vor Freude ringsherum tanzten, und als sie
müde waren und sich niederlegten, lagen sie gerade in
den Buchstaben, von denen die Schneekönigin gesagt
hatte, daß er sie ausfindig machen sollte, dann wäre er
sein eigener Herr und sie wolle ihm die ganze Welt
und ein Paar neue Schlittschuhe geben.
Und Gerda küßte seine Wangen, und sie wurden
blühend; sie küßte seine Augen, und sie leuchteten
gleich den ihrigen; sie küßte seine Hände und Füße,
und er war gesund und munter. Die Schneekönigin
mochte nun nach Hause kommen; sein Freibrief stand
da mit glänzenden Eisstücken geschrieben.
Und sie faßten einander bei den Händen und
wanderten aus dem großen Schloß hinaus. Sie
sprachen von der Großmutter und von den Rosen oben
auf dem Dach; und wo sie gingen, ruhten die Winde
und die Sonne brach hervor. Und als sie den Busch mit
den roten Beeren erreichten, stand das Rentier da und
wartete. Es hatte ein anderes junges Rentier mit sich,
dessen Euter voll war; und dieses gab den Kleinen
seine warme Milch und küßte sie auf den Mund. Dann
trugen sie Kay und Gerda erst zur Finnin, wo sie sich
in der heißen Stube aufwärmten und über die
Heimreise Bescheid erhielten; dann zur Lappin,
welche ihnen neue Kleider genäht und ihren Schlitten
instand gesetzt hatte.
Das Rentier und das Junge sprangen zur Seite und
folgten, gerade bis zur Grenze des Landes; dort
sproßte das erste Grün hervor. Da nahmen sie
Abschied vom Rentier und von der Lappin. ""Lebt
wohl!"" sagten alle. Und die ersten kleinen Vögel
begannen zu zwitschern, der Wald hatte grüne
Knospen, und aus ihm kam auf einem prächtigen
Pferde, welches Gerda kannte ? es war vor der
goldenen Kutsche angespannt gewesen ? , ein jungen
Mädchen geritten, mit einer leuchtend roten Mütze auf
dem Kopf und Pistolen im Halfter. Das war das kleine
Räubermädchen, welches es satt hatte, zu Hause zu
sein, und nun erst gegen Norden und später, wenn ihr
das nicht zusagte, nach einer andern Weltgegend
hinwollte. Sie erkannte Gerda gleich, und Gerda
erkannte Sie; das war eine Freude!
""Du
deinem
Umherschweifen!"" sagte es zum kleinen Kay. ""Ich
möchte wissen, ob du verdienst, daß man deinethalben

schöner Patron mit

bist

ein

bis an der Welt Ende läuft!"" Aber Gerde klopfte ihr die
Wangen und fragte nach dem Prinzen und der
Prinzessin. ""Die sind nach fremden Ländern gereist!""
sagte das Räubermädchen.
""Aber die Krähe?"" sagte Gerda. ""Ja, die Krähe ist tot!""
ist Witwe
erwiderte sie. ""Die zahme Geliebte
geworden und geht mit einem Endchen schwarzen
wollenen Garns um das Bein; sie klagt ganz
jämmerlich, und Geschwätz ist das Ganze! ? Aber
erzähle mir nun, wie es dir ergangen ist und wie du ihn
erwischt hast."" Und Gerda und Kay erzählten.
""Snipp-Snapp-Snurre-Purre-Basselurre;""
sagte das
Räubermädchen, nahm beide bei den Händen und
versprach, daß, wenn es je durch ihre Stadt kommen
sollte, es hinaufkommen werde, sie zu besuchen. Und
dann ritt es in die weite Welt hinein. Aber Kay und
Gerda gingen Hand in Hand, und wo sie gingen, war
es herrlicher Frühling mit Blumen und mit Grün. Die
Kirchenglocken läuteten, und sie erkannten die hohen
Türme, die große Stadt; es war die, in der sie wohnten.
Und sie gingen in dieselbe hinein und hin zur Türe der
Großmutter, die Treppe hinaus, in die Stube hinein, wo
alles wie früher auf derselben Stelle stand. Und die
Uhr ging: ""Tick! Tack!"" und die Zeiger drehten sich.
Aber indem sie durch die Tür gingen, bemerkten sie,
daß sie erwachsene Menschen geworden waren. Die
Rosen aus der Dachrinne blühten zum offenen Fenster
hinein, und da standen die kleinen Kinderstühle, und
Kay und Gerda setzten sich ein jeder auf den seinigen
und hielten einander bei den Händen; die kalte, leere
Herrlichkeit bei der Schneekönigin hatten sie gleich
einem schweren Traum vergessen. Die Großmutter saß
in Gottes hellem Sonnenschein und las laut aus der
Bibel: ""Werdet ihr nicht wie die Kinder, so werdet ihr
das Reich Gottes nicht erben!""
Und Kay und Gerda sahen einander in die Augen, und
sie verstanden auf einmal den alten Gesang:
Rosen, die blüh'n und verwehen;
Wir werden das Christkindlein sehen!
Da saßen sie beide, erwachsen und doch Kinder,
Kinder im Herzen; und es war Sommer, warmer,
wohltuender Sommer.

* * *"	1844_Andersen_Original_Andersen_Die_Schneekönigin.txt	/content/drive/MyDrive/Märchen-Seminar/Korpus/Andersen/Original/1844_Andersen_Original_Andersen_Die_Schneekönigin.txt	negative
Andersen	Original	1862	Andersen	Original	Andersen	Die Galoschen des Glücks	"Die Galoschen des Glücks

I. Ein Anfang

In einem Hause in Kopenhagen, nicht weit vom Königs-Neumarkt, hatte man eine Gesellschaft, eine sehr große Gesellschaft versammelt, um von den Eingeladenen wieder Einladungen zu erhalten. Die eine Hälfte der Gesellschaft saß schon an den Spieltischen, die andere Hälfte erwartete das Resultat von dem ""Was wollen wir denn nun anfangen?"" der Wirthin. So weit war man, und die Unterhaltung fing an, einigermaßen in Gang zu kommen. Unter Anderm fiel auch die Rede auf das Mittelalter; Einzelne hielten es für weit interessanter als unsere Zeit; ja, Justizrath Knap vertheidigte diese Meinung so eifrig, daß die Frau vom Hause sogleich zu seiner Partei übertrat; und Beide eiferten nun gegen Oersted's Abhandlung im Almanach über alte und neue Zeiten, worin unserm Zeitalter im Wesentlichen der Vorzug gegeben wird. Der Justizrath betrachtete die Zeit des Dänenkönigs Hans*) als die edelste und glücklichste.
Während dies der Stoff der Unterhaltung war und dieselbe nur augenblicklich durch die Ankunft einer Zeitung unterbrochen wurde, welche nichts enthielt, was zu lesen der Mühe werth gewesen wäre, wollen wir uns in das Vorzimmer hinausbegeben, wo die Mäntel, Stöcke und Galoschen Platz gefunden hatten. Hier saßen zwei Mädchen, ein junges und ein altes; man konnte glauben, sie seien gekommen, um ihre weibliche Herrschaft nach Hause zu geleiten; betrachtete man sie aber etwas genauer, so begriff man bald, daß sie keine gewöhnlichen Dienstboten waren: dazu waren die Formen gar zu edel, die Haut zu fein und der Schnitt der Kleider zu kühn. Es waren zwei Feen. Die Jüngste war zwar nicht das Glück selbst, aber ein Kammermädchen einer seiner Kammerfrauen, welche die geringeren Gaben des Glücks umhertragen. Die Aeltere sah etwas finster aus; es war die Sorge; sie geht immer selbst, in höchsteigner Person ihre Geschäfte zu besorgen; dann weiß sie, daß selbige gut ausgeführt werden.
Sie erzählten einander, wo sie an diesem Tage gewesen waren. Die Abgesandte des Glücks hatte nur einige unbedeutende Handlungen ausgeführt, wie einen neuen Hut vom Regenguß zu erretten, einem ehrlichen Mann einen Gruß von einer vornehmen Null zu verschaffen u. s. w.; aber was ihr noch übrig blieb, war etwas ganz Ungewöhnliches.
""Ich kann auch erzählen,"" sagte sie, ""daß heute mein Ge-
__________
*) Gestorben 1513. Mit Christine, Tochter des Kurfürsten Ernst von Sachsen, vermählt.

burtstag ist, und zur Ehre desselben sind mir ein Paar Galoschen anvertraut, die ich der Menschheit bringen soll. Diese Galoschen haben die Eigenschaft, daß ein Jeder, der sie anzieht, augenblicklich an die Stelle und in die Zeit versetzt wird, wo er am liebsten sein will; ein jeder Wunsch in Bezug auf Zeit, Ort oder Existenz wird sogleich erfüllt, und der Mensch so endlich einmal glücklich hienieden!""
""Ja, das magst Du glauben!"" sagte die Sorge. ""Er wird sehr unglücklich und segnet den Augenblick, wo er die Galoschen wieder los wird!""
""Wo denkst Du hin?"" sagte die Andere. ""Nun stelle ich sie an die Thüre; Einer vergreift sich und wird der Glückliche!""
Sieh, das war das Zwiegespräch.

II. Wie es dem Justizrat erging

Es war spät; Justizrath Knap, in die Zeit des Königs Hans vertieft, wollte heimkehren, und das Schicksal lenkte es so, daß er anstatt seiner Galoschen die des Glücks anzog und nun auf die Oststraße hinaustrat. Aber er war durch die Zauberkraft der Galoschen in die Zeit des Königs Hans zurückversetzt, und deshalb setzte er den Fuß geradezu in Koth und Morast auf die Straße, weil es zu jener Zeit noch kein Steinpflaster gab.
""Es ist ja schrecklich, wie schmuzig es hier ist!"" sagte der Justizrath. ""Das ganze Trottoir ist fort und alle Laternen sind ausgelöscht!""
Der Mond stand noch nicht hoch genug und die Luft war überdies ziemlich dick, sodaß alle Gegenstände rings umher bei dieser Dunkelheit in einander verschwammen. An der nächsten Ecke hing inzwischen eine Laterne vor einem Madonnenbilde, aber die Beleuchtung war so gut wie keine; er bemerkte sie erst, als er gerade darunter stand, und seine Augen fielen auf das gemalte Kind mit der Mutter.
""Das ist vermuthlich,"" dachte er, ""ein Kunstkabinet, wo man vergessen hat, das Schild einzunehmen.""
Ein paar Menschen in der Tracht des Zeitalters gingen an ihm vorbei.
""Wie sahen die doch aus! Sie kamen wohl von einer Maskerade?""
Plötzlich ertönten Trommeln und Pfeifen; Fackeln leuchteten hell. Der Justizrath stutzte und sah nun einen sonderbaren Zug vorbeiziehen. Zuerst kam ein ganzer Trupp Trommelschläger, die ihre Instrumente recht artig bearbeiteten; ihnen folgten Trabanten mit Bogen und Armbrüsten. Der Vornehmste im Zuge war ein geistlicher Herr. Erstaunt fragte der Justizrath, was das zu bedeuten habe und wer der Mann sei?
""Das ist der Bischof von Seeland!""
""Mein Gott, was fällt dem Bischof ein?"" seufzte der Justizrath und schüttelte mit dem Kopf. Der Bischof konnte es doch unmöglich sein! Darüber grübelnd, und ohne zur Rechten oder Linken zu sehen, ging der Justizrath durch die Oststraße und über den Hohenbrückenplatz. Die Brücke, die nach dem Schloßplatze führt, war nicht zu finden; er wurde das Ufer eines seichten Wassers gewahr und stieß endlich hier auf zwei Leute, die in einem Boote waren.
""Will der Herr nach dem Holm übergesetzt werden?"" fragten sie.
""Nach dem Holm hinüber?"" fragte der Justizrath, der ja nicht wußte, in welchem Zeitalter er sich befand. ""Ich will nach Christianshafen in die kleine Torfstraße!""
Die Leute sahen ihn an.
""Sagt mir nur, wo die Brücke ist!"" sagte er. ""Es ist schändlich, daß hier keine Laternen angezündet sind; auch ist ein Schmuz, als ginge man in einem Sumpf!""
Je länger er mit den Bootsmännern sprach, desto unverständlicher waren sie ihm.
""Ich verstehe Euer Bornholmisch nicht!"" sagte er zuletzt ärgerlich und kehrte ihnen den Rücken. Die Brücke konnte er nicht finden, ein Geländer war auch nicht da. ""Es ist ein Skandal, wie es hier aussieht!"" sagte er. Nie hatte er sein Zeitalter elender gefunden, als an diesem Abend. ""Ich glaube, ich werde am besten thun, eine Droschke zu nehmen,"" dachte er. Aber wo waren die Droschken? Keine ließ sich sehen. ""Ich werde nach dem Königs-Neumarkt zurückgehen müssen, dort halten wohl Wagen, sonst komme ich nie nach Christianshafen hinaus.""
Nun ging er nach der Oststraße und war fast hindurch gekommen, als der Mond hervorbrach.
""Mein Gott, was ist das für ein Gerüst, das man hier errichtet hat!"" rief er aus, als er das Ostthor erblickte, welches zu jener Zeit am Ende der Oststraße stand.
Inzwischen fand er doch einen Durchgang offen, und durch diesen kam er nach unserm Neumarkt hinaus; aber das war ein großer Wiesengrund; einzelne Büsche ragten hervor und quer durch die Wiese zog sich ein breiter Canal oder Strom. Einige erbärmliche Holzbuden für holländische Schiffer lagen auf dem entgegengesetzten Ufer.
""Entweder erblicke ich eine fata morgana, oder ich bin betrunken!"" jammerte der Justizrath. ""Was ist das nur? Was ist das nur?""
Er kehrte wieder um, in der festen Ueberzeugung, daß er krank sei. Indem er in die Straße zurückkam, betrachtete er die Häuser etwas genauer, die meisten waren blos von Fachwerk und viele hatten nur ein Strohdach.
""Nein, mir ist gar nicht wohl!"" seufzte er. ""Und ich trank doch nur ein Glas Punsch! Aber ich kann ihn nicht vertragen, und es war auch ganz und gar verkehrt, uns Punsch und warmen Lachs zu geben; das werde ich der Frau Agentin auch sagen! Ob ich wohl wieder zurückkehre und sage, wie mir zu Muthe ist? Aber das steht so lächerlich aus, und es ist die Frage, ob sie noch auf sind.""
Er suchte nach dem Hause, aber es war gar nicht zu finden.
""Es ist doch erschrecklich: ich kann die Oststraße nicht wieder erkennen! Nicht ein Laden ist da; alte, elende, verfallene Häuser erblicke ich, als ob ich in Roeskilde oder Ringstedt wäre. Ach, ich bin krank! Es nützt nichts, sich zu geniren. Aber wo in aller Welt ist des Agenten Haus? Es ist nicht mehr dasselbe, aber dort drinnen sind noch Leute auf; ach, ich bin sicher krank!""
Nun stieß er auf eine halb offene Thüre, wo das Licht durch eine Spalte fiel. Es war eine Herberge jener Zeit, eine Art von Bierhaus. Die Stube hatte das Ansehen einer holländischen Diele; eine Anzahl Leute, bestehend aus Schiffern, Kopenhagener Bürgern und ein paar Gelehrten, saßen hier im tiefsten Gespräch bei ihren Krügen und beachteten den Eintretenden nur wenig.
""Um Entschuldigung,"" sagte der Justizrath zur Wirthin, ""mir ist sehr unwohl geworden; wollen Sie mir nicht eine Droschke nach Christianshafen hinaus besorgen lassen?""
Die Frau sah ihn an und schüttelte mit dem Kopfe; darauf redete sie ihn in deutscher Sprache an. Der Justizrath nahm an, daß sie der dänischen Zunge nicht mächtig sei, und brachte deshalb seinen Wunsch auf Deutsch vor; dies, im Verein mit seiner Kleidung, bestärkte die Frau darin, daß er ein Ausländer sei; daß er sich unwohl befinde, begriff sie bald und brachte ihm deshalb einen Krug Wasser; freilich hatte es etwas vom Seewasser, wiewohl es draußen aus dem Brunnen geschöpft war.
Der Justizrath stützte seinen Kopf auf die Hand, holte tief Athem und grübelte über alles Seltsame rings um ihn her nach.
""Ist das die heutige Nummer vom <<Tag?>>*) fragte er ganz
__________
*) Eine Abendzeitung in Kopenhagen

mechanisch, indem er sah, wie die Frau ein großes Stück Papier weglegte.
Sie verstand nicht, was er damit meinte, reichte ihm aber das Blatt; es war ein Holzschnitt, welcher eine Lufterscheinung darstellte, die in der Stadt Köln gesehen worden war.
""Das ist sehr alt!"" sagte der Justizrath und wurde durch diese Antiquität ganz heiter. ""Wie sind Sie denn zu diesem seltenen Blatte gelangt? Das ist höchst interessant, obgleich das Ganze eine Fabel ist! Man erklärt dergleichen Lufterscheinungen dadurch, daß es Nordlichter sind, die man erblickt hat; wahrscheinlich entstehen sie durch die Elektricität!""
Die, welche ihm zunächst saßen und seine Rede hörten, sahen ihn erstaunt an, und Einer von ihnen erhob sich, nahm ehrerbietig den Hut ab und sagte mit der ernsthaftesten Miene: ""Ihr seid sicher ein höchst gelehrter Mann, Monsieur!""
""O nein!"" erwiderte der Justizrath; ""ich kann nur von dem Einen und dem Andern mitsprechen, was man ja verstehen muß!""
""Modestia ist eine schöne Tugend!"" sagte der Mann. ""Uebrigens muß ich zu Eurer Rede sagen: mihi secus videtur; doch suspendire ich hier gern mein Iudicium!""
""Darf ich wohl fragen, mit wem ich das Vergnügen habe zu sprechen?"" erwiderte der Justizrath.
""Ich bin Baccalaureus der heiligen Schrift,"" sagte der Mann.
Diese Antwort war dem Justizrath genügend; der Titel entsprach hier der Tracht. Das ist sicher, dachte er, ein alter Dorfschulmeister, ein origineller Patron, wie man sie noch zuweilen oben in Jütland treffen kann.
""Hier ist zwar kein locus docendi,"" begann der Mann, ""doch bitte ich, daß Ihr Euch bemüht, zu sprechen! Ihr seid sicher in den Alten sehr belesen?""
""O ja!"" antwortete der Justizrath; ""ich lese gern alte nützliche Schriften, habe aber auch die neuern recht gern, mit Ausnahme der <<Alltagsgeschichten>>, deren wir in der Wirklichkeit genug haben!""
""Alltagsgeschichten?"" fragte unser Baccalaureus.
""Ja, ich meine die neuen Romane, die man jetzt hat.""
""O,"" lächelte der Mann; ""sie enthalten doch vielen Witz und werden bei Hofe gelesen; der König liebt besonders den Roman von Herrn Iffven und Gaudian, welcher vom König Artus und seinen Rittern der Tafelrunde handelt. Er hat mit seinen hohen Herren darüber gescherzt.""
""Ja, den hab ich noch nicht gelesen!"" sagte der Justizrath; ""das muß ein ganz neuer sein, den Heiberg herausgegeben hat!""
""Nein,"" erwiderte der Mann, ""er ist nicht bei Heiberg, sondern bei Godfred von Gehmen*) herausgekommen!""
""So, ist das der Verfasser?"" sagte der Justizrath. ""Das ist ein sehr alter Name; so hieß ja wohl der erste Buchdrucker, der in Dänemark gewesen ist?""
""Ja, das ist unser erster Buchdrucker!"" sagte der Mann.
So weit ging es ganz gut; nun sprach einer der Bürgersleute von der schweren Pestilenz, die vor ein paar Jahren grassirt hatte, und meinte die im Jahre 1484. Der Justizrath nahm an, daß es die Cholera sei, von der die Rede war; und so ging die Unterhaltung ganz gut. Der Freibeuterkrieg von 1490 lag so nahe, daß er berührt werden mußte; die englischen Freibeuter hätten Schiffe auf der Rhede genommen, sagten sie; und der Justizrath, der sich in die Begebenheiten von 1801 recht hineingelebt hatte, stimmte vortrefflich gegen die Engländer mit ein. Das übrige Gespräch hingegen ging nicht so gut; jeden Augenblick verfiel man gegenseitig
__________
*) Erster Buchdrucker und Verleger in Dänemark unter König Hans.

in den Leichenbitterstyl; der gute Baccalaureus war gar zu unwissend, und die einfachsten Aeußerungen des Justizraths klangen ihm wieder zu dreist und zu phantastisch. Sie sahen einander an, und wurde es gar zu arg, dann sprach der Baccalaureus Latein, in der Hoffnung, besser verstanden zu werden; aber es half doch nichts.
""Wie geht es Ihnen?"" fragte die Wirthin und zog den Justizrath beim Aermel. Nun kam seine Besinnung zurück; im Laufe der Unterhaltung hatte er Alles rein vergessen, was vorgegangen war.
""Mein Gott, wo bin ich?"" sagte er, und es schwindelte ihm, wie er daran dachte.
""Claret wollen wir trinken! Meth und Bremerbier!"" rief einer der Gäste. ""Und Ihr sollt mittrinken!""
Zwei Mädchen kamen herein; die eine hatte eine zweifarbige Haube*) auf. Sie schenkten ein und verneigten sich; dem Justizrath rieselte es eiskalt über den Rücken hinab.
""Was ist denn das! Was ist denn das!"" sagte er. Aber er mußte mit ihnen trinken; sie bemächtigten sich ganz artig des guten Mannes; er war höchst verzweifelt, und als der Eine sagte, daß er betrunken sei, zweifelte er durchaus nicht an des Mannes Wort, sondern bat sie nur, ihm eine Droschke zu verschaffen. Nun glaubten sie, er spräche moskowitisch.
Nie war er in so roher und gemeiner Gesellschaft gewesen. ""Man sollte glauben, das Land wäre zum Heidenthume zurückgekehrt!"" meinte er. ""Das ist der schrecklichste Augenblick in meinem Leben!"" Aber zu gleicher Zeit kam ihm der Gedanke, sich unter den Tisch hinabzubücken und dann nach der Thüre zu kriechen. Das that er auch, aber indem er beim Ausgange war, bemerkten die
__________
*) Nach König Hans' Gesetz mußten Frauenzimmer von zweideutigem Ruf solche tragen.

Andern, was er vorhatte; sie ergriffen ihn bei den Füßen, und nun gingen die Galoschen zu seinem guten Glücke ab, und - mit diesen schwand die ganze Bezauberung.
Der Justizrath sah ganz deutlich vor sich eine Laterne brennen, und hinter dieser ein großes Gebäude; Alles sah bekannt und prächtig aus. Es war die Oststraße, wie wir sie kennen; er lag mit den Beinen einer Pforte zugekehrt, und gerade gegenüber saß der Wächter und schlief.
""Du mein Schöpfer, habe ich hier auf der Straße gelegen und geträumt!"" sagte er. ""Ja, das ist die Oststraße! Wie prächtig hell und bunt! Es ist doch erschrecklich wie das Glas Punsch auf mich gewirkt haben muß!""
Zwei Minuten später saß er in einer Droschke, die mit ihm nach Christianshafen fuhr. Er gedachte der Angst und Noth, die er ausgestanden, und pries von Herzen die glückliche Wirklichkeit, unsere Zeit, die mit allen ihren Mängeln doch weit besser sei, als die, in der er vor Kurzem gewesen war.

III. Des Wächters Abenteuer

""Da liegen ja wahrlich ein Paar Galoschen!"" sagte der Wächter. ""Die gehören sicher dem Lieutenant, der dort oben wohnt. Sie liegen gerade neben der Thür!""
Gern hätte der ehrliche Mann geklingelt und sie abgeliefert, denn oben war noch Licht; aber er wollte nicht die übrigen Leute im Hause wecken, und deshalb ließ er es sein.
""Das muß recht warm sein, ein Paar solcher Dinger anzuhaben!"" sagte er. ""Sie sind so weich im Leder."" Sie paßten gut an seine Füße. ""Wie ist es doch drollig in der Welt! Nun könnte er sich in sein warmes Bett legen, doch sieh, ob er es thut! Da geht er im Zimmer auf und nieder! Das ist ein glücklicher Mensch! Er hat weder eine Frau, noch Kinder; jeden Abend ist er in Gesellschaft. O, wäre ich doch er; ja, dann wäre ich ein glücklicher Mann!""
Indem er den Wunsch aussprach, wirkten die Galoschen, die er angezogen hatte: der Wächter ging in des Lieutenants Sein und Wesen über. Da stand er oben im Zimmer und hielt ein kleines rosenrothes Papier zwischen den Fingern, worauf ein Gedicht stand, ein Gedicht des Herrn Lieutenants selbst. Denn wer hat in seinem Leben nicht einmal einen lyrischen Augenblick gehabt, und schreibt man dann den Gedanken nieder, so hat man Poesie. Hier stand geschrieben:

""O, wär' ich reich!""
""O, wär' ich reich!"" so wünscht' ich mir schon oft,
Als ich kaum ellengroß auf Viel gehofft.
O, wär' ich reich! so würd' ich Offizier,
Mit Säbel, Uniform und Bandelier.
Die Zeit kam auch, und ich ward Offizier,
Doch nun und nimmer ward ich reich, ich Armer;
Hilf mir, Erbarmer!

Einst saß ich Abends lebensfroh und jung,
Ein kleines Mädchen küßte meinen Mund,
Denn ich war reich an Märchenpoesie,
An Gold dagegen, ach! so arm wie nie -;
Das Kind nur wollte diese Poesie;
Da war ich reich, doch nicht an Gold, ich Armer;
Du weißt's, Erbarmer!

""O, wär ich reich!"" so tönt zu Gott mein Fleh'n,
Das Kind hab' ich zur Jungfrau reifen seh'n;
Sie ist so klug, so hübsch, so seelengut:
O, wüßte sie, was mir im Herzen ruht:
Das große Märchen - - wäre sie mir gut!
Doch bin zum Schweigen ich verdammt, ich Armer
Du willst's, Erbarmer!

O, wär' ich reich an Trost und Ruhe hier,
Dann käme all' mein Leid nicht auf's Papier.
Verstehst Du mich, Du, der ich mich geweiht:
So lies dies Blatt aus meiner Jugendzeit,
Ein dunkles Märchen, dunkler Nacht geweiht.
Nur finstre Zukunft seh' ich; ach, ich Armer!
Dich segne der Erbarmer!

Ja, solche Gedichte schreibt man, wenn man verliebt ist, aber ein besonnener Mann läßt sie nicht drucken. Lieutenant, Liebe, Mangel: das ist ein Dreieck oder ebenso gut die Hälfte des zerbrochenen Würfels des Glücks. Das fühlte der Lieutenant recht lebendig, und deshalb legte er das Haupt an die Fensterrahmen und seufzte ganz tief.
""Der arme Wächter draußen auf der Straße ist weit glücklicher, als ich! Er kennt nicht, was ich Mangel nenne! Er hat eine Heimath, Frau und Kinder, die bei seiner Trauer weinen, sich bei seiner Lust freuen! O, ich wäre glücklicher als ich bin, könnte ich in sein Wesen und Sein übergehen, mit seinen Forderungen und Hoffnungen durch das Leben wandeln! Ja, er ist glücklicher als ich!""
In demselben Augenblick war der Wächter wieder Wächter, denn durch die Galoschen des Glücks war er in das Wesen und Sein des Lieutenants übergegangen; aber da, wie wir sehen, fühlte er sich noch weit weniger zufrieden und zog gerade Das vor, was er vor Kurzem verworfen hatte. Also der Wächter war wieder Wächter.
""Das war ein häßlicher Traum,"" sagte er, ""aber drollig genug. Es war mir, als ob ich der Lieutenant dort oben sei, und das war durchaus kein Vergnügen. Ich entbehre die Frau und die Buben, die bereit sind, mich halb todt zu küssen!""
Er saß wieder und nickte; der Traum wollte ihm nicht recht aus den Gedanken; die Galoschen hatte er noch an den Füßen. Eine Sternschnuppe glitt über den Himmel.
""Da ging Die!"" sagte er. ""Dessenungeachtet sind dort genug! Ich hätte wohl Lust, die Dinger etwas näher zu betrachten, besonders den Mond, denn der kommt Einem doch nicht unter den Händen fort. Wenn wir sterben, sagte der Student, für den meine Frau wäscht, fliegen wir von dem Einen zu dem Andern. Das ist eine Lüge, würde aber recht hübsch sein. Könnte ich doch einen kleinen Sprung da hinauf machen, dann möchte der Körper gern hier auf der Treppe liegen bleiben!""
Es gibt nun gewisse Dinge in der Welt, die man auszusprechen sehr vorsichtig sein muß; aber doppelt vorsichtig sein muß, wenn man die Galoschen des Glücks an den Füßen hat. Höre nur, wie es dem Wächter erging.
Was uns betrifft, so kennen wir fast Alle die Schnelligkeit der Dampfbeförderung; wir haben sie entweder auf Eisenbahnen oder mit Schiffen über das Meer hin erprobt. Doch dieser Flug ist wie die Wanderung des Faulthiers oder der Marsch der Schnecke im Verhältniß zu der Schnelligkeit, die das Licht hat. Das fliegt neunzehn Millionen Mal schneller als der beste Wettrenner, und doch ist die Elektricität noch schneller. Der Tod ist ein elektrischer Stoß, den wir in das Herz erhalten; auf den Flügeln der Elektricität fliegt die befreite Seele. Acht Minuten und wenige Secunden gebraucht das Sonnenlicht zu einer Reise von mehr als zwanzig Millionen Meilen; mit der Schnellpost der Elektricität bedarf die Seele noch weniger Minuten, um denselben Flug zu vollbringen. Der Raum zwischen den Weltkörpern ist für sie nicht größer, als es für uns in einer und derselben Stadt die Entfernungen zwischen den Häusern unserer Freunde sind, selbst wenn diese ziemlich nahe bei einander liegen. Inzwischen kostet dieser elektrische Herzensstoß uns den Gebrauch des Körpers hienieden, im Fall wir nicht gerade, wie der Wächter, die Galoschen des Glücks anhaben.
In wenigen Secunden hatte der Wächter die 52000 Meilen bis zum Monde zurückgelegt, welcher, wie man weiß, von einem weit leichtern Stoff, als unsere Erde, geschaffen und weich wie frisch gefallener Schnee ist, wie wir sagen würden. Er befand sich auf einem der unzähligen Ringgebirge, die wir aus Dr. Mädler's großer Karte des Mondes kennen. Innerhalb ging es in einen Kessel, ungefähr eine halbe Meile senkrecht hinab. Dort unten lag eine Stadt, von deren Ansehen wir nur einen Begriff bekommen können, wenn wir Eiweiß in ein Glas Wasser ausschlagen; die Materie hier war ebenso weich und bildete ähnliche Thürme mit Kuppeln und segelförmigen Altanen, durchsichtig und in der dünnen Luft schwimmend. Unsere Erde schwebte wie eine große dunkelrothe Kugel über seinem Kopfe.
Er wurde gleich eine Menge Geschöpfe gewahr, die sicherlich das waren, was wir ""Menschen"" nennen; aber sie sahen ganz anders aus als wir. Eine weit reichere Phantasie, als die Pseudo-Herschel's, hatte sie geschaffen. Würden sie in Reihe und Glied aufgestellt und so abgemalt, so würde man sagen: Das ist eine schöne Arabeske! Sie hatten auch eine Sprache; aber es kann ja Niemand verlangen, daß die Seele des Wächters die verstehen sollte. Dessenungeachtet konnte sie es, denn unsere Seele hat weit größere Fähigkeiten, als wir glauben. Zeigt sie uns nicht in unsern Träumen ihr erstaunliches dramatisches Talent? Ein jeder Bekannter tritt da sprechend auf, so völlig im Charakter und mit demselben Organ, in einem Grade, daß Niemand von uns wachend es nachahmen kann. Wie weiß sie nicht uns Personen zurückzurufen, an die wir in vielen Jahren nicht gedacht haben; plötzlich treten sie in unserer Seele so lebendig, bis auf die feinsten Züge, hervor. Im Grunde sieht es mit unserm Seelengedächtniß ängstlich aus; jede Sünde, jeden bösen Gedanken wird sie ja wiederholen können; dann wird es darauf ankommen, ob wir Rechenschaft von jedem ungebührlichen Worte im Herzen und auf der Lippe werden zu geben im Stande sein.
Die Seele des Wächters verstand demgemäß die Sprache der Mondbewohner sehr gut. Sie disputirten über unsere Erde und bezweifelten, daß sie bewohnt sein könne; die Luft müßte dort zu dick sein, als daß ein vernünftiges Mondgeschöpf darin leben könnte. Sie hielten den Mond allein für bewohnt; er sei der eigentliche Weltkörper, wo die alten Weltbewohner lebten.
Sie sprachen auch von Politik; doch wir begeben uns nach der Oststraße hinab, und sehen da, wie es dem Körper des Wächters ergeht.
Leblos saß er auf der Treppe; der Morgenstern war ihm aus der Hand gefallen und die Augen blickten zum Monde empor, auf dem die ehrliche Seele herumwandelte.
""Was ist die Uhr, Wächter?"" fragte ein Vorübergehender. Wer aber nicht antwortete, das war der Wächter. Da knipste der Mann ihn ganz sacht an die Nase, und nun verlor er das Gleichgewicht. Da lag der Körper, so lang er war: der Mensch war todt. Alle seine Kameraden erschraken sehr; todt war und blieb er; es wurde gemeldet und es wurde besprochen, und in der Morgenstunde trug man den Körper nach dem Hospitale hinaus.
Das konnte nun einen ganz hübschen Spaß für die Seele abgeben, im Falle sie zurückkehrte und aller Wahrscheinlichkeit nach den Körper auf der Oststraße suchen, aber nicht finden würde. Wahrscheinlich würde sie dann erst auf die Polizei, später nach dem Adreßcomptoir laufen, damit von dort aus Nachfrage unter den weggekommenen Sachen darüber angestellt werden könnte, und dann nach dem Hospitale hinauswandern. Doch wir können uns damit trösten, daß die Seele am klügsten ist, wenn sie auf ihre eigene Hand agirt: nur der Körper macht sie dumm.
Wie gesagt, des Wächters Körper kam nach dem Hospitale, wurde dort in die Reinigungsstube gebracht, und das Erste, was man hier that, war natürlicherweise, daß man die Galoschen abnahm, und da mußte die Seele zurück. Sie nahm sogleich die Richtung gerade nach dem Körper zu, und ein paar Secunden darauf war wieder Leben im Manne. Er versicherte, daß es die schrecklichste Nacht seines Lebens gewesen wäre; nicht für acht Groschen wolle er solche Empfindungen wieder haben; aber nun war es ja überstanden.
An demselben Tage wurde er wieder entlassen, aber die Galoschen blieben in dem Hospital.

IV. Ein Hauptmoment. Eine höchst ungewöhnliche Reise

Ein jeder Kopenhagener weiß, wie der Eingang zum Friedrichshospital in Kopenhagen aussieht, aber da wahrscheinlich auch einige Nichtkopenhagener diese kleine Schrift lesen, müssen wir eine kurze Beschreibung davon geben.
Das Hospital ist von der Straße durch ein ziemlich hohes Gitter geschieden, in welchem die dicken Eisenstäbe so weit von einander abstehen, daß, wie man erzählt, sich sehr dünne famuli hindurchgeklemmt und so ihre kleinen Besuche außerhalb abgestattet haben sollen. Der Theil des Körpers, der am schwierigsten hinauszubringen, war der Kopf; hier, wie oft in der Welt, waren also die kleinen Köpfe die glücklichsten. Dieses wird als Einleitung genug sein.
Einer der jungen Volontaire, von dem man nur in körperlicher Hinsicht sagen konnte, daß er einen großen Kopf habe, hatte gerade die Wache an diesem Abend; der Regen strömte herab; doch ungeachtet dieser beiden Hindernisse mußte er hinaus. Nur eine Viertelstunde: das war ja nichts, was dem Pförtner zu vertrauen nöthig sei, meinte er, wenn man durch die Eisenstangen schlüpfen könne. Da lagen die Galoschen, die der Wächter vergessen hatte; es fiel ihm nicht im mindesten ein, daß es die des Glücks seien; sie konnten in diesem Wetter recht gute Dienste leisten; er zog sie an. Nun kam es darauf an, ob er sich würde durchklemmen können; er hatte es bisher nie versucht. Da stand er nun.
""Wollte Gott, ich hätte den Kopf draußen!"" sagte er, und sofort, obgleich derselbe sehr dick und groß war, glitt er leicht und glücklich hindurch. Das mußten die Galoschen verstehen; aber nun sollte der Körper mit hinaus; das ging nicht.
""Ich bin zu dick!"" sagte er. ""Der Kopf, dachte ich, sei das Schlimmste! Ich komme nicht hindurch.""
Nun wollte er rasch den Kopf zurückziehen, aber das ging auch nicht. Den Hals konnte er bequem bewegen, aber das war auch Alles. Das erste Gefühl war, daß er ärgerlich wurde, das zweite, daß seine Laune unter Null sank. Die Galoschen des Glücks hatten ihn in diese schreckliche Lage gebracht, und unglücklicherweise fiel es ihm nicht ein, sich frei zu wünschen. Nein, statt zu wünschen, handelte er nur und kam nicht von der Stelle. Der Regen strömte herab; nicht Ein Mensch war auf der Straße zu erblicken; die Pfortenklingel konnte er nicht erreichen: wie sollte er nur loskommen? Er sah voraus, daß er hier bis zur Morgenstunde stehen könne; dann mußte man nach einem Schlosser senden, damit die Eisenstäbe zerfeilt würden. Aber das geht nicht so geschwind; die ganze Armenschule gerade gegenüber würde auf die Beine kommen; das ganze angrenzende Matrosenviertel anlangen, um ihn am Pranger zu sehen, das würde einen Zulauf geben! ""Hui! das Blut steigt mir zu Kopfe, sodaß ich wahnsinnig werden muß! - Ja, ich werde verrückt! O, wäre ich doch wieder los, dann ginge es wohl vorüber!""
Das hätte er etwas eher sagen sollen. Augenblicklich, sowie der Gedanke ausgesprochen war, hatte er den Kopf los und stürzte nun hinein, ganz verwirrt über den Schreck, den ihm die Galoschen des Glücks eingejagt hatten.
Hiermit dürfen wir nicht glauben, daß das Ganze vorbei war; nein, es wird noch ärger.
Die Nacht verstrich und der folgende Tag mit; es wurde nicht nach den Galoschen geschickt.
Am Abend sollte eine deklamatorische Vorstellung auf einem Liebhabertheater in einer entlegenen Straße gegeben werden. Das Haus war gepfropft voll; unter den Zuschauern befand sich der Volontair aus dem Hospitale, der sein Abenteuer der vorhergehenden Nacht vergessen zu haben schien. Die Galoschen hatte er an, denn sie waren nicht abgeholt worden, und da es auf der Straße schmutzig war, konnten sie ihm ja gute Dienste leisten. Ein neues Gedicht: ""Die Brille der Muhme,"" wurde recitirt; das war eine Brille, wenn man die aufhatte und vor einer großen Versammlung von Menschen saß, so sahen die Menschen wie Karten aus, und man konnte aus ihnen Alles, was im kommenden Jahre geschehen würde, prophezeien.
Die Idee beschäftigte ihn; er hätte wohl eine solche Brille haben mögen. Wenn man sie richtig gebrauchte, könnte man vielleicht den Leuten gerade in die Herzen hineinschauen; das wäre eigentlich noch interessanter, meinte er, als zu sehen, was im nächsten Jahre geschehen würde, denn das erführe man doch, das Andere dagegen nie. ""Ich denke mir nun die ganze Reihe von Herren und Damen auf der ersten Bank: könnte man ihnen gerade in das Herz sehen - ja, da müßte so eine Oeffnung eine Art von Laden sein - wie sollten meine Augen im Laden herumschweifen!
Bei jener Dame dort würde ich sicher einen großen Modehandel finden; bei dieser da ist der Laden leer, doch würde es ihm nicht schaden, gereinigt zu werden. Doch würden auch solide Läden da sein? Ach ja!"" seufzte er. ""Ich kenne einen, in dem ist Alles solide, aber es ist schon ein Diener darin: das ist das einzige Uebel im ganzen Laden! Aus dem einen und dem andern würde es schallen: Treten Sie gefälligst näher! Ja, könnte ich nur wie ein kleiner, niedlicher Gedanke hineintreten und durch die Herzen schlüpfen!""
Das war das Stichwort für die Galoschen; der ganze Volontair schrumpfte zusammen, und eine höchst ungewöhnliche Reise begann mitten durch die Herzen der vordersten Reihe der Zuschauer. Das erste Herz, durch welches er kam, war das einer Dame; doch glaubte er augenblicklich, im orthopädischen Institute, in dem Zimmer zu sein, wo die Gypsabgüsse der verwachsenen Glieder an den Wänden hängen: nur war hier der Unterschied der, daß sie im Institut geformt werden, wenn der Patient hineinkommt, aber hier im Herzen waren sie geformt und aufbewahrt, nachdem die guten Personen hinausgegangen waren. Es waren Abgüsse von Freundinnen, deren körperliche und geistige Fehler hier aufbewahrt wurden.
Schnell war er in einem andern weiblichen Herzen. Allein dieses erschien ihm wie eine große heilige Kirche; die weiße Taube der Unschuld flatterte über dem Hochaltar. Wie gern wäre er nicht auf die Knie niedergesunken; aber fort mußte er in das nächste Herz hinein. Doch hörte er noch die Orgeltöne, und er selbst kam sich vor, als wäre er ein neuer und besserer Mensch geworden. Er fühlte sich nicht unwürdig, das nächste Heiligthum zu betreten, welches ihm eine ärmliche Dachkammer mit einer kranken Mutter zeigte. Aber durch das offene Fenster strahlte Gottes warme Sonne, herrliche Rosen nickten von dem kleinen Holzkasten auf dem Dache, und zwei himmelblaue Vögel sangen von kindlicher Freude, während die kranke Mutter um Segen für die Tochter flehte.
Nun kroch er auf Händen und Füßen durch einen überfüllten Schlächterladen; da war Fleisch und nur Fleisch, worauf er stieß. Das war das Herz in einem reichen, respectabeln Manne, dessen Name sicher im Adreßbuche steht.
Nun war er in dem Herzen der Gemahlin desselben: das war ein alter, verfallener Taubenschlag. Das Portrait des Mannes wurde als Wettersahne benutzt; diese stand in Verbindung mit den Thüren, und so gingen dieselben auf und zu, sowie sich der Mann drehte.
Darauf kam er in ein Spiegelkabinet, gleich dem, welches wir auf dem Rosenburger Schlosse haben. Aber die Spiegel vergrößerten in einem unglaublichen Grade. Mitten auf dem Fußboden saß, wie ein Dalai-Lama, das unbedeutende Ich der Person, erstaunt, seine eigene Größe zu betrachten.
Hierauf glaubte er sich in eine enge Nadelbüchse voller spitzer Nadeln versetzt zu sehen; er mußte denken: ""Das ist sicher das Herz einer alten unverheiratheten Jungfrau!"" Aber das war nicht der Fall; es war ein ganz junger Militair mit mehreren Orden, von dem man gerade sagte: Ein Mann von Geist und Herz.
Ganz betäubt kam der arme Volontair aus dem letzten Herzen in der Reihe; er vermochte seine Gedanken nicht zu ordnen, sondern meinte, daß es seine allzu starke Phantasie sei, die mit ihm durchgegangen wäre.
""Mein Gott!"" seufzte er; ""ich habe gewiß Anlage, verrückt zu werden! Hier drinnen ist es auch unverzeihlich heiß; das Blut steigt mir zu Kopfe!"" Und nun erinnerte er sich der großen Begebenheit des vorhergehenden Abends, wie sein Kopf zwischen den Eisenstäben des Hospitals festgesessen hatte. ""Da habe ich es gewiß bekommen!"" meinte er. ""Ich muß bei Zeiten etwas thun. Ein russisches Bad könnte recht gut sein. Läge ich nur erst auf dem höchsten Brette!""
Und da lag er auf dem obersten Brette im Dampfbade; aber er lag da mit allen Kleidern, mit Stiefeln und Galoschen; die heißen Wassertropfen von der Decke fielen ihm in das Antlitz.
""Hui!"" schrie er und fuhr herab, um ein Sturzbad zu nehmen. Der Aufwärter stieß auch einen lauten Schrei aus, wie er den angekleideten Menschen darin erblickte.
Der Volontair hatte indeß so viel Fassung, daß er ihm zuflüsterte: ""Es gilt eine Wette!"" Aber das Erste, was er that, als er sein eigenes Zimmer erreichte, war, daß er sich ein großes spanisches Fliegenpflaster in den Nacken und eins den Rücken hinab legte, damit die Verrücktheit hinausziehen könne.
Am nächsten Morgen hatte er einen blutigen Rücken: das war es, was er durch die Galoschen des Glücks gewonnen hatte.

V. Die Verwandlung des Copisten

Der Wächter, den wir sicher noch nicht vergessen haben, gedachte inzwischen der Galoschen, die er gefunden und mit nach dem Hospital hinausgebracht hatte. Er holte sie ab, aber da weder der Lieutenant noch sonst Jemand in der Straße sie als die seinigen anerkennen wollte, wurden sie auf die Polizei abgeliefert.
""Es sieht aus, als wären es meine eigenen Galoschen,"" sagte einer der Herren Copisten, indem er das Findelgut betrachtete und an die Seite der seinigen stellte. ""Es gehört mehr als ein Schuhmacherauge dazu, um sie von einander unterscheiden zu können!""
""Herr Copist!"" sagte ein Bedienter, der mit einigen Papieren hereintrat.
Der Copist wendete sich um und sprach mit dem Manne; nachdem dies aber geschehen war und er wieder die Galoschen ansah, war er in großer Ungewißheit darüber, ob es die zur Linken oder die zur Rechten wären, die ihm gehörten.
""Es müssen die sein, die naß sind!"" dachte er. Allein das war gerade verkehrt gedacht, denn das waren die des Glücks; aber weshalb sollte nicht auch die Polizei fehlen können? Er zog sie an, steckte seine Papiere in die Tasche und nahm einige Manuscripte unter den Arm (zu Hause sollten sie durchgelesen und Concepte davon genommen werden); aber nun war es gerade Sonntag Vormittag und das Wetter gut. ""Eine Tour nach Friedrichsberg könnte mir wohlthun,"" dachte er; und so ging er da hinaus.
Es konnte keinen stillern und solidern Menschen geben, als diesen jungen Mann. Wir gönnen ihm den kleinen Spaziergang von ganzem Herzen; er wird nach dem vielen Sitzen sicher recht wohlthuend auf ihn wirken. Anfangs ging er nur wie ein vegetirender Mensch; deshalb hatten die Galoschen keine Gelegenheit, ihre Zauberkraft zu bethätigen.
In der Allee begegnete er einem Bekannten, einem unserer jüngern Dichter, der ihm erzählte, daß er am folgenden Tage seine Sommerreise beginnen würde.
""Wollen Sie schon wieder fort?"" sagte der Copist. ""Sie sind doch ein glücklicher, freier Mensch. Sie können fliegen, wohin Sie wollen; wir Andern haben eine Kette am Fuß!""
""Aber sie ist an den Brodbaum befestigt!"" erwiderte der Dichter. ""Sie brauchen nicht für den morgenden Tag zu sorgen, und werden Sie alt, so bekommen Sie Pension!""
""Sie haben es doch am besten,"" sagte der Copist. ""Es ist ja ein Vergnügen, zu sitzen und zu dichten. Die ganze Welt sagt Ihnen Angenehmes, und dann sind Sie Ihr eigener Herr! Ja, Sie sollten es nur probiren, im Gericht bei den trivialen Sachen zu kauzen!""

Der Dichter schüttelte den Kopf; der Copist schüttelte auch den Kopf; jeder blieb bei seiner Meinung und dann trennten sie sich.
""Es ist ein eigenes Volk, diese Poeten!"" dachte der Copist. ""Ich möchte wohl probiren, in eine solche Natur einzugehen, selbst ein Poet zu werden; ich bin gewiß, daß ich nicht solche Klageverse schreiben würde, wie die Andern! - - Das ist ein rechter Frühlingstag für einen Dichter! Die Luft ist so ungewöhnlich klar, die Wolken sind so schön und das Grüne duftet so prächtig! Ja, in vielen Jahren habe ich es nicht so gefühlt, wie in diesem Augenblick.""
Wir bemerken schon, daß er ein Dichter geworden ist. Dies anzudeuten würde in den meisten Fällen, wie der Deutsche sagt, ""abgeschmackt"" sein; es ist eine thörichte Vorstellung, sich einen Dichter anders als andere Menschen zu denken; es können unter diesen weit poetischere Naturen sein, als manche anerkannte Dichter es sind. Der Unterschied ist nur der, daß der Dichter ein besseres geistiges Gedächtniß hat: er kann die Idee und das Gefühl festhalten, bis sie klar und deutlich durch das Wort verkörpert sind; das können die Andern nicht. Aber der Uebergang von einer Alltagsnatur zu einer begabten ist immer ein Uebergang, und so muß er bei dem Copisten in das Auge fallen.
""Der herrliche Duft!"" sagte er. ""Wie erinnert er mich an die Veilchen bei der Tante Lone! Ja, das war, als ich ein kleiner Knabe war. Mein Gott, daran habe ich seit langer Zeit nicht gedacht! Das gute, alte Mädchen! Sie wohnt dort hinter der Börse. Immer hatte sie einen Zweig oder ein paar grüne Schößlinge im Wasser, der Winter mochte so streng sein, wie er wollte. Die Veilchen dufteten, während ich die erwärmten Kupferschillinge gegen die gefrorene Fensterscheibe legte und Gucklöcher machte. Das war eine hübsche Perspective. Draußen im Kanale lagen die Schiffe eingefroren und von der ganzen Mannschaft verlassen, eine schreiende Krähe bildete die einzige Bemannung. Wenn dann die Frühlingslüfte wehten, da wurde es lebendig; unter Gesang und Hurrahruf sägte man das Eis entzwei; die Schiffe wurden getheert und getakelt; dann fuhren sie nach fremden Landen. Ich bin hier geblieben und muß immer bleiben, immer auf der Polizei sitzen und die Andern Pässe zu Reisen nach dem Auslande nehmen sehen. Das ist mein Loos! O ja!"" seufzte er tief. Dann hielt er plötzlich inne. ""Mein Gott, wie ist mir denn! So habe ich früher nie gedacht oder gefühlt: das muß die Frühlingsluft sein, das ist ebenso ängstlich wie angenehm!"" Er griff in die Tasche nach seinen Papieren. ""Diese geben mir etwas Anderes zu denken!"" sagte er und ließ die Augen über das erste Blatt hingleiten. <<Frau Sigbrith, Originaltragödie in fünf Akten>>, las er. ""Was ist das? Und das ist ja meine eigene Hand. Habe ich diese Tragödie geschrieben?"" <<Die Intrigue auf dem Walle oder der Bußtag, Vaudeville.>> - ""Aber wo habe ich das herbekommen? Man muß mir das in die Tasche gesteckt haben; hier ist ein Brief."" Ja, der war von der Theaterdirection; die Stücke waren verworfen und der Brief war durchaus nicht höflich abgefaßt. ""Hm! hm!"" sagte der Copist und setzte sich auf eine Bank nieder; seine Gedanken waren so elastisch, sein Herz so weich. Unwillkührlich ergriff er eine der nächsten Blumen; es war eine gewöhnliche kleine Gänseblume. Was uns die Botaniker erst durch manche Vorlesungen sagen, verkündet sie in einer Minute. Sie erzählte die Mythe von ihrer Geburt; sie erzählte von der Kraft des Sonnenlichtes, welches die feinen Blätter ausspannte und sie zum Duften zwang. Da gedachte er der Kämpfe des Lebens, die gleichfalls Gefühle in unserer Brust erwecken. Luft und Licht sind Liebhaber der Blume, aber das Licht ist der Begünstigte. Nach dem Licht wendet sie sich; verschwand dieses, so rollte sie ihre Blätter zusammen und schlief in der Umarmung der Luft ein. ""Das Licht ist es, was mich schmückt!"" sagte die Blume. ""Aber die Luft läßt Dich athmen!"" flüsterte die Dichterstimme.
Dicht dabei stand ein Knabe und schlug mit seinem Stocke in einen morastigen Graben; die Wassertropfen spritzten zwischen den grünen Zweigen hinauf, und der Copist gedachte der Millionen Infusionsthierchen, die in dem Tropfen in die Höhe geschleudert wurden, was nach ihrer Größe für sie ebenso war, als es für uns sein würde, bis hoch über die Wolkenregion emporgewirbelt zu werden. Indem der Copist daran dachte und an die ganze Veränderung, die mit ihm vorgegangen war, lächelte er. ""Ich schlafe und träume! Merkwürdig ist es gleichwohl, wie natürlich man träumen und doch wissen kann, daß es nur ein Traum ist. Möchte ich mich doch morgen seiner entsinnen können, wenn ich erwache. Ich scheine ganz ungewöhnlich aufgelegt zu sein! Ich habe eine klare Anschauung von Allem, fühle mich so aufgeweckt; aber ich bin sicher, daß, wenn ich morgen etwas davon behalten habe, es dummes Zeug ist: das ist mir schon sonst begegnet! Es geht mit allem Klugen und Prächtigen, was man im Traume sagt und hört, wie mit dem Gelde der Unterirdischen: indem man es erhält, ist es reich und herrlich, aber bei Tage besehen, sind es nur Steine und vertrocknete Blätter. Ach!"" seufzte er ganz wehmüthig und betrachtete die singenden Vögel, die fröhlich von Zweig zu Zweig sprangen. ""Die haben es weit besser, als ich! Fliegen, das ist eine herrliche Kunst! Glücklich Der, welcher damit geboren ist! Ja, könnte ich mich in etwas verwandeln, dann sollte es in eine solche kleine Lerche sein!""
In demselben Augenblicke flogen Rockschöße und Aermel in Flügel zusammen, die Kleider wurden zu Federn und die Galoschen zu Klauen; er bemerkte es ganz wohl und lachte innerlich: ""So, nun kann ich doch sehen, daß ich träume! Aber so närrisch habe ich es früher nie gethan!"" Und er flog in die grünen Zweige hinauf und sang; aber es war keine Poesie im Gesange, denn die Dichternatur war fort. Die Galoschen konnten, wie Jeder, der etwas gründlich thun will, nur Eine Sache auf einmal besorgen. Er wollte Dichter sein: das wurde er. Nun wollte er ein kleiner Vogel sein, und indem er dies wurde, hörte die vorige Eigenthümlichkeit auf.
""Das ist allerliebst!"" sagte er. ""Bei Tage sitze ich auf der Polizei unter den solidesten Actenstücken; Nachts kann ich träumen, als Lerche im Friedrichsberger Garten zu fliegen. Es könnte wahrlich eine ganze Volkskomödie davon geschrieben werden!""
Nun flog er in das Gras nieder, drehte den Kopf nach allen Seiten herum und schlug mit dem Schnabel auf die geschmeidigen Grashalme, die, im Verhältniß zu seiner gegenwärtigen Größe, ihm so lang wie die Palmzweige Nordafrikas erschienen.
Es war nur einen Augenblick so, dann wurde es kohlschwarze Nacht um ihn. Ein, wie es ihm erschien, ungeheurer Gegenstand wurde über ihn hingeworfen: es war eine große Mütze, welche ein Matrosenknabe über den Vogel warf. Eine Hand kam herein und ergriff den Copisten um Rücken und Flügel, sodaß er pfiff. Im ersten Schreck rief er laut: ""Du unverschämter Balg! Ich bin Copist auf der Polizei!"" Aber das klang dem Knaben wie ein Piep-piep! Er schlug den Vogel auf den Schnabel und wanderte davon.
In der Allee begegnete er zwei Schulknaben der gebildeten Classe, das heißt, gesellschaftlich betrachtet; als Geister waren sie in der niedrigsten Classe der Schule; diese kauften den Vogel für acht Schillinge, und so kam der Copist nach Kopenhagen zurück.
""Es ist gut, daß ich träume,"" sagte der Copist, ""sonst würde ich wahrlich böse! Zuerst war ich Poet, nun bin ich eine Lerche! Ja, das war sicher die Poetennatur, die mich in das kleine Thier verwandelte! Es ist doch eine jämmerliche Geschichte, besonders wenn man Knaben in die Hände fällt. Ich möchte wohl wissen, wie das abläuft!""
Die Knaben brachten ihn in eine höchst elegante Stube hinein; eine dicke, lächelnde Dame empfing sie. Aber sie war durchaus nicht darüber erfreut, daß der gemeine Feldvogel, wie sie die Lerche nannte, mit hereinkam. Nur für heute wollte sie es sich gefallen lassen, doch mußten sie den Vogel in den leeren Käfig setzen, der am Fenster stand. ""Das wird vielleicht dem Papchen Freude machen!"" fügte sie hinzu und lachte einen großen grünen Papagei an, der sich vornehm in seinem Ring in dem prächtigen Messingkäfig schaukelte. ""Es ist Papchens Geburtstag!"" sagte sie einfältiglich; ""deshalb will der kleine Feldvogel gratuliren!""
Papchen erwiderte nicht ein einziges Wort, sondern schaukelte vornehm hin und her; dagegen fing ein hübscher Kanarienvogel, der im letzten Sommer aus seinem warmen, duftenden Vaterlande hierher gebracht war, laut zu singen an.
""Schreihals!"" sagte die Dame und warf ein weißes Taschentuch über den Käfig.
""Piep-piep!"" seufzte er. ""Das ist ein erschreckliches Schneewetter!"" Und mit diesem Seufzer schwieg er.
Der Copist oder, wie die Dame sagte, der Feldvogel kam in einen kleinen Käfig, dicht neben dem Kanarienvogel, nicht weit vom Papagei. Die einzige menschliche Tirade, welche Papchen plaudern konnte und die oft recht komisch klang, war die: ""Nein, laßt uns nun Menschen sein!"" Alles Uebrige, was er schrie, war ebenso unverständlich, wie das Zwitschern des Kanarienvogels, nur nicht für den Copisten, der nun selbst ein Vogel war; er verstand seine Kameraden sehr gut.
""Ich flog unter der grünen Palme und dem blühenden Mandelbaume!"" sang der Kanarienvogel. ""Ich flog mit meinen Brüdern und Schwestern über die prächtigen Blumen und über den spiegelklaren See hin, wo die Pflanzen sich auf dem Boden wiegten. Ich erblickte auch viele schöne Papageien, welche die lustigsten Geschichten erzählten, so viele und so lange!""
""Das waren wilde Vögel,"" erwiderte der Papagei; ""die besaßen keine Bildung. Nein, laßt uns nun Menschen sein! - Weshalb lachst Du nicht? Wenn die Dame und alle Fremden darüber lachen können, so kannst Du es auch. Es ist ein großer Fehler, das Ergötzliche nicht goutiren zu können. Nein, laßt uns nun Menschen sein!""
""O, entsinnst Du Dich der hübschen Mädchen, die unter dem ausgespannten Zelte bei den blühenden Bäumen tanzten? Entsinnst Du Dich der süßen Früchte und des kühlenden Saftes in den wildwachsenden Kräutern?""
""O ja,"" sagte der Papagei; ""aber hier habe ich es weit besser! Ich habe gutes Essen und eine feine Behandlung; ich weiß, ich bin ein guter Kopf, und mehr verlange ich nicht. Laßt uns nun Menschen sein! Du bist eine Dichterseele, wie die es nennen. Ich habe gründliche Kenntnisse und Witz; Du hast Genie, aber keine Besonnenheit; Du steigst in diese hohen Naturtöne hinauf, und deshalb wirst Du zugedeckt. Das bietet man mir nicht; nein, denn ich habe ihnen etwas mehr gekostet! Ich imponire mit meinem Schnabel und kann mit ""Witz"" um mich werfen. Nein, laßt uns nun Menschen sein!""
""O mein warmes, blühendes Vaterland!"" sang der Kanarienvogel; ""ich will Deine dunkelgrünen Bäume und Deine stillen Meerbusen besingen, wo die Zweige die klare Wasserfläche küssen; singen von dem Jubel aller meiner schimmernden Brüder und Schwestern, wo ""der Wüste Quellenpflanzen""*) wachsen!""
""Laß doch nur diese elegischen Töne!"" sagte der Papagei. ""Singe etwas, worüber man lachen kann! Gelächter ist das Zeichen des höchsten geistigen Standpunktes. Sieh, ob ein Hund oder ein Pferd lacht! Nein, weinen können sie, aber lachen - das ist allein dem Menschen gegeben. Ho, ho, ho!"" lachte das
__________
*) Cactus.

Papchen und fügte seinen Witz: ""Laßt uns nun Menschen sein!"" hinzu.

""Du kleiner, grauer, dänischer Vogel,"" sagte der Kanarienvogel, ""Du bist auch Gefangener geworden! Es ist sicher kalt in Deinen Wäldern, aber da ist doch Freiheit. Fliege hinaus! Man hat vergessen, Deinen Käfig zu schließen; das oberste Fenster steht auf. Fliege, fliege!""
Instinctmäßig gehorchte der Copist und war aus dem Käfig; in demselben Augenblicke knarrte die halb geöffnete Thür zum nächsten Zimmer, und geschmeidig, mit grünen, funkelnden Augen, schlich sich die Hauskatze herein und machte Jagd auf ihn. Der Kanarienvogel flatterte im Käfig, der Papagei schlug mit den Flügeln und rief: ""Laßt uns nun Menschen sein!"" Der Copist fühlte den tödtlichsten Schreck und flog durch das Fenster, über die Häuser und Straßen davon; zuletzt mußte er etwas ausruhen.
Das gegenüberliegende Haus hatte etwas Heimisches. Ein Fenster stand auf; er flog hinein; es war sein eigenes Zimmer; er setzte sich auf den Tisch.
""Laßt uns nun Menschen sein!"" sprach er unwillkürlich dem Papagei nach, und in demselben Augenblick war er der Copist; aber er saß auf dem Tische.
""Gott bewahre mich!"" sagte er. ""Wie bin ich hier herauf gekommen und so in Schlaf verfallen! Das war auch ein unruhiger Traum, den ich hatte. Dummes Zeug war doch die ganze Geschichte.""

VI. Das Beste, was die Galoschen brachten

Am darauffolgenden Tage, in der frühen Morgenstunde, als der Copist noch im Bette lag, klopfte es an seine Thür; es war sein Nachbar in derselben Etage, ein junger Theolog, er trat herein.
""Leihe mir Deine Galoschen,"" sagte er; ""es ist so naß im Garten, aber die Sonne scheint herrlich: ich möchte wohl eine Pfeife dort unten rauchen.""
Die Galoschen zog er an und bald war er unten im Garten, welcher einen Pflaumen- und einen Apfelbaum enthielt. Selbst ein so kleiner Garten, wie dieser, gilt im Innern der Städte für eine große Herrlichkeit.
Der Theolog wanderte im Gange auf und nieder; die Uhr war erst sechs; draußen auf der Straße ertönte ein Posthorn.
""O, Reisen! Reisen!"" rief er aus; ""das ist doch das größte Glück in der Welt! Das ist meiner Wünsche höchstes Ziel! Da würde diese Unruhe, die ich fühle, gestillt werden. Aber weit fort müßte es sein! Ich möchte die herrliche Schweiz sehen, Italien bereisen und -""
Ja, gut war es, daß die Galoschen sogleich wirkten, sonst wäre er gar zu weit herumgekommen, sowohl für sich selbst, wie für uns Andere. Er reiste. Er war mitten in der Schweiz, aber mit acht Andern in das Innere einer Diligence gepackt. Er hatte Kopfschmerzen, fühlte sich müde im Nacken, und das Blut war ihm in die Füße hinabgesunken, die angeschwollen waren und von den Stiefeln gedrückt wurden. Er schwebte in einem Zustande zwischen Schlafen und Wachen. In seiner Tasche zur Rechten hatte er das Accreditiv, in seiner Tasche zur Linken den Paß und in einem kleinen Lederbeutel auf der Brust einige festgenähte Louisd'or. Jeder Traum verkündete, daß er die eine oder die andere von diesen Kostbarkeiten verloren habe, und deshalb fuhr er fieberartig empor, und die erste Bewegung, welche die Hand machte, war ein Dreieck von der Rechten zur Linken und gegen die Brust hinauf, um zu fühlen, ob er seine Sachen noch habe oder nicht. Schirme, Stöcke und Hüte schaukelten im Netze über ihm und benahmen so ziemlich die Aussicht, die höchst imponirend war; er schielte danach, während das Herz sang, was wenigstens schon ein Dichter, den wir kennen, in der Schweiz gesungen, bis jetzt aber noch nicht hat drucken lassen:

""Hier ist's so schön, wie das Herz nur will,
Montblanc seh' ich, den steilen.
Wenn nur das Geld ausreichen will,
Ach, dann ist hier gut weilen!""

Groß, ernst und dunkel war die ganze Natur rings um ihn her. Die Tannenwälder erschienen wie Haidekraut auf den hohen Felsen, deren Gipfel im Wolkennebel verborgen waren: nun begann es zu schneien, der kalte Wind blies.
""Uh!"" seufzte er; ""wären wir doch auf der andern Seite der Alpen, dann wäre es Sommer und ich hätte Geld auf mein Accreditiv erhoben; die Angst, die ich für dieses fühle, macht, daß ich die Schweiz nicht genieße. O, wäre ich doch erst auf der andern Seite!""
Und da war er auf der andern Seite; tief hinein in Italien war er, zwischen Florenz und Rom. Der trasimenische See lag in der Abendbeleuchtung wie flammendes Gold zwischen den dunkelblauen Bergen. Hier, wo Hannibal den Flaminius schlug, hielten sich nun die Weinranken friedlich an den grünen Fingern; liebliche, halbnackte Kinder hüteten eine Heerde kohlschwarzer Schweine unter einer Gruppe duftender Lorberbäume am Wege. Könnten wir dieses Gemälde richtig wiedergeben, so würden Alle jubeln: ""Herrliches Italien!"" Aber das sagte keineswegs der Theolog oder irgend einer von seinen Reisegefährten im Wagen des Vetturins.
Giftige Fliegen und Mücken flogen bei ihnen zu Tausenden in den Wagen hinein. Vergebens schlugen sie mit einem Myrtenzweige um sich: die Fliegen stachen dessenungeachtet. Es war nicht Ein Mensch im Wagen, dessen Gesicht nicht von blutigen Bissen angeschwollen gewesen wäre. Die armen Pferde sahen wie Aeser aus; die Fliegen saßen in großen Schaaren auf denselben, und nur augenblicklich half es, daß der Kutscher hinabstieg und die Thiere abschabte. Nun sank die Sonne unter; eine kurze, aber eisige Kälte ging durch die ganze Natur; es war wie des Grabgewölbes kalte Luft nach einem heißen Sommertage; aber ringsumher erhielten Berge und Wolken den sonderbaren grünen Ton, welchen wir auf einzelnen alten Gemälden finden und, wenn wir ein solches Farbenspiel nicht im Süden erlebt haben, für unnatürlich halten. Es war ein herrliches Schauspiel, allein - der Magen war leer, der Körper ermüdet; alle Sehnsucht des Herzens drehte sich um ein Nachtquartier, aber wie wird das ausfallen! Man blickte weit inniger danach, als nach der schönen Natur.
Der Weg ging durch einen Olivenwald; es war, als führe er daheim zwischen knotigen Weiden. Hier lag das einsame Wirthshaus. Ein Dutzend bettelnder Krüppel hatte sich vor demselben gelagert; der rascheste derselben sah aus, wie, um einen Marryat'schen Ausdruck zu gebrauchen, ""der älteste Sohn des Hungers, der das Alter seiner Volljährigkeit erreicht hat"";*) die andern waren entweder blind oder hatten vertrocknete Beine und krochen auf den Händen, oder geschwundene Arme mit fingerlosen Händen. Das war das Elend recht aus den Lumpen gezogen. ""Eccellenza, miserabili!"" seufzten sie und streckten die kranken Glieder vor. Die Wirthin selbst, mit bloßen Füßen, mit ungeordneten Haaren und nur mit einer schmutzigen Blouse bedeckt, empfing die Gäste. Die Thüren waren mit Bindfaden zusammengebunden; der Fußboden in den Zimmern bot ein halbaufgewühltes Pflaster von Mauersteinen dar; Fledermäuse flogen unter der Decke hin, und der Gestank drinnen - -
""Ja, decken Sie den Tisch unten im Stall!"" sagte einer der Reisenden. ""Dort weiß man doch, was man einathmet!""
Die Fenster wurden geöffnet, damit etwas frische Luft hereindringen konnte; aber schneller, als diese, kamen die verdorrten Arme und das ewige Jammern: Miserabili, Eccellenza! herein. An den Wänden standen viele Inschriften: die Hälfte war gegen die bella Italia!
Das Essen wurde aufgetragen; es war eine Suppe von Wasser, gewürzt mit Pfeffer und ranzigem Oel. Letzteres spielte die Hauptrolle beim Salat; verdorbene Eier und gebratene Hahnenkämme waren die besten Gerichte; selbst der Wein hatte einen Beigeschmack: es war eine wahre Mixtur.
Zur Nacht wurden die Koffer gegen die Thür gestellt; einer der Reisenden hatte die Wache, während die andern schliefen; der Theolog war der Wachthabende; o wie schwül war es drinnen! Die Hitze drückte, die Mücken summten und stachen, die miserabili draußen jammerten im Traume.
__________
*) Snarleyyow.

""Ja, reisen ist schon gut,"" sagte der Theolog, ""hätte man nur keinen Körper! Könnte dieser ruhen und der Geist dagegen fliegen! Wohin ich komme, fühle ich einen Mangel, der das Herz drückt; etwas Besseres, als das Augenblickliche, ist es, was ich haben will; ja, etwas Besseres, das Beste; aber wo und was ist es? Im Grunde weiß ich wohl, was ich will: ich will zu einem glücklichen Ziel, dem glücklichsten von allen!""
Und sowie das Wort ausgesprochen war, befand er sich in der Heimath. Die langen, weißen Gardinen hingen vor den Fenstern herab und mitten auf dem Fußboden stand der schwarze Sarg; in diesem lag er in seinem stillen Todesschlaf; sein Wunsch war erfüllt: der Körper ruhte, der Geist reiste. Preise Niemanden glücklich, bevor er in seinem Grabe ist, waren die Worte Solons; hier wurde ihre Bekräftigung erneuert.
Jede Leiche ist eine Sphinx der Unsterblichkeit; auch die Sphinx hier auf dem schwarzen Sarkophage beantwortete uns, was der Lebende zwei Tage vorher niedergeschrieben hatte:

Du starker Tod, Dein Schweigen machet Grau'n;
Du hinterläßt als Spur nur Kirchhofsgräber.
Soll nicht der Geist die Jacobsleiter schau'n?
Nur auferstehn als Todesgartengräser?

Das größte Leiden sieht die Welt oft nicht!
Du, der Du einsam warst bis an Dein Ende,
Weit schwerer drückt das Herz so manche Pflicht,
Als hier die Erde an des Sarges Wände!

Zwei Gestalten bewegten sich im Zimmer. Wir kennen sie beide: es war die Fee der Sorge und die Abgesandte des Glücks. Sie beugten sich über den Todten hin.
""Siehst Du?"" sagte die Sorge. ""Welches Glück brachten Deine Galoschen wohl der Menschheit?""
""Sie brachten wenigstens ihm, der hier schlummert, ein dauerndes Gut!"" antwortete die Freude.
""O nein!"" sagte die Sorge. ""Selbst ging er fort, er wurde nicht gerufen! Seine geistige Kraft war nicht stark genug, um die Schätze hier zu heben, die er seiner Bestimmung nach heben muß! Ich will ihm eine Wohlthat erweisen!""
Und sie zog die Galoschen von seinen Füßen; da war der Todesschlaf geendet, der Wiederbelebte erhob sich. Die Sorge verschwand, mit ihr aber auch die Galoschen; sie hat sie gewiß als ihr Eigentum betrachtet.
"	1862_Andersen_Original_Andersen_Die_Galoschen_des_Glücks.txt	/content/drive/MyDrive/Märchen-Seminar/Korpus/Andersen/Original/1862_Andersen_Original_Andersen_Die_Galoschen_des_Glücks.txt	negative
Andersen	Original	1862	Andersen	Original	Andersen	Der Reisekamerad	"Der Reisekamerad

Der arme Johannes war tief betrübt, denn sein Vater war sehr krank und konnte nicht genesen. Außer den Beiden war durchaus Niemand in dem kleinen Zimmer; die Lampe auf dem Tische war dem Erlöschen nahe, und es war ganz spät Abends.
""Du warst ein guter Sohn, Johannes!"" sagte der kranke Vater. ""Der liebe Gott wird Dir schon in der Welt forthelfen!"" Und er sah ihn mit ernsten milden Augen an, holte ganz tief Athem und starb; es war gerade, als ob er schliefe. Aber Johannes weinte: nun hatte er gar Niemanden in der ganzen Welt, weder Vater, noch Mutter, weder Schwester, noch Bruder. Der arme Johannes! Er lag vor dem Bette auf seinen Knieen, küßte des todten Vaters Hand und weinte so viele bittere Thränen; aber zuletzt schlossen sich seine Augen, und er schlief ein mit dem Kopfe auf dem harten Bettpfosten.
Da träumte er einen sonderbaren Traum; er sah, wie Sonne und Mond sich vor ihm neigten; und er erblickte seinen Vater wieder frisch und gesund und hörte ihn lachen, wie er immer lachte, wenn er recht froh war. Ein schönes Mädchen, mit einer goldenen Krone auf ihrem langen glänzenden Haar, reichte ihm die Hand; und sein Vater sagte: ""Siehst Du, was für eine Braut Du erhalten hast? Sie ist die Schönste in der ganzen Welt."" Da erwachte er, und alle Herrlichkeiten waren vorbei; sein Vater lag todt und kalt im Bette; es war gar Niemand bei ihnen. Der arme Johannes!
In der folgenden Woche wurde der Todte begraben; der Sohn ging dicht hinter dem Sarg und konnte nun den guten Vater nicht mehr zu sehen bekommen, der ihn so sehr geliebt hatte. Er hörte, wie sie die Erde auf den Sarg hinunterwarfen, und sah noch die letzte Ecke desselben; aber bei der nächsten Schaufel Erde, welche hinabgeworfen wurde, war auch die verschwunden; da war es gerade, als wolle sein Herz in Stücke zerspringen, so betrübt war er. Rings herum sangen sie einen Psalm; es klang so schön, und die Thränen traten Johannes in die Augen: er weinte, und das that seiner Trauer wohl. Die Sonne schien herrlich auf die grünen Bäume, gerade als wolle sie sagen: ""Du mußt nicht so betrübt sein, Johannes! Siehst Du, wie schön blau der Himmel ist? Dort oben ist nun Dein Vater und bittet den lieben Gott, daß es Dir allezeit wohl ergehen möge!""
""Ich will auch immer gut sein,"" sagte Johannes; ""dann komme ich in den Himmel zu meinem Vater; und was wird das für eine Freude werden, wenn wir einander wiedersehen! Wie viel werde ich ihm dann nicht erzählen können; und er wird mir so viele Sachen zeigen, mich so viel von der Herrlichkeit im Himmel lehren, gerade wie er mich hier auf Erden unterrichtete. O, was wird das für eine Freude werden!""
Er dachte sich das so deutlich, daß er dabei lächelte, während die Thränen ihm noch über die Wangen liefen. Die kleinen Vögel saßen oben in den Kastanienbäumen und zwitscherten: ""Quivit, quivit!"" Sie waren so munter, obgleich sie mit bei dem Begräbnisse gewesen; aber sie wußten wohl, daß der todte Mann nun oben im Himmel wäre, Flügel hätte, weit schöner und größer, als die ihrigen; daß er nun glücklich, weil er hier auf Erden gut gewesen, und darüber waren sie vergnügt. Johannes sah, wie sie von den grünen Bäumen weit in die Welt hinausflogen, und da bekam er auch Lust, mitzufliegen. Aber zuerst schnitt er ein großes Holzkreuz, um es auf seines Vaters Grab zu setzen; und als er es am Abend dahin brachte, war das Grab mit Sand und Blumen geschmückt: das hatten fremde Leute gethan, denn sie hielten Alle viel von dem lieben Vater, der nun todt war.
Früh am nächsten Morgen packte Johannes sein kleines Bündel zusammen und verwahrte in seinem Gürtel sein ganzes Erbtheil, welches fünfzig Thaler und ein paar Silberschillinge betrug; damit wollte er in die Welt hinauswandern. Aber zuerst ging er nach dem Kirchhofe zu seines Vaters Grab, betete sein Vaterunser und sagte: ""Lebe wohl!""
Draußen auf dem Felde, wo er ging, standen alle Blumen so frisch und schön in dem warmen Sonnenschein; und sie nickten im Winde, gerade als wollten sie sagen: ""Willkommen im Grünen! Ist es hier nicht schön?"" Aber Johannes wendete sich noch einmal zurück, um die alte Kirche zu betrachten, in der er als kleines Kind getauft worden, und wo er jeden Sonntag mit seinem Vater zum Gottesdienst gewesen war und seinen Psalm gesungen hatte; da sah er hoch oben in einer der Oeffnungen des Thurmes den Kirchenkobold mit seiner kleinen, rothen, spitzen Mütze stehen, wie er sein Antlitz mit dem gebogenen Arm beschattete, da ihm sonst die Sonne in die Augen schien. Johannes nickte ihm Lebewohl zu, und der kleine Kobold schwenkte seine rothe Mütze, legte die Hand auf das Herz und warf ihm viele Kußhändchen zu, um zu zeigen, wie gut er es mit ihm meine, und daß er ihm eine recht glückliche Reise wünsche.
Johannes dachte daran, wie viel Schönes er nun in der großen prächtigen Welt zu sehen bekommen würde, und ging weiter und weiter fort, so weit, als er früher nie gewesen war. Er kannte die Orte gar nicht, durch die er kam, oder die Menschen, denen er begegnete. - Nun war er weit draußen in der Fremde.
Die erste Nacht mußte er sich auf einem Heuschober auf dem Felde schlafen legen: ein anderes Bett hatte er nicht. Aber das war gerade hübsch, meinte er: der König könne es nicht besser haben. Das ganze Feld mit dem Bache, der Heuschober und dann der blaue Himmel darüber: das war gerade eine schöne Schlafkammer. Das grüne Gras mit den kleinen rothen und weißen Blumen war die Fußdecke; die Fliederbüsche und die wilden Rosenhecken waren Blumensträuße; und zum Waschbecken diente ihm der ganze Bach mit dem klaren, frischen Wasser, wo das Schilf sich neigte und ihm guten Abend und guten Morgen bot. Der Mond war wahrhaft eine große Nachtlampe, hoch oben unter der blauen Decke, und der zündete die Gardine nicht an mit seinem Feuer. Johannes konnte ganz ruhig schlafen, und er that es auch und erwachte erst wieder, als die Sonne aufging und alle die kleinen Vögel rings umher sangen: ""Guten Morgen! Guten Morgen! Bist Du noch nicht auf?""
Die Glocken läuteten zur Kirche: es war Sonntag. Die Leute gingen hin, den Prediger zu hören, und Johannes folgte ihnen, sang einen Psalm und hörte Gottes Wort. Es war ihm gerade, als wäre er in seiner eigenen Kirche, in der er getauft worden war, und wo er Psalmen mit seinem Vater gesungen hatte.
Draußen auf dem Kirchhofe waren viele Gräber, und auf einigen wuchs hohes Gras. Da dachte er an seines Vaters Grab, welches am Ende auch so aussehen würde wie diese, da er es nicht jäten und schmücken konnte. Er setzte sich also nieder und riß das Gras ab, richtete die Holzkreuze auf, welche umgefallen waren, und legte die Kränze, die der Wind vom Grabe fortgerissen hatte, wieder auf ihre Stelle, indem er dachte: Vielleicht thut Jemand dasselbe an meines Vaters Grab, da ich es nicht thun kann!
Draußen vor der Kirchhofsthüre stand ein alter Bettler und stützte sich auf seine Krücke. Johannes gab ihm die Silberschillinge, die er hatte, und ging dann glücklich und vergnügt weiter fort, in die weite Welt hinein.
Gegen Abend wurde ein erschrecklich böses Wetter; er sputete sich, unter Dach und Fach zu gelangen; aber es wurde bald finstere Nacht; da erreichte er endlich eine kleine Kirche, die ganz einsam auf einem kleinen Hügel lag.
""Hier will ich mich in einen Winkel setzen!"" sagte er und ging hinein. ""Ich bin ganz ermüdet und habe es wohl nöthig, mich ein wenig auszuruhen.""Dann setzte er sich nieder, faltete seine Hände und betete sein Abendgebet; und ehe er es wußte, schlief und träumte er, während es draußen blitzte und donnerte.
Als er wieder erwachte, war es mitten in der Nacht; aber das böse Wetter war vorübergezogen und der Mond schien durch die Fenster zu ihm herein. Mitten in der Kirche stand ein offener Sarg mit einem todten Manne darin, denn er war noch nicht begraben. Johannes war durchaus nicht furchtsam, denn er hatte ein gutes Gewissen; und er wußte wohl, daß die Todten Niemand etwas zu Leide thun. Es sind lebende böse Menschen, die Uebles thun. Solche zwei lebende schlimme Leute standen dicht bei dem todten Manne, der hier in die Kirche hineingesetzt war, bevor er beerdigt wurde; ihm wollten sie Uebles erweisen, ihn nicht in seinem Sarge liegen lassen, sondern ihn vor die Kirchthür hinauswerfen, den armen todten Mann.
""Weshalb wollt Ihr das thun?"" fragte Johannes. ""Das ist böse und schlimm; laßt ihn in Jesu Namen ruhen!""
""O, Schnickschnack!"" sagten die beiden häßlichen Menschen. ""Er hat uns angeführt! Er schuldet uns Geld: das konnte er nicht bezahlen; und nun ist er obendrein todt, nun bekommen wir vollends keinen Pfennig! Deshalb wollen wir uns ordentlich rächen: er soll wie ein Hund draußen vor der Kirchthüre liegen!""
""Ich habe nicht mehr als fünfzig Thaler!"" sagte Johannes. ""Das ist mein ganzes Erbtheil, aber das will ich Euch gern geben, wenn Ihr mir ehrlich versprechen wollt, den armen todten Mann in Ruhe zu lassen. Ich werde schon durchkommen ohne das Geld; ich habe gesunde, starke Gliedmaßen, und der liebe Gott wird mir allezeit helfen.""
""Ja,"" sagten die häßlichen Menschen; ""wenn Du seine Schuld bezahlen willst, wollen wir Beide ihm nichts thun, darauf kannst Du Dich verlassen!"" Und somit nahmen sie das Geld, welches er ihnen gab, lachten laut auf über seine Gutmüthigkeit und gingen ihres Weges. Er aber legte die Leiche wieder im Sarge zurecht und faltete deren Hände, nahm Abschied von ihr und ging dann durch den großen Wald zufrieden weiter.
Rings umher, wo der Mond durch die Bäume hereinscheinen konnte, sah er die niedlichen, kleinen Elfen lustig spielen. Sie ließen sich nicht stören: sie wußten wohl, daß er ein guter, unschuldiger Mensch sei; und es sind nur die bösen Leute, welche die Elfen nicht zu sehen bekommen. Einige von ihnen waren nicht größer, als ein Finger breit ist, und hatten ihre langen, gelben Haare mit Goldkämmen aufgeheftet; zwei und zwei schaukelten sie sich auf den großen Thautropfen, die auf den Blättern und dem hohen Gras lagen; zuweilen entrollte der Tropfen, dann fielen sie nieder zwischen den langen Grashalmen, und das verursachte ein Gelächter und Lärmen unter den andern Kleinen. Es war allerliebst! Sie sangen, und Johannes erkannte ganz deutlich alle hübschen Lieder, die er als kleiner Knabe gelernt hatte. Große, bunte Spinnen mit Silberkronen auf dem Kopfe mußten von der einen Hecke zur andern lange Hängebrücken und Paläste spinnen, welche, da der feine Thau darauffiel, wie schimmerndes Glas im Mondscheine aussahen. So währte es fort, gerade bis die Sonne aufging. Die kleinen Elfen krochen dann in die Blumenknospen, und der Wind erfaßte ihre Brücken und Schlösser, die als Spinnweben durch die Luft dahinflogen.
Johannes war eben aus dem Walde herausgekommen, als eine starke Mannsstimme hinter ihm rief: ""Holla, Kamerad, wohin geht die Reise?""
""In die weite Welt hinaus!"" sagte er. ""Ich habe weder Vater, noch Mutter, bin ein armer Bursche, aber der Herr hilft mir wohl.""
""Ich will auch in die weite Welt hinaus,"" sagte der fremde Mann. ""Wollen wir Beide einander Gesellschaft leisten?""
""Ja wohl!"" sagte er, und so gingen sie mit einander. Bald gewannen sie sich recht lieb, denn sie waren Beide gute Menschen. Aber Johannes merkte wohl, daß der Fremde viel klüger war, als er. Der hatte fast die ganze Welt durchreist und wußte von allem Möglichen, was existirte, zu erzählen.
Die Sonne stand schon hoch, als sie sich unter einen großen Baum setzten, ihr Frühstück zu genießen; zu derselben Zeit kam eine alte Frau. O, die war so alt und ging ganz krumm, stützte sich auf einen Krückstock und hatte auf ihrem Rücken ein Bündel Brennholz, welches sie sich im Walde gesammelt hatte. Ihre Schürze war aufgebunden, und Johannes sah, daß drei große Ruthen von Farrenkraut und Weidenreisern daraus hervorsahen. Indem sie ihnen ganz nahe war, glitt ihr der eine Fuß aus; sie fiel und that einen lauten Schrei, denn sie hatte das Bein gebrochen, die arme alte Frau!
Johannes meinte sogleich, daß sie die alte Frau nach Hause tragen wollten, wo sie wohnte; aber der Fremde machte sein Ränzel auf, nahm eine Büchse hervor und sagte, daß er hier eine Salbe habe, welche sogleich ihr Bein wieder ganz und kräftig machen würde, sodaß sie selbst nach Hause gehen könne, und zwar als ob sie nie das Bein gebrochen hätte. Allein dafür verlange er auch, daß sie ihm die drei Ruthen schenke, die sie in ihrer Schürze habe.
""Das wäre gut bezahlt!"" sagte die Alte und nickte ganz eigen mit dem Kopfe. Sie wollte die Ruthen nicht gern hergeben, aber es war auch nicht angenehm, mit gebrochenem Beine dazuliegen. So gab sie ihm denn die Ruthen, und sowie er nur die Salbe auf das Bein gerieben hatte, erhob sich auch die alte Mutter und ging viel besser, denn zuvor. Solches konnte die Salbe bewirken. Aber die war auch nicht in der Apotheke zu haben.
""Was willst Du mit den Ruthen?"" fragte Johannes nun seinen Reisekameraden.
""Das sind drei schöne Kräuterbesen,"" sagte der, ""die liebe ich sehr, denn ich bin ein närrischer Patron!""
Dann gingen sie noch ein gutes Stück.
""Sieh, wie der Himmel sich umzieht!"" sagte Johannes und zeigte gerade aus. ""Das sind erschrecklich dicke Wolken!""
""Nein,"" sagte der Reisekamerad, ""das sind keine Wolken, das sind Berge - die herrlichen, großen Berge, wo man ganz hinauf über die Wolken und in frische Luft gelangt! Glaube mir, da ist es herrlich! Morgen sind wir sicher weit in die Welt hinaus!""
Das war aber nicht so nahe, wie es aussah; sie hatten einen ganzen Tag zu gehen, bevor sie die Berge erreichten, wo die schwarzen Wälder gerade gegen den Himmel aufwuchsen, und wo es Steine gab, gerade so groß als eine ganze Stadt. Das mochte wahrlich eine schwere Anstrengung werden, da ganz hinüberzukommen; aber darum gingen auch Johannes und sein Reisekamerad in das Wirthshaus hinein, um sich auszuruhen und Kräfte zum morgenden Marsche zu sammeln.
Unten in der großen Schenkstube im Wirtshause waren viele Menschen versammelt, denn dort war ein Mann, der gab Puppenkomödie. Er hatte gerade sein kleines Theater aufgestellt, und die Leute saßen rings umher, um die Komödie zu sehen. Aber ganz vorn hatte ein dicker Schlächter Platz genommen und zwar den allerbesten; sein großer Bullenbeißer - der sah so bissig aus! - saß an seiner Seite und machte große Augen, gerade wie alle die Andern.
Nun begann die Komödie, und das war eine niedliche Komödie mit einem Könige und einer Königin; die saßen auf dem schönsten Throne, hatten goldene Kronen auf dem Haupte und lange Schleppen an den Kleidern, denn ihre Mittel erlaubten das. Die niedlichsten Holzpuppen mit Glasaugen und großen Schnurrbärten standen an allen Thüren und machten auf und zu, damit frische Luft in das Zimmer kommen konnte! Es war eine recht niedliche Komödie, und sie war gar nicht traurig. Aber gerade als die Königin aufstand und über den Fußboden hinging, da - Gott mag wissen, was der große Bullenbeißer sich dachte; aber da der dicke Schlächter ihn nicht hielt, machte er einen Sprung gerade hinein in das Theater und packte die Königin mitten um ihre schlanke Taille, sodaß es knackte. Es war ganz erschrecklich.
Der arme Mann, der die ganze Komödie gab, war so erschrocken und betrübt über seine Königin! Denn es war die allerniedlichste Puppe, die er hatte; und nun hatte ihr der häßliche Bullenbeißer den Kopf abgebissen. Aber als die Leute später fortgingen, sagte der Fremde, der mit Johannes gekommen war, daß er sie schon wieder zurecht machen würde; und dann nahm er seine Büchse hervor und schmierte die Puppe mit der Salbe, womit er der alten Frau geholfen, als sie das Bein gebrochen hatte. Sowie die Puppe geschmiert worden, war sie gleich wieder ganz; ja sie konnte sogar alle ihre Glieder selbst bewegen; man brauchte gar nicht mehr an der Schnur zu ziehen. Die Puppe war wie ein lebendiger Mensch, nur daß sie nicht sprechen konnte. Der Mann, der das kleine Puppentheater hatte, war sehr froh; nun brauchte er diese Puppe gar nicht mehr zu halten: die konnte ja von selbst tanzen. Das konnte keine der andern.
Als es später Nacht wurde und alle Leute im Wirthshause zu Bett gegangen waren, war Jemand da, der so erschrecklich tief seufzte und so lange damit fortfuhr, daß Alle aufstanden, um zu sehen, wer es sein könnte. Der Mann, der die Komödie gegeben hatte, ging nach seinem kleinen Theater hin, denn dort war es, wo Jemand seufzte. Alle Holzpuppen lagen untereinander: der König und alle Trabanten; und die waren es, die so jämmerlich seufzten und mit ihren Glasaugen stierten, denn sie wollten so gern, gleich der Königin, ein wenig geschmiert werden, damit sie sich auch von selbst bewegen könnten. Die Königin legte sich gerade hin auf die Kniee und streckte ihre prächtige Krone in die Höhe, während sie bat: ""Nimm mir diese, aber schmiere meinen Gemahl und meine Hofleute!"" Da konnte der arme Mann, der die Komödie und alle Puppen besaß, nicht unterlassen, zu weinen; denn es that ihm wirklich ihretwegen leid. Er versprach sogleich dem Reisekameraden, ihm alles Geld zu geben, was er am nächsten Abend für seine Komödie erhalten würde, wenn er nur vier bis fünf von seinen niedlichsten Puppen schmieren wolle. Aber der Reisekamerad sagte, daß er durchaus nichts weiter verlange, als den großen Säbel, den Jener an seiner Seite habe; und als er den erhielt, beschmierte er sechs Puppen, die sogleich tanzten, und zwar so niedlich, daß alle Mädchen, die lebenden Menschenmädchen, die es sahen, alsbald mittanzten. Der Kutscher und die Köchin tanzten, der Diener und das Stubenmädchen, alle die Fremden, und die Feuerschaufel und die Feuerzange; aber die fielen um, gerade als sie die ersten Sprünge machten. - Ja, das war eine lustige Nacht!
Am nächsten Morgen ging Johannes mit seinem Reisekameraden von ihnen Allen fort, auf die hohen Berge hinauf und durch die großen Tannenwälder. Sie kamen so hoch hinauf, daß die Kirchthürme tief unter ihnen zuletzt wie kleine blaue Beeren unten in all dem Grünen aussahen; und sie konnten so weit sehen, viele, viele Meilen weit, wo sie nie gewesen waren! So viel Schönes der prächtigen Welt hatte Johannes früher nie auf einmal gesehen! Und die Sonne schien so warm aus der frischen blauen Luft, er hörte auch zwischen den Bergen die Jäger das Waldhorn so schön und lieblich blasen, daß ihm vor Freude die Thränen in die Augen traten und er nicht unterlassen konnte, auszurufen: ""Du guter, lieber Gott! Ich möchte Dich küssen, weil Du so gut gegen uns Alle bist und uns all die Herrlichkeit, die in der Welt ist, gegeben hast!""
Der Reisekamerad stand auch mit gefalteten Händen da und sah über den Wald und die Städte in den warmen Sonnenschein hinaus. Zu gleicher Zeit ertönte es wunderbar lieblich über ihren Häuptern; sie blickten in die Höhe, ein großer weißer Schwan schwebte in der Luft und sang, wie sie früher nie einen Vogel hatten singen hören! Aber der Gesang wurde schwächer und schwächer; er neigte seinen Kopf und sank langsam zu ihren Füßen nieder, wo er todt liegen blieb, der schöne Vogel!
""Zwei so herrliche Flügel,"" sagte der Reisekamerad, ""so weiß und groß, wie die, welche der Vogel hat, sind Geldes werth: die will ich mit mir nehmen! Siehst Du nun wohl, daß es gut war, daß ich einen Säbel bekam?"" Und so hieb er mit einem Schlage beide Flügel des todten Schwanes ab: die wollte er behalten.
Sie reisten nun viele, viele Meilen weit fort über die Berge, bis sie zuletzt eine große Stadt vor sich sahen, mit hunderten von Thürmen, die wie Silber in der Sonne erglänzten. Mitten in der Stadt war ein prächtiges Marmorschloß, mit purem rothen Gold gedeckt. Und hier wohnte der König.
Johannes und der Reisekamerad wollten nicht sogleich in die Stadt gehen, sondern blieben im Wirthshause draußen vor der Stadt, damit sie sich putzen konnten; denn sie wollten nett aussehen, wenn sie auf die Straße kämen. Der Wirth erzählte ihnen; daß der König ein so guter Mann sei, der nie einem Menschen etwas zu Leide thäte; aber seine Tochter, ja, Gott behüte uns! das sei eine schlimme Prinzessin. Schönheit besaß sie genug; Keine konnte so hübsch und niedlich sein, als sie war; aber was half das? Sie war eine böse Hexe, die Schuld daran war, daß so viele herrliche Prinzen ihr Leben verloren hatten. - Allen Menschen hatte sie die Erlaubniß ertheilt, um sie freien zu dürfen. Ein Jeder konnte kommen, er mochte ein Prinz oder ein Bettler sein: das sei ihr gleich. Er sollte nur drei Sachen rathen, an die sie gerade gedacht hätte und um die sie ihn befragte. Konnte er das, so wollte sie sich mit ihm vermählen, und er sollte König über das ganze Land sein, wenn ihr Vater stürbe; konnte er aber die drei Sachen nicht rathen, so ließ sie ihn aufhängen oder ihm den Kopf abhauen! Ihr Vater, der alte König, war so betrübt darüber! Aber er konnte ihr nicht verbieten, so böse zu sein, denn er hatte einmal gesagt, er wolle nie etwas mit ihren Liebhabern zu thun haben; sie könne selbst thun, was sie wolle. Jedesmal, wenn ein Prinz kam und rathen sollte, um die Prinzessin zu erhalten, so konnte er es nicht, und dann wurde er gehängt oder geköpft. Er war ja bei Zeiten gewarnt worden, er hätte das Freien unterlassen können. Der alte König war so betrübt über all die Trauer und das Elend, daß er einen ganzen Tag des Jahres mit all seinen Soldaten auf den Knieen lag und betete, die Prinzessin möge gut werden; aber das wollte sie durchaus nicht. Die alten Frauen, die Branntwein tranken, färbten denselben ganz schwarz, bevor sie ihn tranken: so trauerten sie. Und mehr konnten sie doch nicht thun!
""Die häßliche Prinzessin!"" sagte Johannes. ""Sie sollte wirklich die Ruthe bekommen, das würde ihr gut thun. Wäre ich nur der alte König, sie sollte schon gegerbt werden!""
Da hörten sie das Volk draußen Hurrah rufen. Die Prinzessin kam vorbei; und sie war wirklich so schön, daß alle Leute vergaßen, wie böse sie war; deshalb riefen sie Hurrah. Zwölf schöne Jungfrauen, alle in weißseidenen Kleidern und eine goldene Tulpe in der Hand, ritten auf kohlschwarzen Pferden ihr zur Seite. Die Prinzessin selbst hatte ein schneeweißes Pferd, mit Diamanten und Rubinen geschmückt. Ihr Reitkleid war aus purem Goldstoff, und die Peitsche, die sie in der Hand hatte, sah aus, als wäre sie ein Sonnenstrahl. Die goldene Krone auf dem Haupte war gerade wie kleine Sterne oben vom Himmel, und der Mantel war aus mehr als tausend schönen Schmetterlingsflügeln zusammengenäht. Dessenungeachtet war sie viel schöner noch, als alle ihre Kleider.
Als Johannes sie zu sehen bekam, wurde er so roth in seinem Antlitz wie ein Blutstropfen und konnte kaum ein einziges Wort sagen. Die Prinzessin sah ja ganz so aus wie das schöne Mädchen mit der goldenen Krone, von dem er in der Nacht geträumt hatte, als sein Vater gestorben war. Er fand sie so schön und konnte nicht unterlassen, sie recht zu lieben. Das wäre gewiß nicht war, daß sie eine böse Hexe sei, welche die Leute hängen oder köpfen ließe, wenn sie nicht rathen könnten, was sie von ihnen verlangte. ""Ein Jeder hat ja die Erlaubniß, um sie zu freien, sogar der ärmste Bettler. Ich will wirklich nach dem Schlosse gehen, denn ich kann es nicht unterlassen!"" Sie sagten ihm Alle, er möge es nicht thun; es würde ihm bestimmt wie all den Andern ergehen. Der Reisekamerad rieth ihm auch davon ab; aber Johannes meinte, es würde schon gut gehen. Er bürstete seine Schuhe und seinen Rock, wusch sein Gesicht und seine Hände, kämmte sein hübsches, blondes Haar und ging dann ganz allein in die Stadt hinein und nach dem Schlosse.
""Herein!"" sagte der alte König, als Johannes an die Thür pochte. Johannes öffnete, und der alte König, in Schlafrock und gestickten Pantoffeln, kam ihm entgegen; die Krone hatte er auf dem Haupte, das Scepter in der einen Hand und den Reichsapfel in der andern. ""Warte ein Bischen!"" sagte er und nahm den Apfel unter den Arm, um Johannes die Hand reichen zu können. Aber sowie er erfuhr, es sei ein Freier, fing er so an zu weinen, daß das Scepter sowohl, wie der Apfel auf den Fußboden fielen und er die Augen mit seinem Schlafrocke trocknen mußte. Der arme alte König!
""Laß es sein!"" sagte er. ""Es geht Dir schlecht, wie all den Andern. Nun, Du wirst es sehen!"" Dann führte er ihn hinaus nach dem Lustgarten der Prinzessin. Da sah es erschrecklich aus! Oben an jedem Baum hingen drei, vier Königssöhne, die um die Prinzessin gefreit hatten, aber die Sachen, die sie ihnen aufgegeben, nicht hatten errathen können. Jedesmal, wenn es wehte, klapperten alle Gerippe, sodaß die kleinen Vögel erschraken und nie in den Garten zu kommen wagten. Alle Blumen waren an Menschenknochen aufgebunden, und in Blumentöpfen standen Todtenköpfe und grinsten. Das war wahrlich ein sonderbarer Garten für eine Prinzessin.
""Hier siehst Du es!"" sagte der alte König. ""Es wird Dir ebenso, wie all den Andern ergehen, die Du hier gewahrst. Laß es deshalb lieber sein. Du machst mich wirklich unglücklich, denn ich nehme mir das so zu Herzen!""
Johannes küßte dem guten, alten König die Hand und sagte, es würde schon gut gehen, denn er sei ganz entzückt von der schönen Prinzessin.
Da kam die Prinzessin selbst mit allen ihren Damen in den Schloßhof geritten; sie gingen deshalb zu ihr hinaus und sagten ihr guten Tag. Sie war so wunderschön anzuschauen und reichte Johannes die Hand. Und er hielt noch viel mehr von ihr, als früher. Sie konnte sicher keine böse Hexe sein, wie alle Leute es ihr nachsagten. - Dann begaben sie sich in den Saal, und die kleinen Pagen präsentirten ihnen Eingemachtes und Pfeffernüsse. Aber der alte König war so betrübt; er konnte gar nichts essen. Und die Pfeffernüsse waren ihm auch zu hart.
Es wurde bestimmt, daß Johannes am nächsten Morgen wieder nach dem Schlosse kommen solle; dann würden die Richter und der ganze Rath versammelt sein und hören, wie es beim Rathen ergehe. Würde er gut dabei fahren, so sollte er dann noch zweimal kommen; aber es war noch nie Jemand dagewesen, der das erste Mal gerathen hatte, und dann mußte er das Leben verlieren.
Johannes war gar nicht bekümmert darum, wie es ihm ergehen würde. Er war vielmehr vergnügt, gedachte nur der schönen Prinzessin und glaubte ganz sicher, der liebe Gott werde ihm schon helfen. Aber wie, das wußte er nicht und wollte lieber gar nicht daran denken. Er tanzte auf der Landstraße dahin, als er nach dem Wirthshause zurückkehrte, wo der Reisekamerad auf ihn wartete.
Johannes konnte nicht fertig damit werden, zu erzählen, wie artig die Prinzessin gegen ihn gewesen und wie schön sie sei. Er sehnte sich schon so sehr nach dem nächsten Tage, wo er in das Schloß sollte, um sein Glück mit Rathen zu versuchen!
Aber der Reisekamerad schüttelte mit dem Kopfe und war ganz betrübt. ""Ich bin Dir so gut!"" sagte er. ""Wir hätten noch lange beisammen sein können, und nun soll ich Dich schon verlieren! Du armer, lieber Johannes! Ich möchte weinen, aber ich will am letzten Abend, den wir vielleicht beisammen sind, Deine Freude nicht stören. Wir wollen lustig sein, recht lustig! Morgen, wenn Du fort bist, kann ich ungestört weinen.""
Alle Leute drinnen in der Stadt hatten sogleich erfahren, daß ein neuer Freier der Prinzessin angekommen war, und deshalb herrschte große Betrübniß. Das Schauspielhaus blieb geschlossen; alle Kuchenfrauen banden Flor um ihre Zuckermänner; der König und die Priester lagen auf den Knieen in den Kirchen. Es war solche Betrübniß, denn es konnte Johannes ja nicht besser ergehen, als es allen den übrigen Freiern ergangen war.
Gegen Abend bereitete der Reisekamerad eine große Bowle Punsch und sagte zu Johannes: ""Nun wollen wir recht lustig sein und auf der Prinzessin Gesundheit trinken!"" Als aber Johannes zwei Gläser voll getrunken hatte, wurde er so schläfrig, daß es ihm unmöglich war, die Augen offen zu halten; er sank in tiefen Schlaf. Der Reisekamerad hob ihn ganz sachte vom Stuhle auf und legte ihn in das Bett hinein, und als es dann dunkle Nacht wurde, nahm er die beiden großen Flügel, die er dem Schwane abgehauen hatte, und band sie an seine Schultern fest. Die größte Ruthe, die er von der alten Frau erhalten, welche gefallen war und das Bein gebrochen hatte, steckte er in seine Tasche, öffnete das Fenster und flog so über die Stadt, gerade nach dem Schlosse hin, wo er sich in einen Winkel oben unter das Fenster setzte, welches in die Schlafstube der Prinzessin hineinging.
Es war ganz stille in der ganzen Stadt. Nun schlug die Uhr drei Viertel auf zwölf, das Fenster ging auf, und die Prinzessin flog in einem langen weißen Mantel und mit schwarzen Flügeln über die Stadt weg, hinaus zu einem großen Berge. Aber der Reisekamerad machte sich unsichtbar, sodaß sie ihn gar nicht sehen konnte, flog hinterher und peitschte die Prinzessin mit seiner Ruthe, sodaß ordentlich Blut kam, wo er schlug. Ah, das war eine Fahrt durch die Luft! Der Wind faßte ihren Mantel, der sich nach allen Seiten ausbreitete, gleich einem großen Schiffssegel, und der Mond schien durch denselben.
""Wie es hagelt; wie es hagelt!"" sagte die Prinzessin bei jedem Schlage, den sie von der Ruthe bekam; und das war ihr schon recht. Endlich kam sie hinaus zum Berge und klopfte an. Es rollte gleich dem Donner, indem der Berg sich öffnete; und die Prinzessin ging hinein. Der Reisekamerad folgte ihr, denn Niemand konnte ihn sehen; er war unsichtbar. Sie gingen durch einen großen langen Gang, wo die Wände ganz besonders glänzten; es waren über tausend glühende Spinnen, die an der Mauer auf und ab liefen und wie Feuer leuchteten. Dann kamen sie in einen großen Saal, von Silber und Gold erbaut; Blumen, so groß wie Sonnenblumen, rothe und blaue, glänzten an den Wänden; aber Niemand konnte die Blumen pflücken, denn die Stengel waren häßliche, giftige Schlangen, und die Blumen waren Feuer, welches ihnen aus dem Rachen herausbrannte. Die ganze Decke war mit leuchtenden Johanniswürmchen und himmelblauen Fledermäusen bedeckt, die mit den dünnen Flügeln schlugen. Es sah ganz schauerlich aus! Mitten auf dem Fußboden war ein Thron, der von vier Pferdegerippen getragen wurde, welchen Zaumzeug von den rothen Feuerspinnen aufgelegt war; der Thron selbst war aus milchweißem Glase, und die Kissen waren kleine, schwarze Mäuse, die einander in den Schwanz bissen. Ueber denselben war ein Dach von rosenrother Spinnwebe, mit den niedlichsten kleinen grünen Fliegen besetzt, welche wie Edelsteine glänzten. Auf dem Throne saß ein alter Zauberer, mit einer Krone auf dem häßlichen Kopf und einem Scepter in der Hand. Er küßte die Prinzessin auf die Stirn, ließ sie sich zu seiner Seite auf den kostbaren Thron setzen, und dann begann die Musik. Große, schwarze Heuschrecken spielten die Mundharmonika, und die Eule schlug sich auf den Leib, denn sie hatte keine Trommel. Das war ein possierliches Concert. Kleine, schwarze Kobolde mit einem Irrlichte auf der Mütze tanzten im Saale herum. Niemand aber konnte den Reisekameraden erblicken; er hatte sich gerade hinter den Thron gestellt und hörte und sah Alles. Die Hofleute, die nun hereinkamen, waren so fein und vornehm! Aber Der, welcher ordentlich sehen konnte, merkte wohl, wie es damit zusammenhing. Sie waren nichts weiter als Besenstiele mit Kohlköpfen darauf, in die der Zauberer Leben gehext und denen er gestickte Kleider gegeben hatte. Aber das machte nichts aus; sie wurden doch nur zum Prunk gebraucht.
Nachdem erst etwas getanzt worden war, erzählte die Prinzessin dem Zauberer, daß sie einen neuen Freier erhalten habe, und fragte deshalb, woran sie wohl denken solle, um ihn am nächsten Morgen darnach zu fragen, wenn er nach dem Schlosse käme.
""Höre,"" sagte der Zauberer, ""das will ich Dir sagen! Du mußt etwas recht Leichtes wählen, denn dann fällt er gar nicht darauf. Denke an Deinen einen Schuh. Das räth er nicht. Laß ihm dann den Kopf abhauen, doch vergiß nicht, wenn Du morgen Nacht wieder zu mir herauskommst, mir seine Augen zu bringen, denn die will ich essen!""
Die Prinzessin verneigte sich ganz tief und sagte, sie würde die Augen nicht vergessen. Der Zauberer öffnete nun den Berg, und sie flog wieder zurück; aber der Reisekamerad folgte ihr und prügelte sie wieder so stark mit der Ruthe, daß sie ganz tief seufzte über das starke Hagelwetter, und sich, so sehr sie konnte, beeilte, durch das Fenster in ihre Schlafstube zu gelangen. Der Reisekamerad dagegen flog zum Wirthshause zurück, wo Johannes noch schlief, löste seine Flügel ab, und legte sich dann auch auf das Bett, denn er konnte wohl ermüdet sein.
Es war ganz früh am Morgen, als Johannes erwachte. Der Reisekamerad stand auch auf und erzählte, daß er diese Nacht einen ganz sonderbaren Traum von der Prinzessin und ihrem Schuh gehabt habe, und bat ihn, deshalb doch zu fragen, ob die Prinzessin nicht an ihren Schuh gedacht haben sollte. Denn das war es ja, was er von dem Zauberer im Berge gehört hatte.
""Ich kann eben so gut danach, als nach etwas Anderem fragen!"" sagte Johannes. ""Vielleicht ist das ganz richtig, was Du geträumt hast, denn ich vertraue auf den lieben Gott, der mir schon helfen wird. Aber ich will Dir doch Lebewohl sagen, denn rathe ich falsch, so bekomme ich Dich nie mehr zu sehen!""
Dann küßten sie sich, und Johannes ging in die Stadt und nach dem Schlosse. Der ganze Saal war mit Menschen angefüllt; die Richter saßen in ihren Lehnstühlen und hatten Eiderdunenkissen unter dem Kopfe, denn sie hatten so viel zu denken. Der alte König stand auf und trocknete seine Augen mit einem weißen Taschentuche. Nun trat die Prinzessin herein. Sie war noch viel schöner als gestern, und grüßte Alle so lieblich; aber dem Johannes gab sie die Hand und sagte: ""Guten Morgen, Du!""
Nun sollte Johannes rathen, woran sie gedacht habe. Gott, wie sah sie ihn freundlich an! Aber sowie sie ihn das eine Wort: Schuh aussprechen hörte, wurde sie kreideweiß im Gesicht und zitterte am ganzen Körper. Allein das konnte ihr nichts helfen, denn er hatte richtig gerathen!
Der Tausend! wie wurde der alte König vergnügt; er schoß einen Purzelbaum, daß es eine Lust war. Und alle Leute klatschten in die Hände, ihm und Johannes zu Ehren, der das erste Mal richtig gerathen hatte.
Der Reisekamerad war auch erfreut, als er erfuhr, wie gut es abgelaufen war. Aber Johannes faltete seine Hände und dankte seinem Gott, der ihm sicher die beiden andern Male wieder helfen würde. Am nächsten Tage sollte schon wieder gerathen werden.
Der Abend verging ebenso, wie der gestrige. Als Johannes schlief, flog der Reisekamerad hinter der Prinzessin her zum Berge hinaus und prügelte sie noch stärker, als das vorige Mal; denn nun hatte er zwei Ruthen genommen. Niemand bekam ihn zu sehen und er hörte Alles. Die Prinzessin wollte an ihren Handschuh denken, und das erzählte er wieder dem Johannes, gerade als ob es ein Traum sei. Daher konnte derselbe richtig rathen, und es verursachte eine große Freude auf dem Schlosse. Der ganze Hof schoß Purzelbäume, gerade so, wie sie es vom Könige das erste Mal hatten machen sehen. Aber die Prinzessin lag auf dem Sopha und wollte nicht ein einziges Wort sagen. Nun kam es darauf an, ob Johannes das dritte Mal richtig rathen konnte. Glückte es, so sollte er ja die schöne Prinzessin haben und nach dem Tode des alten Königs das ganze Königreich erben. Rieth er falsch, so sollte er sein Leben verlieren und der Zauberer seine schönen blauen Augen essen.
Den Abend vorher ging Johannes zeitig zu Bett, betete sein Abendgebet und schlief dann ganz ruhig. Aber der Reisekamerad band seine Flügel an den Rücken, den Säbel aber an seine Seite, nahm alle drei Ruthen mit sich und flog so nach dem Schlosse.
Es war ganz stockfinstere Nacht. Es stürmte so, daß die Dachsteine von den Häusern flogen, und die Bäume drinnen im Garten, wo die Gerippe hingen, bogen sich gleich dem Schilfe vor dem Sturmwind. Es blitzte jeden Augenblick, und der Donner rollte gerade, als ob es nur ein einziger Schlag sei, der die ganze Nacht währte. Nun ging das Fenster auf, und die Prinzessin flog heraus. Sie war so bleich wie der Tod, aber sie lachte über das böse Wetter und meinte, es sei noch nicht arg genug. Und ihr weißer Mantel wirbelte in der Luft herum, gleich einem großen Schiffssegel; aber der Reisekamerad peitschte sie mit seinen drei Ruthen, daß das Blut auf die Erde tröpfelte und sie zuletzt kaum weiter fliegen konnte. Endlich kam sie doch nach dem Berge.
""Es hagelt und stürmt,"" sagte sie; ""nie bin ich in solchem Wetter ausgewesen!""
""Man kann auch des Guten zu viel haben!"" sagte der Zauberer. Nun erzählte sie ihm, daß Johannes auch das zweite Mal richtig gerathen habe; würde er dasselbe morgen thun, so hätte er gewonnen, und sie könne nie mehr nach dem Berge hinauskommen, vermöchte nie mehr solche Zauberkünste wie früher zu machen; deshalb war sie ganz betrübt.
""Er soll es nicht errathen können! sagte der Zauberer. ""Ich werde schon etwas erdenken, was er sich nie gedacht hat, oder er müßte ein größerer Zauberer sein als ich. Aber nun wollen wir lustig sein!"" Und dann faßte er die Prinzessin bei beiden Händen, und sie tanzten mit allen den kleinen Kobolden mit Irrlichtern herum, die in dem Zimmer waren. Die rothen Spinnen sprangen an den Wänden eben so lustig auf und nieder; es sah aus, als ob Feuerblumen sprüheten. Die Eule schlug auf die Trommel, die Heimchen pfiffen, und die schwarzen Heuschrecken bliesen die Mundharmonika. Es war ein lustiger Ball! -
Als sie nun lange genug getanzt hatten, mußte die Prinzessin nach Hause, sonst möchte sie im Schlosse vermißt werden. Der Zauberer sagte, daß er sie begleiten wolle; da wären sie doch unterwegs noch beisammen.
Dann flogen sie in dem bösen Wetter davon, und der Reisekamerad schlug seine drei Ruthen auf ihrem Rücken entzwei. Nie war der Zauberer in solchem Hagelwetter ausgewesen. Draußen vor dem Schlosse sagte er der Prinzessin Lebewohl und flüsterte ihr zugleich zu: ""Denke an meinen Kopf!"" Aber der Reisekamerad hörte es wohl, und gerade in dem Augenblick, als die Prinzessin durch das Fenster in ihr Schlafzimmer schlüpfte und der Zauberer wieder umkehren wollte, ergriff er ihn an seinem langen schwarzen Bart, und hieb mit dem Säbel seinen häßlichen Zauberkopf gerade bei den Schultern ab, sodaß der Zauberer ihn nicht einmal selbst zu sehen bekam. Den Körper warf er hinaus in den See zu den Fischen, den Kopf aber tauchte er nur in das Wasser und band ihn dann in sein seidenes Taschentuch, nahm ihn mit nach dem Wirthshause und legte sich dann schlafen.
Am nächsten Morgen gab er Johannes das Taschentuch und sagte ihm dabei, daß er es nicht aufbinden dürfe, bevor die Prinzessin frage, woran sie gedacht habe.
Es waren so viele Menschen in dem großen Saale auf dem Schlosse, daß sie so dicht standen, wie Radieschen, die in ein Bündel zusammengeknüpft sind. Der Rath saß auf seinen Stühlen mit den weichen Kissen, und der alte König hatte neue Kleider an; die goldene Krone und das Scepter waren polirt: es sah ganz feierlich aus. Aber die Prinzessin war ganz bleich und hatte ein kohlschwarzes Kleid an, als gehe sie zum Begräbniß.
""Woran habe ich gedacht?"" fragte sie Johannes. Und sogleich löste er das Taschentuch auf, und war selbst ganz erschrocken, als er das häßliche Zaubererhaupt erblickte. Es schauderte allen Menschen, denn es war erschrecklich anzusehen; aber die Prinzessin saß gerade da wie ein Steinbild und konnte nicht ein einziges Wort sagen. Endlich erhob sie sich und reichte Johannes die Hand, denn er hatte ja richtig gerathen. Sie sah weder auf den Einen, noch auf den Andern, sondern seufzte ganz laut: ""Nun bist Du mein Herr! Diesen Abend wollen wir Hochzeit halten!""
""Das gefällt mir!"" sagte der alte König. ""So will ich es haben!"" Alle Leute riefen Hurrah, die Wachtparade machte Musik in den Straßen, die Glocken läuteten, und die Kuchenfrauen nahmen den schwarzen Flor von ihren Zuckermännern, denn nun herrschte Freude. Drei ganze gebratene Ochsen, mit Enten und Hühnern gefüllt, wurden mitten auf den Markt gesetzt; Jeder konnte sich ein Stück abschneiden; in den Wasserkünsten sprudelte der schönste Wein, und kaufte man eine Schillingsbrezel beim Bäcker, so bekam man sechs große Zwieback als Zugabe, und den Zwieback mit Rosinen darin.
Am Abend war die ganze Stadt erleuchtet: die Soldaten schossen mit Kanonen, die Knaben mit Knallerbsen; und es wurde gegessen und getrunken, angestoßen und gesprungen oben im Schlosse. Alle die vornehmen Herren und schönen Fräulein tanzten miteinander; man konnte in weiter Ferne hören, wie sie sangen:

Hier sind viele hübsche Mädchen,
Die gern tanzen rund herum,
Drehen sich wie Spinnenrädchen;
Hübsches Mädchen, schwenk dich um.
Tanzt und springet immer zu.
Bis die Sohle fällt vom Schuh.

Aber die Prinzessin war ja noch eine Hexe und mochte Johannes gar nicht leiden. Das fiel dem Reisekameraden ein, und deshalb gab er Johannes drei Federn aus dem Schwanenflügel und eine kleine Flasche mit einigen Tropfen darin, und sagte ihm dann, daß er ein großes Faß mit Wasser gefüllt vor das Bett der Prinzessin setzen lassen solle und wenn die Prinzessin hineinsteigen wolle, solle er ihr einen kleinen Stoß geben, sodaß sie in das Wasser hinunterfalle, wo er sie dreimal untertauchen müsse, nachdem er vorher die Federn und die Tropfen hineingeschüttet habe; dann würde sie ihre Zauberei verlieren und ihn recht lieb haben.
Johannes that Alles, was der Reisekamerad ihm gerathen hatte. Die Prinzessin schrie ganz laut, indem er sie unter das Wasser tauchte, und zappelte ihm unter den Händen als ein großer kohlschwarzer Schwan mit funkelnden Augen. Als sie das zweite Mal wieder über das Wasser heraufkam, war der Schwan weiß bis auf einen schwarzen Ring um den Hals. Johannes betete fromm zu Gott und ließ das Wasser das dritten Mal über dem Vogel zusammenschlagen, und in dem selben Augenblick wurde dieser in die schönste Prinzessin verwandelt. Sie war noch schöner als zuvor, und dankte ihm mit Thränen in ihren herrlichen Augen, daß er ihre Bezauberung gehoben habe.
Am nächsten Morgen kam der alte König mit seinem ganzen Hofstaate, und da gab es ein Gratuliren bis spät in den Tag hinein. Zu allerletzt kam der Reisekamerad; er hatte seinen Stock in der Hand und das Ränzel auf dem Rücken. Johannes küßte ihn viele Male und sagte, er dürfe nicht fortreisen, er solle bei ihm bleiben, denn er wäre ja die Ursache seines ganzen Glückes. Aber der Reisekamerad schüttelte mit dem Kopfe und sagte so mild und freundlich: ""Nein, nun ist meine Zeit um. Ich habe nur meine Schuld bezahlt. Erinnerst Du Dich des todten Mannes, dem die Menschen Uebles thun wollten? Du gabst Alles, was Du besaßest, damit er Ruhe in seinem Grabe haben könnte. Der Todte bin ich!""
In demselben Augenblicke war er verschwunden. -
Die Hochzeit währte nun einen ganzen Monat. Johannes und die Prinzessin liebten einander innig, und der alte König erlebte manche frohe Tage und ließ ihre kleinen Kinderchen auf seinen Knieen reiten und mit seinem Scepter spielen. Aber Johannes ward König über das ganze Land.
"	1862_Andersen_Original_Andersen_Der_Reisekamerad.txt	/content/drive/MyDrive/Märchen-Seminar/Korpus/Andersen/Original/1862_Andersen_Original_Andersen_Der_Reisekamerad.txt	neutral
Andersen	Original	1855	Andersen	Original	Andersen	Der Töpelhans	"Der Töpelhans

Draußen auf dem Lande in einem alten Herrenhof lebte ein Gutsbesitzer, der zwei so kluge Söhne hatte, daß sie um die Tochter des Königs freien wollten und das durften sie, denn dieselbe hatte bekannt machen lassen, daß sie denjenigen zum Gemahl nehmen wollte, der sich am gewandtesten und klügsten mit ihr unterhalten könnte.

Die beiden bereiteten sich nun acht Tage lang vor. Längere Zeit bedurften sie nicht dazu, denn sie hatten Vorkenntnisse und die sind immer nützlich. Der eine wußte das ganze lateinische Lexikon und drei Jahrgänge der städtischen Zeitung auswendig und zwar rückwärts wie vorwärts. Der andere hatte sich mit sämtlichen Paragraphen aller Zunftgesetze und mit dem, was jeder Zunftmeister wissen mußte, bekannt gemacht. Auf diese Weise, meinte er, könnte er über Staats- und gelehrte Sachen mitsprechen. Außerdem verstand er Tragebänder zu sticken, denn er war fein und fingerfertig.

„Ich bekomme die Königstochter!“ sagten sie alle beide, und deshalb gab ihr Vater jedem von ihnen ein schönes Pferd; der, welcher das Lexikon und die Zeitungen auswendig wußte, bekam ein kohlschwarzes, und der, welcher sich zunftmeisterlich gebahren und sticken konnte, erhielt ein milchweißes. Als sie im Hofe zu Pferde steigen wollten, erschien der dritte Bruder, denn es waren ihrer dreie, aber niemand zählte ihn als Bruder mit, weil er nicht die gleiche erstaunliche Gelehrsamkeit besaß wie die beiden anderen, und alle Welt nannte ihn nur Tölpelhans.

„Wo wollt ihr hin, daß ihr euch in den Bratenrock geworfen habt?“ fragte er.

„An den Hof, um mit der Königstochter zu plaudern! Hast du nicht gehört, was im ganzen Lande ausgetrommelt wird?“ und darauf erzählten sie es ihm.

„Potztausend, da muß ich mit dabei sein!“ sagte Tölpelhans, und die Brüder lachten ihn aus und ritten von dannen.

„Vater, gieb mir ein Pferd!“ rief Tölpelhans. „Ich bekomme solche Lust, mich zu verheiraten. Nimmt sie mich, so nimmt sie mich, und nimmt sie mich nicht, so nehme ich sie doch!“

„Was ist das für ein Geschwätz!“ sagte der Vater. „Dir gebe ich kein Pferd. Du kannst ja nicht sprechen!“

„Soll ich kein Pferd bekommen,“ sagte Tölpelhans, „so nehme ich den Ziegenbock, der gehört mir und ist im Stande mich zu tragen!“ Damit setzte er sich rittlings auf den Ziegenbock, stieß ihm die Hacken in die Seite und sprengte die Landstraße entlang. Hui, wie das ging! „Hier komme ich!“ rief Tölpelhans und darauf sang er, daß es wiederhallte.

Die Brüder ritten aber ganz still voran; sie sprachen kein einziges Wort, sie mußten alle die guten Einfälle, die sie vorbringen wollten, noch einmal überlegen.

„Halloh! Halloh!“ rief Tölpelhans, „hier komme ich! Seht, was ich auf der Landstraße fand!“ Mit diesen Worten zeigte er ihnen eine tote Krähe, die er gefunden hatte.

„Tölpel!“ fuhren sie ihn an, „was willst du mit derselben?“

„Ich will sie der Königstochter schenken!“

„Ja, thue es!“ sagten sie, lachten und ritten weiter.

Da rief Tölpelhans wieder: „Halloh! Halloh! Hier komme ich! Seht, was ich jetzt gefunden habe!“

Die Brüder wandten sich wieder um, sich den seltenen Schatz anzusehen. „Tölpel!“ sagten sie, „das ist ja ein alter Holzschuh, von welchem der obere Teil abgegangen ist! Soll die Königstochter den etwa auch haben?“

„Das soll sie!“ sagte Tölpelhans, und die Brüder lachten, ritten weiter und kamen ihm eine große Strecke voraus.

„Halloh! Halloh! Hier bin ich!“ rief Tölpelhans.

„Was hast du wieder gefunden?“ fragten die Brüder.

„Oh!“ sagte Tölpelhans, „es ist eigentlich kein Gesprächsgegenstand! Wie sie sich aber freuen wird, die Königstochter!“

„Pfui!“ sagten die Brüder, „das ist ja Schlamm, der aus dem Straßengraben ausgeworfen ist.“

„Das stimmt!“ sagte Tölpelhans, „und er ist von der allerfeinsten Art, daß man ihn gar nicht festhalten kann!“ und darauf füllte er sich die Tasche damit an.

Aber die Brüder ritten, was das Zeug halten wollte, und überholten ihn eine ganze Stunde. Sie hielten an dem Stadtthore, an welchem die Freier, je nach ihrer Ankunft, numeriert und in Reih und Glied gestellt wurden, je sechs in jedem Gliede und so dicht, daß sie kaum die Arme rühren konnten.

Alle übrigen Bewohner des Landes standen rings um das Schloß bis zu den Fenstern hinauf, um mit anzusehen, wie die Königstochter die Freier empfing. Merkwürdig! Sobald einer derselben die Schwelle ihres Zimmers überschritt, verließ ihn sein Rednertalent.

„Taugt nichts!“ sagte die Königstochter. „Weg!“

Jetzt kam derjenige der Brüder, der das Lexikon auswendig wußte, aber bei dem langen Stehen in Reih und Glied hatte er es völlig vergessen. Dazu knarrte der Fußboden und die Decke war von Spiegelglas, so daß er sich selbst auf dem Kopfe sah, und nun standen sogar an jedem Fenster drei Schreiber und ein Stadtältester, die Alles, was gesprochen wurde, aufschrieben, damit es sofort in die Zeitung komme. Es war entsetzlich, es war furchtbar! Und zum Überfluß war im Ofen eingefeuert, daß er glühte.

„Hier herrscht eine drückende Hitze!“ begann der Freier das Gespräch.

„Das kommt daher, weil mein Vater heute junge Hähne bratet!“ sagte die Königstochter.

Da stand er; nicht ein Wort wußte er zu erwiedern. — Bäh! —

„Taugt nichts!“ sagte die Königstochter. „Weg!“ und so mußte er seiner Wege ziehen. Nun kam der zweite Bruder.

„Hier ist eine entsetzliche Hitze!“ sagte er.

„Ja, wir braten heute junge Hähne!“ versetzte die Königstochter.

„Wie belie — —“ fragte er, und alle Schreiber schrieben: „Wie belie — —?“

„Taugt nichts!“ sagte die Königstochter. „Weg!“

Nun kam Tölpelhans, er ritt auf seinem Ziegenbocke gerade in das Zimmer hinein. „Das ist denn doch eine glühende Hitze!“ sagte er.

„Das rührt davon her, daß ich junge Hähne brate!“ entgegnete die Königstochter.

„Das wäre ja herrlich!“ sagte Tölpelhans, „dann kann ich wohl auch eine Krähe gebraten bekommen?“

„Den Gefallen will ich Ihnen gern erweisen!“ erwiederte die Königstochter, „aber haben Sie auch etwas, worin sie gebraten werden kann, denn ich habe hier weder Topf noch Pfanne!“

„Hier ist ein vortreffliches Kochgeschirr,“ rief Tölpelhans fröhlich, zog den alten Holzschuh hervor und legte die Krähe hinein.

„Aber wo bekommen wir die Sauce her?“ meinte die Königstochter.

„Die habe ich in der Tasche!“ sagte Tölpelhans und darauf schüttete er etwas Schlamm aus der Tasche.

„Du gefällst mir,“ sagte die Königstochter, „du kannst doch antworten und du kannst reden, und dich will ich zu meinem Gemahle erheben! Aber weißt du wohl, daß jedes Wort, das wir sagen und gesagt haben, aufgeschrieben wird und morgen in die Zeitung kommt? An jedem Fenster siehst du drei Schreiber und einen Stadtältesten stehen.“

„Das sind wohl die Herrschaften da!“ versetzte Tölpelhans. „Dann muß ich dem Stadtältesten schon mein Bestes schenken!“ Zugleich wandte er seine Taschen um und warf ihm den ganzen Schlamm gerade ins Gesicht.

„Da hast du dir gut zu helfen gewußt!“ sagte die Königstochter. „Das hätte ich nicht zu thun vermocht! Aber ich werde es wohl noch lernen!“ —

Und so wurde Tölpelhans denn König, bekam eine Frau und eine Krone und saß auf einem Throne, und das alles haben wir der Zeitung des Stadtältesten entnommen — auf die freilich auch kein rechter Verlaß ist.
"	1855_Andersen_Original_Andersen_Der_Töpelhans.txt	/content/drive/MyDrive/Märchen-Seminar/Korpus/Andersen/Original/1855_Andersen_Original_Andersen_Der_Töpelhans.txt	neutral
Andersen	Original	1835	Andersen	Original	Andersen	Der kleine Klaus und der grosse Klaus	"Der kleine Klaus und der große Klaus

In einem Dorfe wohnten zwei Leute, die beide
denselben Namen hatten. Beide hießen Klaus, aber der
eine besaß vier Pferde und der andere nur ein einziges.
Um sie nun voneinander unterscheiden zu können,
nannte man den, der vier Pferde besaß, den großen
Klaus, und den, der nur ein einziges hatte, den kleinen
Klaus. Nun wollen wir hören, wie es den beiden
erging, denn es ist eine wahre Geschichte.
Die ganze Woche hindurch mußte der kleine Klaus für
den großen Klaus pflügen und ihm sein einziges Pferd
leihen, dann half der große Klaus ihm wieder mit allen
seinen vieren, aber nur einmal wöchentlich, und das
war des Sonntags. Hussa, wie klatschte der kleine
Klaus mit seiner Peitsche über alle fünf Pferde! Sie
waren ja nun so gut wie sein an dem einen Tage. Die
Sonne schien herrlich, und alle Glocken im Kirchturm
läuteten zur Kirche, die Leute waren alle geputzt und
gingen mit dem Gesangbuch unter dem Arme, den
Prediger zu hören, und sie sahen den kleinen Klaus,
der mit fünf Pferden pflügte, und er war so vergnügt,
daß er wieder mit der Peitsche klatschte und rief: ""Hü,
alle meine Pferde!""
""So mußt du nicht sprechen,"" sagte der große Klaus,
""das eine Pferd ist ja nur dein!""
Aber als wieder jemand vorbeiging, vergaß der kleine
Klaus, daß er es nicht sagen sollte, und da rief er: ""Hü,
alle meine Pferde!""
""Nun ersuche ich dich amtlich, dies zu unterlassen,""
sagte der große Klaus; ""denn sagst du es noch einmal,
so schlage ich dein Pferd vor den Kopf, daß es auf der
Stelle tot ist.""
""Ich will es wahrlich nicht mehr sagen!"" sagte der
kleine Klaus. Aber als da Leute vorbeikamen und ihm
guten Tag zunickten, wurde er sehr erfreut und dachte,
es sehe doch recht gut aus, daß er fünf Pferde habe,
sein Feld zu pflügen, und da klatschte er mit der
Peitsche und rief: ""Hü, alle meine Pferde!""
""Ich werde deine Pferde hüten!"" sagte der große Klaus,
nahm einen Hammer und schlug des kleinen Klaus
einziges Pferd vor den Kopf, daß es umfiel und tot
war.
""Ach nun habe ich gar kein Pferd mehr!"" sagte der
kleine Klaus und fing an zu weinen. Später zog er dem
Pferde die Haut ab und ließ sie gut im Winde trocknen,
steckte sie dann in einen Sack, den er auf die Schulter

warf, und machte sich nach der Stadt auf den Weg, um
seine Pferdehaut zu verkaufen.
Er hatte einen sehr weiten Weg zu gehen, mußte durch
einen großen, dunklen Wald, und nun wurde es
gewaltig schlechtes Wetter. Er verirrte sich gänzlich,
und ehe er wieder auf den rechten Weg kam, war es
Abend und allzu weit, um zur Stadt oder wieder nach
Hause zu gelangen, bevor es Nacht wurde.
Dicht am Wege lag ein großer Bauernhof; die
Fensterladen waren draußen vor den Fenstern
geschlossen, aber das Licht konnte doch darüber
ich wohl Erlaubnis
hinausscheinen. ""Da werde
erhalten können, die Nacht über zu bleiben,"" dachte
der kleine Klaus und klopfte an.
Die Bauersfrau machte auf; als sie aber hörte, was er
wollte, sagte sie, er solle weitergehen, ihr Mann sei
nicht zu Hause, und sie nehme keine Fremden herein.
""Nun, so muß ich draußen liegenbleiben,"" sagte der
kleine Klaus, und die Bauersfrau schlug ihm die Tür
vor der Nase zu.
Dicht daneben stand ein großer Heuschober, und
zwischen diesem und dem Wohnhaus war ein kleiner
Geräteschuppen mit einem flachen Strohdache gebaut.
""Da oben kann ich liegen,"" sagte der kleine Klaus, als
er das Dach erblickte; ""das ist ja ein herrliches Bett.
Der Storch fliegt wohl nicht herunter und beißt mich in
die Beine."" Denn ein Storch hatte sein Nest auf dem
Dache.
Nun kroch der kleine Klaus auf den Schuppen hinauf,
streckte sich hin und drehte sich, um recht gut zu
liegen. Die hölzernen Laden vor den Fenstern
schlossen oben nicht zu, und so konnte er gerade in die
Stube hineinblicken.
Da war ein großer Tisch gedeckt, mit Wein und Braten
und einem herrlichen Fisch darauf; die Bauersfrau und
der Küster saßen bei Tische und sonst niemand anders,
sie schenkte ihm ein, und er gabelte in den Fisch, denn
das war sein Leibgericht.
""Wer doch etwas davon abbekommen könnte!"" dachte
der kleine Klaus und streckte den Kopf gerade gegen
das Fenster. Einen herrlichen Kuchen sah er auch im
Zimmer stehen! Ja, das war ein Fest!
Nun hörte er jemand von der Landstraße her gegen das
Haus reiten; das war der Mann der Bauersfrau, der
nach Hause kam.

in

eine

große,

Das war ein ganz guter Mann, aber er hatte die
wunderliche Eigenheit, daß er es nie ertragen konnte,
einen Küster zu sehen; kam ihm ein Küster vor die
Augen, so wurde er ganz rasend. Deshalb war es auch,
daß der Küster zu seiner Frau hineingegangen war, um
ihr guten Tag zu sagen, weil er wußte, daß der Mann
nicht zu Hause sei, und die gute Frau setzte ihm dafür
das herrlichste Essen vor. Als sie nun den Mann
kommen hörten, erschraken sie sehr, und die Frau bat
den Küster,
leere Kiste
hineinzukriechen, denn er wußte ja, daß der arme
Mann es nicht ertragen konnte, einen Küster zu sehen.
Die Frau versteckte geschwind all das herrliche Essen
und den Wein in ihrem Backofen, denn hätte der Mann
das zu sehen bekommen, so hätte er sicher gefragt,
was es zu bedeuten habe.
""Ach ja!"" seufzte der kleine Klaus oben auf seinem
Schuppen, als er all das Essen verschwinden sah.
""Ist jemand dort oben?"" fragte der Bauer und sah nach
dem kleinen Klaus hinauf. ""Warum liegst du dort?
Komm lieber mit in die Stube.""
Nun erzählte der kleine Klaus, wie er sich verirrt habe,
und bat, daß er die Nacht über bleiben dürfe.
""Ja freilich,"" sagte der Bauer, ""aber wir müssen zuerst
etwas zu leben haben!""
Die Frau empfing beide sehr freundlich, deckte einen
langen Tisch und gab ihnen eine große Schüssel voll
Grütze. Der Bauer war hungrig und aß mit rechtem
Appetit, aber der kleine Klaus konnte nicht
unterlassen, an den herrlichen Braten, Fisch und
Kuchen, die er im Ofen wußte, zu denken.
Unter den Tisch zu seinen Füßen hatte er den Sack mit
der Pferdehaut gelegt, die er in der Stadt hatte
ihm nicht
verkaufen wollen. Die Grütze wollte
schmecken, da trat er auf seinen Sack, und die
trockene Haut im Sacke knarrte laut.
""St!"" sagte der kleine Klaus zu seinem Sacke, trat aber
zu gleicher Zeit wieder darauf; da knarrte es weit
lauter als zuvor.
""Ei, was hast du in deinem Sacke?"" fragte der Bauer
darauf.
""Oh, es ist ein Zauberer,"" sagte der kleine Klaus; ""er
sagt, wir sollen doch keine Grütze essen, er habe den
ganzen Ofen voll Braten, Fische und Kuchen gehext.""
""Ei der tausend!"" sagte der Bauer und machte schnell
den Ofen auf, wo er all die prächtigen, leckeren
Speisen erblickte, die nach seiner Meinung der
Zauberer im Sack für sie gehext hatte. Die Frau durfte
nichts sagen, sondern setzte sogleich die Speisen auf

den Tisch, und so aßen beide vom Fische, vom Braten
und von dem Kuchen. Nun trat der kleine Klaus
wieder auf seinen Sack, daß die Haut knarrte.
""Was sagt er jetzt?"" fragte der Bauer.
""Er sagt,"" erwiderte der kleine Klaus, ""daß er auch drei
Flaschen Wein für uns gehext hat; sie stehen dort in
der Ecke beim Ofen!"" Nun mußte die Frau den Wein
hervorholen, den sie verborgen hatte, und der Bauer
trank und wurde lustig. Einen solchen Zauberer, wie
der kleine Klaus im Sacke hatte, hätte er gar zu gern
gehabt.
""Kann er auch den Teufel hervorhexen?"" fragte der
Bauer. ""Ich möchte ihn wohl sehen, denn nun bin ich
lustig!""
""Ja,"" sagte der kleine Klaus, ""mein Zauberer kann
alles, was ich verlange. Nicht wahr, du?"" fragte er und
trat auf den Sack, daß es knarrte. ""Hörst du? Er sagt ja!
Aber der Teufel sieht häßlich aus, wir wollen ihn
lieber nicht sehen!""
""Oh, mir ist gar nicht bange; wie mag er wohl
aussehen?""
""Ja, er wird sich ganz leibhaftig als ein Küster zeigen!""
""Hu!"" sagte der Bauer, ""das ist häßlich! Ihr müßt
wissen, ich kann nicht ertragen, einen Küster zu sehen!
Aber es macht nichts, ich weiß ja, daß es der Teufel
ist, so werde ich mich wohl leichter darein finden! Nun
habe ich Mut, aber er darf mir nicht zu nahe kommen.""
""Ich werde meinen Zauberer fragen,"" sagte der kleine
Klaus, trat auf den Sack und hielt sein Ohr hin.
""Was sagt er?""
""Er sagt, Ihr könnt hingehen und die Kiste aufmachen,
die dort in der Ecke steht, so werdet Ihr den Teufel
sehen, wie er darin kauert; aber Ihr müßt den Deckel
halten, daß er nicht entwischt.""
""Wollt Ihr mir helfen, ihn zu halten?"" bat der Bauer
und ging zu der Kiste hin, wo die Frau den Küster
verborgen hatte, der darin saß und sich sehr fürchtete.
Der Bauer öffnete den Deckel ein wenig und sah unter
ihn hinein. ""Hu!"" schrie er und sprang zurück. ""Ja, nun
habe ich ihn gesehen, er sah ganz aus wie unser
Küster! Das war schrecklich!""
Darauf mußte getrunken werden, und so tranken sie
denn noch lange in die Nacht hinein.
""Den Zauberer mußt du mir verkaufen,"" sagte der
Bauer; ""verlange dafür, was du willst! Ja, ich gebe dir
gleich einen ganzen Scheffel Geld!""
""Nein, das kann ich nicht!"" sagte der kleine Klaus.
""Bedenke doch, wieviel Nutzen ich von diesem
Zauberer haben kann.""

""Ach, ich möchte ihn sehr gern haben,"" sagte der
Bauer und fuhr fort zu bitten.
""Ja,"" sagte der kleine Klaus zuletzt, ""da du so gut
gewesen bist, mir diese Nacht Obdach zu gewähren, so
mag es sein. Du sollst den Zauberer für einen Scheffel
Geld haben, aber ich will den Scheffel gehäuft voll
haben.""
""Das sollst du bekommen,"" sagte der Bauer, ""aber die
Kiste dort mußt du mit dir nehmen; ich will sie nicht
eine Stunde länger im Hause behalten; man kann nicht
wissen, vielleicht sitzt er noch darin.""
Der kleine Klaus gab dem Bauer seinen Sack mit der
trocknen Haut darin und bekam einen ganzen Scheffel
Geld, gehäuft gemessen, dafür. Der Bauer schenkte
ihm sogar noch einen großen Karren, um das Geld und
die Kiste darauf fortzufahren.
""Lebe wohl!"" sagte der kleine Klaus. Dann fuhr er mit
seinem Gelde und der großen Kiste, worin noch der
Küster saß, davon.
Auf der andem Seite des Waldes war ein großer, tiefer
Fluß; das Wasser floß so reißend darin, daß man kaum
gegen den Strom anschwimmen konnte; man hatte
eine große, neue Brücke darüber geschlagen; der
kleine Klaus hielt mitten auf ihr an und sagte ganz
laut, damit der Küster in der Kiste es hören könne:
""Was soll ich doch mit der dummen Kiste machen? Sie
ist so schwer, als ob Steine drin wären! Ich werde nur
müde davon, sie weiterzufahren; ich will sie in den
Fluß werfen; schwimmt sie zu mir nach Hause, so ist
es gut, wo nicht, so hat es auch nichts zu sagen.""
Darauf faßte er die Kiste mit der einen Hand an und
hob sie ein wenig auf, gerade als ob er sie in das
Wasser werfen wollte.
""Nein, laß das sein!"" rief der Küster innerhalb der
Kiste. ""Laß mich erst heraus!""
""Hu!"" sagte der kleine Klaus und tat, als fürchte er
sich. ""Er sitzt noch darin! Da muß ich ihn geschwind
in den Fluß werfen, damit er ertrinkt!""
""O nein, o nein!"" sagte der Küster; ""ich will dir einen
ganzen Scheffel Geld geben, wenn du mich gehen
läßt!""
""Ja, das ist etwas anderes!"" sagte der kleine Klaus und
machte die Kiste auf. Der Küster kroch schnell heraus,
stieß die leere Kiste in das Wasser hinaus und ging
nach seinem Hause, wo der kleine Klaus einen ganzen
Scheffel Geld bekam; einen hatte er von dem Bauer
erhalten, nun hatte er also seinen ganzen Karren voll
Geld.
""Sieh, das Pferd erhielt ich ganz gut bezahlt!"" sagte er

zu sich selbst, als er zu Hause in seiner eigenen Stube
war und alles Geld auf einen Berg mitten in der Stube
ausschüttete. ""Das wird den großen Klaus ärgern,
wenn er erfährt, wie reich ich durch ein einziges Pferd
geworden bin; aber ich will es ihm doch licht
geradeheraus sagen!""
Nun sandte er einen Knaben zum großen Klaus hin,
um sich ein Scheffelmaß zu leihen.
""Was mag er wohl damit machen wollen?"" dachte der
große Klaus und schmierte Teer auf den Boden, damit
von dem, was gemessen wurde, etwas daran hängen
bleiben könnte. Und so kam es auch; denn als er das
Scheffelmaß zurückerhielt, hingen drei Taler daran.
""Was ist das?"" sagte der große Klaus und lief sogleich
zu dem kleinen. ""Wo hast du all das Geld
bekommen?""
""Oh, das ist für meine Pferdehaut! Ich verkaufte sie
gestern abend.""
""Das war wahrlich gut bezahlt!"" sagte der große Klaus,
lief geschwind nach Hause, nahm eine Axt und schlug
alle seine vier Pferde vor den Kopf, zog ihnen die Haut
ab und fuhr mit diesen Häuten zur Stadt.
""Häute! Häute! Wer will Häute kaufen?"" rief er durch
die Straßen.
Alle Schuhmacher und Gerber kamen gelaufen und
fragten, was er dafür haben wolle.
""Einen Scheffel Geld für jede,"" sagte der große Klaus.
""Bist du toll?"" riefen alle. ""Glaubst du, wir haben das
Geld scheffelweise?""
""Häute! Häute! Wer will Häute kaufen?"" rief er
wieder, aber allen denen, die ihn fragten, was die
Häute kosten sollten erwiderte er: ""Einen Scheffel
Geld.""
""Er will uns foppen,"" sagten alle, und da nahmen die
Schuhmacher ihre Spannriemen und die Gerber ihre
Schurzfelle und fingen an, auf den großen Klaus
loszuprügeln.
""Häute! Häute!"" riefen sie ihm nach; ""ja, wir wollen
dir die Haut gerben! Hinaus aus der Stadt mit ihm!""
riefen sie, und der große Klaus mußte laufen, was er
nur konnte. So war er noch nie durchgeprügelt worden.
""Na,"" sagte er, als er nach Hause kam, ""dafür soll der
kleine Klaus bestraft werden!
ihn
totschlagen!""
Zu Hause beim kleinen Klaus war die alte Großmutter
gestorben; sie war freilich recht böse und schlimm
gegen ihn gewesen, aber er war doch betrübt, nahm die
tote Frau und legte sie in sein warmes Bett, um zu
sehen, ob sie nicht zum Leben zurückkehren werde.

Ich will

Da sollte sie die ganze Nacht liegen, er selbst wollte
im Winkel sitzen und auf einem Stuhle schlafen; das
hatte er schon früher getan.
Als er in da in der Nacht saß, ging die Tür auf, und der
große Klaus kam mit einer Axt herein; er wußte wohl,
wo des kleinen Klaus Bett stand, ging gerade darauf
los und schlug nun die alte Großmutter vor den Kopf,
denn er glaubte, daß der kleine Klaus dort in seinem
Bett liege.
""Sieh,"" sagte er, ""nun sollst du mich nicht mehr zum
besten haben!"" Und dann ging er wieder nach Hause.
""Das ist doch ein recht böser Mann!"" sagte der kleine
Klaus; ""da wollte er mich totschlagen! Es war doch gut
für die alte Mutter, daß sie schon tot war, sonst hätte er
ihr das Leben genommen!""
Nun legte er der alten Großmutter Sonntagskleider an,
lieh sich von dem Nachbar ein Pferd, spannte es vor
den Wagen und setzte die alte Großmutter auf den
hintersten Sitz, so daß sie nicht hinausfallen konnte,
wenn er fuhr, und so rollten sie von dannen durch den
Wald. Als die Sonne aufging, waren sie vor einem
großen Wirtshause, da hielt der kleine Klaus an und
ging hinein, um etwas zu genießen.
Der Wirt hatte sehr viel Geld, er war auch ein recht
guter, aber hitziger Mann, als wären Pfeffer und Tabak
in ihm.
""Guten Morgen!"" sagte er zum kleinen Klaus. ""Du bist
heute früh ins Zeug gekommen!""
""Ja,"" sagte der kleine Klaus, ""ich will mit meiner
Großmutter zur Stadt; sie sitzt draußen auf dem
Wagen, ich kann sie nicht in die Stube hereinbringen.
Wollt Ihr der Alten nicht ein Glas Kümmel geben?
Aber Ihr müßt recht laut sprechen, denn sie hört nicht
gut.""
""Ja, das will ich tun!"" sagte der Wirt und schenkte ein
großes Glas Kümmel ein, mit dem er zur toten
Großmutter hinausging, die in dem Wagen aufrecht
gesetzt war.
""Hier ist ein Glas Kümmel von Ihrem Sohne!"" sagte
der Wirt, aber die tote Frau erwiderte kein Wort,
sondern saß ganz still und teilnahmslos, als ob sie alles
nichts anginge.
""Hört Ihr nicht?"" rief der Wirt, so laut er konnte. ""Hier
ist ein Glas Kümmel von Ihrem Sohne!""
Noch einmal rief er und dann noch einmal, aber da sie
sich durchaus nicht rührte, wurde er ärgerlich und warf
ihr das Glas in das Gesicht, so daß ihr der Kümmel
gerade über die Nase lief und sie hintenüber fiel, denn
sie war nur aufgesetzt und nicht festgebunden.

""Heda!"" rief der kleine Klaus, sprang zur Tür heraus
und packte den Wirt an der Brust, ""da hast du meine
Großmutter erschlagen! Siehst du, da ist ein großes
Loch in ihrer Stirn!""
""Oh, das ist ein Unglück!"" rief der Wirt und schlug die
Hände über dem Kopfe zusammen; ""das kommt alles
von meiner Heftigkeit! Lieber, kleiner Klaus, ich will
dir einen Scheffel Geld geben und deine Großmutter
begraben lassen, als wäre es meine eigene, aber
schweige nur still, sonst wird mir der Kopf
abgeschlagen, und das wäre mir unangenehm.""
So bekam der kleine Klaus einen ganzen Scheffel
Geld, und der Wirt begrub die alte Großmutter so, als
ob es seine eigene gewesen wäre.
Als nun der kleine Klaus wieder mit dem vielen Gelde
nach Hause kam, schickte er gleich seinen Knaben
hinüber zum großen Klaus, um ihn bitten zu lassen,
ihm ein Scheffelmaß zu leihen.
""Was ist das?"" sagte der große Klaus. ""Habe ich ihn
nicht totgeschlagen? Da muß ich selbst nachsehen!""
Und so ging er selbst mit dem Scheffelmaß zum
kleinen Klaus.
""Wo hast du doch all das Geld bekommen?"" fragte er
und riß die Augen auf, als er alles das erblickte, was
noch hinzugekommen war.
""Du hast meine Großmutter, aber nicht mich
erschlagen!"" sagte der kleine Klaus. ""Die habe ich nun
verkauft und einen Scheffel Geld dafür bekommen!""
""Das ist wahrlich gut bezahlt!"" sagte der große Klaus,
eilte nach Hause, nahm eine Axt und schlug seine alte
Großmutter tot, legte sie auf den Wagen, fuhr mit ihr
zur Stadt, wo der Apotheker wohnte, und fragte, ob er
einen toten Menschen kaufen wollte.
""Wer ist es, und woher habt Ihr ihn?"" fragte der
Apotheker.
""Es ist meine Großmutter!"" sagte der große Klaus. ""Ich
habe sie totgeschlagen, um einen Scheffel Geld dafür
zu bekommen!""
""Gott bewahre uns!"" sagte der Apotheker. ""Ihr redet
irre! Sagt doch nicht dergleichen, sonst könnt Ihr den
Kopf verlieren!"" Und nun sagte er ihm gehörig, was
das für eine böse Tat sei, die er begangen habe und
was für ein schlechter Mensch er sei und daß er
bestraft werden müsse. Da erschrak der große Klaus so
sehr, daß er von der Apotheke gerade in den Wagen
sprang und auf die Pferde schlug und nach Hause fuhr;
aber der Apotheker und alle Leute glaubten, er sei
verrückt, und deshalb ließen sie ihn fahren, wohin er
wollte.

""Das sollst du mir bezahlen!"" sagte der große Klaus,
als er draußen auf der Landstraße war, ""ja, ich will
dich bestrafen, kleiner Klaus!"" Sobald er nach Hause
kam, nahm er den größten Sack, den er finden konnte,
ging hinüber zum kleinen Klaus und sagte: ""Nun hast
du mich wieder gefoppt; erst schlug ich meine Pferde
tot, dann meine alte Großmutter; das ist alles deine
Schuld; aber du sollst mich nie mehr foppen!"" Da
packte er den kleinen Klaus um den Leib und steckte
ihn in seinen Sack, nahm ihn so auf seinen Rücken und
rief ihm zu: ""Nun gehe ich und ertränke dich!""
Es war ein weiter Weg, den er zu gehen hatte, bevor er
zu dem Flusse kam, und der kleine Klaus war nicht
leicht zu tragen. Der Weg ging dicht bei der Kirche
vorbei; die Orgel ertönte, und die Leute sangen schön
darinnen. Da setzte der große Klaus seinen Sack mit
dem kleinen Klaus darin dicht bei der Kirchtür nieder
und dachte, es könne wohl ganz gut
sein,
hineinzugehen und einen Psalm zu hören, ehe er
ja nicht
weitergehe; der kleine Klaus konnte
herauskommen, und alle Leute waren in der Kirche. So
ging er denn hinein.
""Ach Gott, ach Gott!"" seufzte der kleine Klaus im
Sack und drehte und wandte sich, aber es war ihm
nicht möglich, das Band aufzulösen. Da kam ein alter,
alter Viehtreiber daher, mit schneeweißem Haar und
einem großen Stab in der Hand; er trieb eine ganze
Herde Kühe und Stiere vor sich her, die liefen an den
Sack, in dem der kleine Klaus saß, so daß er
umgeworfen wurde.
""Ach Gott!"" seufzte der kleine Klaus, ""ich bin noch so
jung und soll schon ins Himmelreich!""
""Und ich Armer,"" sagte der Viehtreiber, ""ich bin schon
so alt und kann noch immer nicht dahin kommen!""
""Mache den Sack auf!"" rief der kleine Klaus. ""Krieche
statt meiner hinein, so kommst du sogleich ins
Himmelreich!""
""Ja, das will ich herzlich gern,"" sagte der Viehtreiber
und band den Sack auf, aus dem der kleine Klaus
sogleich heraussprang.
""Willst du nun auf das Vieh achtgeben?"" fragte der
alte Mann. Dann kroch er in den Sack hinein, der
kleine Klaus band den Sack wieder zu und zog dann
mit allen Kühen und Stieren seines Weges.
Bald darauf kam der große Klaus aus der Kirche. Er
nahm seinen Sack wieder auf den Rücken, obgleich es
ihm schien, als sei der leichter geworden, denn der alte
Viehtreiber war nur halb so schwer wie der kleine
Klaus. ""Wie leicht ist er doch zu tragen geworden! Ja,

das kommt daher, daß ich einen Psalm gehört habe!""
So ging er nach dem Flusse, der tief und groß war,
warf den Sack mit dem alten Viehtreiber ins Wasser
und rief hintendrein, denn er glaubte ja, daß es der
kleine Klaus sei: ""Sieh, nun sollst du mich nicht mehr
foppen!""
Darauf ging er nach Hause; aber als er an die Stelle
kam, wo die Wege sich kreuzten, begegnete er ganz
unerwartet dem kleinen Klaus, der all sein Vieh
dahertrieb.
""Was ist das?"" fragte der große Klaus. ""Habe ich dich
nicht vor kurzer Zeit ertränkt?""
""Ja,"" sagte der kleine Klaus, ""du warfst mich ja vor
einer halben Stunde in den Fluß hinunter!""
""Aber wo hast du all das herrliche Vieh bekommen?""
fragte der große Klaus.
""Das ist Seevieh!"" sagte der kleine Klaus. ""Ich will dir
die Geschichte erzählen und dir Dank sagen, daß du
mich ertränktest, denn nun bin ich reich! Mir war
bange, als ich im Sacke steckte, und der Wind pfiff mir
um die Ohren, als du mich von der Brücke hinunter in
das kalte Wasser warfst. Ich sank sogleich zu Boden,
aber ich stieß mich nicht, denn da unten wächst das
schönste, weiche Gras. Darauf fiel ich, und sogleich
wurde der Sack geöffnet, und das lieblichste Mädchen,
in schneeweißen Kleidern und mit einem grünen
Kranz um das Haar, nahm mich bei der Hand und
sagte: 'Bist du da, kleiner Klaus? Da hast du zuerst
einiges Vieh; eine Meile weiter auf dem Wege steht
noch eine ganze Herde, die ich dir schenken will!' Nun
sah ich, daß der Fluß eine große Landstraße für das
Meervolk bildete. Unten auf dem Grunde gingen und
fuhren sie gerade von der See her und ganz hinein in
das Land, bis wo der Fluß endet. Da waren die
schönsten Blumen und das frischeste Gras; die Fische
schossen mir an den Ohren vorüber, geradeso wie hier
die Vögel in der Luft. Was gab es da für hübsche
Leute, und was war da für Vieh, das an den Gräben
und Wällen weidete!""
""Aber warum bist du gleich wieder zu uns
heraufgekommen?"" fragte der große Klaus. ""Das hätte
ich bestimmt nicht getan, wenn es so schön dort unten
ist.""
""Ja,"" sagte der kleine Klaus, ""das ist gerade klug von
mir gehandelt. Du hörst ja wohl, daß ich dir erzähle:
Die Seejungfrau sagte mir, eine Meile weiter auf dem
Wege ? und mit dem Wege meinte sie ja den Fluß,
denn sie kann nirgends Anders hinkommen ? stehe
noch eine ganze Herde Vieh für mich. Aber ich weiß,

was der Fluß für Krümmungen macht, bald hier, bald
dort, das ist ein weiter Umweg. Nein, so macht man es
kürzer ab, wenn man hier auf das Land kommt und
treibt querüber wieder zum Flusse; dabei spare ich eine
halbe Meile und komme schneller zu meinem Vieh!""
""Oh, du bist ein glücklicher Mann!"" sagte der große
Klaus. ""Glaubst du, daß ich auch Seevieh erhielte,
wenn ich einmal tief bis auf den Grund des Flusses
käme?""
""Ja, das denke ich wohl,"" sagte der kleine Klaus, ""aber
ich kann dich nicht im Sacke zum Flusse tragen, du
bist mir zu schwer! Willst du selbst dahingehen und
dann in den Sack kriechen, so werde ich dich mit dem
größten Vergnügen hineinwerfen.""
""Ich danke dir,"" sagte der große Klaus. ""Aber erhalte
ich kein Seevieh, wenn ich hinunterkomme, so glaube
mir, werde ich dich so prügeln, wie du noch nie
geprügelt worden bist.""
""Oh nein, mache es nicht so schlimm!"" Und da gingen
sie zum Flusse hin. Als das Vieh Wasser erblickte, lief
es, so schnell es nur konnte, durstig hinunter zum
Trinken.
""Sieh, wie es sich sputet!"" sagte der kleine Klaus. ""Es
verlangt danach, wieder auf den Grund zu kommen!""
""Ja, hilf mir nur erst,"" sagte der große Klaus, ""sonst
bekommst du Prügel!"" Und so kroch er in den großen
Sack, der quer über dem Rücken eines der Stiere
gelegen hatte. ""Lege einen Stein hinein, ich fürchte,
daß ich sonst nicht untersinke,"" sagte der große Klaus.
""Es geht schon!"" sagte der kleine Klaus, legte aber
doch einen großen Stein in den Sack, knüpfte das Band
fest zu, und dann stieß er daran. Plumps! Da lag der
große Klaus in dem Flusse und sank sogleich hinunter
auf den Grund.
""Ich fürchte, er wird das Vieh nicht finden! Aber er
zwang mich ja dazu!"" sagte der kleine Klaus und trieb
dann heim mit dem, was er hatte.

* * *"	1835_Andersen_Original_Andersen_Der_kleine_Klaus_und_der_grosse_Klaus.txt	/content/drive/MyDrive/Märchen-Seminar/Korpus/Andersen/Original/1835_Andersen_Original_Andersen_Der_kleine_Klaus_und_der_grosse_Klaus.txt	neutral
Andersen	Original	1841	Andersen	Original	Andersen	Der Schweinehirt	"Der Schweinehirt

Es war einmal ein armer Prinz; er hatte nur ein ganz
kleines Königreich; aber es war immer groß genug, um
sich darauf zu verheiraten, und verheiraten wollte er
sich.
Nun war es freilich etwas keck von ihm, daß er zur
Tochter des Kaisers zu sagen wagte: ""Willst du mich
haben?"" Aber er wagte es doch, denn sein Name war
weit und breit berühmt; es gab hundert Prinzessinnen,
die gerne ja gesagt hätten; aber ob sie es tat? Nun, wir
wollen hören.
Auf dem Grabe des Vaters des Prinzen wuchs ein
Rosenstrauch, ein herrlicher Rosenstrauch; der blühte
nur jedes fünfte Jahr und trug dann auch nur die
einzige Blume; aber das war eine Rose, die duftete so
süß, daß man alle seine Sorgen und seinen Kummer
vergaß, wenn man daran roch. Der Prinz hatte auch
eine Nachtigall, die konnte singen, als ob alle schönen
Melodien in ihrer Kehle säßen. Diese Rose und die
Nachtigall sollte die Prinzessin haben, und deshalb
wurden sie beide in große silberne Behälter gesetzt
und ihr zugesandt.
Der Kaiser ließ sie vor sich her in den großen Saal
tragen, wo die Prinzessin war und mit ihren Hofdamen
""Es kommt Besuch"" spielte. Als sie die großen
Behälter mit den Geschenken erblickte, klatschte sie
vor Freude in die Hände. ""Wenn es doch eine kleine
Miezekatze wäre!"" sagte sie, aber da kam der
Rosenstrauch mit der herrlichen Rose hervor.
""Wie niedlich sie gemacht ist!"" sagten alle Hofdamen.
""Sie ist mehr als niedlich,"" sagte der Kaiser, ""sie ist
schön!""
Aber die Prinzessin befühlte sie, und da war sie nahe
daran, zu weinen.
""Pfui, Papa!"" sagte sie, ""sie ist nicht künstlich, sie ist
natürlich!""
""Pfui,"" sagten alle Hofdamen, ""sie ist natürlich!""
""Laßt uns nun erst sehen, was in dem andern Behälter
ist, ehe wir böse werden!"" meinte der Kaiser, und da
kam die Nachtigall heraus, die so schön sang, daß man
nicht gleich etwas Böses gegen sie vorbringen konnte.
""Superbe! Charmant!"" sagten die Hofdamen; denn sie
plauderten alle französisch, eine immer ärger als die
andere.
""Wie der Vogel mich an die Spieldose der seligen
Kaiserin erinnert!"" sagte ein alter Kavalier; ""ach ja,

das ist derselbe Ton, derselbe Vortrag!""
""Ja!"" sagte der Kaiser, und dann weinte er wie ein
kleines Kind.
""Es wird doch hoffentlich kein natürlicher sein?"" sagte
die Prinzessin.
""Ja, es ist ein natürlicher Vogel!"" sagten die Boten, die
ihn gebracht hatten.
""So laßt den Vogel fliegen,"" sagte die Prinzessin, und
sie wollte nicht gestatten, daß der Prinz käme.
Aber dieser ließ sich nicht einschüchtern. Er bemalte
sich das Antlitz mit Braun und Schwarz, drückte die
Mütze tief über den Kopf und klopfte an.
""Guten Tag, Kaiser!"" sagte er. ""Könnte ich nicht hier
auf dem Schlosse einen Dienst bekommen?""
""Jawohl!"" sagte der Kaiser. ""Ich brauche jemand, der
die Schweine hüten kann, denn deren haben wir viele.""
So wurde der Prinz angestellt als kaiserlicher
Schweinehirt. Er bekam eine
jämmerlich kleine
Kammer unten bei den Schweinen, und da mußte er
bleiben; aber den ganzen Tag saß er und arbeitete, und
als es Abend war, hatte er einen niedlichen, kleinen
Topf gemacht. Rings um ihn waren Schellen, und
sobald der Topf kochte, klingelten sie und spielten die
schöne Melodie:
""Ach, du lieber Augustin,
Alles ist hin, hin, hin!""
Aber das Allerkünstlichste war, daß, wenn man den
Finger in den Dampf des Topfes hielt, man sogleich
riechen konnte, welche Speisen auf jedem Feuerherd
in der Stadt zubereitet wurden. Das war wahrlich
etwas ganz anderes als die Rose!
Nun kam die Prinzessin mit allen ihren Hofdamen
daherspaziert, und als sie die Melodie hörte, blieb sie
stehen und sah ganz erfreut aus, denn sie konnte auch
""Ach, du lieber Augustin"" spielen. Das war das
einzige, was sie konnte, aber das spielte sie mit einem
Finger.
""Das ist ja das, was ich kann!"" sagte sie. ""Dann muß es
ein gebildeter Schweinehirt sein! Höre, gehe hinunter
und frage ihn, was das Instrument kostet!""
Da mußte eine der Hofdamen hineingehen.
Aber sie zog Holzpantoffeln an.
""Was willst du für den Topf haben?"" fragte die
Hofdame.
""Zehn Küsse von der Prinzessin!""

sagte der

tue

ich es nicht!"" anwortete der

Schweinehirt.
""Gott bewahre uns!"" sagte die Hofdame.
""Ja, anders
Schweinehirt.
""Er ist unartig!"" sagte die Prinzessin, und dann ging
sie; aber als sie ein kleines Stück gegangen war,
erklangen die Schellen so lieblich:
""Ach, du lieber Augustin,
Alles ist hin, hin, hin!""
""Höre,"" sagte die Prinzessin, ""frage ihn, ob er zehn
Küsse von meinen Hofdamen will!""
""Ich danke schön,"" sagte der Schweinehirt; ""zehn
Küsse von der Prinzessin, oder ich behalte meinen
Topf.""
""Was ist das doch für eine langweilige Geschichte!""
sagte die Prinzessin. ""Aber dann müßt ihr vor mir
stehen, damit es niemand sieht!""
Die Hofdamen stellten sich davor und breiteten ihre
Kleider aus, und da bekam der Schweinehirt zehn
Küsse, und sie erhielt den Topf.
Nun, das war eine Freude! Den ganzen Abend und den
ganzen Tag mußte der Topf kochen; es gab nicht einen
Feuerherd in der ganzen Stadt, von dem sie nicht
wußten, was darauf gekocht wurde, sowohl beim
Kammerherrn wie beim Schuhflicker. Die Hofdamen
tanzten und klatschten in die Hände.
""Wir wissen, wer süße Suppe und Eierkuchen essen
wird, wir wissen, wer Grütze und Braten bekommt!
Wie schön ist doch das!""
""Ja, aber haltet reinen Mund, denn ich bin des Kaisers
Tochter!""
""Jawohl, jawohl!"" sagten alle.
Der Schweinehirt, das heißt der Prinz ? aber sie
wußten es ja nicht anders, als daß er ein wirklicher
Schweinehirt sei ?, ließ die Tage nicht verstreichen,
ohne etwas zu tun, und da machte er eine Knarre.
Wenn man diese herumschwang, erklangen alle die
Walzer und Hopser, die man von Erschaffung der Welt
an kannte.
'Ach, das ist superbe', sagte die Prinzessin, indem sie
vorbeiging. ""Ich habe nie eine schönere Musik gehört!
Höre, gehe hinein und frage ihn, was das Instrument
kostet, aber ich küsse nicht wieder!""
""Er will hundert Küsse von der Prinzessin haben!""
sagte die Hofdame, die hineingegangen war, um zu
fragen.
""Ich glaube, er ist verrückt!"" sagte die Prinzessin, und
dann ging sie; aber als sie ein kleines Stück gegangen
war, blieb sie stehen. ""Man muß die Kunst

treiben;

ich werde wohl zu

aufmuntern,"" sagte sie; ""ich bin des Kaisers Tochter!
Sage ihm, er soll wie neulich zehn Küsse haben; den
Rest kann er von meinen Hofdamen nehmen!""
""Ach, aber wir tun es ungern!"" sagten die Hofdamen.
""Das ist Geschwätz,"" sagte die Prinzessin, ""wenn ich
ihn küssen kann, dann könnt ihr es auch; bedenkt, ich
gebe euch Kost und Lohn!"" Da mußten die Hofdamen
wieder zu ihm hineingehen.
""Hundert Küsse von der Prinzessin,"" sagte er, ""oder
jeder behält das Seine!""
""Stellt euch davor!"" sagte sie dann, und da stellten sich
alle Hofdamen davor, und nun küßte er.
für ein Auflauf beim
""Was mag das wohl
Schweinestall sein?"" fragte der Kaiser, der auf den
Balkon hinausgetreten war. Er rieb sich die Augen und
setzte die Brille auf. ""Das sind ja die Hofdamen, die da
ihr Wesen
ihnen
hinuntergehen müssen!""
Potztausend, wie er sich sputete!
Sobald er in den Hof hinunterkam, ging er ganz leise,
und die Hofdamen hatten so viel damit zu tun, die
Küsse zu zählen, damit es ehrlich zugehen möge, daß
sie den Kaiser gar nicht bemerkten. Er erhob sich hoch
auf den Zehen.
""Was ist das?"" sagte er, als er sah, daß sie sich küßten;
und dann schlug er seine Tochter mit einem Pantoffel
auf den Kopf, gerade als der Schweinehirt den
sechsundachtzigsten Kuß erhielt.
""Fort mit euch!"" sagte der Kaiser, denn er war böse,
und sowohl die Prinzessin wie der Schweinehirt
mußten sein Kaiserreich verlassen.
Da stand sie nun und weinte, der Schweinehirt schalt,
und der Regen strömte hernieder.
""Ach, ich elendes Geschöpf,"" sagte die Prinzessin,
""hätte ich doch den schönen Prinzen genommen! Ach,
wie unglücklich bin ich!""
Der Schweinehirt aber ging hinter einen Baum,
wischte sich das Schwarze und Braune aus seinem
Antlitz, warf die schlechten Kleider von sich und trat
nun in seiner Prinzentracht hervor, so schön, daß die
Prinzessin sich verneigen mußte.
""Ich bin dahin gekommen, dich zu verachten!"" sagte
er. ""Du wolltest keinen ehrlichen Prinzen haben! Du
verstandest dich nicht auf die Rose und die Nachtigall,
aber den Schweinehirten konntest du für eine Spielerei
küssen. Das hast du nun dafür!""
Und dann ging er in sein Königreich hinein; da konnte
sie draußen ihr Lied singen:
""Ach, du lieber Augustin,

Alles ist hin, hin, hin!""

* * *"	1841_Andersen_Original_Andersen_Der_Schweinehirt.txt	/content/drive/MyDrive/Märchen-Seminar/Korpus/Andersen/Original/1841_Andersen_Original_Andersen_Der_Schweinehirt.txt	neutral
Andersen	Original	1837	Andersen	Original	Andersen	Die Prinzessin auf der Erbse	"Die Prinzessin auf der Erbse
Ein Märchen von Hans Christian Andersen

Es war einmal ein Prinz, der wollte eine Prinzessin heiraten. Aber das sollte eine wirkliche Prinzessin sein. Da reiste er in der ganzen Welt herum, um eine solche zu finden, aber überall fehlte etwas. Prinzessinnen gab es genug, aber ob es wirkliche Prinzessinnen waren, konnte er nie herausfinden. Immer war da etwas, was nicht ganz in Ordnung war. Da kam er wieder nach Hause und war ganz traurig, denn er wollte doch gern eine wirkliche Prinzessin haben.
Eines Abends zog ein furchtbares Wetter auf; es blitzte und donnerte, der Regen stürzte herab, und es war ganz entsetzlich. Da klopfte es an das Stadttor, und der alte König ging hin, um aufzumachen.
Es war eine Prinzessin, die draußen vor dem Tor stand. Aber wie sah sie vom Regen und dem bösen Wetter aus! Das Wasser lief ihr von den Haaren und Kleidern herab, lief in die Schnäbel der Schuhe hinein und zum Absatz wieder hinaus. Sie sagte, daß sie eine wirkliche Prinzessin wäre.
'Ja, das werden wir schon erfahren!' dachte die alte Königin, aber sie sagte nichts, ging in die Schlafkammer hinein, nahm alles Bettzeug ab und legte eine Erbse auf den Boden der Bettstelle. Dann nahm sie zwanzig Matratzen, legte sie auf die Erbse und dann noch zwanzig Eiderdaunendecken oben auf die Matratzen.
Hier sollte nun die Prinzessin die ganze Nacht über liegen.
Am Morgen wurde sie gefragt, wie sie gesehlafen hätte.
""Oh, entsetzlich schlecht!"" sagte die Prinzessin. ""Ich habe fast die ganze Nacht kein Auge geschlossen! Gott weiß, was in meinem Bett gewesen ist. Ich habe auf etwas Hartem gelegen, so daß ich am ganzen Körper ganz braun und blau bin! Es ist ganz entsetzlich!""
Daran konnte man sehen, daß sie eine wirkliche Prinzessin war, da sie durch die zwanzig Matratzen und die zwanzig Eiderdaunendecken die Erbse gespürt hatte. So feinfühlig konnte niemand sein außer einer echten Prinzessin.
Da nahm sie der Prinz zur Frau, denn nun wußte er, daß er eine wirkliche Prinzessin gefunden hatte. Und die Erbse kam auf die Kunstkammer, wo sie noch zu sehen ist, wenn sie niemand gestohlen hat.
Seht, das war eine wirkliche Geschichte!"	1837_Andersen_Original_Andersen_Die_Prinzessin_auf_der_Erbse.txt	/content/drive/MyDrive/Märchen-Seminar/Korpus/Andersen/Original/1837_Andersen_Original_Andersen_Die_Prinzessin_auf_der_Erbse.txt	negative
Andersen	Original	1862	Andersen	Original	Andersen	Das kleine Mädchen mit den Schwefelhölzern	"Das Mädchen mit den Schwefelhölzern

Es war entsetzlich kalt; es schneite und war beinahe schon ganz dunkel und Abend, der letzte Abend des Jahres.
In dieser Kälte und Finsterniß ging auf der Straße ein kleines, armes Mädchen, mit bloßem Kopfe und nackten Füßen. Als sie das Haus verließ, hatte sie freilich Pantoffeln angehabt: aber was half das? Es waren sehr große Pantoffeln gewesen, die ihre Mutter bisher benutzt hatte, so groß waren sie. Die Kleine aber verlor dieselben, als sie über die Straße weg huschte, weil zwei Wagen schrecklich schnell vorüberrollten. Der eine Pantoffel war nicht wieder zu finden, den andern hatte ein Junge erwischt und lief damit fort; er meinte, er könne ihn recht gut als Wiege benutzen, wenn er selbst erst Kinder hätte.
Da ging nun das kleine Mädchen mit den kleinen, nackten Füßen, die ganz rot und blau vor Kälte waren. In einer alten Schürze trug sie eine Menge Schwefelhölzer und ein Bund davon in der Hand. Niemand hatte den ganzen langen Tag ihr etwas abgekauft, Niemand ihr einen Pfennig geschenkt.
Zitternd vor Kälte und Hunger schlich sie einher, ein Bild des Jammers, die arme Kleine!
Die Schneeflocken bedeckten ihr langes, blondes Haar, welches in schönen Locken um den Hals fiel; aber daran dachte sie nun freilich nicht.
Aus allen Fenstern glänzten die Lichter, und es roch ganz herrlich nach Gänsebraten: es war ja Sylvesterabend. Ja, daran dachte sie!
In einem Winkel, von zwei Häusern gebildet, von denen das eine etwas mehr vorsprang als das andere, setzte sie sich hin und kauerte sich zusammen. Die kleinen Füße hatte sie an sich gezogen; aber es fror sie noch mehr, und nach Hause zu gehen wagte sie nicht: sie hatte ja keine Schwefelhölzchen verkauft und brachte keinen Pfennig Geld.
Von ihrem Vater würde sie gewiß Schläge bekommen, und zu Hause war es auch kalt; über sich hatten sie nur das Dach, durch welches der Wind pfiff, wenn auch die größten Spalten mit Stroh und Lumpen zugestopft waren.
Ihre kleinen Hände waren beinahe vor Kälte erstarrt.
Ach! ein Schwefelhölzchen konnte ihr gar wohl thun, wenn sie nur ein einziges aus dem Bunde herausziehen, es an die Wand streichen und sich die Finger erwärmen dürfte.
Sie zog eins heraus. Rrscht! wie sprühte, wie brannte es! Es war eine warme, helle Flamme, wie ein Lichtchen, als sie die Hände darüber hielt; es war ein wunderbares Lichtchen! Es schien wirklich dem kleinen Mädchen, als säße sie vor einem großen, eisernen Ofen mit polirten Messingfüßen und einem messingenen Aufsatze. Das Feuer brannte so gesegnet, es wärmte so schön; die Kleine streckte schon die Füße aus, um auch diese zu wärmen; - doch - da erlosch das Flämmchen, der Ofen verschwand, sie hatte nur die kleinen Ueberreste des abgebrannten Schwefelhölzchens in der Hand.
Ein zweites wurde an der Wand abgestrichen; es leuchtete, und wo der Schein auf die Mauer fiel, wurde diese durchsichtig wie ein Schleier: sie konnte in das Zimmer hineinsehen.
Auf dem Tische war ein schneeweißes Tischtuch ausgebreitet, darauf stand glänzendes Porzellangeschirr, und herrlich dampfte die gebratene Gans, mit Aepfeln und getrockneten Pflaumen gefüllt. Und was noch prächtiger anzusehen war: die Gans hüpfte von der Schüssel herunter und wackelte auf dem Fußboden, Messer und Gabel in der Brust, bis zu dem armen Mädchen hin.
Da erlosch das Schwefelhölzchen, und es blieb nur die dicke, feuchtkalte Mauer zurück.
Sie zündete noch ein Hölzchen an. Da saß sie nun unter dem herrlichsten Christbaume; er war noch größer und geputzter als der, den sie durch die Glasthüre bei dem reichen Kaufmanne gesehen hatte. Tausende von Lichterchen brannten auf den grünen Zweigen, und bunte Bilder, wie sie an Schaufenstern zu sehen waren, blickten auf sie herab. Die Kleine streckte ihre Hände danach aus: da erlosch das Schwefelhölzchen.
Die Weihnachtslichter stiegen höher und höher; sie sah sie jetzt als Sterne am Himmel; einer davon fiel herunter und bildete einen langen Feuerstreifen.
""Jetzt stirbt Jemand!"" dachte das kleine Mädchen, denn ihre alte Großmutter, die Einzige, die sie lieb gehabt hatte, und die jetzt gestorben war, hatte ihr erzählt, daß, wenn ein Stern herunterfällt, eine Seele zu Gott emporsteigt.
Sie strich wieder ein Hölzchen an der Mauer ab, es wurde wieder hell, und in dem Glanze stand die alte Großmutter so klar und schimmernd, so mild und liebevoll.
""Großmutter!"" rief die Kleine. ""O! nimm mich mit! Ich weiß, Du entfernst Dich, wenn das Schwefelhölzchen erlischt; Du verschwindest, wie der warme Ofen, wie der herrliche Gänsebraten und der große, prächtige Weihnachtsbaum!""
Und sie strich schnell das ganze Bund Schwefelhölzchen, denn sie wollte die Großmutter recht fest halten.
Und die Schwefelhölzchen leuchteten mit einem solchen Glanze, daß es heller wurde, als mitten am Tage; die Großmutter war nie früher so schön, so groß gewesen; sie nahm das kleine Mädchen auf ihre Arme, und Beide flogen in Glanz und Freude so hoch, so hoch; und dort war weder Kälte, noch Hunger, noch Angst - sie waren bei Gott.
Aber im Winkel an die Mauer gelehnt, saß in der kalten Morgenstunde das arme Mädchen mit rothen Backen und mit lächelndem Munde - erfroren an des alten Jahres letztem Abend.
Die Neujahrssonne ging auf über der kleinen Leiche.
Starr saß das Kind dort mit den Schwefelhölzchen, von denen ein Bund abgebrannt war.
""Sie hat sich erwärmen wollen!"" sagte man.
Niemand ahnte, was sie Schönes gesehen hatte, in welchem Glanze sie mit der Großmutter zur Neujahrsfreude eingegangen war.
"	1862_Andersen_Original_Andersen_Das_kleine_Mädchen_mit_den_Schwefelhölzern.txt	/content/drive/MyDrive/Märchen-Seminar/Korpus/Andersen/Original/1862_Andersen_Original_Andersen_Das_kleine_Mädchen_mit_den_Schwefelhölzern.txt	neutral
Andersen	Original	1835	Andersen	Original	Andersen	Das Feuerzeug	"Das Feuerzeug

Es  kam  ein  Soldat  die  Landstraße  dahermarschiert:
Eins,  zwei!  Eins,  zwei!  Er  hatte  seinen  Tornister  auf
dem Rücken und einen Säbel an der Seite, denn er war
im  Kriege  gewesen  und  wollte  nun  heim.  Da  traf  er
eine  alte  Hexe  auf  dem  Wege.  Sie  war  garstig,  ihre
Unterlippe hing ihr bis auf die Brust hinab. Sie sagte:
""Guten  Abend,  Soldat!  Was  für  einen  schönen  Säbel
du  hast  und  was  für  einen  großen  Tornister!  Du  bist
ein  richtiger  Soldat!  Nun  sollst  du  soviel  Geld
bekommen, wie du haben willst!""
""Schönen Dank, alte Hexe!"" sagte der Soldat.
""Kannst du den großen Baum sehen?"" sagte die Hexe,
und zeigte auf einen Baum, der an der Seite stand. ""Er
ist  innen  ganz  hohl!  Dort  sollst  du  hinaufklettern  bis
zur Spitze; dann siehst du ein Loch, durch welches du
dich  hinabgleiten  lassen  und  tief  in  den  Baum
hinunterkommen  kannst!  Ich  werde  dir  einen  Strick
um  den  Leib  binden,  damit 
ich  dich  wieder
heraufziehen kann, wenn du mich rufst!""
""Was soll ich denn unten im Baum?"" fragte der Soldat.
""Geld holen!"" sagte die Hexe. ""Du mußt wissen, wenn
du  auf  dem  Grund  des  Baumes  ankommst,  so  bist  du
in  einem  großen  Gage;  da  ist  es  ganz  hell,  denn  es
brennen  über  hundert  Lampen  dort.  Dann  siehst  du
drei  Türen.  Du  kannst  sie  aufschließen,  der  Schlüssel
steckt darin. Gehst du in die erste Kammer hinein, so
siehst  du  mitten  auf  dem  Fußboden  eine  große  Kiste,
auf der ein Hund sitzt; er hat ein paar Augen so groß
wie  ein  paar  Teetassen,  doch  darum  sollst  du  dich
nicht  kümmern!  Ich  gebe  dir  meine  blaugewürfelte
Schürze, die kannst du auf dem Fußboden ausbreiten;
geh dann rasch hin und nimm den Hund, setze ihn auf
meine Schürze, schließ die Kiste auf und nimm soviel
Geld wie du willst; es ist lauter Kupfer. Wenn du aber
lieber  Silber  haben  willst,  mußt  du  in  das  nächste
Zimmer  geben;  doch  dort  sitzt  ein  Hund,  der  hat  ein
Paar  Augen,  so  groß  wie  ein  Paar  Mühlräder;  aber
darum  brauchst  du  dich  nicht  kümmern,  setz  ihn  auf
meine  Schürze  und  nimm  dir  von  dem  Gelde!  Willst
du  hingegen  Gold  haben,  so  kannst  du  auch  das
bekommen,  und  zwar  soviel,  wie  du  tragen  magst,
wenn  du  in  die  dritte  Kammer  hineingehst.  Aber  der
Hund,  der  hier  auf  der  Geldkiste  sitzt,  der  hat  zwei
Augen,  jedes  so  groß,  wie  der  Runde  Turm  in
Kopenhagen.  Das  ist  ein  gewaltiger  Hund,  kannst  du

glauben!  Aber  darum  sollst  du  dich  gar  nicht
kümmern!  Setze  ihn  nur  auf  meine  Schürze,  dann  tut
er dir nichts, und nimm dir aus der Kiste so viel Gold
du willst!""
""Das  ist  gar  nicht  so  dumm!""  sagte  der  Soldat.  ""Aber
was  soll  ich  dir  geben,  du  alte  Hexe?  Denn  etwas
willst du wohl auch haben, denke ich!""
""Nein,"" sagte die Hexe, ""nicht einen einzigen Schilling
will  ich  haben!  Für  mich  sollst  du  nur  ein  altes
Feuerzeug nehmen, das meine Großmutter vergaß, als
sie das letzte Mal unten war!""
""Na, dann leg mir den Strick um den Leib!"" sagte der
Soldat.
""Hier  ist  er,""  sagte  die  Hexe,  ""und  hier  ist  meine
blaugewürfelte Schürze.""
So kletterte der Soldat nun den Baum hinauf, ließ sich
durch  das  Loch  hinuntergleiten  und  stand  unten,  wie
die Hexe es gesagt hatte, in dem großen Gange, wo die
vielen hundert Lampen brannten.
Nun schloß er die erste Tür auf. Uh! da saß der Hund
mit den Augen, so groß wie Teetassen und glotzte ihn
an.
""Du  bist  mir  ja  ein  netter  Kerl!""  sagte  der  Soldat,
setzte ihn auf die Schürze der Hexe und nahm so viel
Kupferschillinge,  wie  in  seine  Taschen  hineingehen
wollten, schloß dann die Kiste, setzte den Hund wieder
darauf und ging in das andere Zimmer. Hei! da saß der
Hund mit den Augen so groß wie ein Paar Mühlräder.
""Du  solltest  mich  nicht  so  lange  ansehen!""  sagte  der
Soldat,  ""Du  könntest  Augenschmerzen  bekommen!""
und dann setzte er den Hund auf die Schürze der Hexe.
Doch als er das viele Silbergeld in der Kiste sah, warf
er  alles  Kupfergeld  fort,  was  er  hatte  und  füllte  seine
Taschen  und  den  Tornister  mit  dem  lauteren  Silber.
Nun  ging  er  in  die  dritte  Kammer!  Nein,  war  das
scheußlich! Der Hund darin hatte wirklich zwei Augen
so groß wie der Runde Turm und die rollten im Kopfe
herum gerade wie Mühlräder!
""Guten  Abend!""  sagte  der  Soldat  und  griff  an  die
Mütze, denn solch einen Hund hatte er niemals vorher
gesehen; aber als er ihn ein Weilchen angesehen hatte,
dachte  er,  nun  genügt  es  eigentlich,  hob  ihn  auf  den
Fußboden  herunter  und  schloß  die  Kiste  auf.  Nein,
Gott bewahre, was war das für eine Menge Gold, ganz
Kopenhagen  konnte  er  dafür  kaufen  und  die


Zuckerferkel  der  Kuchenfrauen,  alle  Zinnsoldaten,
Peitschen und Schaukelpferde in der ganzen Welt! Ja,
da  war  wirklich  einmal  Geld!  -  Nun  warf  der  Soldat
alle  die  Silberschillinge,  mit  denen  er  seine  Taschen
und  den  Tornister  gefüllt  hatte,  fort  und  nahm  Gold
dafür.  Ja,  alle  Taschen,  der  Tornister,  die  Mütze  und
die  Stiefel  wurden  gefüllt,  so  daß  er  kaum  laufen
konnte. Nun hatte er Geld! Den Hund setzte er wieder
auf die Kiste, schlug die Türe zu und rief dann durch
den Baum hinauf: ""Zieh mich nun hinauf, alte Hexe!""
""Hast du das Feuerzeug mit?"" fragte die Hexe.
""Wahrhaftig!"" sagte der Soldat, ""das habe ich reinweg
vergessen,""  und  er  ging  und  nahm  es.  Die  Hexe  zog
ihn herauf, und da stand er wieder auf der Landstraße
mit  seinen  Taschen,  Stiefeln,  dem  Tornister  und  der
Mütze voll Geld.
""Was willst du eigentlich mit dem Feuerzeug?"" fragte
der Soldat.
""Das geht dich nichts an!"" sagte die Hexe, ""Du hast ja
nun Geld bekommen, gib mir nur das Feuerzeug!""
""Schnickschnack!""  sagte  der  Soldat,  ""willst  du  mir
wohl gleich sagen, was du damit willst, oder ich ziehe
meinen Säbel und haue dir den Kopf ab!""
""Nein!"" sagte die Hexe.
Da schlug ihr der Soldat den Kopf ab. Nun lag sie da!
Aber  er  band  all  sein  Geld  in  ihre  Schürze,  nahm  sie
wie ein Bündel auf den Rücken, steckte das Feuerzeug
in die Tasche und ging geradeaus in die Stadt.
Das war eine prächtige Stadt und in dem prächtigsten
Wirtshaus  kehrte  er  ein  und  verlangte  die  allerbesten
Zimmer und seine Leibgerichte, denn nun war er reich,
da er soviel Geld hatte.
Dem  Diener,  der  seine  Stiefel  putzen  sollte,  schienen
es eigentlich recht jämmerliche, alte Stiefel zu sein, für
einen  so  reichen  Herrn,  aber  er  hatte  sich  noch  keine
neuen  gekauft;  am  nächsten  Tage  kaufte  er  sich
Stiefel, mit denen er sich sehen lassen konnte, und die
schönsten Kleider! Nun war der Soldat ein vornehmer
Herr  geworden,  und  man  erzählte  ihm  von  all  den
prächtigen Dingen in der Stadt, und von ihrem Könige
und  was  seine  Tochter  für  eine  hübsche  Prinzessin
war.
""Wo  kann  man  sie  zu  sehen  bekommen?""  fragte  der
Soldat.
""Man kann sie überhaupt nicht zu sehen bekommen!""
sagte man ihm, ""sie wohnt in einem großen kupfernen
Schlosse  mit  vielen,  vielen  Mauern  und  Türmen
herum!  Niemand  außer  dem  König  darf  aus  ?  oder
eingehen  bei  ihr,  denn  es  ist  geweissagt,  daß  sie  sich

mit  einem  ganz  gewöhnlichen  Soldaten  verheiraten
wird, und das kann der König nicht zugeben.""
""Ich  möchte  sie  wohl  sehen!""  dachte  der  Soldat,  aber
dazu konnte er ja eben keine Erlaubnis bekommen.
Nun lebte er lustig darauf los, ging ins Theater, fuhr in
des Königs Garten und gab den Armen viel Geld, und
das  war  wohlgetan;  er  wußte  noch  aus  alten  Tagen,
wie schlimm es war, nicht einen Schilling zu besitzen!
Er  war  nun  reich,  hatte  schöne  Kleider  und  bekam
viele Freunde, die alle sagten, er wäre ein feiner Kerl,
ein richtiger Kavalier und das konnte der Soldat wohl
leiden.  Aber  da  er  jeden  Tag  Geld  ausgab  und  nie
etwas  hereinbekam,  so  hatte  er  zuletzt  nicht  mehr  als
zwei  Schillinge  übrig  und  mußte  aus  den  schönen
Zimmern,  wo  er  gewohnt  hatte,  fortziehen  in  eine
winzig  kleine  Kammer  hinein  ganz  oben  unter  dem
Drache, mußte selbst seine Stiefel bürsten und sie mit
einer  Stopfnadel  zusammennähen,  und  keiner  von
seinen  Freunden  kam  zu  ihm,  denn  es  waren  so  viele
Treppen zu steigen.
Es  war  ein  ganz  dunkler  Abend,  und  er  konnte  sich
nicht einmal ein Licht kaufen; aber da fiel ihm ein, daß
in  dem  Feuerzeug,  das  er  aus  dem  hohlen  Baum
mitgebracht  hatte, 
ihm  die  Hexe
hinuntergeholfen  hatte,  ein  kleiner  Lichtstumpf
gewesen war. Er holte das Feuerzeug und den Stumpf
hervor, aber eben, als er Feuer schlug und die Funken
aus  dem  Stein  stoben,  sprang  die  Türe  auf,  und  der
Hund, der Augen hatte so groß wie ein paar Teetassen,
und  den  er  unten  unter  dem  Baume  gesehen  hatte,
stand vor ihm und sagte: ""Was befiehlt mein Herr?""
""Was ist denn das!"" sagte der Soldat, ""das wäre ja ein
lustiges Feuerzeug, wenn ich so bekommen kann, was
ich  haben  will.  Schaff  mir  etwas  Geld!""  sagte  er  zu
dem Hund, und wupp, war der fort und wieder da und
hielt einen großen Beutel voll Geld in seinem Maule.
Nun  wußte  der  Soldat,  was  für  ein  prächtiges
Feuerzeug  das  war.  Schlug  er  einmal,  so  kam  der
Hund, der auf der Kiste mit Kupfergeld saß, schlug er
zweimal,  so  kam  der,  der  das  Silbergeld  hatte,  und
schlug er dreimal, so kam der, der das Gold hatte. Nun
zog  der  Soldat  wieder  hinunter  in  die  hübschen
Zimmer und ging in den guten Kleidern einher, und da
kannten  ihn  gleich  alle  seine  Freunde  wieder;  sie
hielten so sehr viel von ihm.
Da  dachte  er  einst:  Es  ist  doch  merkwürdig,  daß  man
die Prinzessin nicht zu sehen bekommen darf. Sie soll
so  wunderschön  sein,  sagen  alle;  aber  was  kann  das
helfen,  wenn  sie  immer  in  dem  großen  Kupferschloß mit den vielen Türmen sitzen muß. Kann ich sie denn
gar  nicht  zu  sehen  bekommen?  Wo  ist  denn  mein
Feuerzeug und nun schlug er Feuer und wupp, kam der
Hund mit den Augen, so groß wie Teetassen.
""Es ist freilich mitten in der Nacht,"" sagte der Soldat,
""aber ich möchte so herzlich gern die Prinzessin sehen,
nur einen kleinen Augenblick!""
Der Hund war stracks aus der Tür und ehe der Soldat
es  gedacht,  sah  er  ihn  mit  der  Prinzessin  wieder.  Sie
saß  und  schlief  auf  dem  Rücken  des  Hundes  und  war
so  schön,  daß  jedermann  sehen  konnte,  daß  es  eine
wirkliche  Prinzessin  war;  der  Soldat  konnte  nicht
anders,  er  mußte  sie  küssen,  denn  er  war  eben  ein
richtiger Soldat.
Der  Hund  lief  nun  mit  der  Prinzessin  wieder  zurück,
aber  als  am  Morgen  der  König  und  die  Königin  Tee
tranken,  sagte  die  Prinzessin,  sie  habe  heute  Nacht
einen  so  wunderlichen  Traum  geträumt  von  einem
Hunde  und  einem  Soldaten.  Sie  hätte  auf  dem  Hunde
geritten, und der Soldat hätte sie geküßt.
""Das  wäre  ja  eine  schöne  Geschichte!""  sagte  die
Königin.
Nun  sollte  eine  von  den  alten  Hofdamen  die  nächste
Nacht  am  Bette  der  Prinzessin  wachen,  um  zu  sehen,
ob es wirklich ein Traum war, oder was es sonst sein
könnte.
Der  Soldat  hatte  schreckliche  Sehnsucht  danach,  die
wunderschöne  Prinzessin  wiederzusehen,  und  so  kam
denn der Hund in der Nacht, nahm sie und lief was er
konnte,  doch  die  alte  Hofdame  zog  Wasserstiefel  an
und  lief  ebenso  schnell  hinterdrein.  Als  sie  nun  sah,
daß  sie  in  einem  großen  Hause  verschwanden,  dachte
sie: nun weiß ich, wo es ist, und malte mit einem Stück
Kreide  ein  großes  Kreuz  auf  die  Tür.  Dann  ging  sie
nach  Hause  und  legte  sich  wieder  hin,  und  der  Hund
kam  auch  wieder  mit  der  Prinzessin;  als  er  aber  sah,
daß ein großes Kreuz auf die Tür gemalt war, wo der
Soldat  wohnte,  nahm  er  auch  ein  Stück  Kreide  und
machte Kreuze auf alle Türen in der ganzen Stadt, und
das  war  klug  getan,  denn  nun  konnte  ja  die  Hofdame
nicht  die  richtige  Tür  finden,  wenn  an  allen  Kreuze
waren.
Morgens früh kam der König und die Königin, die alte
Hofdame  und  alle  Offiziere,  um  zu  sehen,  wo  die
Prinzessin gewesen war.
""Da  ist  es!""  sagte  der  König,  als  er  die  erste  Tür  mit
einem Kreuze sah.
""Nein,  dort  ist  es,  mein  lieber  Mann!""  sagte  die
Königin, als sie die zweite Tür mit dem Kreuze sah.


""Aber  hier  ist  eins  und  dort  ist  auch  eins""  riefen  alle;
wohin  sie  sahen,  waren  Kreuze  auf  den  Türen.  Da
mußten  sie  einsehen,  daß  ihnen  das  Suchen  nichts
helfen würde.
Doch die Königin war eine sehr kluge Frau, die mehr
konnte, als bloß in der Kutsche fahren. Sie nahm ihre
große  goldene  Schere,  schnitt  ein  großes  Stück
in  Stücke  und  nähte  einen  kleinen
Seidenzeug 
feiner
niedlichen  Beutel;  den 
Buchweizengrütze,  band  ihn  der  Prinzessin  auf  den
Rücken  und  als  das  getan  war,  schnitt  sie  ein  kleines
Loch in den Beutel, so daß die Grütze den ganzen Weg
bestreuen mußte, den die Prinzessin nahm.
In  der  Nacht  kam  nun  der  Hund  wieder,  nahm  die
Prinzessin  auf  seinen  Rücken  und  lief  mit  ihr  zu  dem
Soldaten  hin,  der  sie  so  lieb  hatte  und  so  gerne  ein
Prinz gewesen wäre, um sie zur Frau zu bekommen.
Der Hund merkte gar nicht, wie die Grütze den ganzen
Weg  entlang  vom  Schlosse  bis  zum  Fenster  des
Soldaten  streute,  wo  er  die  Mauer  mit  der  Prinzessin
hinauflief.  Am  Morgen  konnten  der  König  und  die
Königin  genau  sehen,  wo  ihre  Tochter  gewesen  war,
und da nahmen sie den Soldaten und warfen ihn in den
Kerker.
Da saß er nun. Hu, wie dunkel und langweilig das war,
und  überdies  sagte  man  zu  ihm:  ""Morgen  wirst  du
gehängt."" Das war nicht eben angenehm zu hören, und
sein  Feuerzeug  hatte  er  zuhause 
im  Wirtshause
vergessen.  Am  Morgen  konnte  er  durch  die  eisernen
Stangen vor dem kleinen Fenster sehen, wie das Volk
aus  der  Stadt  eilte,  um  ihn  hängen  zu  sehen.  Er  hörte
die Trommeln und sah die Soldaten marschieren. Alle
Leute waren unterwegs; da war auch ein Schusterjunge
mit  Schurzfell  und  Pantoffeln,  der  lief  so  im  Galopp,
daß  sein  einer  Pantoffel  abflog  und  gerade  gegen  die
Mauer,  wo  der  Soldat  saß  und  zwischen  den
Eisenstangen herausguckte.
""He,  Schusterjunge!  Du  brauchst  nicht  solche  Eile  zu
haben.  Es  wird  doch  nichts  daraus,  ehe  ich  komme!
Aber  willst  du  nicht  hinlaufen,  wo  ich  gewohnt  habe
und  mir  mein  Feuerzeug  holen?  Dann  sollst  du  vier
Schillinge  haben!  Aber  du  mußt  Beine  machen!""  Der
Schusterjunge  wollte  gern  die  vier  Schillinge  haben,
lief  pfeilgeschwind  fort  nach  dem  Feuerzeug,  gab  es
dem Soldaten, und ja, nun werden wir hören!
Draußen  vor  der  Stadt  war  ein  großer  Galgen
gemauert.  Rundum  standen  Soldaten  und  viele
hunderttausend Menschen. Der König und die Königin
saßen  auf  einem  prächtigen  Thron,  den  Richtern  und dem ganzen Rate gegenüber.
Der Soldat stand schon oben auf der Leiter, aber als sie
ihm  den  Strick  um  den  Hals  legen  wollten,  sagte  er,
daß  doch  stets  einem  armen  Sünder,  bevor  er  seine
Strafe  erleide,  ein  unschuldiger  Wunsch  gewährt
werde.  Er  wolle  so  gern  noch  eine  Pfeife  Tabak
rauchen, es sei ja die letzte Pfeife, die er in dieser Welt
bekäme.
Das  mochte  der  König  nun  nicht  abschlagen,  und  so
nahm  der  Soldat  sein  Feuerzeug  und  schlug  Feuer,
eins,  zwei,  drei!  und  alle  Hunde  standen  da,  der  mit
den Augen so groß wie Teetassen, der mit den Augen
so  groß  wie  ein  Paar  Mühlräder  und  der,  der  Augen
hatte so groß wie der Runde Turm.
""Helft  mir  nun,  daß  ich  nicht  gehängt  werde!""  sagte
der Soldat, und die Hunde fuhren auf die Richter und
den ganzen Rat los, nahmen den einen bei den Beinen,
den  andern  bei  der  Nase  und  warfen  sie  weit  in  die
Luft,  so  daß  sie  beim  Herunterfallen  ganz  in  Stücke
zerschlagen wurden.
""Ich will nicht!"" sagte der König, aber der größte Hund
nahm  beide,  ihn  und  die  Königin,  und  warf  sie  allen
anderen  nach.  Da  erschraken  die  Soldaten,  und  alles
Volk  rief:  ""Lieber  Soldat,  du  sollst  unser  König  sein
und die schöne Prinzessin haben!""
Dann setzten sie den Soldaten in des Königs Kutsche,
und alle drei Hunde tanzten voran und riefen ""Hurra!""
und  die  Jungen  pfiffen  auf  den  Fingern,  und  die
Soldaten  präsentierten  das  Gewehr.  Die  Prinzessin
kam  aus  dem  kupfernen  Schlosse  heraus  und  wurde
Königin,  und  das  gefiel 
ihr  ausgezeichnet!  Die
Hochzeit dauerte acht Tage, und die Hunde saßen mit
am Tische und machten große Augen.

* * *


"	1835_Andersen_Original_Andersen_Das_Feuerzeug.txt	/content/drive/MyDrive/Märchen-Seminar/Korpus/Andersen/Original/1835_Andersen_Original_Andersen_Das_Feuerzeug.txt	neutral
Andersen	Original	1862	Andersen	Original	Andersen	Die roten Schuhe	"Die roten Schuhe

Es war einmal ein kleines Mädchen, so fein und so niedlich! Aber im Sommer mußte sie immer mit bloßen Füßen gehen, denn sie war arm, und im Winter mit großen Holzschuhen, sodaß die kleine Spanne ganz roth wurde, und das ganz und gar.
Mitten im Dorfe wohnte die alte Schuhmacherfrau; sie saß und nähte, so gut sie konnte, aus alten, rothen Tuchstreifen ein Paar kleine Schuhe; sie waren ganz plump, aber es war gut gemeint; die sollte das kleine Mädchen haben. Das kleine Mädchen hieß Karen.
Gerade an dem Tage, als ihre Mutter begraben wurde, erhielt sie die rothen Schuhe und hatte sie dieselben zum ersten Male an. Freilich war es nichts, um damit zu trauern; aber sie hatte keine andern, und daher steckte sie die bloßen Füße darein und ging hinter dem ärmlichen Strohsarge her.
Da kam auf einmal ein großer, alter Wagen, und darin saß eine alte Dame; die betrachtete das kleine Mädchen und fühlte Mitleid mit ihr und sagte zum Prediger: ""Hört, gebt mir das kleine Mädchen, dann werde ich mich ihrer annehmen!""
Und Karen glaubte, das geschähe Alles nur der rothen Schuhe halber; aber die alte Dame meinte, die seien gräulich; und sie wurden verbrannt. Aber Karen selbst wurde rein und nett angezogen; sie mußte lesen und nähen lernen, und die Leute sagten, sie sei niedlich. Der Spiegel aber sagte: ""Du bist weit mehr als niedlich, Du bist schön!""
Da reiste die Königin einst durch das Land und hatte ihre kleine Tochter bei sich: das war eine Prinzessin. Und die Leute strömten nach dem Schlosse hin, und unter ihnen war Karen denn auch, und die kleine Prinzessin stand in feinen, weißen Kleidern in einem Fenster und ließ sich anstaunen. Sie hatte weder Schleppe, noch Goldkrone, aber herrliche rothe Saffian-Schuhe; die waren freilich weit schöner, als die, welche die Schuhmacherfrau der kleinen Karen genäht hatte. Nichts in der Welt konnte doch mit rothen Schuhen verglichen werden!
Nun war Karen so alt, daß sie eingesegnet werden sollte; sie bekam neue Kleider, und neue Schuhe sollte sie auch haben. Der reiche Schuhmacher in der Stadt nahm Maaß zu ihrem kleinen Fuße; das geschah zu Hause in seinem eigenen Zimmer, und da standen große Glasschränke mit niedlichen Schuhen und blanken Stiefeln. Das sah allerliebst aus, aber die alte Dame konnte nicht gut sehen, und da hatte sie kein Vergnügen daran. Mitten unter den Schuhen standen ein Paar rothe, ganz wie die, welche die Prinzessin getragen hatte. Wie schön waren die! Der Schuhmacher sagte auch, daß sie für ein Grafen-Kind gemacht waren; sie hatten aber nicht gepaßt.
""Das ist wohl Glanzleder?"" fragte die alte Dame. ""Sie glänzen so!""
""Ja, sie glänzen!"" sagte Karen; und sie paßten und wurden gekauft. Aber die alte Dame wußte nichts davon, daß sie roth waren, denn sie hätte Karen nie erlaubt, in rothen Schuhen zur Einsegnung zu gehen; aber das that sie nun.
Alle Menschen betrachteten ihre Füße. Und als sie zur Chorthüre über die Kirchendiele hinschritt, kam es ihr vor, als wenn selbst die alten Bilder auf den Grabmälern, die Portraits von Predigern und Predigerfrauen mit steifen Kragen und langen schwarzen Kleidern die Augen auf ihre rothen Schuhe hefteten. Und nur an diese dachte sie, als der Prediger seine Hand auf ihr Haupt legte und von der heiligen Taufe, vom Bunde mit Gott, und daß sie nun eine erwachsene Christin sein sollte, sprach. Und die Orgel spielte so feierlich, die Kinderstimmen sangen und der alte Cantor sang; aber Karen dachte nur an die rothen Schuhe.
Am Nachmittage erfuhr die alte Dame von allen Menschen, daß die Schuhe roth gewesen; und sie sagte, daß es häßlich wäre, daß es sich nicht passe, und daß Karen später, wenn sie zur Kirche ginge, immer mit schwarzen Schuhen gehen sollte, selbst wenn sie alt seien.
Am nächsten Sonntage war Abendmahl. Und Karen betrachtete die schwarzen Schuhe, besah die rothen - besah sie wieder und zog die rothen an.
Es war herrlicher Sonnenschein; Karen und die alte Dame gingen den Fußsteig durch das Korn entlang; da stäubte es ein wenig.
An der Kirchenthüre stand ein alter Invalide mit einem Krückstocke und mit einem wunderbar langen Bart; der war mehr roth, als weiß, denn er war roth; und er neigte sich bis zur Erde und fragte die alte Dame, ob er ihre Schuhe abwischen dürfe. Und Karen streckte auch ihren kleinen Fuß aus. ""Sieh, was für schöne Tanzschuhe!"" sagte der Soldat. ""Sitzt fest, wenn ihr tanzt!"" Und darauf schlug er mit der Hand gegen die Sohlen.
Und die alte Dame gab dem Soldaten ein Almosen und dann ging sie mit Karen in die Kirche.
Und alle Menschen darin sahen nach Karens rothen Schuhen, und alle Bilder sahen danach, und als Karen vor dem Altar kniete und den goldenen Kelch an ihren Mund setzte, dachte sie nur an die rothen Schuhe; und es war ihr, als ob sie im Kelche herumschwämmen; und sie vergaß ihren Psalm zu singen, sie vergaß ihr ""Vater unser"" zu beten.
Nun gingen alle Leute aus der Kirche, und die alte Dame stieg in ihren Wagen. Karen erhob den Fuß, um nachzusteigen; da sagte der alte Soldat: ""Sieh, was für schöne Tanzschuhe!"" Und Karen konnte nicht umhin: sie mußte einige Tanztritte machen; und als sie anfing, fuhren die Beine fort, zu tanzen. Es war gerade, als hätten die Schuhe Macht über sie erhalten. Sie tanzte um die Kirchenecke, sie konnte es nicht lassen; der Kutscher mußte hinterher laufen und sie greifen; und er hob sie in den Wagen, aber die Füße fuhren fort zu tanzen, sodaß sie die gute alte Dame gewaltig trat. Endlich nahmen sie die Schuhe ab und die Beine erhielten Ruhe.
Daheim wurden die Schuhe in einen Schrank gestellt, aber Karen konnte nicht unterlassen, sie zu betrachten.
Nun lag die alte Dame krank danieder; es hieß, sie würde es nicht überleben. Gepflegt und gewartet mußte sie werden und Keiner war näher dazu, als Karen. Aber in der Stadt war ein großer Ball; Karen war eingeladen; - sie betrachtete die alte Dame, die doch nicht genesen konnte; sie besah die rothen Schuhe, und sie meinte, es wäre keine Sünde dabei; - sie zog die rothen Schuhe an, das konnte sie ja auch wohl; - aber dann ging sie zum Balle und fing an zu tanzen.
Als sie aber zur Rechten wollte, tanzten die Schuhe zur Linken, und als sie die Diele hinauf wollte, tanzten die Schuhe dieselbe hinunter, die Treppe hinab, durch die Straße und aus dem Stadtthore hinaus. Sie tanzte und mußte tanzen, gerade hinaus in den finstern Wald.
Da leuchtete es oben zwischen den Bäumen; und sie glaubte, es sei der Mond, denn es war ein Gesicht. Aber es war der alte Soldat mit dem rothen Bart; er saß und nickte und sagte: ""Sieh, was für schöne Tanzschuhe!""
Da erschrak sie und wollte die rothen Schuhe abwerfen; aber die hingen fest. Und sie schleuderte ihre Strümpfe ab; aber die Schuhe waren an den Füßen festgewachsen. Und sie tanzte und mußte über Feld und Wiese, im Regen und Sonnenschein, bei Nacht und bei Tage tanzen; allein Nachts war es am gräulichsten.
Sie tanzte auf den offenen Kirchhof hinauf; aber die Todten dort tanzten nicht; die hatten etwas viel Besseres zu thun, als zu tanzen. Sie wollte sich auf des Armen Grab setzen, wo das bittere Farrenkraut wächst; aber für sie war weder Ruhe, noch Rast. Und als sie gegen die offene Kirchenthür hintanzte, sah sie dort einen Engel in langen, weißen Kleidern, mit Flügeln, die ihm von den Schultern bis zur Erde reichten; sein Antlitz war streng und ernst und in der Hand hielt er ein Schwert, breit und glänzend.
""Tanzen sollst Du!"" sagte er; ""tanzen auf Deinen rothen Schuhen, bis Du bleich und kalt wirst, bis Deine Haut zu einem Gerippe zusammenschrumpft! Tanzen sollst Du von Thüre zu Thüre; und wo stolze, hochmüthige Kinder wohnen, sollst Du anklopfen, sodaß sie dich hören und fürchten! Tanzen sollst Du, tanzen - -!""
""Gnade!"" rief Karen. Aber sie hörte nicht, was der Engel erwiderte, denn die Schuhe trugen sie durch die Thür auf das Feld, über Weg und über Steg, und immer mußte sie tanzen.
Eines Morgens tanzte sie an einer Thüre vorbei, die sie gut kannte; drinnen tönte Psalmengesang; ein Sarg wurde herausgetragen, der mit Blumen geschmückt war: da wußte sie, daß die alte Dame gestorben war, und nun fühlte sie, daß sie von Allen verlassen und von Gottes Engel verdammt sei.
Sie tanzte und mußte tanzen, tanzen in der finstern Nacht. Die Schuhe trugen sie über Dorn und Stumpf davon; sie riß sich blutig; sie tanzte über die Haide dahin nach einem kleinen, einsamen Hause. Hier, wußte sie, wohne der Scharfrichter; und sie klopfte mit den Fingern an die Scheiben und sagte:
""Komm heraus! - Komm heraus! Ich kann nicht hineinkommen, denn ich muß tanzen!""
Und der Scharfrichter sagte: ""Du weißt wohl nicht, wer ich bin? Ich schlage den bösen Menschen die Köpfe ab, und ich merke, meine Axt klingt!""
""Schlage mir nicht den Kopf ab!"" sagte Karen, ""denn dann kann ich meine Sünde nicht bereuen! Aber schlage meine Füße mit den rothen Schuhen ab!""
Und darauf bekannte sie ihre ganze Sünde, und der Scharfrichter hieb ihr die Füße mit den rothen Schuhen ab; aber die Schuhe tanzten mit den kleinen Füßen über das Feld dahin in den tiefen Wald hinein.
Und er schnitzte ihr Holzfüße und Krücken, lehrte sie einen Psalm, den die Sünder immer singen, und sie küßte die Hand, die das Beil geführt hatte, und ging über die Haide fort.
""Nun habe ich genug für die rothen Schuhe gelitten!"" sagte sie. ""Nun will ich in die Kirche gehen, damit sie mich sehen können!"" Und sie ging rasch auf die Kirchthüre zu; als sie aber dahin kam, tanzten die rothen Schuhe vor ihr her, und sie erschrak und kehrte um.
Die ganze Woche hindurch war sie betrübt und weinte viele bittere Thränen; aber als es Sonntag wurde, sagte sie: ""Nun habe ich genug gelitten und gestritten! Ich glaube wohl, daß ich eben so gut bin, als Manche von Denen, die da in der Kirche sitzen und sich brüsten!"" Und dann ging sie muthig hin; aber sie kam nicht weiter, als bis zur Kirchhofsthüre: da sah sie die rothen Schuhe vor sich her tanzen; und sie entsetzte sich und kehrte um und bereute recht von Herzen ihre Sünde.
Und sie ging zur Pfarrwohnung und bat, daß man sie dort in Dienst nehmen möge; fleißig wolle sie sein und Alles thun, was sie könne; auf den Lohn sähe sie nicht, nur daß sie unter Dach käme und bei guten Menschen wäre. Die Predigerfrau hatte Mitleid mit ihr und nahm sie in ihren Dienst. Und sie war fleißig und nachdenkend. Stille saß sie und horchte zu, wenn der Prediger des Abends aus der Bibel laut vorlas. Alle die Kleinen hielten viel von ihr; wenn sie aber von Putz und Pracht und von Schönheit sprachen, dann schüttelte sie mit dem Kopfe.
Am nächsten Sonntage gingen Alle zur Kirche; und man fragte sie, ob sie mit wolle; aber sie blickte betrübt, mit Thränen in den Augen, auf ihre Krücken. Und dann gingen die Andern hin, Gottes Wort zu hören, sie aber ging allein in ihre kleine Kammer; die war nicht größer, als daß das Bett und ein Stuhl darin stehen konnten. Und hier setzte sie sich mit ihrem Gesangbuche hin; und als sie mit frommem Sinn darin las, trug der Wind die Orgeltöne von der Kirche zu ihr herüber; und sie erhob ihr Antlitz mit Thränen und sagte: ""O Gott, hilf mir!""
Da schien die Sonne so klar; und gerade vor ihr stand Gottes Engel in den weißen Kleidern: derselbe, den sie in jener Nacht in der Kirchthür erblickt hatte. Aber er hielt nicht mehr das scharfe Schwert, sondern einen herrlichen grünen Zweig, der voller Rosen war; und er berührte damit die Decke, und sie erhob sich so hoch; und wo er sie berührt hatte, glänzte ein goldener Stern. Und er berührte die Wände, und die erweiterten sich, und sie erblickte die Orgel, welche spielte; sie sah die alten Bilder mit Predigern und Predigerfrauen; die Gemeinde saß in den geputzten Stühlen und sang aus ihren Gesangbüchern. - Denn die Kirche war selbst zu dem armen Mädchen in die enge Kammer hingekommen, oder auch sie war dahin gekommen. Sie saß im Stuhle bei den übrigen Leuten des Predigers; und als sie den Psalm geendet hatten und aufblickten, nickten sie und sagten: ""Das war recht, daß Du kamst, Karen!""
""Das war Gnade!"" sagte sie.
Und die Orgel klang, und die Kinderstimmen im Chor tönten so weich und lieblich! Der klare Sonnenschein strömte so warm durch das Fenster in den Kirchenstuhl, wo Karen saß, hinein; ihr Herz wurde so voller Sonnenschein, Frieden und Freude, daß es brach; ihre Seele flog auf Sonnenstrahlen zu Gott; und dort war Niemand, der nach den rothen Schuhen fragte.
"	1862_Andersen_Original_Andersen_Die_roten_Schuhe.txt	/content/drive/MyDrive/Märchen-Seminar/Korpus/Andersen/Original/1862_Andersen_Original_Andersen_Die_roten_Schuhe.txt	negative
Andersen	Original	1862	Andersen	Original	Andersen	Das hässliche junge Entlein	"Das hässliche junge Entlein

Es war so herrlich draußen auf dem Lande! Es war Sommer, das Korn stand gelb, der Hafer grün, das Heu war unten auf den grünen Wiesen in Schobern aufgesetzt, und der Storch ging auf seinen langen, rothen Beinen und plapperte ägyptisch, denn diese Sprache hatte er von seiner Frau Mutter gelernt. Rings um die Aecker und die Wiesen waren große Wälder, und mitten in den Wäldern tiefe Seen. Ja, es war wirklich herrlich da draußen auf dem Lande! Mitten im Sonnenschein lag dort ein altes Landgut, von tiefen Kanälen umgeben; und von der Mauer bis zum Wasser herunter wuchsen große Klettenblätter, die so hoch waren, daß kleine Kinder unter den höchsten aufrecht stehen konnten; es war eben so wild darin, wie im tiefsten Walde. Hier saß eine Ente auf ihrem Neste, welche ihre Jungen ausbrüten mußte; aber es wurde ihr fast zu langweilig, ehe die Jungen kamen; dazu erhielt sie selten Besuch; die andern Enten schwammen lieber in den Kanälen umher, als daß sie hinauf liefen, sich unter ein Klettenblatt zu setzen, um mit ihr zu schnattern.
Endlich platzte ein Ei nach dem andern; ""Piep! piep!"" sagte es, und alle Eidotter waren lebendig geworden und steckten den Kopf heraus.
""Rapp! rapp!"" sagte sie; und so rappelten sich Alle, was sie konnten, und sahen nach allen Seiten unter den grünen Blättern; und die Mutter ließ sie sehen, so viel sie wollten, denn das Grüne ist gut für die Augen.
""Wie groß ist doch die Welt!"" sagten alle Jungen; denn nun hatten sie freilich ganz anders Platz, als wie sie noch drinnen im Ei lagen.
""Glaubt Ihr, daß dies die ganze Welt sei?"" sagte die Mutter; ""die erstreckt sich noch weit über die andere Seite des Gartens, gerade hinein in des Pfarrers Feld; aber da bin ich noch nie gewesen!"" - ""Ihr seid doch Alle beisammen?"" fuhr sie fort und stand auf. ""Nein, ich habe nicht Alle; das größte Ei liegt noch da; wie lange soll denn das dauern! Jetzt bin ich es bald überdrüssig!"" und so setzte sie sich wieder.
""Nun, wie geht es?"" fragte eine alte Ente, welche gekommen war, um ihr einen Besuch abzustatten.
""Es währt so lange mit dem einen Ei!"" sagte die Ente, die da saß; ""es will nicht platzen; doch sieh nur die andern an: sind es nicht die niedlichsten Entlein, die man je gesehen? Sie gleichen allesammt ihrem Vater; der Bösewicht kommt nicht, mich zu besuchen.""
""Laß mich das Ei sehen, welches nicht platzen will!"" sagte die Alte. ""Glaube mir, es ist ein Kalekutenei! Ich bin auch einmal so angeführt worden und hatte meine große Sorge und Noth mit den Jungen, denn ihnen ist bange vor dem Wasser! Ich konnte sie nicht hineinbringen; ich rappte und schnappte, aber es half nichts. - Laß mich das Ei sehen! Ja, das ist ein Kalekutenei! Laß das liegen und lehre lieber die andern Kinder schwimmen.""
""Ich will doch noch ein Bischen darauf sitzen,"" sagte die Ente; ""habe ich nun so lange gesessen, so kann ich auch noch einige Tage sitzen.""
""Nach Belieben,"" sagte die alte Ente und ging von dannen.
Endlich platzte das große Ei. ""Piep! piep!"" sagte das Junge und kroch heraus. Es war so groß und so häßlich! Die Ente betrachtete es: ""Es ist doch ein gewaltig großes Entlein das,"" sagte sie; ""keins von den andern sieht so aus; sollte es wohl ein kalekutisches Küchlein sein? Nun wir wollen bald dahinter kommen; in das Wasser muß es, sollte ich es auch selbst hineinstoßen.""
Am nächsten Tage war schönes, herrliches Wetter; die Sonne schien auf alle grünen Kletten. Die Entleinmutter ging mit ihrer ganzen Familie zu dem Kanale hinunter. Platsch! da sprang sie in das Wasser. Rapp! rapp!"" sagte sie, und ein Entlein nach dem andern plumpte hinein; das Wasser schlug ihnen über den Kopf zusammen, aber sie kamen gleich wieder empor und schwammen so prächtig; die Beine gingen von selbst, und alle waren sie im Wasser; selbst das häßliche, graue Junge schwamm mit.
""Nein, es ist kein Kalekut,"" sagte sie; ""sieh, wie herrlich es die Beine gebraucht, wie gerade es sich hält; es ist mein eigenes Kind! Im Grunde ist es doch ganz hübsch, wenn man es nur recht betrachtet. Rapp! rapp! - Kommt nur mit mir, ich werde Euch in die große Welt führen, Euch im Entenhof präsentiren; aber haltet Euch immer nahe zu mir, damit Niemand Euch trete, und nehmt Euch vor den Katzen in Acht!""
Und so kamen sie in den Entenhof hinein. Da drinnen war ein schrecklicher Lärmen, denn da waren zwei Familien, die sich um einen Aalkopf bissen, und am Ende bekam ihn doch die Katze.
""Seht, so geht es in der Welt zu!"" sagte die Entleinmutter und wetzte ihren Schnabel, denn sie wollte auch den Aalkopf haben. ""Braucht nun die Beine!"" sagte sie; ""seht, daß Ihr Euch rappeln könnt, und neigt Euern Hals vor der alten Ente dort; die ist die vornehmste von allen hier; sie ist aus spanischem Geblüt, deshalb ist sie so dick, und seht Ihr: sie hat einen rothen Lappen um das Bein; das ist etwas außerordentlich Schönes und die größte Auszeichnung, welche einer Ente zu Teil werden kann; das bedeutet so viel, daß man sie nicht verlieren will und daß sie von Tier und Menschen erkannt werden soll! - Rappelt Euch! - setzt die Füße nicht einwärts: ein wohlerzogenes Entlein setzt die Füße weit auseinander, gerade so wie Vater und Mutter; seht: so! Nun neigt Euern Hals und sagt: Rapp!""
Und das thaten sie; aber die andern Enten rings umher betrachteten sie und sagten ganz laut: ""Sieh da! Nun sollen wir noch den Anhang haben; als ob wir nicht schon so genug wären! Und pfui! wie das eine Entlein aussieht; das wollen wir nicht dulden!"" - Und sogleich flog eine Ente hin und biß es in den Nacken.
""Laß es gehen!"" sagte die Mutter; ""es tut ja Niemanden etwas.""
""Ja, aber es ist zu groß und ungewöhnlich,"" sagte die beißende Ente;""und deshalb muß es gepufft werden.""
""Es sind hübsche Kinder, welche die Mutter hat,"" sagte die alte Ente mit dem Lappen um das Bein: ""alle schön, bis auf das eine: das ist nicht geglückt; ich möchte, daß sie es umarbeiten könnte.""
""Das geht nicht, Ihro Gnaden!"" sagte die Entleinmutter; ""es ist nicht hübsch, aber es hat ein innerlich gutes Gemüth und schwimmt so herrlich wie eines von den andern, ja, ich darf sagen, noch etwas besser; ich denke, es wird hübsch heranwachsen und mir der Zeit etwas kleiner werden; es hat zu lange in dem Ei gelegen und deshalb nicht die rechte Gestalt bekommen!"" Und so zupfte sie es im Nacken und glättete das Gefieder. ""Es ist überdies ein Entrich,"" sagte sie; ""und darum macht es nicht so viel aus. Ich denke, er wird gute Kräfte bekommen; er schlägt sich schon durch!""
""Die andern Entlein sind niedlich,"" sagte die Alte; ""tut nun, als ob Ihr zu Hause wäret, und findet Ihr einen Aalkopf, so könnt Ihr mir ihn bringen.""
Und so waren sie wie zu Hause.
Aber das arme Entlein, welches zuletzt aus dem Ei gekrochen war und so häßlich aussah, wurde gebissen, gestoßen und zum besten gehabt, und das sowohl von den Enten, wie von den Hühnern. ""Es ist zu groß!"" sagten Alle, und der kalekutische Hahn, welcher mit Sporen zur Welt gekommen war und deshalb glaubte, daß er Kaiser sei, blies sich auf wie ein Fahrzeug mit allen Segeln, ging gerade auf dasselbe los, und dann kollerte er und wurde ganz roth am Kopfe. Das arme Entlein wußte nicht, wo es stehen oder gehen sollte; es war so betrübt, weil es so häßlich aussah und vom ganzen Entenhofe verspottet wurde.
So ging es den ersten Tag, und später wurde es schlimmer und schlimmer. Das arme Entlein wurde von Allen gejagt; selbst seine Schwestern waren so böse gegen dasselbe und sagten immer: ""Wenn die Katze Dich nur fangen möchte, Du häßliches Geschöpf!"" Und die Mutter sagte: ""Wenn Du nur weit fort wärst!"" Und die Enten bissen es, und die Hühner schlugen es, und das Mädchen, welches die Thiere füttern sollte, stieß mit den Füßen darnach.
Da lief es und flog über den Zaun; die kleinen Vögel in den Büschen flogen erschrocken auf. ""Das geschieht, weil ich so häßlich bin,"" dachte das Entlein und schloß die Augen, lief aber gleichwohl weiter; so kam es hinaus zu dem großen Moor, wo die wilden Enten wohnten. Hier lag es die ganze Nacht; es war so müde und kummervoll.
Am Morgen flogen die wilden Enten auf, und sie betrachteten den neuen Kameraden. ""Was bist Du für Einer?"" fragten sie; und das Entlein wendete sich nach allen Seiten und grüßte, so gut es konnte.
""Du bist außerordentlich häßlich!"" sagten die wilden Enten; aber das kann uns gleich sein, wenn Du nur nicht in unsere Familie hinein heirathest."" - Das Arme! Es dachte wahrlich nicht daran, sich zu verheirathen, wenn es nur die Erlaubniß erhalten konnte, im Schilfe zu liegen und etwas Moorwasser zu trinken.
So lag es zwei ganze Tage; da kamen zwei wilde Gänse oder richtiger wilde Gänseriche dorthin; es war noch nicht lange her, daß sie aus dem Ei gekrochen waren, und deshalb waren sie auch so keck.
""Höre, Kamerad!"" sagten sie; ""Du bist so häßlich, daß wir Dich gut leiden mögen; willst Du mitziehen und Zugvogel werden? Hier nahebei in einem andern Moore gibt es einige süße, liebliche wilde Gänse, sämmtlich Fräulein, die alle ""Rapp!"" sagen können. Du bist im Stande, Dein Glück da zu machen, so häßlich Du auch bist!"" - -
""Piff! paff!"" ertönte es eben, und beide wilde Gänseriche fielen todt in das Schilf nieder, und das Wasser wurde blutroth. - ""Piff! paff!"" erscholl es wieder, und ganze Schaaren wilder Gänse flogen aus dem Schilfe auf. Und dann knallte es abermals. Es war große Jagd; die Jäger lagen rings um das Moor herum; ja, einige saßen oben in den Baumzweigen, welche sich weit über das Schilfrohr hinstreckten. Der blaue Dampf zog gleich Wolken in die dunkeln Bäume hinein und weit über das Wasser hin; zum Moore kamen die Jagdhunde: Platsch! platsch! das Schilf und das Rohr neigte sich nach allen Seiten. Das war ein Schreck für das arme Entlein! Es wendete den Kopf, um ihn unter den Flügel zu stecken, aber in demselben Augenblick stand ein fürchterlich großer Hund dicht bei dem Entlein; die Zunge hing ihm lang aus dem Halse heraus, und die Augen leuchteten gräulich häßlich; er streckte seinen Rachen dem Entlein gerade entgegen, zeigte ihm die scharfen Zähne und - - Platsch! platsch! ging er wieder, ohne es zu packen.
""O, Gott sei Dank!"" seufzte das Entlein; ""ich bin so häßlich, daß mich selbst der Hund nicht beißen mag!""
Und so lag es ganz stille, während die Schrote durch das Schilf sausten, und Schuß auf Schuß knallte.
Erst spät am Tage wurde es stille; aber das arme Junge wagte noch nicht, sich zu erheben; es wartete noch mehrere Stunden, bevor es sich umsah, und dann eilte es fort aus dem Moore, so schnell es konnte. Es lief über Feld und Wiese; da tobte ein solcher Sturm, daß es ihm schwer wurde, von der Stelle zu kommen.
Gegen Abend erreichte es eine arme kleine Bauerhütte; die war so baufällig, daß sie selbst nicht wußte, nach welcher Seite sie fallen sollte; und darum blieb sie stehen. Der Sturm umsauste das Entlein so, daß es sich niedersetzen mußte, um sich dagegen zu stemmen; und es wurde schlimmer und schlimmer. Da bemerkte es, daß die Thür aus der einen Angel gegangen war und so schief hing, daß es durch die Spalte in die Stube hineinschlüpfen konnte, und das tat es.
Hier wohnte eine Frau mit ihrem Kater und ihrer Henne. Und der Kater, welchen sie Söhnchen nannte, konnte einen Buckel machen und schnurren; er sprühte sogar Funken, aber dann mußte man ihn gegen die Haare streicheln. Die Henne hatte ganz kleine niedrige Beine, und deshalb wurde sie Küchelchen-Kurzbein genannt; sie legte gut Eier, und die Frau liebte sie wie ihr eigenes Kind.
Am Morgen bemerkte man sogleich das fremde Entlein; und der Kater begann zu schnurren und die Henne zu glucken.
""Was ist das?"" sagte die Frau und sah sich ringsum; aber sie sah nicht gut, und so glaubte sie, daß das Entlein eine fette Ente sei, die sich verirrt habe. ""Das ist ja ein seltener Fang!"" sagte sie. ""Nun kann ich Enteneier bekommen. Wenn es nur kein Entrich ist! Das müssen wir erproben.""
Und so wurde das Entlein für drei Wochen auf Probe angenommen; aber es kamen keine Eier. Und der Kater war Herr im Hause, und die Henne war die Dame, und immer sagten sie: ""Wir und die Welt!"" Denn sie glaubten, daß sie die Hälfte seien, und zwar die bei weitem beste Hälfte. Das Entlein glaubte, daß man auch eine andere Meinung haben könne! aber das litt die Henne nicht.
v""Kannst Du Eier legen?"" fragte sie.
""Nein!""
""Nun, da wirst Du die Güte haben, zu schweigen!""
Und der Kater fragte: ""Kannst Du einen krummen Buckel machen, schnurren und Funken sprühen?""
""Nein!""
""So darfst Du auch keine Meinung haben, wenn vernünftige Leute sprechen!""
Und das Entlein saß im Winkel und war bei schlechter Laune; da fiel die frische Luft und der Sonnenschein herein; es bekam solche sonderbare Lust, auf dem Wasser zu schwimmen, daß es nicht unterlassen konnte, dies der Henne zu sagen.
""Was fällt Dir ein?"" fragte die. ""Du hast nichts zu thun, deshalb fängst Du Grillen! Lege Eier oder schnurre, so gehen sie vorüber.""
""Aber es ist so schön, auf dem Wasser zu schwimmen!"" sagte das Entlein; ""so herrlich, es über den Kopf zusammenschlagen zu lassen und auf den Grund niederzutauchen!""
""Ja, das ist ein großes Vergnügen!"" sagte die Henne. ""Du bist wohl verrückt geworden! Frage den Kater danach - er ist das klügste Geschöpf, das ich kenne - ob er es liebt, auf dem Wasser zu schwimmen oder unterzutauchen? Ich will nicht von mir sprechen. - Frage selbst unsere Herrschaft, die alte Frau; klüger als sie ist Niemand auf der Welt! Glaubst Du, daß die Lust hat, zu schwimmen und das Wasser über den Kopf zusammenschlagen zu lassen?""
""Ihr versteht mich nicht!"" sagte das Entlein.
""Wir verstehen dich nicht? Wer soll Dich denn verstehen können! Du wirst doch wohl nicht klüger sein wollen als der Kater und die Frau; - von mir will ich nicht reden! Bilde Dir nichts ein, Kind! und danke Deinem Schöpfer für all' das Gute, das man Dir erwiesen! Bist Du nicht in eine warme Stube gekommen und hast eine Gesellschaft, von der Du etwas profitiren kannst? Aber du bist ein Schwätzer, und es ist nicht erfreulich, mit Dir umzugehen! Mir kannst Du glauben! Ich meine es gut mit Dir. Ich sage Dir Unannehmlichkeiten, und daran kann man seine wahren Freunde erkennen! Sieh nur zu, daß Du Eier legst oder schnurren und Funken sprühen lernst!""
""Ich glaube, ich gehe hinaus in die weite Welt!"" sagte das Entlein.
""Ja, tue das!"" sagte die Henne.
Und das Entlein ging; es schwamm auf dem Wasser, es tauchte unter, aber von allen Thieren wurde es wegen seiner Häßlichkeit übersehen.
Nun trat der Herbst ein; die Blätter im Walde wurden gelb und braun; der Wind faßte sie, sodaß sie umhertanzten; und oben in der Luft war es sehr kalt; die Wolken hingen schwer mit Hagel und Schneeflocken; und auf dem Zaun stand der Rabe und schrie: ""Au! au!"" vor lauter Kälte; ja, es fror Einen schon, wenn man nur daran dachte. Das arme Entlein hatte es wahrlich nicht gut! Eines Abends - die Sonne ging so schön unter - kam ein ganzer Schwarm herrlicher großer Vögel aus dem Busche; das Entlein hatte solche nie so schön gesehen; sie waren ganz blendend weiß, mit langen, geschmeidigen Hälsen; es waren Schwäne. Sie stießen einen ganz eigenthümlichen Ton aus, breiteten ihre prächtigen, langen Flügel aus und flogen von der kalten Gegend fort nach wärmern Ländern, nach offenen Seen! Sie stiegen so hoch, so hoch, und dem häßlichen jungen Entlein wurde so sonderbar zu Muthe. Es drehte sich im Wasser wie ein Rad rund herum, streckte den Hals hoch in die Luft nach ihnen aus und stieß einen so lauten und sonderbaren Schrei aus, daß es sich selbst davor fürchtete. O, es konnte die schönen, glücklichen Vögel nicht vergessen; und sobald es sie nicht mehr erblickte, tauchte es gerade bis auf den Grund; und als es wieder heraufkam, war es wie außer sich. Es wußte nicht, wie die Vögel hießen, auch nicht, wohin sie flögen; aber doch war es ihnen gut, wie es nie Jemanden gewesen. Es beneidete sie durchaus nicht. Wie konnte es ihm einfallen, sich solche Lieblichkeit zu wünschen? Es wäre schon froh gewesen, wenn die Enten es nur unter sich geduldet hätten - das arme häßliche Tier!
Und der Winter wurde so kalt, so kalt! Das Entlein mußte im Wasser herumschwimmen, um das völlige Zufrieren desselben zu verhindern; aber in jeder Nacht wurde das Loch, in dem es schwamm, kleiner und kleiner. Es fror, sodaß es in der Eisdecke knackte; das Entlein mußte fortwährend die Beine gebrauchen, damit das Loch sich nicht schloß. Zuletzt wurde es matt, lag ganz stille und fror so im Eise fest.
Des Morgens früh kam ein Bauer; da er dies sah, ging er hin, schlug mit seinem Holzschuh das Eis in Stücke und trug das Entlein heim zu seiner Frau. Da wurde es wieder belebt.
Die Kinder wollten mit ihm spielen; aber das Entlein glaubte, sie wollten ihm etwas zu Leide thun, und fuhr in der Angst gerade in den Milchnapf hinein, sodaß die Milch in die Stube spritzte. Die Frau schlug die Hände zusammen, worauf es in das Butterfaß, dann hinunter in die Mehltonne und wieder herausflog. Wie sah es da aus! Die Frau schrie und schlug mit der Feuerzange danach; die Kinder rannten einander über den Haufen, um das Entlein zu fangen: sie lachten und schrieen! - Gut war es, daß die Thür aufstand und es zwischen die Reiser in den frisch gefallenen Schnee schlüpfen konnte; - da lag es, ganz ermattet.
Aber all' die Noth und das Elend, welches das Entlein in dem harten Winter erdulden mußte, zu erzählen, würde zu trübe sein. - - Es lag im Moore zwischen dem Schilfe, als die Sonne wieder warm zu scheinen begann. Die Lerchen sangen; es war herrlicher Frühling.
Da konnte auf einmal das Entlein seine Flügel schwingen; sie brausten stärker als früher, und trugen es kräftig davon; und ehe dasselbe es recht wußte, befand es sich in einem großen Garten, wo die Aepfelbäume in der Blüthe standen, wo der Flieder duftete und seine langen, grünen Zweige bis zu den gekrümmten Kanälen hinunterneigte. O, hier war es so schön, so frühlingsfrisch! Und vorn aus dem Dickicht kamen drei prächtige, weiße Schwäne; sie brausten mit den Federn und schwammen so leicht auf dem Wasser. Das Entlein kannte die prächtigen Thiere und wurde von einer eigenthümlichen Traurigkeit befangen.
""Ich will zu ihnen hinfliegen, zu den königlichen Vögeln! Und sie werden mich todtschlagen, weil ich, der ich so häßlich bin, mich ihnen zu nähern wage. Aber das ist einerlei! Besser, von ihnen getödtet, als von den Enten gezwackt, von den Hühnern geschlagen, von dem Mädchen, welches den Hühnerhof hütet, gestoßen zu werden und im Winter Mangel zu leiden!"" Und es flog hinaus in das Wasser und schwamm den prächtigen Schwänen entgegen; diese erblickten es und schossen mit brausenden Federn auf dasselbe los. ""Tödtet mich nur!"" sagte das arme Thier, neigte seinen Kopf der Wasserfläche zu und erwartete den Tod. - Aber was erblickte es in dem klaren Wasser? Es sah sein eigenes Bild unter sich, das kein plumper, schwarzgrauer Vogel mehr, häßlich und garstig, sondern selbst ein Schwan war.
Es schadet nichts, in einem Entenhofe geboren zu sein, wenn man nur in einem Schwanenei gelegen hat!
Es fühlte sich ordentlich erfreut über all' die Noth und die Drangsale, welche es erduldet. Nun erkannte es erst recht sein Glück an all' der Herrlichkeit, die es begrüßte. - Und die großen Schwäne umschwammen es und streichelten es mit dem Schnabel.
In dem Garten kamen einige kleine Kinder, die warfen Brod und Korn in das Wasser; und das kleinste rief: ""Da ist ein neuer!"" Und die andern Kinder jubelten mit: ""Ja, es ist ein neuer angekommen!"" Und sie klatschten mit den Händen und tanzten umher, liefen zu dem Vater und der Mutter, und es wurde Brod und Kuchen in das Wasser geworfen, und sie sagten Alle: ""Der neue ist der schönste! So jung und so prächtig!"" Und die alten Schwäne neigten sich vor ihm.
Da fühlte er sich so beschämt und steckte den Kopf unter seine Flügel; er wußte selbst nicht, was er beginnen sollte; er war allzu glücklich, aber durchaus nicht stolz, denn ein gutes Herz wird nie stolz! Er dachte daran, wie er verfolgt und verhöhnt worden war und hörte nun Alle sagen, daß er der schönste aller schönen Vögel sei. Selbst der Flieder bog sich mit den Zweigen gerade zu ihm in das Wasser hinunter, und die Sonne schien so warm und so mild! Da brausten seine Federn, der schlanke Hals hob sich, und aus vollem Herzen jubelte er: ""So viel Glück habe ich mir nicht träumen lassen, als ich noch das häßliche Entlein war!""
"	1862_Andersen_Original_Andersen_Das_hässliche_junge_Entlein.txt	/content/drive/MyDrive/Märchen-Seminar/Korpus/Andersen/Original/1862_Andersen_Original_Andersen_Das_hässliche_junge_Entlein.txt	negative
Andersen	Original	1837	Andersen	Original	Andersen	Die kleine Seejungfer	"Die kleine Seejungfer

Weit draußen im Meere ist das Wasser so blau wie die
Blütenblätter der schönsten Kornblume, und so klar
wie das reinste Glas, aber es ist dort sehr tief, tiefer als
irgendein Ankertau reicht, viele Kirchtürme müßten
aufeinandergestellt werden, um vom Grunde bis über
das Wasser zu reicher. Dort unten wohnt das
Meervolk.
Nun muß man nicht etwa glauben, daß dort nur der
nackte, weiße Sandboden sei! Nein, da wachsen die
wundersamsten Bäume und Pflanzen, deren Stiele und
Blätter so geschmeidig sind, daß sie sich bei der
geringsten Bewegung des Wassers rühren, als ob sie
lebend wären. Alle Fische, klein und groß, schlüpfen
zwischen den Zweigen hindurch, gerade wie hier oben
die Vögel in der Luft. An der allertiefsten Stelle liegt
des Meerkönigs Schloß. Die Mauern sind aus Korallen
und die langen spitzen Fenster von allerklarstem
Bernstein. Das Dach aber besteht aus Muschelschalen,
die sich öffnen und schließen, je nachdem das Wasser
strömt; das sieht prächtig aus, denn in jeder liegen
strahlende Perlen, eine einzige davon würde der Stolz
einer Königskrone sein.
Der Meerkönig dort unten war seit vielen Jahren
Witwer, aber seine alte Mutter besorgte sein Haus. Sie
war eine kluge Frau, doch recht stolz auf ihren Adel
deshalb trug sie zwölf Austern auf dem Schwanze
während die anderen Vornehmen nur sechs tragen
durften. ? Sonst verdiente sie großes Lob, besonders
weil
ihre
sie die kleinen Meerprinzessinnen,
Enkelinnen, so liebte. Das waren sechs prächtige
Kinder, aber die jüngste war die schönste von allen.
Ihre Haut war so klar und zart wie ein Rosenblatt, ihre
Augen so blau wie die tiefste See, aber ebenso wie alle
die anderen hatte sie keine Füße. Ihr Körper endete in
einem Fischschwanz.
Den lieben langen Tag durften sie unten im Schlosse,
wo lebendige Blumen aus den Wänden wuchsen,
spielen. Die
großen Bernsteinfenster wurden
aufgemacht, und dann schwammen die Fische zu ihnen
herein, gerade wie bei uns die Schwalben hereinfliegen
wenn wir die Fenster aufmachen. Aber die Fische
schwammen
kleinen
Prinzessinnen zu, fraßen aus ihren Händen und ließen
sich streicheln.
Draußen vor dem Schlosse war ein großer Garten mit

geradeswegs

auf

die

feuerroten und dunkelblauen Bäumen, die Früchte
strahlten wie Gold und die Blumen wie brennendes
Feuer, indem sie fortwährend Stengel und Blätter
bewegten. Der Boden selbst war der feinste Sand aber
blau wie Schwefelflamme. Über dem Ganzen dort
unten lag ein seltsamer blauer Schein, man hätte eher
glauben mögen, daß man hoch oben in der Luft stände
und nur Himmel über und unter sich sähe, als daß man
auf dem Meeresgrunde sei. Bei Windstille konnte man
die Sonne sehen, sie erschien wie eine Purpurblume
aus deren Kelche alles Licht strömte.
Jede der kleinen Prinzessinnen hatte ihren kleinen
Fleck im Garten, wo sie graben und pflanzen konnte,
ganz wie sie wollte. Eine gab ihrem Blumenbeet die
Gestalt eines Walfisches, einer anderen erschien es
hübscher, daß das ihre einem Meerweiblein glich, aber
die Jüngste machte ihr Beet ganz rund wie die Sonne
und hatte nur Blumen darauf, die so rot wie diese
leuchteten. Sie war ein seltsames Kind, still und
nachdenklich, und während die anderen Schwestern
sich mit den merkwürdigsten Sachen, die aus
gestrandeten Schiffen genommen waren, putzten,
wollte sie nur, außer ihren rosenroten Blumen, die der
Sonne dort oben glichen, ein schönes Marmorbild
haben. Es war ein herrlicher Knabe, aus weißem,
klarem Stein gehauen, der beim Stranden auf den
Meeresboden gesunken war. Sie pflanzte neben dem
Bilde eine rosenrote Trauerweide, die prächtig wuchs
und mit ihren frischen Zweigen darüber hing bis auf
den blauen Sandboden hinab, wo der Schatten sich
violett färbte und gleich den Zweigen in sanfter
Bewegung war; es sah aus, als ob die Spitze und die
Wurzeln miteinander spielten, als ob sie sich küssen
wollten.
Sie kannte keine größere Freude, als von der
Menschenwelt über ihr zu hören, die alte Großmutter
mußte ihr alles erzählen, was sie wußte von den
Schiffen und Städten, Menschen und Tieren. Ganz
besonders wunderbar und herrlich erschien es ihr, daß
oben auf der Erde die Blumen dufteten, denn das taten
sie auf dem Meeresboden nicht, und daß die Wälder
grün waren und die Fische, die man dort auf den
Zweigen sieht, so laut und lieblich singen konnten, daß
es eine Lust war. Es waren die kleinen Vögel, die die
Grobmutter Fische nannte, denn sonst hätten es die

Kinder nicht verstehen können, da sie nie einen Vogel
gesehen hatten.
""Wenn Ihr Euer fünfzehntes Jahr erreicht habt,"" sagte
die Grobmutter, ""so werdet Ihr Erlaubnis bekommen,
aus dem Meere emporzutauchen, im Mondschein auf
den Klippen zu sitzen und die großen Schiffe
vorbeisegeln zu sehen, auch die Wälder und Städte
sollt Ihr dann sehen!"" Im nächsten Jahre wurde die
eine von den Schwestern fünfzehn Jahre, aber die
anderen, die eine war immer ein Jahr jünger als die
andere, die Jüngste mußte also noch fünf lange Jahre
warten, bevor sie vom Meeresgrund aufsteigen und
sehen konnte, wie es bei uns aussieht. Aber die eine
versprach der anderen zu erzählen, was sie gesehen
und am ersten Tage am schönsten gefunden hätte denn
ihre Grobmutter erzählte ihnen nicht genug, da war
noch so vieles, worüber sie Bescheid wissen mußten.
Keine war so sehnsuchtsvoll, wie die Jüngste, gerade
sie, die am längsten Zeit zu warten hatte und die so
still und gedankenvoll war. Manche Nacht stand sie
am offenen Fenster und sah hinauf durch das
dunkelblaue Wasser, wo die Fische mit ihren Flossen
und Schwänzen einherruderten. Mond und Sterne
konnte sie sehen; zwar leuchteten sie nur ganz bleich,
aber durch das Wasser sahen sie viel größer aus, als
für unsere Augen; glitt es dann gleich einer schwarzen
Wolke unter ihnen dahin, so wußte sie, daß es
entweder ein Walfisch war, der über ihr schwamm,
oder auch ein Schiff mit vielen Menschen; die dachten
gewiß nicht daran, daß eine liebliche kleine Seejungfer
unten stand und ihre weißen Hände gegen den Kiel
emporstrecken.
Nun war die älteste Prinzessin fünfzehn Jahre alt und
durfte zur Meeresoberfläche aufsteigen.
Als sie zurückkam, wußte sie hundert Dinge zu
erzählen, das herrlichste jedoch, sagte sie, wäre, im
Mondschein auf einer Sandbank in der ruhigen See zu
liegen und zu der großen Stadt dicht bei der Küste
hinüberzuschauen, wo die Lichter blinkten wie hundert
Sterne, die Musik und den Lärm und die Geräusche
der Wagen und Menschen zu hören, die vielen
Kirchtürme und Giebel zu sehen und zu hören, wie die
Glocken läuten. ? Und die Jüngste sehnte sich immer
mehr nach diesem allen, gerade weil sie noch nicht
hinauf durfte.
O, wie horchte sie auf, und wenn sie dann abends am
offenen Fenster stand und durch das dunkelblaue
Wasser hinaufsah, dachte sie an die große Stadt mit all
ihrem Lärm und Geräusch, und dann vermeinte sie, die

Kirchenglocken bis zu sich herunter läuten zu hören.
Ein Jahr danach bekam die zweite Schwester
Erlaubnis, durch das Wasser aufzusteigen und zu
schwimmen, wohin sie wollte. Sie tauchte auf, gerade
als die Sonne unterging, und dieser Anblick erschien
ihr das schönste. Der ganze Himmel habe wie Gold
ausgesehen, sagte sie, und die Wolken ? Ja, deren
Herrlichkeit konnte sie nicht genug beschreiben! Rot
und violett waren sie über ihr dahingesegelt, aber weit
hurtiger als sie flog, wie ein langer weißer Schleiers
ein Schwarm wilder Schwäne über das Wasser hin, wo
die Sonne stand. Sie schwamm ihr entgegen, aber sie
sank, und der Rosenschimmer erlosch auf der
Meeresfläche und den Wolken.
Im Jahre darauf kam die dritte Schwester hinauf. Sie
war die dreisteste von allen. Darum schwamm sie
einen breiten Fluß hinauf, der in das Meer mündete.
Herrliche grüne Hügel mit Weinreben sah sie, und
Schlösser und Bauernhöfe schauten zwischen den
prächtigen Wäldern hervor, sie hörte, wie alle Vögel
sangen, und die Sonne schien so warm, daß sie
untertauchen mußte, um im Wasser ihr brennendes
Antlitz zu kühlen. In einer kleinen Bucht traf sie eine
Schar kleiner Menschenkinder, ganz nackend liefen sie
im Wasser umher und plätscherten, sie wollte mit
ihnen spielen, aber sie waren erschreckt davon
gelaufen, und ein kleines schwarzes Tier war
gekommen ? das war ein Hund, aber sie hatte nie
zuvor einen Hund gesehen ?, der bellte sie so
schrecklich an, daß sie es mit der Angst bekam und
schnell in die offene See zu kommen suchte. Aber
niemals konnte sie die prächtigen Wälder vergessen,
und die grünen Hügel und die niedlichen Kinder, die
im Wasser schwimmen konnten, obwohl sie keinen
Fischschwanz hatten.
Die vierte Schwester war nicht so dreist, sie blieb
draußen mitten im wilden Meer und erzählte, daß
gerade das das Herrlichste gewesen wäre: Man sehe
viele Meilen weit umher, und der Himmel stände über
einem wie eine große Glasglocke. Schiffe hätte sie
gesehen, aber weit in der Ferne, sie sähen aus wie
Strandmöven; die lustigen Delfine hätten Purzelbäume
geschlagen, und die großen Walfische hätten aus ihren
Nasenlöchern Wasser hoch in die Luft gespritzt, so
daß es wie hundert Springbrunnen
ringsumher
ausgesehen habe. ?
Nun kam die Reihe an die fünfte Schwester; ihr
Geburtstag fiel gerade in den Winter, und darum sah
sie, was die anderen das erste Mal nicht gesehen

hatten. Das Meer nahm sich ganz grün aus, und
ringsum schwammen große Eisberge. Jeder sähe aus,
wie eine Perle, sagte sie, und doch sei er größer als die
Kirchtürme, die die Menschen bauten.
In den
seltsamsten Gestalten zeigten sie sich und funkelten
wie Diamanten. Sie hatte sich auf einen der größten
gesetzt, und alle Segler kreuzten erschrocken in
großem Bogen dort vorbei, wo sie saß und ihre Haare
im Winde fliegen ließ. Aber gegen Abend überzog
sich der Himmel mit schwarzen Wolken, es blitzte und
donnerte, während die schwarze See die großen
Eisblöcke hoch emporhob und sie in rotem Lichte
erglänzen ließ. Auf allen Schiffen nahm man die Segel
herein, und überall herrschte Angst und Grauen, sie
aber saß ruhig auf ihrem schwimmenden Eisberg und
sah die blauen Blitze im Zickzack in die schimmernde
See herniederschlagen. Das erste Mal, wenn eine der
Schwestern über das Wasser emporkam, war jede
entzückt über all das Neue und Schöne, was sie sah,
aber da sie nun als erwachsene Mädchen emporsteigen
durften, wann sie wollten, wurde es ihnen gleichgültig,
sie sehnten sich wieder nach Hause zurück, und nach
eines Monats Verlauf sagten sie, daß es doch unten bei
ihnen am allerschönsten sei, man sei da so hübsch zu
Hause.
In mancher Abendstunde
fünf
Schwestern an den Händen und stiegen in einer Reihe
über das Wasser hinauf. Herrliche Stimmen hatten sie,
schöner als irgendein Mensch, und wenn dann ein
Sturm heraufzog, so daß sie annehmen konnten, daß
Schiffe untergehen würden, so schwammen sie vor den
Schiffen her und sangen so wundersam, wie schön es
auf dem Meeresgrunde sei, und sie baten die Schiffer,
sich nicht zu fürchten vor dem Untergehn, aber diese
konnten die Worte nicht verstehen und glaubten, es
wäre der Sturm. Und sie bekamen die Herrlichkeiten
da unten auch nicht zu sehen, denn wenn das Schiff
sank, ertranken die Menschen und kamen nur als Tote
zu des Meerkönigs Schloß.
Wenn die Schwestern so Arm in Arm am Abend durch
die See hinaufstiegen, dann stand die kleine Schwester
ganz allein und sah ihnen nach, und es war ihr, als ob
sie weinen müßte, aber Seejungfern haben keine
Tränen und leiden darum viel schwerer.
""Ach, wäre ich doch fünfzehn Jahre!"" sagte sie, ""ich
weiß, daß ich die Welt da oben und die Menschen, die
dort bauen und wohnen, recht in mein Herz schließen
werde!""
Endlich war sie fünfzehn Jahre alt.

faßten sich die

""Sieh, nun bist du erwachsen,"" sagte ihre Grobmutter
die alte Königin-Witwe. ""Komm nun und lasse dich
von mir schmücken wie deine anderen Schwestern!""
Und sie setzte ihr einen Kranz von weißen Lilien ins
Haar, aber jedes Blumenblatt war eine halbe Perle: und
dann ließ die Alte acht große Austern sich im
Schwanze der Prinzessin festklemmen, um ihren
hohen Stand zu zeigen.
""Das tut so weh!"" sagte die kleine Seejungfer.
""Ja, Adel hat seinen Zwang!"" sagte die Alte.
Ach, sie würde so gerne die ganze Pracht abgeschüttelt
und den schweren Kranz weggelegt haben, ihre roten
Blumen im Garten kleideten sie viel besser, aber das
nutzte nun nichts mehr. ""Lebewohl,"" sagte sie und
stieg leicht und klar, gleich einer Blase, im Wasser
empor. Die Sonne war gerade untergegangen, als sie
ihr Haupt aus dem Wasser erhob, aber alle Wolken
leuchteten noch wie Rosen und Gold, und mitten in der
zartroten Luft strahlte der Abendstern so licht und klar.
Die Luft war mild und frisch und das Meer windstill.
Da lag ein großes Schiff mit drei Masten. Nur ein
einziges Segel war aufgezogen, denn nicht ein
Lüftchen rührte sich und rings im Tauwerk und auf
den Stangen saßen Matrosen. Da war Musik und
Gesang, und als es abends dunkelte, wurden hunderte
von bunten Lichtern angezündet; und es sah aus, als ob
die Flaggen aller Nationen in der Luft wehten. Die
kleine Seejungfer schwamm bis dicht an das
Kajütenfenster, und jedesmal, wenn das Wasser sie
spiegelklaren
emporhob, konnte
Scheiben sehen, wie viele geputzte Menschen drinnen
standen, aber der schönste war doch der junge Prinz
mit den großen schwarzen Augen. Er war gewiß nicht
viel über sechzehn Jahre; es war sein Geburtstag, und
darum herrschte all die Pracht. Die Matrosen tanzten
auf dem Deck, und als der junge Prinz heraustrat,
stiegen über hundert Raketen in die Luft empor, die
leuchteten wie der klare Tag, so daß die kleine
Seejungfer ganz erschreckt ins Wasser niedertauchte,
aber sie steckte den Kopf bald wieder hervor und da
war es, als ob alle Sterne des Himmels auf sie
herniederfielen. Niemals hatte sie solche Feuerkünste
gesehen. Große Sonnen drehten sich sprühend herum,
Feuerfische schwangen sich in die blaue Luft, und
alles spiegelte sich in der klaren, stillen See. Auf dem
Schiffe selbst war es so hell, daß man jedes kleine Tau
sehen konnte, wieviel genauer noch die Menschen.
Ach, wie schön war doch der junge Prinz, und er
drückte den Leuten die Hand und lächelte, während

sie durch die

die Musik in die herrliche Nacht hinausklang.
Es wurde spät, aber die kleine Seejungfer konnte die
Augen nicht von dem Schiffe und von dem schönen
Prinzen wegwenden. Die bunten Lichter wurden
gelöscht, Raketen stiegen nicht mehr empor, und auch
keine Kanonenschüsse ertönten mehr, aber tief unten
im Meere summte und brummte es. Sie saß inzwischen
und ließ sich vom Wasser auf und nieder schaukeln, so
daß sie in die Kajüte hineinsehen konnte; aber jetzt
bekam das Schiff stärkere Fahrt, ein Segel nach dem
anderen breitete sich aus, die Wogen gingen höher,
große Wolken zogen herauf, es blitzte in der Ferne.
Ein schreckliches Unwetter war im Anzuge, deshalb
nahmen die Matrosen die Segel ein. Das große Schiff
schaukelte in fliegender Fahrt auf der wilden See. Die
Wogen stiegen auf wie große, schwarze Berge, die
sich über die Masten wälzen wollten, aber das Schiff
tauchte wie ein Schwan zwischen den hohen Wogen
nieder und ließ sich wieder emportragen auf die
aufgetürmten Wasser. Der kleinen Seejungfer schien
es eine recht lustige Fahrt zu sein, aber den Seeleuten
erschien es ganz und gar nicht so. Das Schiff knackte
und krachte, die dicken Planken bogen sich bei den
starken Stößen, mit denen sich die See gegen das
Schiff warf, der Mast brach mitten durch, als ob er ein
Rohr wäre, und das Schiff schlingerte auf die Seite,
während das Wasser in den Raum drang. Nun sah die
kleine Seejungfer, daß sie in Gefahr waren. Sie mußte
sich selbst in acht nehmen, vor den Balken und
Schiffstrümmern, die auf dem Wasser trieben. Einen
Augenblick war es so kohlschwarze Finsternis, daß sie
nicht das mindeste gewahren konnte, aber wenn es
dann blitzte, wurde es wieder so hell, daß sie alle auf
dem Schiffe erkennen konnte; jeder tummelte sich, so
gut er konnte. Besonders suchte sie nach dem jungen
Prinzen, und sie sah ihn, als das Schiff verschwand, in
das tiefe Meer versinken. Zuerst war sie sehr froh
darüber, denn nun kam er ja zu ihr herunter, aber dann
erinnerte sie sich, daß Menschen nicht unter dem
Wasser leben können, daß er also nur als Toter
hinunter zu ihres Vaters Schloß gelangen konnte.
Nein, sterben durfte er nicht; deshalb schwamm sie hin
zwischen die Balken und Planken, die auf dem Meere
trieben, und vergaß ganz daß sie von ihnen hätte
zermalmt werden können. Sie tauchte tief unter das
Wasser, stieg wieder empor zwischen den Wogen und
gelangte so zuletzt zu dem jungen Prinzen hin, der
kaum mehr in der stürmischen See schwimmen
konnte, seine Arme und Beine begannen zu ermatten,

die schönen Augen schlossen sich, und er wäre
gestorben, wenn nicht die kleine Seejungfer dazu
gekommen wäre. Sie hielt seinen Kopf über Wasser
und ließ sich so von den Wogen mit ihm treiben,
wohin sie wollten.
Am Morgen war das Unwetter vorüber, vom Schiffe
war nicht ein Span mehr zu sehen, die Sonne stieg rot
empor und glänzte über dem Wasser, und es war
gerade, als ob des Prinzen Wangen Leben dadurch
erhielten, aber die Augen blieben geschlossen. Die
Seejungfer küßte seine hohe, schöne Stirn und strich
sein nasses Haar zurück, sie dachte, daß er dem
Marmorbilde unten in ihrem kleinen Garten gliche,
und sie küßte ihn wieder und wünschte, daß er doch
leben möchte.
Nun sah sie vor sich das feste Land, hohe blaue Berge,
auf deren Gipfel der weiße Schnee schimmerte, als ob
Schwäne dort oben lägen. Unten an der Küste waren
herrliche grüne Wälder, und vorn lag eine Kirche oder
ein Kloster, das wußte sie nicht recht, aber ein
Gebäude war es. Zitronen- und Apfelsinenbäume
wuchsen dort im Garten, und vor den Toren standen
große Palmenbäume. Die See bildete hier eine kleine
Bucht, da war es ganz still, aber sehr tief. Bis dicht zu
den Klippen, wo der feine, weiße Sand angespült lag,
schwamm sie mit dem schönen Prinzen, legte ihn in
den Sand, und sorgte besonders dafür, daß der Kopf
hoch im warmen Sonnenschein lag.
Nun läuteten die Glocken in dem großen weißen
Gebäude, und es kamen viele junge Mädchen durch
den Garten. Da schwamm die kleine Seejungfer etwas
weiter hinaus hinter ein paar große Felsen, die aus dem
Meere aufragten, bedeckte ihre Brust und ihr Haar mit
Meerschaum, so daß niemand ihr kleines Antlitz sehen
konnte, und dann paßte sie auf, wer zu dem armen
Prinzen kommen würde.
Es dauerte nicht lange, bis ein junges Mädchen dahin
kam. Sie schien sehr erschrocken, aber nur einen
Augenblick, dann holte sie mehrere Leute herbei, und
die Seejungfer sah, daß der Prinz wieder zu sich kam
und alle anlächelte, aber hinaus zu ihr lächelte er nicht,
er wußte ja auch nicht, daß sie ihn gerettet hatte; sie
wurde sehr traurig, und als er in das große Gebäude
geführt wurde, tauchte sie betrübt ins Wasser hinab
und kehrte heim zu ihres Vaters Schloß.
Immer war sie still und gedankenvoll gewesen, aber
nun wurde sie es noch weit mehr. Die Schwestern
fragten sie, was sie das erste Mal dort oben gesehen
habe, aber sie erzählte nichts.

die

sagten

Manchen Abend und Morgen stieg sie auf zu der
Stelle, wo sie den Prinzen verlassen hatte. Sie sah des
Gartens Früchte reifen und gepflückt werden, sie sah
den Schnee auf den hohen Bergen schmelzen, aber den
Prinzen sah sie nicht, und deshalb kehrte sie immer
betrübter heim. Es war ihr einziger Trost, in dem
kleinen Garten zu sitzen und ihre Arme um das schöne
Marmorbild, das dem Prinzen glich, zu schlingen, aber
ihre Blumen pflegte sie nicht, sie wuchsen wie in einer
Wildnis über die Gänge hinaus und flochten ihre
langen Stiele und Blätter in die Zweige der Bäume, so
daß es dort ganz dunkel war.
Zuletzt konnte sie es nicht länger aushalten und sagte
es einer von ihren Schwestern, und so bekamen es
schnell all die anderen zu wissen, aber nicht mehr als
sie und noch ein paar Seejungfern, die es niemand
weitersagten, als ihren allernächsten Freundinnen.
Eine von diesen wußte, wer der Prinz war, sie hatte
auch das Fest auf dem Schiffe gesehen und wußte,
woher er war und wo sein Königreich lag.
""Komm, Schwesterchen""
anderen
Prinzessinnen, und Arm in Arm stiegen sie in einer
langen Reihe aus dem Meere empor, dorthin, wo sie
des Prinzen Schloß wußten.
Dies war aus einer hellgelb glänzenden Steinart
aufgeführt, mit großen Marmortreppen, von denen eine
gerade bis zum Meere hinunter führte. Prächtige
vergoldete Kuppeln erhoben sich über dem Dache, und
zwischen den Säulen, die das ganze Gebäude
umkleideten, standen Marmorbilder, die sahen aus, als
ob sie Leben hätten. Durch das klare Glas in den
hohen Fenstern konnte man
in die prächtigsten
Gemächer hineinsehen, wo kostbare Seidengardinen
und Teppiche hingen und die Wände mit großen
Gemälden geschmückt waren, so daß es ein wahres
Vergnügen war, alles anzusehen. Mitten in dem
größten Saal plätscherte ein großer Springbrunnen,
seine Strahlen
sprangen hoch auf gegen die
Glaskuppel in der Decke, wo hindurch die Sonne auf
das Wasser und die herrlichen Pflanzen schien, die in
dem großen Marmorbecken wuchsen.
Nun wußte sie, wo er wohnte, und so brachte sie
manchen Abend und manche Nacht dort auf dem
Wasser zu. Sie schwamm dem Lande weit näher, als es
eine der anderen je gewagt hatte, ja sie drang bis weit
in den schmalen Kanal unter dem prächtigen
Marmoraltan ein, der einen langen Schatten über das
Wasser warf. Hier saß sie und sah auf den jungen
in dem klaren
Prinzen, der sich ganz allein

ihrem

Mondschein glaubte.
An manchem Abend sah sie ihn mit Musik und
wehenden Flaggen
in seinem prächtigen Boot
davonsegeln. Sie lugte zwischen dem grünen Schilfe
hervor, und wenn der Wind mit
langen
silberweißen Schleier spielte und jemand das sah,
dachte er, es sei ein Schwan, der seine Flügel höbe.
Sie hörte in mancher Nacht, wenn die Fischer mit
Fackeln auf dem Meer lagen, daß viel Gutes von dem
jungen Prinzen berichtet wurde, und da freute sie sich,
daß sie ihn gerettet hatte, als er halbtot auf den Wogen
trieb, und sie dachte daran, wie fest sein Haupt an ihrer
Brust geruht hatte, und wie innig sie ihn da geküßt
hatte. Aber er wußte nichts davon und konnte nicht
einmal von ihr träumen.
Mehr und mehr kam sie dazu, die Menschen zu lieben,
und mehr und mehr wünschte sie, zu
ihnen
hinaufsteigen zu können, denn die Menschenwelt
erschien ihr weit größer als die ihre. Sie konnten zu
Schiff über die Meere fliegen, auf die hohen Berge
weit über den Wolken steigen, und ihre Länder
erstreckten sich mit Wäldern und Feldern weiter, als
sie blicken konnte. Da war so vieles, was sie gern
wissen wollte, aber die Schwestern konnten ihr auf
viele Fragen keine Antwort geben, deshalb fragte sie
die alte Großmutter, denn diese kannte die höhere
Welt, wie sie sehr richtig die Länder oberhalb des
Meeres nannte, recht gut.
""Wenn die Menschen nicht ertrinken,"" fragte die
kleine Seejungfer, ""können sie dann ewig leben?
Sterben sie nicht, wie wir hier unten im Meere?""
""Ja,"" sagte die Alte, ""sie müssen auch sterben, und ihre
Lebenszeit ist sogar noch kürzer als die unsere. Wir
können dreihundert Jahre alt werden, aber wenn wir
dann aufgehört haben, zu sein, so werden wir in
Schaum auf dem Wasser verwandelt und haben nicht
einmal ein Grab hier unten zwischen unseren Lieben.
Wir haben keine unsterbliche Seele; wir erhalten nie
wieder Leben. Wir sind gleich dem grünen Schilfe, ist
es einmal abgeschnitten, so kann es nie wieder grünen.
Die Menschen dagegen haben eine Seele, die ewig
lebt, die lebt, auch wenn der Körper zu Erde zerfallen
ist. Sie steigt auf in der klaren Luft und zu all den
schimmernden Sternen empor! Gerade wie wir aus
dem Meere auftauchen und die Länder der Menschen
sehen, so tauchen sie zu unbekannten, herrlichen Orten
empor, die wir niemals erblicken werden.""
""Warum bekamen wir keine unsterbliche Seele?"" sagte
die kleine Seejungfer betrübt, ""ich wollte alle meine

hundert Jahre, die ich zu leben habe, dafür hingeben,
einen Tag ein Mensch zu sein und Teil zu haben an der
himmlischen Welt!""
""So etwas mußt du nicht denken!"" sagte die Alte, ""wir
sind viel glücklicher und besser daran, als die
Menschen dort oben!""
""Ich muß also sterben und als Schaum auf dem Meere
treiben, und darf nicht mehr der Wellen Musik hören,
die herrlichen Blumen und die rote Sonne sehen. Kann
ich denn gar nichts tun, um eine unsterbliche Seele zu
gewinnen?"" ?
""Nein,"" sagte die Alte. ""Nur wenn ein Mensch dich so
lieb gewinnt, daß du für ihn mehr wirst, als Vater und
Mutter, wenn er mit allen seinen Gedanken und seiner
Liebe an dir hinge und den Priester deine rechte Hand
in seine legen ließe mit dem Gelübde der Treue hier
und für alle Ewigkeit, dann würde seine Seele in
deinen Körper überfließen und du bekämest auch Teil
an dem Glücke der Menschen. Er gäbe dir eine Seele
und behielte doch die eigene. Aber das kann niemals
geschehen! Was hier im Meere gerade als schön gilt,
dein Fischschwanz, das finden sie häßlich oben auf der
Erde, sie verstehen es eben nicht besser. Man muß dort
zwei plumpe Säulen haben, die sie Beine nennen, um
schön zu sein!""
Da seufzte die kleine Seejungfer und sah betrübt auf
ihren Fischschwanz.
""Laß uns fröhlich sein,"" sagte die Alte, ""hüpfen und
springen wollen wir in den dreihundert Jahren, die wir
zu leben haben, das ist eine ganz schöne Zeit. Später
kann man sich um so sorgenloser in seinem Grabe
ausruhen. Heute abend haben wir Hofball!""
Das war eine Pracht, wie man sie auf der Erde nie
sehen konnte. Wände und Decke in dem großen
Tanzsaal waren aus dickem, aber klarem Glase.
Mehrere hundert riesige Muschelschalen, rosenrote
und grasgrüne, standen in Reihen an jeder Seite mit
einem blau brennenden Feuer, das den ganzen Saal
erleuchtete und durch die Wände hinausschien, so daß
die See draußen ebenfalls hell erleuchtet war. Man
konnte all die unzähligen Fische sehen, große und
kleine, die gegen die Glasmauern schwammen. Bei
einigen schimmerten die Schuppen purpurrot, bei
anderen wie Silber und Gold. Mitten im Saale floß ein
breiter Strom, und auf diesem tanzten die Meermänner
und Meerweiblein zu
ihrem eigenen herrlichen
Gesang. So süßklingende Stimmen gibt es bei den
Menschen auf der Erde nicht. Die kleine Seejungfer
sang am schönsten von allen, und alle klatschten ihr

zu, und einen Augenblick lang fühlte sie Freude im
Herzen, denn sie wußte, daß sie die schönste Stimme
von allen im Wasser und auf der Erde hatte! Aber bald
dachte sie doch wieder an die Welt über sich; sie
konnte den schönen Prinzen nicht vergessen und auch
nicht ihren Kummer darüber, daß sie nicht, wie er, eine
unsterbliche Seele besaß.
Deshalb schlich sie sich aus ihres Vaters Schloß, und
während alle drinnen sich bei Gesang und Fröhlichkeit
vergnügten, saß sie betrübt in ihrem kleinen Garten.
Da hörte sie das Waldhorn durch das Wasser hinunter
erklingen, und sie dachte: ""Nun fährt er gewiß dort
oben, er, den ich lieber habe, als Vater und Mutter, er,
an dem meine Gedanken hängen und in dessen Hand
ich meines Lebens Glück legen möchte. Alles will ich
wagen um ihn und um eine unsterbliche Seele zu
gewinnen! Während meine Schwestern dort drinnen in
meines Vaters Schloß tanzen, will ich zur Meerhexe
gehen, vor der ich mich immer so gefürchtet habe.
Aber sie kann vielleicht raten und helfen!""
Nun ging die kleine Seejungfer aus ihrem Garten
hinaus zu dem brausenden Malstrom, hinter dem die
Hexe wohnte. Diesen Weg war sie nie zuvor
gegangen, da wuchsen keine Blumen, kein Seegras,
nur der nackte graue Sandboden streckte sich gegen
den Malstrom, wo das Wasser wie brausende
Mühlenräder im Kreise wirbelte und alles, was es
erfaßte, mit sich in die Tiefe riß. Mitten zwischen
diesen zermalmenden Wirbeln mußte sie dahingehen,
um in das Reich der Meerhexe zu gelangen. Dann gab
es eine ganze Strecke keinen anderen Weg, als über
heißsprudelnden Schlamm, den die Hexe ihr Torfmoor
nannte. Dahinter lag ihr Haus mitten in einem
seltsamen Walde. Alle Bäume und Büsche waren
Polypen, halb Tier, halb Pflanze, sie sahen aus, wie
hundertköpfige Schlangen, die aus der Erde wuchsen;
alle Zweige waren lange schleimige Arme mit Fingern
wie geschmeidige Würmer, und Glied für Glied
bewegten sie sich von der Wurzel bis zur äußersten
Spitze. Alles was in ihre Greifnähe kam im Meer,
umschnürten sie fest und ließen es nicht wieder los.
Die kleine Seejungfer blieb ganz erschrocken draußen
stehen, ihr Herz klopfte vor Angst, fast wäre sie
wieder umgekehrt, aber da dachte sie an den Prinzen
und an die Menschenseele, und das machte ihr Mut.
Ihr langes, wehendes Haar band sie fest um den Kopf,
so daß die Polypen sie nicht daran ergreifen könnten,
beide Hände legte sie über der Brust zusammen und
schoß von dannen, schnell wie nur ein Fisch durchs

im Walde, wo große,

Wasser schießen kann, mitten hinein zwischen die
häßlichen Polypen, die ihre geschmeidigen Arme und
Finger nach ihr ausstreckten. Sie sah, wie jeder von
ihnen etwas, was er aufgegriffen hatte mit hundert
kleinen Armen festhielt wie mit starken Eisenbanden.
Menschen, die in der See umgekommen waren und tief
heruntergesunken waren, sahen als weiße Gerippe aus
dem Armen der Polypen hervor. Steuerruder und
Kisten hielten sie fest, Skelette von Landtieren und
eine kleine Meerjungfer, die sie gefangen und erstickt
hatten, ? das erschien ihr fast als das Schrecklichtse.
Nun gelangte sie an einen großen, mit Schleim
fette
bedeckten Platz
Wasserschlangen sich wälzten und ihre häßlichen,
weißgelben Bäuche zeigten. Mitten auf dem Platze war
ein Haus errichtet aus ertrunkener Menschen weißen
Gebeinen. Da saß die Meerhexe und ließ eine Kröte
von ihrem Munde essen, gerade wie Menschen einen
kleinen Kanarienvogel Zucker picken lassen. Die
häßlichen, fetten Wasserschlangen nannte sie ihre
kleinen Küchlein und ließ sie sich auf ihrer großen,
schwammigen Brust wälzen.
""Ich weiß schon, was du willst!"" sagte die Meerhexe,
""das ist zwar dumm von dir, aber du sollst trotzdem
deinen Willen haben, denn er wird dich ins Unglück
stürzen, meine schöne Prinzessin. Du willst gern
deinen Fischschwanz los sein und dafür zwei Stümpfe
haben, um darauf zu gehen, ebenso wie die Menschen,
damit der junge Prinz sich in dich verlieben soll und
du ihn und eine unsterbliche Seele bekommen kannst!""
Gleichzeitig lachte die Hexe so laut und scheußlich,
daß die Kröte und die Schlangen zur Erde fielen und
sich dort wälzten. ""Du kommst gerade zur rechten
Zeit"" sagte die Hexe, ""morgen, wenn die Sonne
aufgeht, könnte ich dir nicht mehr helfen, bevor wieder
ein Jahr um wäre. Ich will dir einen Trunk bereiten,
mit dem sollst du, bevor die Sonne aufgeht, ans Land
schwimmen, dich ans Ufer setzen und ihn trinken,
dann verschwindet dein Schwanz und schrumpft
zusammen zu dem, was die Menschen hübsche Beine
nennen, aber es tut weh, es wird sein als ob ein
scharfes Schwert durch dich hindurch ginge. Alle, die
dich sehen, werden sagen, du seiest das liebreizendste
Menschenkind, das sie je gesehen hätten! Du behältst
deinen schwebenden Gang, keine Tänzerin wird
schweben können, wie du, aber jeder Schritt, den du
tust, wird sein, als ob du auf scharfe Messer trätest, so
daß dein Blut fließen muß. Willst du alles dies
erleiden, so werde ich dir helfen!""

""Ja!"" sagte die kleine Seejungfer mit bebender Stimme
und dachte an den Prinzen und die unsterbliche Seele.
""Bedenke aber,"" sagte die Hexe, ""hast du erst
menschliche Gestalt bekommen, so kannst du nie
wieder eine Seejungfer werden! Niemals wieder
kannst du durch das Wasser zu deinen Schwestern
niedersteigen und zu deines Vaters Schloß. Und wenn
du die Liebe des Prinzen nicht eringst, so daß er um
deinetwillen Vater und Mutter vergißt, mit allen seinen
Gedanken nur an dir hängt und den Priester eure
Hände ineinander legen läßt, so daß Ihr Mann und
Frau werdet, so bekommst du keine unsterbliche
Seele! Am ersten Morgen, nachdem er sich mit einer
anderen vermählt hat, muß dein Herz brechen, und du
wirst zu Schaum auf dem Wasser.""
""Ich will es!"" sagte die kleine Seejungfer und war
bleich wie der Tod.
""Aber mich mußt du auch bezahlen!"" sagte die Hexe,
""und es ist nicht wenig, was ich verlange. Du hast die
herrlichste Stimme von allen hier unten auf dem
Meeresgrunde, damit willst du ihn bezaubern, hast du
dir wohl gedacht, aber die Stimme mußt du mir geben.
Das beste, was du besitzest, will ich für meinen
kostbaren Trank haben! Ich muß ja mein eigenes Blut
für dich darein mischen, damit der Trank scharf werde,
wie ein zweischneidiges Schwert!""
""Aber wenn du mir meine Stimme nimmst,"" sagte die
kleine Seejungfer, ""was behalte ich dann übrig?""
""Deine schöne Gestalt,"" sagte die Hexe, ""Deinen
schwebenden Gang und deine sprechenden Augen,
damit kannst du schon ein Menschenherz betören. Na,
hast du den Mut schon verloren? Streck deine kleine
Zunge hervor, dann schneide
ich sie ab, zur
Bezahlung, und du bekommst dafür den kräftigen
Trank!""
""Es geschehe!"" sagte die kleine Seejungfer, und die
Hexe setzte ihren Kessel auf, um den Zaubertrank zu
kochen. ""Reinlichkeit ist ein gutes Ding!"" sagte sie
und scheuerte den Kessel mit Schlangen ab, die sie zu
einem Knoten band. Nun ritzte sie sich selbst in die
Brust und ließ ihr schwarzes Blut hineintropfen. Der
Dampf nahm die seltsamsten Gestalten an, so daß
einem angst und bange wurde. Jeden Augenblick tat
die Hexe neue Sachen in den Kessel, und als es recht
kochte, war es, als ob ein Krokodil weint. Zuletzt war
der Trank fertig, er sah aus, wie das klarste Wasser.
""Da hast du ihn!"" sagte die Hexe und schnitt der
kleinen Seejungfer die Zunge ab. Nun war sie stumm
und konnte weder singen noch sprechen.

die

und

erblickte

emporstieg. Der Mond

""Sobald du von den Polypen ergriffen wirst, wenn du
durch meinen Wald zurück gehst,"" sagte die Hexe, ""so
wirf nur einen einzigen Tropfen von diesem Trank auf
sie, dann springen ihre Arme und Finger in tausend
Stücke!"" Aber das brauchte die kleine Seejungfer gar
nicht. Die Polypen zogen sich erschreckt vor ihr
zurück, als sie den leuchtenden Trank sahen, der in
ihrer Hand glänzte, gerade als ob sie einen funkelnden
Stern hielte. So kam sie bald durch den Wald, das
Moor und den brausenden Malstrom.
Sie konnte ihres Vaters Schloß sehen; die Lichter in
dem großen Tanzsaal waren gelöscht, sie schliefen
gewiß alle darinnen, aber sie wagte doch nicht noch
einmal hinzugehen, nun sie stumm geworden war und
sie auf immer verlassen wollte. Es war, als ob ihr Herz
vor Kummer zerspringen wollte. Sie schlich sich in
den Garten, nahm eine Blume von jeder Schwester
Beet, warf tausend Kußhände zum Schlosse hin und
stieg durch die dunkelblaue See empor.
Die Sonne war noch nicht aufgegangen, als sie des
prächtige
Prinzen Schloß
Marmortreppe
schien
wundersam klar. Die kleine Seejungfer trank den
brennend scharfen Trank und es war ihr, als ob ein
zweischneidiges Schwert durch ihre feinen Glieder
ging. Sie wurde darüber ohnmächtig und lag wie tot
da. Als die Sonne über die See schien, erwachte sie
und fühlte einen schneidenden Schmerz, aber gerade
vor ihr stand der schöne, junge Prinz. Er heftete seine
kohlschwarzen Augen auf sie, so daß sie die ihren
niederschlug, und nun sah sie, daß ihr Fischschwanz
fort war und sie die niedlichsten kleinen, weißen
Füßchen hatte, die nur ein Mädchen haben kann. Aber
sie war ganz nackend, darum hüllte sie sich in ihr
langes, dichtes Haar. Der Prinz fragte, wer sie wäre
und wie sie hierhergekommen sei, und sie sah ihn mild
aber doch so traurig mit ihren dunkelblauen Augen an;
sprechen konnte sie ja nicht. Da nahm er sie bei der
Hand und führte sie in das Schloß. Jeder Schritt, den
sie tat, war, wie die Hexe es ihr vorausgesagt hatte, als
ob sie auf spitzige Nadeln und scharfe Messer träte,
aber das erduldete sie gerne; an des Prinzen Hand stieg
sie so leicht wie eine Seifenblase empor, und er und
alle Anderen verwunderten sich über ihren anmutig
dahinschwebenden Gang.
Mit köstlichen Kleidern aus Seide und Musselin wurde
sie nun bekleidet. Sie war die Schönste im Schlosse,
aber sie war stumm, konnte weder singen noch
sprechen. Wunderschöne Sklavinnen, gekleidet in

Seide und Gold, traten hervor und sangen vor dem
Prinzen und seinen königlichen Eltern. Eine von ihnen
sang schöner als die anderen, und der Prinz klatschte
in die Hände und lächelte ihr zu. Da ward die kleine
Seejungfer traurig, sie wußte, daß sie selbst weit
schöner gesungen hatte! und sie dachte, ""o, wüßte er
nur, daß ich, um in seiner Nähe zu sein, meine Stimme
für alle Ewigkeit hingegeben habe!""
Nun tanzten die Sklavinnen lieblich schwebende
Tänze zu der herrlichsten Musik. Da hob die kleine
Seejungfer ihre schönen, weißen Arme, erhob sich auf
den Zehenspitzen und schwebte über den Boden hin,
und sie tanzte, wie noch keine getanzt hatte. Bei jeder
Bewegung offenbarte sich ihre Schönheit anmutiger,
und ihre Augen sprachen tiefer zum Herzen, als der
Gesang der Sklavinnen.
Alle waren entzückt, besonders aber der Prinz, der sie
sein kleines Findelkind nannte, und sie tanzte fort und
fort, ob auch bei jedem Male, wenn ihr Fuß die Erde
berührte, sie einen Schmerz fühlte, als ob sie auf
scharfe Messer träte. Der Prinz sagte, daß sie immer
bei ihm bleiben müsse, und sie bekam die Erlaubnis,
vor seiner Tür auf einem samtenen Kissen zu schlafen.
Er ließ ihr eine Knabentracht nähen, damit sie ihm
auch zu Pferde folgen könne. Sie ritten durch die
duftenden Wälder, wo die Zweige an ihre Schultern
schlugen und die kleinen Vögel unter den frischen
Blättern sangen. Sie kletterte mit dem Prinzen die
hohen Berge hinauf, und obgleich ihre feinen Füße
bluteten, daß selbst die anderen es sahen, lachte sie
dessen und folgte ihm doch, bis sie die Wolken unter
sich dahinsegeln sahen, wie einen Schwarm Vögel, der
nach fremden Ländern zog.
Daheim auf des Prinzen Schloß, wenn nachts die
anderen schliefen, ging sie die breite Marmortreppe
hinab; es kühlte ihre brennenden Füße, im kalten
Meereswasser zu stehen, und dann dachte sie derer
unten in der Tiefe.
Eines Nachts kamen ihre Schwestern Arm in Arm, sie
sangen so traurig, während sie über das Wasser
dahinschwammen, und sie winkte ihnen zu, und sie
erkannten sie und erzählten, wie traurig sie alle um sie
seien. Sie besuchten sie von nun an jede Nacht. Und in
einer Nacht sah sie weit draußen die alte Grobmutter
die seit vielen Jahren nicht mehr über dem Wasser
gewesen war, und den Meerkönig mit seiner Krone auf
dem Haupte. Sie streckten die Arme nach ihr aus, aber
wagten sich nicht so nahe ans Land, wie die
Schwestern.

Tag für Tag wurde sie dem Prinzen lieber, er hatte sie
lieb, wie man ein gutes und liebes Kind gern hat, aber
sie zu seiner Königin zu machen, kam ihm nicht in den
Sinn. Und sie mußte doch seine Frau werden, sonst
erhielt sie keine unsterbliche Seele und mußte an
seinem Hochzeitsmorgen zu Schaum vergehen.
""Hast du mich nicht am liebsten von allen?"" schienen
der kleinen Seejungfer Augen zu fragen, wenn er sie in
seine Arme nahm und sie auf die schöne Stirn küßte.
""Ja, du bist mir die Liebste,"" sagte der Prinz, ""denn du
hast das beste Herz von allen, du bist mir am meisten
ergeben, und du gleichst einem jungen Mädchen, das
ich einmal sah aber gewiß nie wieder finden werde.
Ich war auf einem Schiffe, das unterging. Die Wogen
trieben mich bei einem heiligen Tempel an das Land,
junge Mädchen die Tempeldienste
wo mehrere
verrichteten. Die Jüngste fand mich am Meeresufer
und rettete mir das Leben. Ich sah sie nur zwei Mal.
Sie ist die einzige in dieser Welt, die ich lieben könnte,
aber du gleichst ihr, du verdrängst fast ihr Bild in
meiner Seele. Sie gehört dem heiligen Tempel an, und
deshalb hat mein Glücksengel dich mir gesendet. Nie
wollen wir uns trennen!"" ? ""Ach, er weiß nicht, daß ich
sein Leben gerettet habe!"" dachte die kleine
Seejungfer, ""ich trug ihn über das Meer zu dem Walde,
wo der Tempel stand; ich saß hinter dem Schaum und
paßte auf, ob Menschen kommen würden; ich sah das
schöne Mädchen, das er mehr liebt, als mich!"" Und die
Seejungfer seufzte tief, denn weinen konnte sie nicht.
""Das Mädchen gehört dem heiligen Tempel an, hat er
gesagt; sie kommt nie in die Welt hinaus, sie begegnen
einander nicht mehr; ich bin bei ihm, sehe ihn jeden
Tag. Ich will ihn pflegen, ihn lieben, ihm mein Leben
opfern!""
Aber nun sollte der Prinz sich verheiraten mit des
Nachbarkönigs
schöner Tochter, erzählte man.
Deshalb rüstete er auch ein so prächtiges Schiff aus.
Der Prinz reist, um des Nachbarkönigs Länder kennen
zu lernen, hieß es allerdings, aber es geschah im
Grunde genommen, um des Nachbarkönigs Tochter
kennen zu lernen. Ein großes Gefolge sollte ihn
begleiten. Aber die kleine Seejungfer schüttelte das
Haupt und lächelte. Sie kannte die Gedanken des
Prinzen weit besser, als alle anderen. ""Ich soll reisen!""
hatte er ihr gesagt, ""ich soll die schöne Prinzessin
sehen, meine Eltern verlangen das. Aber zwingen
wollen sie mich nicht, sie als meine Braut
heimzuführen. Ich kann sie ja nicht lieben! Sie gleicht
nicht dem schönen Mädchen im Tempel, der du gleich

siehst. Sollte ich einmal eine Braut wählen, so würdest
eher du es werden, du, mein stummes Findelkind mit
den sprechenden Augen!"" und er küßte ihren roten
Mund, spielte mit ihren langen Haaren und legte sein
Haupt an ihr Herz, das von Menschenglück und einer
unsterblichen Seele träumte.
""Du hast doch keine Furcht vor dem Meere, mein
stummes Kind!"" sagte er, als sie auf dem prächtigen
Schiffe standen, das ihn in des Nachbarkönigs Land
führen sollte. Und er erzählte ihr von Sturm und
Windstille, von seltsamen Fischen in der Tiefe, und
was der Taucher dort gesehen hatte. Sie lächelte bei
seiner Erzählung, sie wußte ja besser als nur irgend ein
Mensch im Meere bescheid.
In der mondklaren Nacht, als alle schliefen außer dem
Steuermann, der am Ruder saß, saß sie an der
Brüstung des Schiffes und starrte durch das klare
Wasser hinab, und sie vermeinte, ihres Vaters Schloß
zu sehen. Oben darauf stand ihre alte Großmutter mit
der Silberkrone auf dem Haupte und starrte durch die
wilde Strömung zu des Schiffes Kiel hinauf. Da kamen
ihre Schwestern über das Wasser empor, und sie
schauten sie traurig an und rangen ihre weißen Hände.
Sie winkte ihnen zu, lächelte und wollte erzählen, daß
sie glücklich sei und es ihr gut gehe, aber der
Schiffsjunge näherte sich ihr, und die Schwestern
tauchten hinab, so daß er glaubte, das Weiße, das er
gesehen, sei Meeresschaum.
Am nächsten Morgen fuhr das Schiff in den Hafen bei
des Nachbarkönigs prächtiger Stadt ein. Alle
Kirchenglocken erklangen, und von den hohen
Türmen wurden die Posaunen geblasen, während die
Soldaten mit wehenden Fahnen und blinkenden
Bajonetten dastanden. Jeder Tag brachte ein neues
Fest. Bälle und Gesellschaften folgten einander, aber
die Prinzessin war nicht da. Sie war weit entfernt von
hier in einem heiligen Tempel erzogen worden, sagte
man. Dort lehre man sie alle königlichen Tugenden.
Endlich traf sie ein.
Die kleine Seejungfer stand begierig, ihre Schönheit zu
sehen, und sie mußte anerkennen, eine lieblichere
Erscheinung hat sie nie gesehen. Die Haut war so fein
und zart, und hinter den langen schwarzen Wimpern
lächelte ein Paar dunkelblauer, treuer Augen.
""Du bist es!"" sagte der Prinz, ""Du, die mich rettete, als
ich wie tot an der Küste lag!"" und er schloß die
errötende Braut in seine Arme. ""O, ich bin allzu
glücklich!"" sagte er zu der kleinen Seejungfer. ""Das
allerhöchste, auf was ich nie zu hoffen wagte, ist mir

Priester

schwangen

in Erfüllung gegangen. Du wirst dich mit mir über
mein Glück freuen, denn du meinst es von allen am
besten mit mir!"" Und die kleine Seejungfer küßte seine
Hand, und sie fühlte fast ihr Herz brechen. Sein
Hochzeitsmorgen sollte ihr ja den Tod bringen und sie
zu Meeresschaum verwandeln.
Alle Kirchenglocken läuteten, Herolde ritten in den
Straßen umher und verkündeten die Verlobung. Auf
allen Altaren brannten duftende Öle in kostbaren
Silberlampen. Die
die
Räucherfässer, und Braut und Bräutigam reichten
einander die Hand und nahmen den Segen des
Bischofs entgegen. Die kleine Seejungfer stand in
Gold und Seide gekleidet und hielt die Schleppe der
Braut, aber ihre Ohren hörten nichts von der festlichen
Musik, ihre Augen sahen nicht die heilige Zeremonie.
Sie dachte an ihre Todesnacht und an alles, was sie in
dieser Welt verlor.
Noch am selben Abend gingen Braut und Bräutigam
an Bord des Schiffes. Die Kanonen donnerten, alle
Flaggen wehten, und inmitten des Schiffes war ein
königliches Zelt aus Gold und Purpur mit herrlichen
Kissen errichtet. Dort sollte das Brautpaar in der
kühlen, stillen Nacht schlafen.
Die Segel bauschten sich im Winde, und das Schiff
glitt leicht und ohne große Bewegung über die klare
See.
Als es dunkelte, wurden bunte Lampen entzündet, und
die Seeleute tanzten lustige Tänze auf dem Deck. Die
kleine Seejungfer mußte des ersten Abends gedenken,
da sie aus dem Meere auftauchte und dieselbe Pracht
und Freude mit angesehen hatte. Und sie wirbelte mit
im Tanze, schwebte, wie die Schwalbe schwebt, wenn
sie verfolgt wird, und alle jubelten ihr Bewunderung
zu, denn noch nie hatte sie so wundersam getanzt; es
schnitt wie mit scharfen Messern in ihre zarten Füße,
aber sie fühlte es nicht, denn weit mehr schmerzte ihr
Herz. Sie wußte, an diesem Abend sah sie ihn zum
letzten Male, ihn, um dessen willen sie die Heimat
verlassen hatte, für den sie ihre herrliche Stimme
hingegeben hatte, und für den sie täglich unendliche
Qualen erlitten hatte, ohne daß er es auch nur ahnte. Es
war die letzte Nacht, daß sie dieselbe Luft mit ihm
atmete, das tiefe Meer und den blauen Sternenhimmel
erblickte. Ewige Nacht ohne Gedanken und Träume
wartete ihrer, die eine Seele nicht hatte und sie
nimmermehr gewinnen konnte. Und ringsum war Lust
und Fröhlichkeit auf dem Schiffe bis weit über
tanzte mit
Mitternacht hinaus. Sie

lächelte und

Todesgedanken im Herzen. Der Prinz küßte seine
schöne Braut, und sie spielte mit seinem schwarzen
Haar, und Arm in Arm gingen sie zur Ruhe in das
prächtige Zelt.
Es wurde ruhig und still auf dem Schiffe, nur der
Steuermann stand am Ruder. Die kleine Seejungfer
legte ihre weißen Arme auf die Schiffsbrüstung und
sah nach Osten der Morgenröte entgegen. Der erste
Sonnenstrahl, wußte sie, würde sie töten. Da sah sie
ihre Schwestern aus dem Meere aufsteigen, sie waren
bleich wie sie selbst; ihre langen schönen Haare
wehten nicht mehr
im Winde. Sie waren
abgeschnitten.
""Wir haben sie der Hexe gegeben, damit sie dir Hilfe
bringen sollte und du nicht in dieser Nacht sterben
mußt! Sie hat uns ein Messer gegeben. Hier ist es!
Siehst du, wie scharf es ist? Bevor die Sonne aufgeht,
mußt du es dem Prinzen ins Herz stoßen, und wenn
sein warmes Blut über deine Füße spritzt, wachsen sie
zu einem Fischschwanz zusammen und du wirst
wieder eine Seejungfer, kannst zu uns ins Wasser
herniedersteigen und noch dreihundert Jahre leben, ehe
du zu totem, kaltem Meeresschaum wirst. Beeile dich!
Er oder du mußt sterben, bevor die Sonne aufgeht.
Unsere alte Großmutter trauert so sehr, daß ihr weißes
Haar abgefallen ist, wie das unsere von der Schere der
Hexe. Töte den Prinzen und komm zurück! Beeile
dich! Siehst du den roten Streifen am Himmel. In
wenigen Minuten steigt die Sonne empor, und dann
mußt du sterben!"" und sie stießen einen tiefen Seufzer
aus und versanken in den Wogen.
Die kleine Seejungfer zog den purpurnen Teppich vor
dem Zelte fort, und sie sah die schöne Braut, ihr Haupt
an der Brust des Prinzen gebettet, ruhen. Da beugte sie
sich nieder, küßte ihn auf seine schöne Stirn, sah zum
Himmel auf, wo die Morgenröte mehr und mehr
aufleuchtete, sah auf das scharfe Messer und heftete
die Augen wieder auf den Prinzen, der im Traume den
Namen seiner Braut flüsterte. Sie nur lebte in seinen
Gedanken, und das Messer zitterte in der Hand der
Seejungfer, ? dann aber schleuderte sie es weit hinaus
in die Wogen. Sie glänzten rot, und wo es hinfiel, sah
es aus, als ob Blutstropfen aus dem Wasser aufquollen.
Noch einmal sah sie mit halbgebrochenem Auge auf
den Prinzen, dann stürzte sie sich vom Schiffe ins
Meer hinab und fühlte, wie ihre Glieder sich in
Schaum auflösten.
Nun stieg die Sonne aus dem Meere empor. Ihre
Strahlen fielen so mild und warm auf den todeskalten

""Auch noch
frühzeitiger können wir dorthin
gelangen!"" flüsterte eine der eine der Lufttöchter ihr
zu. ""Unsichtbar schweben wir in die Häuser der
Menschen, wo Kinder sind, und um jeden Tag, an dem
wir ein gutes Kind finden, das seinen Eltern Freude
macht und ihre Liebe verdient, verkürzt Gott unsere
Prüfungszeit. Das Kind weiß nicht, wann wir in die
Stube fliegen, und wenn wir vor Freude über ein Kind
lächeln, so wird uns ein Jahr von den dreihundert
geschenkt. Aber wenn wir ein unartiges und böses
Kind sehen, dann müssen wir Tränen des Kummers
vergießen, und jede Träne legt unsere Prüfungszeit
einen Tag hinzu.

* * *

Meeresschaum, und die kleine Seejungfer fühlte den
Tod nicht. Sie sah die klare Sonne, und über ihr
schwebten hunderte von herrlichen, durchsichtigen
Geschöpfen. Durch sie hindurch konnte sie des
Schiffes weiße Segel sehen und des Himmels rote
Wolken, ihre Stimmen waren wie Musik, aber so
geisterhaft, daß kein menschliches Ohr sie vernehmen
konnte, ebenso wie kein menschliches Auge sie
wahrnehmen konnte. Ohne Flügel schwebten sie durch
ihre eigene Leichtigkeit in der Luft dahin. Die kleine
Seejungfer sah, daß sie einen Körper hatte, wie diese
Wesen, der sich mehr und mehr aus dem Schaume
erhob.
""Zu wem komme ich?"" fragte sie, und ihre Stimme
klang wie die der anderen Wesen, so geisterhaft zart,
daß keine irdische Musik es wiederzugeben vermag.
""Zu den Töchtern der Luft!"" antworteten die anderen.
""Seejungfrauen haben keine unsterbliche Seele und
können nie eine erringen, es sei denn, daß sie die Liebe
eines Menschen gewinnen! Von einer fremden Macht
hängt ihr ewiges Dasein ab. Die Töchter der Luft
haben auch keine unsterbliche Seele, aber sie können
sich durch gute Taten selbst eine schaffen. Wir fliegen
zu den warmen Ländern, wo die schwüle Pestluft die
Menschen tötet; dort fächeln wir Kühlung. Wir
verbreiten den Duft der Blumen durch die Lüfte und
senden Erquickung und Heilung. Wenn wir
dreihundert Jahre lang danach gestrebt haben, alles
Gute zu tun, was wir vermögen, so erhalten wir eine
unsterbliche Seele und nehmen teil an der ewigen
Glückseligkeit der Menschen. Du arme, kleine
Seejungfer hast von ganzem Herzen dasselbe erstrebt,
wie wir. Du hast gelitten und geduldet, hast dich nun
zur Welt der Luftigeister erhoben und kannst jetzt
selbst durch gute Werke dir eine unsterbliche Seele
schaffen nach dreihundert Jahren.""
Und die kleine Seejungfer hob ihre durchsichtigen
Arme empor zu Gottes Sonne, und zum ersten Male
fühlte sie Tränen in ihre Augen steigen. ? Auf dem
Schiffe erwachte wieder Geräusch und Leben, sie sah
den Prinzen mit seiner schönen Braut nach ihr suchen,
wehmütig starrten sie in den wogenden Schaum, als ob
sie wüßten, daß sie sich in die Wogen gestürzt hatte.
Unsichtbar küßte sie die Stirn der Braut, lächelte dem
Prinzen zu und stieg dann mit den anderen Kindern der
Luft zu der rosenroten Wolke hinauf, die über ihnen
dahinsegelte.
""In dreihundert Jahren schweben wir so in Gottes
Reich"""	1837_Andersen_Original_Andersen_Die_kleine_Seejungfer.txt	/content/drive/MyDrive/Märchen-Seminar/Korpus/Andersen/Original/1837_Andersen_Original_Andersen_Die_kleine_Seejungfer.txt	neutral
Andersen	Original	1862	Andersen	Original	Andersen	Des Kaisers neue Kleider	"Des Kaisers neue Kleider

Vor vielen Jahren lebte ein Kaiser, der so ungeheuer viel auf neue Kleider hielt, daß er all sein Geld dafür ausgab, um recht geputzt zu sein. Er kümmerte sich nicht um seine Soldaten, kümmerte sich nicht um das Theater und liebte es nicht, spazieren zu fahren, außer um seine neuen Kleider zu zeigen. Er hatte einen Rock für jede Stunde des Tages, und eben so, wie man von einem Könige sagt, er ist im Rathe, sagte man hier immer: ""Der Kaiser ist in der Garderobe.""
In der großen Stadt, in welcher er wohnte, ging es sehr munter zu; an jedem Tage kamen viele Fremde da an. Eines Tages kamen auch zwei Betrüger; sie gaben sich für Weber aus und sagten, daß sie das schönste Zeug, das man sich denken könne, zu weben verständen. Die Farben und das Muster wären nicht allein ungewöhnlich schön, sondern die Kleider, die von dem Zeuge genäht würden, besäßen die wunderbare Eigenschaft, daß sie für jeden Menschen unsichtbar wären, der nicht für sein Amt tauge oder der unverzeihlich dumm sei.
""Das wären ja prächtige Kleider!"" dachte der Kaiser; ""wenn ich die anhätte, könnte ich ja dahinter kommen, welche Männer in meinem Reiche zu dem Amte, das sie haben, nicht taugen; ich könnte die Klugen von den Dummen unterscheiden! Ja, das Zeug muß sogleich für mich gewebt werden!"" Und er gab den beiden Betrügern viel Handgeld, damit sie ihre Arbeit beginnen möchten.
Sie stellten auch zwei Webstühle auf und thaten, als ob sie arbeiteten; aber sie hatten nicht das Geringste auf dem Stuhle. Frischweg verlangten sie die feinste Seide und das prächtigste Gold, das steckten sie in ihre eigene Tasche und arbeiteten an den leeren Stühlen bis spät in die Nacht hinein.
""Ich möchte doch wohl wissen, wie weit sie mit dem Zeuge sind!"" dachte der Kaiser. Aber es war ihm ordentlich beklommen zu Muthe, wenn er daran dachte, daß Derjenige, welcher dumm sei oder schlecht zu seinem Amte tauge, es nicht sehen könne. Nun glaubte er zwar, daß er für sich selbst nichts zu fürchten brauche, aber er wollte doch erst einen Andern senden, um zu sehen, wie es damit stände. Alle Menschen in der ganzen Stadt wußten, welche besondere Kraft das Zeug habe, und Alle waren begierig, zu sehen, wie schlecht oder dumm ihr Nachbar sei.
""Ich will meinen alten, ehrlichen Minister zu den Webern senden!"" dachte der Kaiser. ""Er kann am Besten beurtheilen, wie das Zeug sich ausnimmt, denn er hat Verstand, und Keiner versieht sein Amt besser, als er!"" -
Nun ging der alte, gute Minister in den Saal hinein, wo die zwei Betrüger saßen und an den leeren Webstühlen arbeiteten, ""Gott behüte uns!"" dachte der alte Minister und riß die Augen auf; ""ich kann ja nichts erblicken!"" Aber dieses sagte er nicht.
Beide Betrüger baten ihn, gefälligst näher zu treten, und fragten, ob es nicht ein hübsches Muster und schöne Farben seien. Dann zeigten sie auf den leeren Webstuhl, und der arme, alte Minister fuhr fort, die Augen aufzureißen: aber konnte nichts sehen, denn es war nichts da. ""Herr Gott!"" dachte er, ""sollte ich dumm sein? Das habe ich nie geglaubt, und dieses darf kein Mensch wissen! Sollte ich nicht zu meinem Amte taugen? Nein, es geht nicht an, daß ich erzähle, ich könne das Zeug nicht sehen!""
""Nun, Sie sagen nichts dazu?"" fragte der Eine, der da webte.
""O, es ist niedlich! ganz allerliebst!"" antwortete der alte Minister und sah durch seine Brille. ""Dieses Muster und diese Farben! - Ja, ich werde es dem Kaiser sagen, daß es mir sehr gefällt.""
""Nun, das freut uns!"" sagten die Weber, und darauf nannten sie die Farben mit Namen und erklärten das seltsame Muster. Der alte Minister paßte gut auf, damit er dasselbe sagen könnte, wenn er zum Kaiser zurückkäme, und das that er.
Nun verlangten die Betrüger mehr Geld, mehr Seide und mehr Gold, das sie zum Weben brauchen wollten, Sie steckten Alles in ihre eigenen Taschen, auf den Webstuhl kam kein Faden, aber sie fuhren fort, wie bisher, an dem leeren Webstuhle zu arbeiten.
Der Kaiser sandte bald wieder einen andern ehrlichen Staatsmann hin, um zu sehen, wie es mit dem Weben stände und ob das Zeug bald fertig sei; es ging ihm gerade, wie dem Ersten; er sah und sah, weil aber außer dem leeren Webstuhle nichts da war, so konnte er nichts sehen.
""Ist das nicht ein hübsches Stück Zeug?"" fragten die beiden Betrüger und zeigten und erklärten das prächtige Muster, welches gar nicht da war.
""Dumm bin ich nicht!"" dachte der Mann; ""es ist also mein gutes Amt, zu dem ich nicht tauge? Das wäre komisch genug, aber das muß man sich nicht merken lassen!"" und so lobte er das Zeug, welches er nicht sah, und versicherte ihnen seine Freude über die schönen Farben und das herrliche Muster. ""Ja es ist ganz allerliebst!"" sagte er zum Kaiser.
Alle Menschen in der Stadt sprachen von dem prächtigen Zeuge.
Nun wollte der Kaiser es selbst sehen, während es noch auf dem Webstuhle sei. Mit einer ganzen Schaar auserwählter Männer, unter denen auch die beiden ehrlichen Staatsmänner waren, die schon früher dort gewesen, ging er zu den beiden listigen Betrügern hin, die nun aus allen Kräften webten, aber ohne Faser und Faden.
""Ist das nicht prächtig?"" sagten die beiden alten Staatsmänner, die schon einmal da gewesen waren. ""Sehen Ew. Majestät, welches Muster, welche Farben!"" Und dann zeigten sie auf den leeren Webstuhl, denn sie glaubten, daß die Andern das Zeug wohl sehen könnten.
""Was!"" dachte der Kaiser, ""ich sehe gar nichts! Das ist ja schrecklich! Bin ich dumm? Tauge ich nicht dazu, Kaiser zu sein?
Das wäre das Schrecklichste, was mir begegnen könnte!"" - ""O, es ist sehr hübsch!"" sagte er. ""Es hat meinen allerhöchsten Beifall!"" Und er nickte zufrieden und betrachtete den leeren Webstuhl, denn er wollte nicht sagen, daß er nichts sehen könne. Das ganze Gefolge, welches er bei sich hatte, sah und sah und bekam nicht mehr heraus, als die Andern; aber sie sagten, wie der Kaiser: ""O, das ist hübsch!"" Und sie riethen ihm, diese neuen, prächtigen Kleider das erste Mal bei der großen Procession, die bevorstand, zu tragen. ""Es ist herrlich, niedlich, ercellent!"" ging es von Mund zu Mund; man schien allerseits innig erfreut darüber, und der Kaiser verlieh den Betrügern den Titel: Kaiserliche Hofweber.
Die ganze Nacht vor dem Morgen, an dem die Procession stattfinden sollte, waren die Betrüger auf und hatten über sechzehn Lichter angezündet. Die Leute konnten sehen, daß sie stark beschäftigt waren, des Kaisers neue Kleider fertig zu machen. Sie thaten, als ob sie das Zeug aus dem Webstuhl nähmen, sie schnitten mit großen Scheeren in die Luft, sie nähten mit Nähnadeln ohne Faden und sagten zuletzt: ""Nun sind die Kleider fertig!""
Der Kaiser mit seinen vornehmsten Cavalieren kam selbst dahin, und beide Betrüger hoben den einen Arm in die Höhe, gerade als ob sie etwas hielten, und sagten: ""Seht, hier sind die Beinkleider! Hier ist der Rock! Hier der Mantel!"" und so weiter. ""Es ist so leicht wie Spinnenwebe; man sollte glauben, man habe nichts auf dem Leibe; aber das ist gerade die Schönheit davon!""
""Ja!"" sagten alle Cavaliere; aber sie konnten nichts sehen, denn es war nichts da.
""Belieben Ew. kaiserliche Majestät jetzt Ihre Kleider allergnädigst auszuziehen,"" sagten die Betrüger, ""so wollen wir Ihnen die neuen anziehen, hier vor dem großen Spiegel!""
Der Kaiser legte alle seine Kleider ab, und die Betrüger stellten sich, als ob sie ihm jedes Stück der neuen Kleider anzögen, welche fertig wären; und der Kaiser wendete und drehte sich vor dem Spiegel.
""Ei, wie gut sie kleiden! Wie herrlich sie sitzen!"" sagten Alle. ""Welches Muster, welche Farben! Das ist eine köstliche Tracht!"" -
""Draußen stehen sie mit dem Thronhimmel, welcher über Ew. Majestät in der Procession getragen werden soll,"" meldete der Oberceremonienmeister.
""Seht, ich bin ja fertig!"" sagte der Kaiser. ""Sitzt es nicht gut?"" Und dann wendete er sich nochmals zu dem Spiegel, denn es sollte scheinen, als ob er seinen Schmuck recht betrachte.
Die Kammerherren, welche die Schleppe tragen sollten, griffen mit den Händen nach dem Fußboden, gerade als ob sie die Schleppe aufhöben; sie gingen und thaten, wie wenn sie Etwas in der Luft hielten; sie wagten nicht, es sich merken zu lassen, daß sie nichts sehen konnten.
So ging der Kaiser in Procession unter dem prächtigen Thronhimmel, und alle Menschen auf der Straße und in den Fenstern sprachen: ""Gott, wie sind des Kaisers neue Kleider unvergleichlich; welche Schleppe er am Kleide hat, wie schön das sitzt!"" Keiner wollte es sich merken lassen, daß er nichts sah, denn dann hätte er ja nicht zu seinem Amte getaugt oder wäre sehr dumm gewesen. Keine Kleider des Kaisers hatten solches Glück gemacht, wie diese.
""Aber er hat ja nichts an!"" sagte endlich ein kleines Kind. 'Herr Gott, hört des Unschuldigen Stimme!"" sagte der Vater; und der Eine zischelte dem Andern zu, was das Kind gesagt hatte.
""Aber er hat ja nichts an!"" rief zuletzt das ganze Volk. Das ergriff den Kaiser, denn es schien ihm, sie hätten Recht; aber er dachte bei sich: ""Nun muß ich die Prozession aushalten."" Und die Kammerherren gingen noch straffer und trugen die Schleppe, die gar nicht da war.
"	1862_Andersen_Original_Andersen_Des_Kaisers_neue_Kleider.txt	/content/drive/MyDrive/Märchen-Seminar/Korpus/Andersen/Original/1862_Andersen_Original_Andersen_Des_Kaisers_neue_Kleider.txt	negative
Andersen	Original	1862	Andersen	Original	Andersen	Die wilden Schwäne	"Die wilden Schwäne

Weit von hier, dort, wo die Schwalben hinfliegen, wenn wir Winter haben, wohnte ein König, der elf Söhne und eine Tochter, Elisa, hatte. Die elf Brüder waren Prinzen und gingen mit dem Stern auf der Brust und dem Säbel an der Seite in die Schule. Sie schrieben mit Diamantgriffeln auf Goldtafeln und lernten eben so gut auswendig, als sie lasen; man konnte gleich hören, daß sie Prinzen waren. Die Schwester Elisa saß auf einem kleinen Schemel von Spiegelglas und hatte ein Bilderbuch, welches für das halbe Königreich erkauft war.
O, die Kinder hatten es so gut; aber so sollte es nicht immer bleiben!
Ihr Vater, welcher König über das ganze Land war, verheirathete sich mit einer bösen Königin, die den armen Kindern gar nicht gut war. Schon am ersten Tage konnten sie es merken. Auf dem ganzen Schlosse war große Pracht, und da spielten die Kinder: Es kommt Besuch; aber statt daß sie, wie sonst, allen Kuchen und alle gebratenen Aepfel erhielten, die nur zu haben waren, gab sie ihnen blos Sand in einer Theetasse und sagte, sie könnten thun, als ob Dies etwas wäre.
Die Woche darauf brachte sie die kleine Schwester Elisa auf das Land zu einem Bauerpaare, und lange währte es nicht, da redete sie dem König so viel von den armen Prinzen vor, daß er sich gar nicht mehr um sie kümmerte.
""Fliegt hinaus in die Welt und ernährt Euch selbst!"" sagte die böse Königin. ""Fliegt, wie die großen Vögel ohne Stimme!"" Aber sie konnte es doch nicht so schlimm machen, wie sie gern wollte; sie wurden elf herrliche wilde Schwäne. Mit einem sonderbaren Schrei flogen sie aus den Schloßfenstern hinaus über den Park und den Wald dahin.
Es war noch ganz früh am Morgen, als sie da vorbeikamen, wo die Schwester Elisa in der Stube des Landmanns lag und schlief. Hier schwebten sie über dem Dache, drehten ihre langen Hälse und schlugen dann mit den Flügeln; aber Niemand hörte oder sah es. Sie mußten wieder weiter, hoch gegen die Wolken empor, hinaus in die weite Welt; da flogen sie hin nach einem großen, dunkeln Walde, der sich bis an den Strand erstreckte.
Die arme, kleine Elisa stand in der Stube des Landmanns und spielte mit einem grünen Blatte; anderes Spielzeug hatte sie nicht. Und sie stach ein Loch in das Blatt, sah da hindurch gegen die Sonne empor, und da war es, als sähe sie ihrer Brüder klare Augen; und jedesmal, wenn die warmen Sonnenstrahlen auf ihre Wangen schienen, gedachte sie aller ihrer Küsse.
Ein Tag verging ebenso wie der andere. Strich der Wind durch die großen Rosenhecken draußen vor dem Hause, so flüsterte er den Rosen zu: ""Wer kann schöner sein als Ihr?"" Aber die Rosen schüttelten das Haupt und sagten: ""Elisa ist es!"" Und saß die alte Frau am Sonntage vor der Thür und las in ihrem Gesangbuche, so wendete der Wind die Blätter um und sagte zu dem Buche: ""Wer kann frömmer sein als Du?"" - ""Elisa ist es!"" sagte das Gesangbuch. Und es war die reine Wahrheit, was die Rosen und das Gesangbuch sagten.
Als sie funfzehn Jahr alt war, sollte sie nach Hause; und als die Königin sah, wie schön sie war, wurde sie ihr gram und voll Haß. Gern hätte sie sie in einen wilden Schwan verwandelt, wie die Brüder; aber das wagte sie nicht gleich, weil ja der König seine Tochter sehen wollte.
Früh Morgens ging die Königin in das Bad, welches von Marmor erbaut und mit weichen Kissen und den prächtigsten Decken geschmückt war; und sie nahm drei Kröten, küßte sie, und sagte zu der einen: ""Setze Dich auf Elisa's Kopf, wenn sie in das Bad kommt, damit sie dumm wird wie Du!"" - ""Setze Dich auf ihre Stirn,"" sagte sie zur andern, ""damit sie häßlich wird wie Du, sodaß ihr Vater sie nicht kennt!"" - ""Ruhe an ihrem Herzen, flüsterte sie der dritten zu; ""laß sie einen bösen Sinn erhalten, damit sie Schmerzen davon hat!"" Dann setzte sie die Kröten in das klare Wasser, welches sogleich eine grüne Farbe erhielt, rief Elisa, zog sie aus und ließ sie in das Wasser hinabsteigen. Und indem Elisa untertauchte, setzte sich die eine Kröte ihr in das Haar, die andere auf ihre Stirn und die dritte auf die Brust. Aber sie schien es gar nicht zu merken; sobald sie sich emporrichtete, schwammen drei rothe Mohnblumen auf dem Wasser. Wären die Thiere nicht giftig gewesen und von der Hexe geküßt worden: so wären sie in rothe Rosen verwandelt. Aber Blumen wurden sie doch, weil sie auf ihrem Haupte und an ihrem Herzen geruht hatten. Sie war zu fromm und unschuldig, als daß die Zauberei Macht über sie haben konnte.
Als die böse Königin das sah, rieb sie Elisa mit Wallnußsaft ein, sodaß sie ganz schwarzbraun wurde, bestrich ihr das hübsche Antlitz mit einer stinkenden Salbe und ließ das herrliche Haar sich verwirren. Es war unmöglich, die schöne Elisa wiederzuerkennen.
Als der Vater sie sah, erschrak er sehr und sagte, es sei nicht seine Tochter. Niemand, außer dem Kettenhunde und den Schwalben, wollte sie erkennen; aber das waren arme Thiere, die nichts zu sagen hatten.
Da weinte die arme Elisa und dachte an ihre elf Brüder, die alle weg waren. Betrübt stahl sie sich aus dem Schlosse und ging den ganzen Tag über Feld und Moor bis in den großen Wald hinein. Sie wußte gar nicht, wohin sie wollte, aber sie fühlte sich so betrübt und sehnte sich nach ihren Brüdern, die waren sicher auch, gleich ihr, in die Welt hinausgejagt; die wollte sie suchen und finden.
Nur kurze Zeit war sie im Walde gewesen, da brach die Nacht an: sie kam ganz von Weg und Steg ab: darum legte sie sich auf das weiche Moos nieder, betete ihr Abendgebet und lehnte ihr Haupt an einen Baumstumpf. Es war da so stille, die Luft war so mild, und rings umher im Grase und im Moose leuchteten, einem grünen Feuer gleich, Hunderte von Johanniswürmchen; als sie einen der Zweige leise mit der Hand berührte, fielen die leuchtenden Insecten wie Sternschnuppen zu ihr nieder.
Die ganze Nacht träumte sie von ihren Brüdern; sie spielten wieder als Kinder, schrieben mit dem Diamantgriffel auf die Goldtafel und betrachteten das herrliche Bilderbuch, welches das halbe Reich gekostet hatte. Aber auf die Tafel schrieben sie nicht, wie früher, Nullen und Striche, sondern die muthigen Thaten, die sie vollführt, Alles, was sie erlebt und gesehen hatten; und im Bilderbuche war alles lebendig: die Vögel sangen und die Menschen gingen aus dem Buche heraus und sprachen mit Elisa und ihren Brüdern. Aber wenn diese das Blatt umwandten, sprangen sie gleich wieder hinein, damit keine Unordnung hineinkomme.
Als sie erwachte, stand die Sonne schon hoch. Sie konnte die freilich nicht sehen: die hohen Bäume breiteten ihre Zweige dicht und fest über ihr aus. Aber die Strahlen spielten dort oben gerade wie ein wehender Goldflor; da war ein Duft von dem Grünen, und die Vögel setzten sich fast auf ihre Schultern. Sie hörte Wasser plätschern: das waren viele große Quellen, die alle in einen See fielen, in dem der herrlichste Sandboden war. Freilich wuchsen dort dichte Büsche rings herum, aber an einer Stelle hatten die Hirsche eine große Oeffnung gemacht, und hier ging Elisa zum Wasser hin. Dies war so klar, daß man, wenn der Wind nicht die Zweige und Büsche berührte, sodaß sie sich bewegten, hätte glauben müssen, sie wären auf dem Boden abgemalt gewesen: so deutlich spiegelte sich dort jedes Blatt, sowohl das, welches von der Sonne beschienen, als das, welches im Schatten war.
Sobald Elisa ihr eigenes Gesicht erblickte, erschrak sie, so braun und häßlich war es; doch als sie ihre kleine Hand benetzte und Augen und Stirn rieb, glänzte die weiße Haut wieder vor. Da entkleidete sie sich und ging in das frische Wasser hinein: ein schöneres Königskind, als sie war, wurde in dieser Welt nicht gefunden!
Als sie wieder angekleidet war und ihr langes Haar geflochten hatte, ging sie zur sprudelnden Quelle, trank aus der hohlen Hand und wanderte tiefer in den Wald hinein, ohne selbst zu wissen wohin. Sie dachte an ihre Brüder, dachte an den lieben Gott, der sie sicher nicht verlassen würde. Gott ließ die wilden Waldäpfel wachsen, um den Hungrigen zu sättigen: er zeigte ihr einen solchen Baum; die Zweige bogen sich unter der Last der Früchte. Hier hielt sie ihre Mittagsmahlzeit, setzte Stützen unter die Zweige und ging dann in den dunkelsten Theil des Waldes hinein. Da war es so stille, daß sie ihre eigenen Fußtritte hörte, sowie jedes kleine vertrocknete Blatt, welches sich unter ihrem Fuße bog. Nicht ein Vogel war da zu sehen, nicht ein Sonnenstrahl konnte durch die großen, dunkeln Baumzweige dringen; die hohen Stämme standen so nahe beisammen, daß es, wenn sie vor sich hin sah, ganz so schien, als ob ein Balkengitter dicht beim andern sich umschlösse. O, hier war eine Einsamkeit, wie sie solche früher nie gekannt!
Die Nacht wurde so dunkel! Nicht ein einziger kleiner Johanniswurm leuchtete aus dem Moose. Betrübt legte sie sich nieder, um zu schlafen. Da schien es ihr, als ob die Baumzweige über ihr sich zur Seite bewegten und der liebe Gott mit milden Augen auf sie niederblickte; und kleine Engel sahen über seinem Kopfe und unter seinen Armen hervor.
Als sie am Morgen erwachte, wußte sie nicht, ob sie es geträumt habe, oder ob es wirklich so gewesen.
Sie ging einige Schritte vorwärts, da begegnete sie einer alten Frau mit Beeren in ihrem Korbe; die Alte gab ihr einige davon. Elisa fragte, ob sie nicht elf Prinzen durch den Wald habe reiten sehen.
""Nein!"" sagte die Alte; ""aber ich sah gestern elf Schwäne mit Goldkronen auf dem Haupte den Fluß hier nahebei hinabschwimmen!""
Und sie führte Elisa ein Stück weiter vor, zu einem Abhange; am Fuße desselben schlängelte sich ein Flüßchen; die Bäume an seinen Ufern streckten ihre langen, blattreichen Zweige einander entgegen, und wo sie, ihrem natürlichen Wuchse nach, nicht zusammenreichen konnten, da hatten sie die Wurzeln aus der Erde losgerissen und hingen, mit den Zweigen ineinander geflochten, über das Wasser hinaus.
Elisa sagte der Alten Lebewohl und ging längs dem Flüßchen, bis wo dieses nach dem großen, offenen Strand hinausfloß.
Das ganze herrliche Meer lag vor dem jungen Mädchen, aber nicht ein Segel zeigte sich darauf, nicht ein Boot war da zu sehen. Wie sollte sie nun dort weiter fortkommen? Sie betrachtete die unzähligen kleinen Steine am Ufer; das Wasser hatte sie alle rund geschliffen. Glas, Eisen, Steine, Alles, was da zusammengespült lag, hatte die Gestalt des Wassers angenommen, welches doch viel weicher war, als ihre feine Hand. ""Das rollet unermüdlich fort, und so ebnet sich das Harte, ich will eben so unermüdlich sein. Dank für Eure Lehre, Ihr klaren, rollenden Wogen; einst, das sagt mir mein Herz, werdet Ihr mich zu meinen lieben Brüdern tragen!""
Auf dem angespülten Seegrase lagen elf weiße Schwanenfedern; sie sammelte sie in einen Strauß. Es lagen Wassertropfen darauf; ob es Thau oder Thränen waren, konnte Niemand sehen. Einsam war es dort am Strande, aber sie fühlte es nicht; denn das Meer bot eine ewige Abwechselung dar, ja, in einigen wenigen Stunden mehr, als die süßen Landseen in einem ganzen Jahre aufweisen können. Kam eine große, schwarze Wolke, so war das, als ob die See sagen wollte: ""Ich kann auch finster aussehen;"" und dann blies der Wind und die Wogen kehrten das Weiße nach außen. Schienen aber die Wolken roth, und schliefen die Winde: so war das Meer einem Rosenblatte gleich; bald wurde es grün, bald weiß. Aber wie still es auch ruhte, am Ufer war doch eine leise Bewegung; das Wasser hob sich schwach, wie die Brust eines schlafenden Kindes.
Als die Sonne unterzugehen im Begriff war, sah Elisa elf wilde Schwäne mit Goldkronen auf dem Kopfe dem Lande zufliegen; sie schwebten der eine hinter dem andern, es sah aus wie ein langes, weißes Band. Da stieg Elisa den Abhang hinauf und verbarg sich hinter einem Busch; die Schwäne ließen sich nahe bei ihr nieder und schlugen mit ihren großen weißen Schwingen.
Sowie die Sonne unter dem Wasser war, fielen plötzlich die Schwanengefieder, und elf schöne Prinzen, Elisa's Brüder, standen da. Sie stieß einen lauten Schrei aus; ungeachtet sie sich sehr verändert hatten, wußte sie doch, daß sie es waren, fühlte sie, daß sie es sein müßten. Und sie sprang in ihre Arme und nannte sie bei Namen; und die Prinzen fühlten sich so glücklich, als sie ihre kleine Schwester sahen, und erkannten sie, die nun so groß und schön war. Sie lachten und sie weinten, und bald hatten sie einander verstanden, wie böse ihre Stiefmutter gegen sie Alle gewesen war.
""Wir Brüder,"" sagte der Aelteste, ""fliegen als wilde Schwäne, so lange die Sonne am Himmel steht; sobald sie untergegangen ist, erhalten wir unsere menschliche Gestalt wieder. Deshalb müssen wir immer aufpassen, beim Sonnenuntergang eine Ruhestätte für die Füße zu haben; denn fliegen wir um diese Zeit gegen die Wolken an, so müssen wir als Menschen in die Tiefe hinunterstürzen. Hier wohnen wir nicht; es liegt ein eben so schönes Land, wie dieses, jenseits der See. Aber der Weg dahin ist weit: wir müssen über das große Meer, und es findet sich keine Insel auf unserem Wege, wo wir übernachten könnten; nur eine einsame, kleine Klippe ragt in der Mitte hervor, sie ist nicht größer, als daß wir dicht nebeneinander darauf ruhen können. Ist die See stark bewegt, so spritzt das Wasser hoch über uns, aber doch danken wir Gott für sie. Da übernachten wir in unserer Menschengestalt, ohne diese könnten wir nie unser liebes Vaterland besuchen, denn zwei der längsten Tage des Jahres brauchen wir zu unserm Flug. Nur einmal im Jahre ist es uns vergönnt, unsere Heimat zu besuchen, elf Tage dürfen wir hier bleiben und über den großen Wald hinfliegen, von wo wir das Schloß erblicken können, in dem wir geboren wurden und wo unser Vater wohnt, - den hohen Kirchthurm sehen, wo die Mutter begraben ist. Hier kommt es uns vor, als wären Bäume und Büsche mit uns verwandt, hier laufen die wilden Pferde über die Steppen hin, wie wir es in unserer Kindheit gesehen; hier singt der Kohlenbrenner die alten Lieder, nach denen wir als Kinder tanzten, hier ist unser Vaterland, hierher fühlen wir uns gezogen, und hier haben wir Dich, Du liebe, kleine Schwester, gefunden! Zwei Tage können wir noch hier bleiben, dann müssen wir fort über das Meer, nach einem herrlichen Lande, welches aber nicht unser Vaterland ist! Wie bringen wir Dich fort? Wir haben weder Schiff, noch Boot!""
""Auf welche Art kann ich Euch erlösen?"" fragte die Schwester.
Und sie unterhielten sich fast die ganze Nacht; es wurde nur einige Stunden geschlummert.
Elisa erwachte von dem Schall der Schwanenflügel, welche über ihr sauseten: die Brüder waren wieder verwandelt. Und sie flogen in großen Kreisen und zuletzt weit weg; aber der eine von ihnen der jüngste, blieb zurück, und der Schwan legte den Kopf in ihren Schooß und sie streichelte seine Flügel; den ganzen Tag waren sie beisammen. Gegen Abend kamen die andern zurück, und als die Sonne untergegangen war, standen sie in ihrer natürlichen Gestalt da.
""Morgen fliegen wir von hier weg und können nicht vor Ablauf eines ganzen Jahres zurückkehren. Aber Dich können wir nicht so verlassen! Hast Du Muth, mitzukommen? Mein Arm ist stark genug, Dich durch den Wald zu tragen: sollten wir da nicht Alle so starke Flügel haben, um mit Dir über das Meer zu fliegen?""
""Ja, nehmt mich mit!"" sagte Elisa.
Die ganze Nacht brachten sie damit zu, aus der geschmeidigen Weidenrinde und dem zähen Schilf ein Netz zu flechten, und das wurde groß und stark. Auf dieses Netz legte Elisa sich, und als die Sonne hervortrat und die Brüder in wilde Schwäne verwandelt wurden, ergriffen sie das Netz mit ihrem Schnabel und flogen mit ihrer lieben Schwester, die noch schlief, hoch gegen die Wolken an. Die Sonnenstrahlen fielen ihr gerade auf das Antlitz, deshalb flog einer der Schwäne über ihren Kopf, damit seine breiten Schwingen sie beschatten möchten.
Sie waren weit vom Lande entfernt, als Elisa erwachte, sie glaubte, noch zu träumen, so sonderbar kam es ihr vor, hoch durch die Luft, über das Meer getragen zu werden. An ihrer Seite lag ein Zweig mit herrlichen reifen Beeren und ein Bündel wohlschmeckender Wurzeln; die hatte der jüngste der Brüder gesammelt und ihr hingelegt. Sie lächelte ihn dankbar an, denn sie erkannte ihn; er war es, der über ihr flog und sie mit den Schwingen beschattete.
Sie waren so hoch, daß das größte Schiff, welches sie unter sich erblickten, eine weiße Möve zu sein schien, die auf dem Wasser lag. Eine große Wolke stand hinter ihnen: das war ein ganzer Berg. Und auf diesem sah Elisa ihren eigenen Schatten und den der elf Schwäne; so riesengroß flogen sie da. Das war ein Gemälde, prächtiger, als sie früher je eins gesehen. Doch als die Sonne höher stieg, und die Wolke weiter zurückblieb, verschwand das schwebende Schattenbild.
Den ganzen Tag flogen sie fort, gleich einem sausenden Pfeile durch die Luft: aber es ging doch langsamer, als sonst, denn jetzt hatten sie die Schwester zu tragen. Es zog ein böses Wetter auf; der Abend näherte sich; ängstlich sah Elisa die Sonne sinken, und noch war die einsame Klippe im Meere nicht zu erblicken. Es kam ihr vor, als machten die Schwäne stärkere Schläge mit den Flügeln. Ach! sie war Schuld daran, daß sie nicht rasch genug fort kamen. Wenn die Sonne untergegangen war, so mußten sie Menschen werden, in das Meer stürzen und ertrinken. Da betete sie aus dem Innersten des Herzens ein Gebet zum lieben Gott; aber noch erblickte sie keine Klippe. Die schwarze Wolke kam näher, die starken Windstöße verkündeten einen Sturm, die Wolken standen in einer einzigen, großen, drohenden Welle da, welche fast wie Blei vorwärts schoß; Blitz leuchtete auf Blitz.
Jetzt war die Sonne gerade am Rande des Meeres. Elisa's Herz bebte, da schossen die Schwäne hinab, so schnell, das sie zu fallen glaubte. Aber nun schwebten sie wieder. Die Sonne war halb unter dem Wasser: da erblickte sie erst die kleine Klippe unter sich. Sie sah nicht größer aus, als ob es ein Seehund wäre, der den Kopf aus dem Wasser steckte. Die Sonne sank so schnell, jetzt erschien sie nur noch wie ein Stern: da berührte ihr Fuß den festen Grund. Die Sonne erlosch gleich dem letzten Funken im brennenden Papier: Arm in Arm sah sie die Brüder um sich stehen, aber mehr Platz, als gerade für diese und für sie, war auch nicht da. Die See schlug gegen die Klippe und ging wie Staubregen über sie hin, der Himmel leuchtete in einem fortwährenden Feuer, und Schlag auf Schlag rollte der Donner, aber Schwester und Brüder faßten sich an den Händen und sangen Psalmen, aus denen sie Trost und Muth schöpften.
In der Morgendämmerung war die Luft rein und still; sobald die Sonne emporstieg, flogen die Schwäne mit Elisa von der Insel fort. Das Meer ging noch hoch; es sah aus, wie sie hoch in der Luft waren, als ob der weiße Schaum auf der schwarzgrünen See Millionen Schwäne wären, die auf dem Wasser schwämmen.
Als die Sonne höher stieg, sah Elisa vor sich, halb in der Luft schwimmend, ein Bergland, mit glänzenden Eismassen auf den Felsen; und mitten darauf erhob sich ein wohl meilenlanges Schloß, mit einem kühnen Säulengange über dem andern; unten wogten Palmenwälder und Prachtblumen, so groß wie Mühlräder. Sie fragte, ob das das Land sei, wo sie hinwollten; aber die Schwäne schüttelten mit dem Kopfe, denn das, was sie sah, war der Fata Morgana herrliches, allezeit wechselndes Wolkenschloß; da durften sie keinen Menschen hineinbringen. Elisa starrte es an, da stürzten Berge, Wälder und Schloß zusammen, und zwanzig stolze Kirchen, alle einander gleich, mit hohen Thürmen und spitzen Fenstern standen da. Sie glaubte die Orgel ertönen zu hören, aber es war das Meer, welches sie hörte. Nun war sie den Kirchen ganz nahe, da wurden diese zu einer ganzen Flotte, die unter ihr dahin segelte; sie blickte hinunter, da waren es nur Meernebel, die über dem Wasser hinglitten. So hatte sie eine ewige Abwechselung vor Augen, und dann sah sie das wirkliche Land, nach dem sie hin wollten; da erhoben sich die herrlichsten blauen Berge mit Cederwäldern, Städten und Schlössern. Lange bevor die Sonne unterging, saß sie auf den Felsen vor einer großen Höhle, die mit feinen grünen Schlingpflanzen bewachsen war; es sah aus, als wären es gestickte Teppiche.
""Nun wollen wir sehen, was Du diese Nacht hier träumst,"" sagte der jüngste Bruder und zeigte ihr ihre Schlafkammer.
""Gebe der Himmel, daß ich träumen möge, wie ich Euch erretten kann!"" sagte sie. Und dieser Gedanke beschäftigte sie lebhaft; sie betete recht inbrünstig zu Gott um seine Hülfe; ja, selbst im Schlafe fuhr sie fort zu beten. Da kam es ihr vor, als ob sie hoch in der Luft fliege, zu der Fata Morgana Morgenschloß; und die Fee kam ihr entgegen, so schön und glänzend; und doch glich sie ganz der alten Frau, die ihr Beeren im Walde gegeben und ihr von den Schwänen mit Goldkronen auf dem Kopfe erzählt hatte.
""Deine Brüder können erlöst werden,"" sagte sie; ""aber hast Du Muth und Ausdauer? Wohl ist das Wasser weicher, als Deine feinen Hände, und doch formt es die Steine um; aber es fühlt nicht die Schmerzen, die Deine Finger fühlen werden; es hat kein Herz, leidet nicht die Angst und Qual, die Du aushalten mußt. Siehst Du die Brennnessel, die ich in meiner Hand halte? Von derselben Art wachsen viele rings um die Höhle, wo Du schläfst; nur die dort und die, welche auf des Kirchhofs Gräbern wachsen, sind tauglich: merke Dir das. Die mußt Du pflücken, obgleich sie Deine Hand voll Blasen brennen werden. Brich die Nesseln mit Deinen Füßen, so erhältst Du Flachs; aus diesem mußt Du elf Panzerhemden mit langen Aermeln flechten und binden; wirf diese über die elf Schwäne, so ist der Zauber gelöst. Aber bedenke wohl, daß Du von dem Augenblicke, wo Du diese Arbeit beginnst, bis gerade, wo sie vollendet ist, wenn auch Jahre darüber vergehen, nicht sprechen darfst, das erste Wort, welches Du sprichst, geht als tödtender Dolch in Deiner Brüder Herz! An Deiner Zunge hängt ihr Leben. Merke Dir das Alles.""
Und sie berührte zugleich ihre Hand mit der Nessel; es war einem brennenden Feuer gleich: Elisa erwachte dadurch. Es war heller Tag, und dicht daneben, wo sie geschlafen, lag eine Nessel, wie die, welche sie im Traume gesehen. Da fiel sie auf ihre Kniee, dankte dem lieben Gott und ging aus der Höhle hinaus, um ihre Arbeit zu beginnen.
Mit den feinen Händen griff sie hinunter in die häßlichen Nesseln; diese waren wie Feuer; große Blasen brannten sie an ihren Händen und Armen; aber gern wollte sie es leiden, konnte sie nur die lieben Brüder befreien. Sie brach jede Nessel mit ihren bloßen Füßen und flocht den grünen Flachs.
Als die Sonne untergegangen war, kamen die Brüder; und sie erschraken, sie so stumm zu finden; sie glaubten, es wäre ein neuer Zauber der bösen Stiefmutter. Aber als sie ihre Hände erblickten, begriffen sie, was sie ihrethalben thue; und der jüngste Bruder weinte; und wohin seine Thränen fielen, da fühlte sie keine Schmerzen, da verschwanden die brennenden Blasen.
Die Nacht brachte sie bei ihrer Arbeit zu, denn sie hatte keine Ruhe, bevor sie die lieben Brüder erlöst hätte. Den ganzen folgenden Tag, während die Schwäne fort waren, saß sie in ihrer Einsamkeit; aber noch nie war die Zeit ihr so eilig entflohen. Ein Panzerhemde war schon fertig, nun fing sie das nächste an.
Da ertönte das Jagdhorn zwischen den Bergen; sie wurde von Furcht ergriffen. Der Ton kam immer näher; sie hörte Hunde bellen; erschrocken floh sie in die Höhle, band die Nesseln, die sie gesammelt und gehechelt hatte, in ein Bund zusammen und setzte sich darauf.
Sogleich kam ein großer Hund aus der Schlucht hervorgesprungen und gleich darauf wieder einer, und noch einer; sie bellten laut, liefen zurück und kamen wieder vor. Es währte nicht viele Minuten, so standen alle Jäger vor der Höhle, und der schönste unter ihnen war der König des Landes. Er trat auf Elisa zu: nie hatte er ein schöneres Mädchen gesehen.
""Wie bist Du hierher gekommen, Du herrliches Kind?"" fragte er. Elisa schüttelte den Kopf: sie durfte ja nicht sprechen; es galt ihrer Brüder Erlösung und Leben. Und sie verbarg ihre Hände unter der Schürze, damit der König nicht sehen möge, was sie leiden müsse.
""Komm mit mir!"" sagte er; ""hier darfst Du nicht bleiben. Bist Du gut, wie Du schön bist, so will ich Dich in Seide und Sammet kleiden, die Goldkrone Dir auf das Haupt setzen, und Du sollst in meinem reichsten Schlosse wohnen und hausen!"" - Und dann hob er sie auf sein Pferd. Sie weinte und rang die Hände, aber der König sagte: ""Ich will nur Dein Glück! Einst wirst Du mir dafür danken!"" Und dann jagte er fort durch die Berge, und hielt sie vorn auf dem Pferde, und die Jäger jagten hinterher.
Als die Sonne unterging, lag die schöne Königsstadt mit Kirchen und Kuppeln vor ihnen. Und der König führte sie in das Schloß, wo große Springbrunnen in den hohen Marmorsälen plätscherten, wo Wände und Decken mit Gemälden prangten. Aber sie hatte keine Augen dafür, sie weinte und trauerte. Willig ließ sie die Frauen ihr königliche Kleider anlegen, Perlen in ihre Haare flechten und feine Handschuhe über die verbrannten Finger ziehen.
Als sie in aller ihrer Pracht dastand, war sie so blendend schön, daß der Hof sich noch tiefer vor ihr verneigte. Und der König erkor sie zu seiner Braut, obgleich der Erzbischof mit dem Kopfe schüttelte und flüsterte, daß das schöne Waldmädchen sicher eine Hexe sei: sie blende die Augen und bethöre das Herz des Königs.
Aber der König hörte nicht darauf, ließ die Musik ertönen, die köstlichsten Gerichte auftragen und die lieblichsten Mädchen um sie tanzen. Und sie wurde durch duftende Gärten in prächtige Säle hineingeführt, aber nicht ein Lächeln kam auf ihre Lippen oder sprach aus ihren Augen: ein Bild der Trauer stand sie da. Dann öffnete der König eine kleine Kammer dicht daneben, wo sie schlafen sollte; die war mit köstlichen grünen Teppichen geschmückt und glich ganz der Höhle, in der sie gewesen war; auf dem Fußboden lag das Bund Flachs, welches sie aus den Nesseln gesponnen hatte, und unter der Decke hing das Panzerhemde, welches fertig gestrickt war. Alles dieses hatte einer der Jäger aus Curiosität mitgenommen.
""Hier kannst Du Dich in Deine frühere Heimath zurückträumen!"" sagte der König. ""Hier ist die Arbeit, die Dich dort beschäftigte; jetzt, mitten in aller Deiner Pracht wird es Dich belustigen, an jene Zeit zurückzudenken.""
Als Elisa das sah, was ihrem Herzen so nahe lag, spielte ein Lächeln um ihren Mund und das Blut kehrte in die Wangen zurück. Sie dachte an die Erlösung ihrer Brüder, küßte des Königs Hand, und er drückte sie an sein Herz und ließ durch alle Kirchenglocken das Hochzeitsfest verkünden. Das schöne, stumme Mädchen aus dem Walde war des Landes Königin.
Da flüsterte der Erzbischof böse Worte in des Königs Ohren, aber sie drangen nicht bis zu seinem Herzen. Die Hochzeit sollte stattfinden; der Erzbischof selbst mußte ihr die Krone auf das Haupt setzen, und er drückte mit bösem Unwillen den engen Ring fest auf ihre Stirn nieder, sodaß es schmerzte. Doch es lag ein schwererer Ring um ihr Herz: die Trauer um ihre Brüder. Sie fühlte nicht die körperlichen Leiden. Ihr Mund war stumm; ein einziges Wort würde ja ihren Brüdern das Leben kosten; aber in ihren Augen sprach sich innige Liebe zu dem guten, schönen Könige aus, der Alles that, um sie zu erfreuen. Von ganzem Herzen gewann sie ihn von Tag zu Tag lieber; o, daß sie nur sich ihm vertrauen und ihre Leiden klagen dürfte! Doch stumm mußte sie sein, stumm mußte sie ihr Werk vollbringen. Deshalb schlich sie sich des Nachts von seiner Seite, ging in die kleine Kammer, welche wie die Höhle geschmückt war, und strickte ein Panzerhemde nach dem andern fertig. Aber als sie das siebente begann, hatte sie keinen Flachs mehr.
Auf dem Kirchhof, wußte sie, wüchsen die Nesseln, die sie brauchen wollte; aber die mußte sie selbst pflücken; wie sollte sie da hinaus gelangen! -
""O, was ist der Schmerz in meinen Fingern gegen die Qual, die mein Herz erduldet!"" dachte sie. ""Ich muß es wagen! Der Herr wird seine Hand nicht von mir abziehen!"" Mit einer Herzensangst, als sei es eine böse That, die sie vorhabe, schlich sie sich in der mondhellen Nacht in den Garten hinunter und ging durch die langen Alleen, in den einsamen Straßen, nach dem Kirchhofe hinaus. Da sah sie auf einem der breitesten Leichensteine einen Kreis Lamien sitzen. Diese häßlichen Hexen nahmen ihre Lumpen ab, als ob sie sich baden wollten, und dann gruben sie mit den langen, magern Fingern die frischen Gräber auf, holten die Leichen heraus und aßen ihr Fleisch. Elisa mußte nahe an ihnen vorbei, und sie hefteten ihre bösen Blicke auf sie; aber sie betete still, sammelte die brennenden Nesseln und trug sie nach dem Schlosse heim.
Nur ein einziger Mensch hatte sie gesehen: der Erzbischof; er war auf, wenn die Andern schliefen. Nun hatte er doch Recht mit seiner Meinung, daß es mit der Königin nicht sei, wie es sein solle; sie war eine Hexe, deshalb hatte sie den König und das ganze Volk bethört.
Im Beichtstuhle sagte er dem Könige, was er gesehen hatte und was er fürchtete. Und als die harten Worte seiner Zunge entströmten, schüttelten die ausgeschnittenen Heiligenbilder die Köpfe, als wenn sie sagen wollten: ""Es ist nicht so; Elisa ist unschuldig!"" Aber der Erzbischof legte es anders aus; er meinte, daß sie gegen sie zeugten, daß sie über ihre Sünden die Köpfe schüttelten. Da rollten zwei schwere Thränen über des Königs Wangen herab; er ging nach Hause mit Zweifel in seinem Herzen und stellte sich, als ob er in der Nacht schliefe. Aber es kam kein ruhiger Schlaf in seine Augen; er merkte, wie Elisa aufstand. Jede Nacht wiederholte sie dieses und jedes Mal folgte er sachte nach und sah, wie sie in ihre Kammer verschwand.
Tag für Tag wurde seine Miene finsterer; Elisa sah es, begriff aber nicht, weshalb; allein es ängstigte sie, und was litt sie nicht in ihrem Herzen für die Brüder! Auf den königlichen Sammet und Purpur flossen ihre heißen Thränen; die lagen da wie schimmernde Diamanten, und Alle, welche die reiche Pracht sahen, wünschten Königin zu sein. Inzwischen war sie bald mit ihrer Arbeit fertig; nur ein Panzerhemde fehlte noch; aber Flachs hatte sie auch nicht mehr und nicht eine einzige Nessel. Einmal, nur dieses letzte Mal, mußte sie deshalb nach dem Kirchhof und einige Hände voll pflücken. Sie dachte mit Angst an diese einsame Wanderung und an die schrecklichen Lamien; aber ihr Wille stand fest, sowie ihr Vertrauen auf den Herrn.
Elisa ging; aber der König und der Erzbischof folgten nach. Sie sahen sie bei der Gitterpforte zum Kirchhof hinein verschwinden, und als sie sich ihr näherten, saßen die Lamien auf dem Grabsteine, wie Elisa sie gesehen hatte; und der König wendete sich ab, denn unter ihnen dachte er sich die, deren Haupt noch diesen Abend an seiner Brust geruht hatte.
""Das Volk muß sie verurtheilen!"" sagte er. Und das Volk urtheilte, sie solle in den rothen Flammen verbrannt werden.
Aus den prächtigen Königssälen wurde sie in ein dunkles, feuchtes Loch geführt, wo der Wind durch das Gitter hineinpfiff; statt Sammet und Seide gab man ihr das Bund Nesseln, welches sie gesammelt hatte; darauf konnte sie ihr Haupt legen; die harten, brennenden Panzerhemden, die sie gestrickt hatte, sollten ihre Decke sein. Aber nichts Lieberes konnte man ihr geben; sie nahm wieder ihre Arbeit vor und betete zu ihrem Gott. Draußen sangen die Straßenbuben Spottlieder auf sie; keine Seele tröstete sie mit einem freundlichen Worte.
Da schwirrte gegen Abend dicht am Gitter ein Schwanenflügel: das war der jüngste der Brüder. Er hatte die Schwester gefunden; und sie schluchzte laut vor Freude, obgleich sie wußte, daß die kommende Nacht wahrscheinlich die letzte sein würde, die sie zu leben hätte. Aber nun war ja auch die Arbeit fast beendet und ihre Brüder waren hier.
Der Erzbischof kam nun, um in der letzten Stunde bei ihr zu sein: das hatte er dem Könige versprochen. Aber sie schüttelte das Haupt und bat mit Blicken und Mienen, er möge gehen. In dieser Nacht mußte sie ja ihre Arbeit vollenden, sonst war Alles unnütz, Alles, Schmerz, Tränen und die schlaflosen Nächte. Der Erzbischof entfernte sich mit bösen Worten gegen sie, aber die arme Elise wußte, daß sie unschuldig sei, und fuhr in ihrer Arbeit fort.
Die kleinen Mäuse liefen auf dem Fußboden; sie schleppten Nesseln zu ihren Füßen hin, um doch etwas zu helfen; und die Drossel setzte sich an das Gitter des Fensters und sang die ganze Nacht so munter, wie sie konnte, damit sie nicht den Muth verlieren möchte.
Es dämmerte noch; erst nach einer Stunde ging die Sonne auf: da standen die elf Brüder an der Pforte des Schlosses und verlangten, vor den König geführt zu werden. Das könne nicht geschehen, wurde geantwortet; es wäre ja noch Nacht; der König schlafe und dürfe nicht geweckt werden. Sie baten, sie droheten, die Wache kam, ja selbst der König trat heraus und frug, was das bedeute: da ging gerade die Sonne auf, und nun waren keine Brüder zu sehen; aber über das Schloß flogen elf wilde Schwäne hin.
Aus dem Stadtthore strömte das ganze Volk: es wollte die Hexe verbrennen sehen. Ein alter Gaul zog den Karren, auf dem sie saß; man hatte ihr einen Kittel von grobem Sackleinen angezogen; ihr herrliches Haar hing lose um das schöne Haupt; ihre Wangen waren todtenbleich, ihre Lippen bewegten sich leise, während die Finger den grünen Flachs flochten. Selbst auf dem Wege zu ihrem Tode unterbrach sie die angefangene Arbeit nicht; die zehn Panzerhemden lagen zu ihren Füßen, an dem elften strickte sie. Der Pöbel verhöhnte sie.
""Sieh die Hexe, wie sie murmelt! Kein Gesangbuch hat sie in der Hand; nein, mit ihrer häßlichen Gaukelei sitzt sie da; reißt sie ihr in tausend Stücke!""
Und sie drangen Alle auf sie ein und wollten die Panzerhemden zerreißen: da kamen elf wilde Schwäne geflogen, die setzten sich rings um sie auf den Karren und schlugen mit ihren großen Schwingen. Nun wich der Haufen erschrocken zur Seite.
""Das ist ein Zeichen des Himmels! Sie ist sicher unschuldig!"" flüsterten Viele. Aber sie wagten nicht, es laut zu sagen.
Nun ergriff der Henker sie bei der Hand: da warf sie hastig die elf Panzerhemden über die Schwäne. Und sogleich standen elf schöne Prinzen da. Aber der jüngste hatte einen Schwanenflügel statt des einen Armes, denn es fehlte ein Aermel in seinem Panzerhemde: den hatte sie nicht fertig gebracht.
""Nun darf ich sprechen!"" sagte sie. ""Ich bin unschuldig!""
Und das Volk, welches sah, was geschehen war, neigte sich vor ihr wie vor einer Heiligen; aber sie sank leblos in der Brüder Arme: so hatten Spannung, Angst und Schmerz auf sie gewirkt.
""Ja, unschuldig ist sie!"" sagte der älteste Bruder, und nun erzählte er Alles, was geschehen war. Und während er sprach, verbreitete sich ein Duft wie von Millionen Rosen, denn jedes Stück Brennholz im Scheiterhaufen hatte Wurzel geschlagen und trieb Zweige: es stand eine duftende Hecke da, hoch und groß, mit rothen Rosen; ganz oben saß eine Blume, weiß und glänzend; sie leuchtete wie ein Stern. Die pflückte der König und steckte sie an Elisa's Busen: da erwachte sie mit Frieden und Glückseligkeit im Herzen.
Und alle Kirchenglocken läuteten von selbst, und die Vögel kamen in großen Zügen. Es wurde ein Hochzeitszug zurück zum Schlosse, wie ihn noch kein König gesehen hatte!
"	1862_Andersen_Original_Andersen_Die_wilden_Schwäne.txt	/content/drive/MyDrive/Märchen-Seminar/Korpus/Andersen/Original/1862_Andersen_Original_Andersen_Die_wilden_Schwäne.txt	neutral
Andersen	Original	1835	Andersen	Original	Andersen	Däumelinchen	"Däumelinchen

Es war einmal eine Frau, die sich sehr nach einem
kleinen Kinde sehnte, aber sie wußte nicht, woher sie
es nehmen sollte. Da ging sie zu einer alten Hexe und
sagte zu ihr: ""Ich möchte herzlich gern ein kleines
Kind haben, willst du mir nicht sagen, woher ich das
bekommen kann?""
""Ja, damit wollen wir schon fertig werden!"" sagte die
Hexe. ""Da hast du ein Gerstenkorn; das ist gar nicht
von der Art, wie sie auf dem Felde des Landmanns
wachsen oder wie sie die Hühner zu fressen
bekommen; lege das in einen Blumentopf, so wirst du
etwas zu sehen bekommen!""
""Ich danke dir!"" sagte die Frau und gab der Hexe fünf
Groschen, ging dann nach Hause, pflanzte das
Gerstenkorn, und sogleich wuchs da eine herrliche,
große Blume; sie sah aus wie eine Tulpe, aber die
Blätter schlossen sich fest zusammen, gerade als ob sie
noch in der Knospe wären.
""Das ist eine niedliche Blume!"" sagte die Frau und
küßte sie auf die roten und gelben Blätter, aber gerade
wie sie darauf küßte, öffnete sich die Blume mit einem
Knall. Es war eine wirkliche Tulpe, wie man nun
sehen konnte, aber mitten in der Blume saß auf dem
grünen Samengriffel ein ganz kleines Mädchen, fein
und niedlich, es war nicht über einen Daumen breit
und lang, deswegen wurde es Däumelinchen genannt.
Eine niedliche,
lackierte Walnußschale bekam
Däumelinchen zur Wiege, Veilchenblätter waren ihre
Matratze und ein Rosenblatt ihr Deckbett. Da schlief
sie bei Nacht, aber am Tage spielte sie auf dem Tisch,
wo die Frau einen Teller hingestellt, um den sie einen
ganzen Kranz von Blumen gelegt hatte, deren Stengel
im Wasser standen. Hier schwamm ein großes
Tulpenblatt, und auf diesem konnte Däumelinchen
sitzen und von der einen Seite des Tellers nach der
anderen fahren; sie hatte zwei weiße Pferdehaare zum
Rudern. Das sah ganz allerliebst aus. Sie konnte auch
singen, und so fein und niedlich, wie man es nie gehört
hatte.
Einmal nachts, als sie in ihrem schönen Bette lag, kam
eine Kröte durch eine zerbrochene Scheibe des
Fensters hereingehüpft. Die Kröte war häßlich, groß
und naß, sie hüpfte gerade auf den Tisch herunter, auf
roten
dem Däumelinchen
Rosenblatt schlief.

lag und unter dem

ganz

""Koax,

""Das wäre eine schöne Frau für meinen Sohn!"" sagte
die Kröte, und da nahm sie die Walnußschale, worin
Däumelinchen schlief, und hüpfte mit ihr durch die
zerbrochene Scheibe fort, in den Garten hinunter.
Da floß ein großer, breiter Fluß; aber gerade am Ufer
war es sumpfig und morastig; hier wohnte die Kröte
mit ihrem Sohne. Hu, der war häßlich und garstig und
glich
koax,
seiner Mutter.
brekkerekekex!"" Das war alles, was er sagen konnte,
als er das niedliche kleine Mädchen
in der
Walnußschale erblickte.
""Sprich nicht so laut, denn sonst erwacht sie!"" sagte
die alte Kröte. ""Sie könnte uns noch entlaufen, denn
sie ist so leicht wie ein Schwanenflaum! Wir wollen
sie auf eins der breiten Seerosenblätter in den Fluß
hinaussetzen, das ist für sie, die so leicht und klein ist,
gerade wie eine Insel; da kann sie nicht davonlaufen,
während wir die Staatsstube unten unter dem Morast,
wo ihr wohnen und hausen sollt, instand setzen.""
Draußen in dem Flusse wuchsen viele Seerosen mit
den breiten, grünen Blättern, die aussehen, als
schwämmen sie oben auf dem Wasser. Das am
weitesten hinausliegende Blatt war auch das
allergrößte; dahin schwamm die alte Kröte und setzte
die Walnußschale mit Däumelinchen darauf.
Das kleine Wesen erwachte frühmorgens, und da es
sah, wo es war, fing es recht bitterlich an zu weinen;
denn es war Wasser zu allen Seiten des großen, grünen
Blattes, und es konnte gar nicht an Land kommen.
Die alte Kröte saß unten im Morast und putzte ihre
Stube mit Schilf und gelben Blumen aus ? es sollte da
recht hübsch für die neue Schwiegertochter werden.
Dann schwamm sie mit dem häßlichen Sohne zu dem
Blatte, wo Däumelinchen stand. Sie wollten ihr
hübsches Bett holen, das sollte in das Brautgemach
gestellt werden, bevor sie es selbst betrat. Die alte
Kröte verneigte sich tief im Wasser vor ihr und sagte:
""Hier siehst du meinen Sohn; er wird dein Mann sein,
und ihr werdet recht prächtig unten im Morast
wohnen!""
""Koax, koax, brekkerekekex!"" war alles, was der Sohn
sagen konnte.
Dann nahmen sie das niedliche, kleine Bett und
schwammen damit fort; aber Däumelinchen saß ganz
allein und weinte auf dem grünen Blatte, denn sie

mochte nicht bei der garstigen Kröte wohnen oder
ihren häßlichen Sohn zum Manne haben. Die kleinen
Fische, die unten im Wasser schwammen, hatten die
Kröte wohl gesehen, und sie hatten auch gehört, was
sie gesagt hatte; deshalb streckten sie die Köpfe
hervor, sie wollten doch das kleine Mädchen sehen.
Sie fanden es sehr niedlich und bedauerten, daß es zur
häßlichen Kröte hinunter sollte. Nein, das durfte nie
geschehen! Sie versammelten sich unten im Wasser
rings um den grünen Stengel, der das Blatt hielt,
nagten mit den Zähnen den Stiel ab, und da schwamm
das Blatt den Fluß hinab mit Däumelinchen davon,
weit weg, wo die Kröte sie nicht erreichen konnte.
Däumelinchen segelte an vielen Städten vorbei, und
die kleinen Vögel saßen in den Büschen, sahen sie und
sangen: ""Welch liebliches, kleines Mädchen!"" Das
Blatt schwamm mit ihr immer weiter und weiter fort;
so reiste Däumelinchen außer Landes.
images/hcaev005_02.jpg
Ein niedlicher, weißer Schmetterling umflatterte sie
stets und ließ sich zuletzt auf das Blatt nieder, denn
Däumelinchen gefiel ihm. Sie war sehr erfreut; denn
nun konnte die Kröte sie nicht erreichen, und es war so
schön, wo sie fuhr; die Sonne schien aufs Wasser, das
wie lauteres Gold glänzte. Sie nahm ihren Gürtel, band
das eine Ende um den Schmetterling, das andere Ende
des Bandes befestigte sie am Blatte; das glitt nun viel
schneller davon und sie mit, denn sie stand ja darauf.
Da kam ein großer Maikäfer angeflogen, der erblickte
sie, schlug augenblicklich seine Klauen um ihren
schlanken Leib und flog mit ihr auf einen Baum. Das
grüne Blatt schwamm den Fluß hinab und der
Schmetterling mit, denn er war an das Blatt gebunden
und konnte nicht loskommen.
Wie war das arme Däumelinchen erschrocken, als der
flog! Aber
Maikäfer mit
schönen, weißen
hauptsächlich war
Schmetterlings wegen betrübt, den sie an das Blatt
festgebunden hatte. Wenn er sich nicht befreien
konnte, mußte er ja verhungern! Darum kümmerte sich
der Maikäfer nicht. Fr setzte sich mit ihr auf das größte
grüne Blatt des Baumes, gab ihr das Süße der Blumen
zu essen und sagte, daß sie niedlich sei, obgleich sie
einem Maikäfer durchaus nicht gleiche. Später kamen
alle die anderen Maikäfer, die im Baume wohnten, und
besuchten sie; sie betrachteten Däumelinchen, und die
Maikäferfräulein rümpften die Fühlhörner und sagten:
""Sie hat doch nicht mehr als zwei Beine; das sieht
erbärmlich aus."" ? ""Sie hat keine Fühlhörner!"" sagte

ihr auf den Baum

des

sie

lebte das

eine andere. ""Sie ist so schlank in der Mitte; pfui, sie
sieht wie ein Mensch aus! Wie häßlich sie ist!"" sagten
alle Maikäferinnen, und doch war Däumelinchen so
niedlich. Das erkannte auch der Maikäfer, der sie
geraubt hatte, aber als alle anderen sagten, sie sei
häßlich, so glaubte er es zuletzt auch und wollte sie gar
nicht haben; sie konnte gehen, wohin sie wollte. Sie
flogen mit ihr den Baum hinab und setzten sie auf ein
Gänseblümchen; da weinte sie, weil sie so häßlich sei,
daß die Maikäfer sie nicht haben wollten, und doch
war sie das Lieblichste, das man sich denken konnte,
so fein und klar wie das schönste Rosenblatt.
arme
Den ganzen Sommer über
Däumelinchen ganz allein in dem großen Walde. Sie
flocht sich ein Bett aus Grashalmen und hing es unter
einem Klettenblatte auf, so war sie vor dem Regen
geschätzt, sie pflückte das Süße der Blumen zur Speise
und trank vom Tau, der jeden Morgen auf den Blättern
lag. So vergingen Sommer und Herbst. Aber nun kam
der Winter, der kalte, lange Winter. Alle Vögel, die so
schön vor ihr gesungen hatten, flogen davon, Bäume
und Blumen verdorrten; das große Klettenblatt, unter
dem sie gewohnt hatte, schrumpfte zusammen, und es
blieb nichts als ein gelber, verwelkter Stengel zurück.
Däumelinchen fror schrecklich, denn ihre Kleider
waren entzwei, und sie war selbst so fein und klein, sie
mußte erfrieren. Es fing an zu schneien, und jede
Schneeflocke, die auf sie fiel, war, als wenn man auf
uns eine ganze Schaufel voll wirft, denn wir sind groß,
und sie war nur einen halben Finger lang. Da hüllte sie
sich in ein verdorrtes Blatt ein, aber das wollte nicht
wärmen; sie zitterte vor Kälte.
Dicht vor dem Walde, wohin sie nun gekommen war,
lag ein großes Kornfeld. Das Korn war schon lange
abgeschnitten, nur die nackten, trockenen Stoppeln
standen aus der gefrorenen Erde hervor. Sie waren
gerade wie ein ganzer Wald für sie zu durchwandern,
und sie zitterte vor Kälte! Da gelangte sie vor die Tür
der Feldmaus, die ein kleines Loch unter den
Kornstoppeln hatte. Da wohnte die Feldmaus warm
und gut, hatte die ganze Stube voll Korn, eine
herrliche Küche und Speisekammer. Das arme
Däumelinchen stellte sich in die Tür, gerade wie jedes
andere arme Bettelmädchen, und bat um ein kleines
Stück von einem Gerstenkorn, denn sie hatte seit zwei
Tagen nicht das mindeste zu essen gehabt.
""Du kleines Wesen!"" sagte die Feldmaus, denn im
Grunde war es eine gute alte Feldmaus, ""komm herein
in meine warme Stube und iß mit mir!""

Da ihr nun Däumelinchen gefiel, sagte sie: ""Du kannst
den Winter über bei mir bleiben, aber du mußt meine
Stube sauber und rein halten und mir Geschichten
erzählen, denn die liebe ich sehr."" Däumelinchen tat,
was die gute alte Feldmaus verlangte, und hatte es über
die lange Winterzeit hinweg außerordentlich gut.
""Nun werden wir bald Besuch erhalten!"" sagte die
Feldmaus. ""Mein Nachbar pflegt mich wöchentlich
einmal zu besuchen. Er steht sich noch besser als ich,
hat große Säle und trägt einen schönen, schwarzen
Samtpelz! Wenn du den zum Manne bekommen
könntest, so wärest du gut versorgt; aber er kann nicht
sehen. Du mußt ihm, wenn er unser Gast ist, die
niedlichsten Geschichten erzählen, die du weißt!""
Aber darum kümmerte sich Däumelinchen nicht, sie
mochte den Nachbar gar nicht haben, denn er war ein
Maulwurf. Er kam und stattete den Besuch in seinem
schwarzen Samtpelz ab. Er sei reich und gelehrt, sägte
die Feldmaus; seine Wohnung war auch zwanzigmal
größer als die der Feldmaus. Gelehrsamkeit besaß er,
aber die Sonne und die schönen Blumen mochte er gar
nicht leiden, von beiden sprach er schlecht, denn er
hatte sie noch nie gesehen. Däumelinchen mußte
singen, und sie sang: ""Maikäfer flieg!"" und: ""Wer will
unter die Soldaten."" Da wurde der Maulwurf der
schönen Stimme wegen in sie verliebt, aber er sagte
nichts, er war ein besonnener Mann.
Er hatte sich vor kurzem einen langen Gang durch die
Erde von seinem bis zu ihrem Hause gegraben; in
diesem erhielten die Feldmaus und Däumelinchen die
Erlaubnis, zu spazieren, soviel sie wollten. Aber er bat
sie, sich nicht vor dem toten Vogel zu fürchten, der in
dem Gange liege. Es war ein ganzer Vogel mit Federn
und Schnabel, der sicher erst kürzlich gestorben und
nun begraben war, gerade da, wo er seinen Gang
gemacht hatte.
Der Maulwurf nahm nun ein Stück faules Holz ins
Maul, denn das schimmert ja wie Feuer im Dunkeln,
ging voran und leuchtete ihnen in dem langen, dunklen
Gange. Als sie dahin kamen, wo der tote Vogel lag,
stemmte der Maulwurf seine breite Nase gegen die
Decke und stieß die Erde auf, so daß es ein großes
Loch gab und das Licht hindurchscheinen konnte.
Mitten auf dem Fußboden lag eine tote Schwalbe, die
schönen Flügel fest an die Seite gedrückt, die Füße
und den Kopf unter die Federn gezogen; der arme
Vogel war sicher vor Kälte gestorben. Das tat
Däumelinchen leid, sie hielt viel von allen kleinen
Vögeln, sie hatten ja den ganzen Sommer so schön vor

ihr gesungen und gezwitschert. Aber der Maulwurf
stieß ihn mit seinen kurzen Beinen und sagte: ""Nun
pfeift er nicht mehr! Es muß doch erbärmlich sein, als
kleiner Vogel geboren zu werden! Gott sei Dank, daß
keins von meinen Kindern das wird; ein solcher Vogel
hat ja außer seinem Quivit nichts und muß im Winter
verhungern!""
""Ja, das mögt Ihr als vernünftiger Mann wohl sagen,""
erwiderte die Feldmaus. ""Was hat der Vogel für all
sein Quivit, wenn der Winter kommt? Er muß hungern
und frieren; doch das soll wohl ganz besonders
vornehm sein!""
Däumelinchen sagte gar nichts; aber als die beiden
andern dem Vogel den Rücken wandten, neigte sie
sich herab, schob die Federn beiseite, die den Kopf
bedeckten, und küßte ihn auf die geschlossenen
Augen. 'Vielleicht war er es, der so hübsch vor mir im
Sommer sang', dachte sie. 'Wieviel Freude hat er mir
nicht gemacht, der liebe, schöne Vogel'
Der Maulwurf stopfte nun das Loch zu, durch das der
Tag hereinschien, und begleitete dann die Damen nach
Hause. Aber nachts konnte Däumelinchen gar nicht
schlafen. Da stand sie von ihrem Bette auf und flocht
von Heu einen großen, schönen Teppich. Den trug sie
zu dem Vogel, breitete ihn über ihn und legte weiche
Baumwolle, die sie in der Stube der Feldmaus
gefunden hatte, an seine Seiten, damit er in der kalten
Erde warm liegen möge.
""Lebe wohl, du schöner, kleiner Vogel!"" sagte sie.
""Lebe wohl und habe Dank für deinen herrlichen
Gesang im Sommer, als alle Bäume grün waren und
die Sonne warm auf uns herabschien!"" Dann legte sie
ihr Haupt an des Vogels Brust, erschrak aber zugleich,
denn es war gerade, als ob drinnen etwas klopfte. Das
war des Vogels Herz. Der Vogel war nicht tot, er lag
nur betäubt da, war nun erwärmt worden und bekam
wieder Leben.
Im Herbst fliegen alle Schwalben nach den warmen
Ländern fort; aber ist da eine, die sich verspätet, so
friert sie so, daß sie wie tot niederfällt und liegen
bleibt, wo sie hinfällt. Und der kalte Schnee bedeckt
sie.
Däumelinchen zitterte heftig, so war sie erschrocken,
denn der Vogel war ja groß, sehr groß gegen sie; aber
sie faßte doch Mut, legte die Baumwolle dichter um
die arme Schwalbe und holte ein Krauseminzeblatt,
das sie selbst zum Deckblatt gehabt hatte, und legte es
ganz behutsam über den Kopf des Vogels.
In der nächsten Nacht schlich sie sich wieder zu ihm,

und da war er nun lebendig, aber ganz matt. Er konnte
nur einen Augenblick seine Augen öffnen und
Däumelinchen ansehen, die mit einem Stück faulen
Holzes in der Hand, denn eine andere Laterne hatte sie
nicht, vor ihm stand.
""Ich danke dir, du niedliches, kleines Kind!"" sagte die
kranke Schwalbe zu ihr. ""Ich bin herrlich erwärmt
worden; bald erhalte ich meine Kräfte zurück und kann
dann wieder draußen in dem warmen Sonnenschein
herumfliegen!""
""Oh,"" sagte Däumelinchen, ""es ist kalt draußen, es
schneit und friert! Bleib in deinem warmen Bette, ich
werde dich schon pflegen!""
Dann brachte sie der Schwalbe Wasser in einem
Blumenblatt, und diese trank und erzählte ihr, wie sie
ihren einen Flügel an einem Dornbusch gerissen und
deshalb nicht so schnell habe fliegen können wie die
andern Schwalben, die fortgezogen seien, weit fort
nach den warmen Ländern. So sei sie zuletzt zur Erde
gef allen. Mehr wußte sie nicht, und auch nicht, wie
sie hierhergekommen war.
Den ganzen Winter blieb sie nun da unten,
Däumelinchen pflegte sie und hatte sie lieb, weder der
Maulwurf noch die Feldmaus erfuhren etwas davon,
denn sie mochten die arme Schwalbe nicht leiden.
Sobald das Frühjahr kam und die Sonne die Erde
erwärmte, sagte die Schwalbe Däumelinchen, die das
Loch öffnete, das der Maulwurf oben gemacht hatte,
Lebewohl. Die Sonne schien herrlich zu ihnen herein,
und die Schwalbe fragte, ob sie mitkommen wolle, sie
könnte auf ihrem Rücken sitzen, sie wollten weit in
den grünen Wald hineinfliegen. Aber Däumelinchen
wußte, daß es die alte Feldmaus betrüben würde, wenn
sie sie verließ.
""Nein, ich kann nicht!"" sagte Däumelinchen. ""Lebe
wohl, lebe wohl, du gutes, niedliches Mädchen!"" sagte
die Schwalbe und flog hinaus in den Sonnenschein.
Däumelinchen sah ihr nach, und das Wasser trat ihr in
die Augen, denn sie war der armen Schwalbe von
Herzen gut.
""Quivit, quivit!"" sang der Vogel und flog in den
grünen Wald.
Däumelinchen war recht betrübt. Sie erhielt gar keine
Sonnenschein
Erlaubnis,
hinauszugehen. Das Korn, das auf dem Felde über dem
Hause der Feldmaus gesät war, wuchs auch hoch in die
Luft empor; das war ein ganz dichter Wald für das
arme, kleine Mädchen.
""Nun sollst du im Sommer deine Aussteuer nähen!""

warmen

den

in

sagte die Feldmaus zu ihr; denn der Nachbar, der
langweilige Maulwurf in dem schwarzen Samtpelze,
hatte um sie gefreit. ""Du mußt sowohl Wollen ? wie
Leinenzeug haben, denn es darf dir an nichts fehlen,
wenn du des Maulwurfs Frau wirst!""
Däumelinchen mußte auf der Spindel spinnen, und die
Feldmaus mietete vier Raupen, die Tag und Nacht für
sie webten. Jeden Abend besuchte sie der Maulwurf
und sprach dann immer davon, daß, wenn der Sommer
zu Ende gehe, die Sonne lange nicht so warm scheinen
werde, sie brenne da jetzt die Erde fest wie einen
Stein; ja, wenn der Sommer vorbei sei, dann wolle er
mit Däumelinchen Hochzeit halten. Aber sie war gar
nicht erfreut darüber, denn
sie mochte den
langweiligen Maulwurf nicht leiden. Jeden Morgen,
wenn die Sonne aufging, und jeden Abend, wenn sie
unterging, stahl sie sich zur Tür hinaus, und wenn
dann der Wind die Kornähren trennte, so daß sie den
blauen Himmel erblicken konnte, dachte sie daran, wie
hell und schön es hier draußen sei, und wünschte
sehnlichste die liebe Schwalbe wiederzusehen. Aber
die kam nicht wieder; sie war gewiß weit weg in den
schönen grünen Wald gezogen.
Als es nun Herbst wurde, hatte Däumelinchen ihre
ganze Aussteuer fertig.
""In vier Wochen sollst du Hochzeit halten!"" sagte die
Feldmaus. Aber Däumelinchen weinte und sagte, sie
wolle den langweiligen Maulwurf nicht haben.
""Schnickschnack!"" sagte die Feldmaus. ""Werde nicht
widerspenstig, denn sonst werde ich dich mit meinen
weißen Zähnen beißen! Es ist ja ein schöner Mann,
den du bekommst, und das darfst du nicht vergessen.
Die Königin selbst hat keinen solchen schwarzen
Samtpelz! Er hat Küche und Keller voll. Danke du
Gott für ihn!""
Nun sollten sie Hochzeit haben. Der Maulwurf war
schon gekommen, Däumelinchen zu holen; sie sollte
bei ihm wohnen, tief unter der Erde, nie an die warme
Sonne herauskommen, denn die mochte er nicht
leiden. Das arme Kind war sehr betrübt; sie sollte nun
der schönen Sonne Lebewohl sagen, die sie doch bei
der Feldmaus hatte von der Türe aus sehen dürfen.
""Lebe wohl, du helle Sonne!"" sagte sie, streckte die
Arme hoch empor und ging auch eine kleine Strecke
weiter vor dem Hause der Feldmaus; denn nun war das
Korn geerntet, und hier standen nur die trockenen
Stoppeln. ""Lebe wohl, lebe wohl!"" sagte sie und
schlang ihre Arme um eine kleine rote Blume, die da
stand. ""Grüße die kleine Schwalbe von mir, wenn du

sie zu sehen bekommst!""
""Quivit, quivit!"" ertönte es plötzlich über ihrem Kopfe,
sie sah empor, es war die kleine Schwalbe, die gerade
vorbeikam. Sobald sie Däumelinchen erblickte, wurde
sie sehr erfreut; diese erzählte ihr, wie ungern sie den
häßlichen Maulwurf zum Manne haben wolle und daß
sie dann tief unter der Erde wohnen solle, wo nie die
Sonne scheine. Sie konnte sich nicht enthalten, dabei
zu weinen.
""Nun kommt der kalte Winter,"" sagte die kleine
Schwalbe; "" ich fliege weit fort nach den warmen
Ländern, willst du mit mir kommen? Du kannst auf
meinem Rücken sitzen! Binde dich nur mit deinem
Gürtel fest, dann fliegen wir von dem häßlichen
Maulwurf und seiner dunkeln Stube fort, weit über die
Berge, nach den warmen Ländern, wo die Sonne
schöner scheint als hier, wo es immer Sommer ist und
herrliche Blumen gibt. Fliege nur mit, du liebes,
kleines Däumelinchen, die mein Leben gerettet hat, als
ich wie tot in dem dunkeln Erdkeller lag!""
""Ja, ich werde mit dir kommen!"" sagte Däumelinchen
und setzte sich auf des Vogels Rücken, mit den Füßen
auf seinen entfalteten Schwingen. Sie band ihren
Gürtel an einer der stärksten Federn fest, und da flog
die Schwalbe hoch in die Luft hinauf, über Wald und
über See, hoch über die großen Berge, wo immer
Schnee liegt. Däumelinchen fror in der kalten Luft,
aber darin verkroch sie sich unter des Vogels warme
Federn und streckte nur den kleinen Kopf hervor, um
all die Schönheiten unter sich zu bewundern.
Da kamen sie denn nach den warmen Ländern. Dort
schien die Sonne weit klarer als hier, der Himmel war
zweimal so hoch, und an Gräben und Hecken wuchsen
die schönsten grünen und blauen Weintrauben. In den
Wäldern hingen Zitronen und Apfelsinen, hier duftete
es von Myrten und Krauseminze, auf den Landstraßen
liefen die niedlichsten Kinder und spielten mit großen,
bunten Schmetterlingen. Aber die Schwalbe flog noch
weiter fort, und es wurde schöner und schöner. Unter
den herrlichsten grünen Bäumen an dem blauen See
stand ein blendend weißes Marmorschloß aus alten
Zeiten. Weinreben rankten sich um die hohen Säulen
empor; ganz oben waren viele Schwalbennester, und in
einem wohnte die Schwalbe, die Däumelinchen trug.
""Hier ist mein Haus!"" sagte die Schwalbe. ""Aber willst
du dir nun selbst eine der prächtigsten Blumen, die da
unten wachsen, aussuchen, dann will
ich dich
hineinsetzen, und du sollst es so gut und schön haben,
wie du es nur wünschest!""

er

nicht

größer

selbst war

""Das ist herrlich!"" sagte Däumelinchen und klatschte
erfreut in die kleinen Hände.
Da lag eine große, weiße Marmorsäule, die zu Boden
gefallen und in drei Stücke gesprungen war, aber
zwischen diesen wuchsen die schönsten großen,
weißen Blumen. Die Schwalbe flog mit Däumelinchen
hinunter und setzte sie auf eins der breiten Blätter.
Aber wie erstaunte diese! Da saß ein kleiner Mann
mitten in der Blume, so weiß und durchsichtig, als
wäre er von Glas; die niedlichste Goldkrone trug er auf
dem Kopfe und die herrlichsten, klaren Flügel an den
Schultern,
als
Däumelinchen. Es war der Blumenelf. In jeder Blume
wohnte so ein kleiner Mann oder eine Frau, aber dieser
war der König ? über alle.
""Gott, wie ist er schön!"" flüsterte Däumelinchen der
Schwalbe zu. Der kleine Prinz erschrak sehr über die
Schwalbe, denn sie war gegen ihn, der so klein und
fein war, ein Riesenvogel; aber als er Däumelinchen
erblickte, wurde er hocherfreut; sie war das schönste
Mädchen, das er je gesehen hatte. Deswegen nahm er
seine Goldkrone vom Haupte und setzte sie ihr auf,
fragte, wie sie heiße und ob sie seine Frau werden
wolle, dann solle sie Königin über alle Blumen
werden! Ja, das war wahrlich ein anderer Mann als der
Sohn der Kröte und der Maulwurf mit dem schwarzen
Samtpelze. Sie sagte deshalb ja zu dem herrlichen
Prinzen, und von jeder Blume kam eine Dame oder ein
Herr, so niedlich, daß es eine Lust war; jeder brachte
Däumelinchen ein Geschenk, aber das beste von allen
waren ein Paar schöne Flügel von einer großen,
weißen Fliege; sie wurden Däumelinchen am Rücken
befestigt, und nun konnte sie auch von Blume zu
Blume fliegen. Da gab es viel Freude, und die
Schwalbe saß oben in ihrem Neste und sang ihnen vor,
so gut sie konnte; aber im Herzen war sie doch betrübt,
denn sie war Däumelinchen gut und wäre gerne immer
mit ihr zusammen geblieben. Am liebsten hätte sie
sich daher nie von ihr trennen mögen.
""Du sollst nicht Däumelinchen heißen!"" sagte der
Blumenelf zu ihr. ""Das ist ein häßlicher Name, und du
bist schön. Wir wollen dich von nun an Maja nennen.""
""Lebe wohl, lebe wohl!"" sagte die kleine Schwalbe
und flog wieder fort von den warmen Ländern, weit
weg, nach Deutschland zurück; dort hatte sie ein
kleines Nest über dem Fenster, wo der Mann wohnt,
der Märchen erzählen kann, vor ihm sang sie ""Quivit,
quivit!""
Daher wissen wir die ganze Geschichte.

* * *"	1835_Andersen_Original_Andersen_Däumelinchen.txt	/content/drive/MyDrive/Märchen-Seminar/Korpus/Andersen/Original/1835_Andersen_Original_Andersen_Däumelinchen.txt	neutral
Andersen	Copilot	1961	Andersen	Copilot	Günther	Das Kleid	"Das Kleid

Es war einmal ein junger Schafhirte namens Jan, der auf einer windgepeitschten Heide lebte, wo die Tage still und die Nächte voller Sterne waren. Sein Vater lag im Sterben, und als der Atem des Alten schon flackerte wie eine verlöschende Kerze, nahm er Jans Hand und legte ihm einen Rubin hinein, rot wie ein Tropfen lebendigen Blutes.

„Dieser Stein,“ flüsterte der Vater, „wurde dir in die Wiege gelegt von einem Fremden, den niemand kannte. Er soll dir Glück bringen, wenn die Welt dir nichts mehr lässt.“

Kurz darauf starb der Vater, und der Wucherer des Dorfes nahm Haus, Stall und Feld an sich, wie es der Vertrag verlangte. Jan blieb nur der Rubin – und ein Herz, das trotz allem nicht bitter werden wollte.

Eines Tages hörte Jan, dass Prinzessin Agnes demjenigen ihre Hand schenken würde, der die drei Dinge erriete, an die sie denke. Doch wer sich irrte, wurde in Stein verwandelt. Jan dachte: Wer nichts besitzt, kann auch nichts verlieren. Und so machte er sich auf den Weg.

In einer kleinen Kirche suchte er nachts Schutz. Dort sah er zwei Räuber, die den aufgebahrten Toten bestehlen wollten. Jan gab ihnen seine einzige Münze, damit sie den Toten in Frieden ließen. Doch später lauerten sie ihm auf, um ihm den Rubin zu rauben. Da trat ein Fremder aus dem Schatten, still wie ein Gedanke, und vertrieb die Räuber.

„Ich gehe mit dir,“ sagte der Mann. Jan wusste nicht warum, aber er vertraute ihm.

Auf ihrer Reise begegneten sie einem Dämon, der in vielen Gestalten erschien – mal als Bettler, mal als Krämer, mal als Schatten ohne Gesicht. Immer wollte er den Rubin. Doch der Fremde schützte Jan, und der Rubin glühte jedes Mal auf, als wolle er warnen.

Als sie das Schloss erreichten, führte der König Jan durch einen Garten voller steinerner Männer. „Sie alle haben falsch geraten,“ sagte er. „Seit Agnes sechzehn wurde, wohnt eine fremde Macht in ihr. Ich fürchte, sie ist nicht mehr Herrin ihres eigenen Herzens.“

Jan erschrak, doch der Fremde legte ihm die Hand auf die Schulter. „Mut,“ sagte er. „Manchmal ist das Herz klüger als der Verstand.“

In der ersten Nacht erriet Jan, woran die Prinzessin dachte. In der zweiten Nacht ebenso. Doch in der dritten Nacht folgte der Fremde der Prinzessin heimlich und sah, wie sie zu einer Höhle ging, in der der Dämon hauste. Er nährte sich von der Lebenskraft der versteinerten Männer und begehrte den Rubin, um ewig zu leben.

Als Jan in der dritten Nacht selbst der Prinzessin folgte, kam es zum Kampf. Der Dämon war stark wie ein Sturm, doch Jan hielt den Rubin fest an sein Herz, und da wich die Dunkelheit zurück. Mit letzter Kraft besiegte er den Dämon.

Am Morgen stand er vor der Prinzessin, und plötzlich wusste er die dritte Antwort: „Du denkst an die Liebe.“

Damit war der Bann gebrochen. Jan wünschte sich, dass alle versteinerten Männer wieder lebendig würden. Und so geschah es: Einer nach dem anderen erwachte, während der Dämon selbst zu Stein wurde, grau und kalt wie die Bosheit, aus der er geboren war.

Jan heiratete Agnes und wurde König. Das Volk liebte ihn, denn er war ein Herrscher, der einst nichts besessen hatte und darum wusste, wie viel ein Herz wert ist.

Der Fremde aber – der geheimnisvolle Begleiter – stand eines Morgens am Tor des Schlosses. Jan wollte ihn halten, doch der Mann lächelte nur.

„Du brauchst mich nicht mehr,“ sagte er. „Der Rubin hat dich geführt, aber dein Herz hat dich gerettet.“

Dann ging er davon, und niemand sah ihn je wieder. Manche sagten, er sei ein Engel gewesen, andere, ein Geist aus alter Zeit. Doch Jan bewahrte den Rubin sein Leben lang – nicht als Glücksbringer, sondern als Erinnerung daran, dass selbst der Ärmste reich sein kann, wenn er ein gutes Herz besitzt."	1961_Andersen_Copilot_Günther_Das_Kleid.txt	/content/drive/MyDrive/Märchen-Seminar/Korpus/Andersen/Copilot/1961_Andersen_Copilot_Günther_Das_Kleid.txt	neutral
Andersen	Copilot	1939	Andersen	Copilot	Disney	Das haessliche Entlein	"Das hässliche Entlein

In einem Winkel des Schilfgürtels, dort wo das Wasser leise an die Wurzeln der Weiden schlägt, saßen Ente und Enterich auf ihrem Nest und warteten. Die Tage waren ihnen lang geworden, denn nichts dehnt die Zeit so sehr wie die Erwartung. Endlich, eines Morgens, bebte das Nest, und vier kleine gelbe Küken schlüpften heraus, piepsend wie Sonnenstrahlen, die sich in Töne verwandelt hatten.
Doch ein Ei blieb still. Erst als die Sonne schon hoch stand, sprang es mit einem Ruck auf. Heraus kroch ein Küken, weiß wie ein Schneefleck im Frühling, und es gab Laute von sich, die weder Ente noch Enterich je gehört hatten. Der Enterich schnaubte, die Ente verteidigte ihr Nest, und ehe der Tag verging, stritten sie sich so heftig über den Fremdling, dass der Enterich davonflog und nicht wiederkehrte.
Die Ente führte ihre vier gelben Kinder zum Wasser, und sie glitten fröhlich davon. Das weiße Küken aber blieb am Rand zurück. Als es sein Spiegelbild sah, erschrak es vor sich selbst. „Ich bin anders“, dachte es, und das Wort tat ihm weh wie ein kalter Windstoß.
So watschelte es davon, suchte Gesellschaft bei einer Vogelfamilie, die am Ufer pickte. Doch kaum kam es näher, flatterten sie davon, als wäre es ein Schatten, der Unglück bringt. Das Küken senkte den Kopf und wanderte weiter.
Auf einem stillen See sah es einen Vogel treiben, der so geduldig wartete, dass das Küken Mut fasste. Es schmiegte sich an ihn, und der Vogel wankte nicht. Doch als das Küken ihn berührte, klang es hohl – es war nur eine Spielzeugente, die der Wind hergetragen hatte. Da brach etwas in dem kleinen Herzen, und es setzte sich ans Ufer, weinte und trompetete leise, wie nur ein Schwanenkind es kann.
Sein Kummer flog über das Wasser wie ein dünner Faden, und eine Schwanenfamilie, die in der Ferne schwamm, hörte ihn. Die Mutter hob den Kopf, lauschte und glitt dann mit ihren vier Jungen heran. Als das weiße Küken sie sah, hielt es den Atem an. Die Jungtiere hatten dieselben langen Hälse, dieselben weichen Federn, dieselben Augen, die tief und freundlich blickten.
„Komm“, sagte die Schwanenmutter, und ihre Stimme war wie warmes Wasser. „Du gehörst zu uns.“
Das Küken wagte kaum zu glauben, was es hörte. Doch als es sich zwischen die anderen stellte, passte es hinein wie ein fehlendes Stück in ein altes Lied. Zum ersten Mal fühlte es sich nicht fremd, sondern richtig.
Am nächsten Morgen schwamm die neue Schwanenfamilie über den See, und das weiße Küken blickte zurück zum Entennest, das nun weit hinter ihm lag. Es fühlte keinen Zorn, nur ein stilles Wissen: Manchmal muss man fortgehen, um zu finden, wohin man gehört.
Und so wandte es sich ab, richtete den Hals stolz auf und glitt weiter – nicht mehr als hässliches Entlein, sondern als junger Schwan, der endlich wusste, wer er war.
"	1939_Andersen_Copilot_Disney_Das_haessliche_Entlein.txt	/content/drive/MyDrive/Märchen-Seminar/Korpus/Andersen/Copilot/1939_Andersen_Copilot_Disney_Das_haessliche_Entlein.txt	neutral
Andersen	Copilot	2006	Andersen	Copilot	Allers	Das Mädchen mit den Schwefelhölzern	"Das Mädchen mit den Schwefelhölzern

In den verschneiten Straßen einer großen russischen Stadt ging ein kleines Mädchen umher, die dünnen Schuhe längst durchnässt, die Finger rot vor Kälte. Es trug eine Schachtel Schwefelhölzer bei sich und hoffte, wenigstens ein paar davon zu verkaufen. Doch die Menschen eilten an ihm vorbei, die Köpfe tief in ihre Mäntel gesteckt, und niemand schenkte dem Kind Beachtung.
Um aufzufallen, stellte es sich auf den Sockel einer Laterne, doch der Laternenanzünder hob es streng wieder herunter. „Hier darfst du nicht stehen,“ sagte er, ohne das Zittern in ihren Knien zu bemerken.
So floh das Mädchen in einen Hinterhof, wo der Wind etwas weniger biss. Es war so kalt, dass es kaum noch seine Hände spürte. Nach langem Zögern nahm es ein Schwefelholz aus der Schachtel und rieb es an der Wand.
Ein kleines Licht flackerte auf, warm und golden. Im Schein der Flamme sah das Mädchen einen Ofen, groß und glühend, und streckte die Hände danach aus. Doch das Streichholz brannte nieder, und die Vision verschwand.
Es entzündete ein zweites. Nun sah es eine reich gedeckte Tafel, mit Brot, Früchten und dampfenden Speisen, wie es sie nur aus Geschichten kannte. Doch auch dieses Licht erlosch, und die Kälte kehrte zurück.
Beim dritten Schwefelholz fand es sich plötzlich auf einem Schlitten wieder, der durch die Nacht glitt, bis er vor einer herrschaftlichen Villa hielt. Eine alte Dame öffnete die Tür, ihr Gesicht warm und gütig. Sie lächelte das Mädchen an, als hätte sie lange auf es gewartet. Doch auch diese Erscheinung verblasste, als das Streichholz verglühte.
Verzweifelt zündete das Kind die letzten drei Hölzer gleichzeitig an. Die Flammen loderten hell, und die alte Dame trat wieder hervor, diesmal näher, liebevoller. Das Mädchen warf sich in ihre Arme, und die Tür hinter ihr öffnete sich weit. Ein Weihnachtsbaum stand dort, geschmückt mit tausend Lichtern, die funkelten wie Sterne.
Die Lichter wurden heller, immer heller — bis sie sich in den wirklichen Himmel verwandelten.
Am Morgen fand man das Mädchen im Schnee, still und friedlich, die erloschenen Hölzer in der Hand. Doch sein Gesicht wirkte nicht mehr verzweifelt. Es lächelte, als hätte es endlich Wärme gefunden.
Und manche sagen, sie hätten in jener Nacht eine alte Frau gesehen, die sich über das Kind beugte, es sanft an die Hand nahm und mit ihm davonschritt, dorthin, wo kein Winter mehr weht und kein Kind je wieder frieren muss.
"	2006_Andersen_Copilot_Allers_Das_Mädchen_mit_den_Schwefelhölzern.txt	/content/drive/MyDrive/Märchen-Seminar/Korpus/Andersen/Copilot/2006_Andersen_Copilot_Allers_Das_Mädchen_mit_den_Schwefelhölzern.txt	neutral
Andersen	Copilot	1937	Andersen	Copilot	Marcus	The Little Match Girl	"The Little Match Girl

In den Straßen von New York, wo die Häuser wie steinerne Riesen in den Himmel ragten und der Winterwind durch die Häuserschluchten heulte, wanderte ein kleines Mädchen. Es trug ein dünnes Kleid, das der Frost längst durchdrungen hatte, und in seinen roten, klammen Händen hielt es eine Schachtel Streichhölzer.
„Streichhölzer… schöne, warme Streichhölzer…“ flüsterte es den Vorübergehenden zu.
Doch niemand hörte hin. Die Menschen eilten an ihr vorbei, eingehüllt in Pelzkrägen und Sorgen, die größer waren als ein frierendes Kind.
Als sie am Schaufenster eines Bäckers stehen blieb, sah sie die goldene Kruste der Brote, die dampfenden Kuchen, die glänzenden Zuckerglasuren. Ihr Magen knurrte so laut, dass sie erschrak. Zwei Passanten lachten über das kleine, hungrige Mädchen, und sie wandte sich ab, beschämt und allein.
Sie fand eine kleine Ecke zwischen zwei Häusern, wo der Wind etwas weniger biss. Dort setzte sie sich hin, zog ein Streichholz hervor und rieb es an der Wand.
Ein winziger Funke sprang auf, eine Flamme zitterte — und in ihrem Schein sah das Mädchen ein großes Kaminfeuer, warm und golden. Sie streckte die Hände aus, doch der Wind blies die Flamme aus, und das Feuer verschwand.
Sie zündete ein zweites Streichholz an.
Diesmal sah sie ein Himmelbett, weich wie Wolken, mit Decken, die nach Lavendel dufteten. Sie legte sich hinein, spürte Wärme, Geborgenheit — doch wieder kam der Wind und nahm ihr den Traum.
Nur ein einziges Streichholz blieb ihr noch.
Sie zündete es an, und die Flamme brannte heller als die beiden zuvor. Sie sah Blumen, die im Winter niemals blühen, und Engel, die mit silbernen Flügeln um sie tanzten. Einer reichte ihr eine Puppe — die erste, die sie je in Händen hielt.
Doch ein Sturmwind kam, wild und grausam, und riss ihr alles fort: die Blumen, die Engel, die Puppe. Die Welt wurde wieder kalt und weiß.
Mit letzter Kraft stolperte sie durch die Schneelandschaft ihrer Fantasie — oder war es schon etwas anderes?
Vor ihr brannte eine einzelne Kerze. Sie wollte sie berühren, doch die Flamme zerfloss wie ein Tropfen Licht und verschwand.
Da lag das Mädchen still im Schnee.
Das letzte Streichholz war verloschen.
Doch in diesem Moment trat ein Engel zu ihr. Er war warm wie der Sommer, den sie nie gekannt hatte. Das Mädchen öffnete die Augen und lächelte — ein Lächeln, das sie im Leben nie hatte zeigen dürfen.
Der Engel nahm sie an der Hand, und gemeinsam stiegen sie hinauf, höher und höher, bis die Stadt unter ihnen verschwand.
Und als die Nacht hereinbrach, erschien am Himmel ein neuer Stern — klein, aber hell, als wolle er sagen:
„Ich bin nicht mehr allein.“
"	1937_Andersen_Copilot_Marcus_The_Little_Match_Girl.txt	/content/drive/MyDrive/Märchen-Seminar/Korpus/Andersen/Copilot/1937_Andersen_Copilot_Marcus_The_Little_Match_Girl.txt	neutral
Andersen	Copilot	1978	Andersen	Copilot	Oyabu	Däumelinchen	"Däumelinchen

Es war einmal eine Frau, die sich nichts sehnlicher wünschte als ein Kind. Sie pflegte eine einzelne Blume auf ihrem Fensterbrett, und manchmal sprach sie mit ihr, als wäre sie ein kleines Wesen, das ihr zuhören könnte. Eines Abends, als der Mond wie eine silberne Sichel am Himmel hing, erschien eine Fee an ihrem Fenster. Sie lächelte sanft, berührte die Blume — und am nächsten Morgen öffnete sich die Knospe.
Darin lag ein winziges Mädchen, kaum größer als ein Daumen.
„Däumelinchen,“ flüsterte die Frau, und das Kind lächelte, als hätte es den Namen schon immer getragen.
Däumelinchen schlief in einem Bett aus Walnussschale, sang mit den Grillen und tanzte auf den Blütenblättern im Garten. Doch eines Nachts, als der Mond hinter einer Wolke verschwand, kroch eine Kröte durchs Fenster. Sie sah das kleine Mädchen und quakte vor Freude.
„Eine perfekte Braut für meinen Sohn!“
Sie packte Däumelinchen mitsamt ihrem Bett und trug sie zum Fluss. Dort setzte sie das Mädchen auf ein Seerosenblatt und verschwand, um ihren dummen, trägen Kröterich-Sohn zu holen.
Däumelinchen weinte leise. Doch die Fische im Wasser hörten sie.
„So ein liebes Kind gehört nicht in ein Krötenhaus,“ murmelten sie und nagten den Stiel des Blattes durch.
Das Seerosenblatt löste sich und trieb davon, hinaus in die Freiheit.
Ein Schmetterling flatterte herbei und zog das Blatt ein Stück weiter, bis ein Maikäfer Däumelinchen entdeckte.
„Wie hübsch du bist!“ rief er und nahm sie mit auf einen Ast.
Doch seine Freunde lachten über das kleine Menschenkind, und der Maikäfer ließ sie fallen — nicht aus Bosheit, sondern aus Unsicherheit.
So fand sich Däumelinchen allein im Wald wieder.
Der Sommer verging, und der Herbst brachte kalte Nächte. Als der Winter kam, suchte Däumelinchen Schutz bei einer Feldmaus.
„Du darfst bleiben,“ sagte die Alte, „wenn du mir Geschichten erzählst und im Haushalt hilfst.“
Däumelinchen tat ihr Bestes. Doch oft sehnte sie sich nach Sonne und Blumen.
Immer wieder kam ein wohlhabender, blinder Maulwurf zu Besuch. Er sprach viel von Ordnung und Dunkelheit und wenig von Freude. Bald bat er um Däumelinchens Hand.
Eines Tages fand Däumelinchen im Gang des Maulwurfs eine halb erfrorene Schwalbe.
„Armes Ding,“ flüsterte sie und pflegte den Vogel heimlich gesund.
Als der Frühling kam, breitete die Schwalbe ihre Flügel aus.
„Komm mit mir,“ sagte sie. „Hier wirst du nicht glücklich.“
Däumelinchen zögerte — doch dann nahm sie all ihren Mut zusammen und setzte sich auf den Rücken der Schwalbe.
Sie flogen über Wälder, Felder und Meere, bis sie ein Land erreichten, in dem die Sonne warm war und die Blumen das ganze Jahr über blühten.
Dort lebte Däumelinchen in einer Blüte, so zart wie ein Traum. Und eines Tages öffnete sich die Nachbarblüte — und darin stand ein Prinz, so klein wie sie, mit Flügeln wie aus Glas.
„Ich habe dich erwartet,“ sagte er.
Däumelinchen fühlte, wie ihr Herz leicht wurde wie ein Schmetterling.
Sie nahm seine Hand, und die Blumen neigten sich, als wollten sie den beiden ihren Segen geben.
So fand Däumelinchen endlich ein Zuhause — nicht in einer Walnussschale, nicht auf einem Seerosenblatt, sondern in einem Land, das so freundlich war wie ihr eigenes Herz.
"	1978_Andersen_Copilot_Oyabu_Däumelinchen.txt	/content/drive/MyDrive/Märchen-Seminar/Korpus/Andersen/Copilot/1978_Andersen_Copilot_Oyabu_Däumelinchen.txt	neutral
Andersen	Copilot	2018	Andersen	Copilot	Brinx	Die Galoschen des Glücks	"Die Galoschen des Glücks

Es war einmal ein junger Küchenjunge namens Johann, der im Schloss von Morgenfels die Töpfe schrubbte, die Pfannen polierte und davon träumte, eines Tages zu „denen da oben“ zu gehören. Wenn er durch das Fenster in den großen Festsaal blickte, sah er die feine Gesellschaft tanzen, lachen und sich in seidenen Gewändern drehen, und sein Herz wurde schwer vor Sehnsucht. Niemand ahnte, dass in der Schlossküche zwei Feen wirkten: Frau Sorge, die mit strengem Blick über verbrannte Soßen schimpfte, und Frau Glück, die mit einem Lächeln selbst die härteste Rübe weich kochte. Beide beobachteten Johann mit einer Mischung aus Zuneigung und Kopfschütteln.
Eines Tages sollte Prinzessin Aurora, die Großnichte der Großherzogin, im Schloss ihren Geburtstag feiern. Schon vorher traf ihre Kammerzofe Lisbeth ein, ein Mädchen mit wachen Augen und dem heimlichen Wunsch, Schauspielerin zu werden. Johann sah sie oft, wenn sie durch die Küche huschte, doch sein Blick blieb an Aurora hängen, als diese endlich eintraf – schön wie ein Morgenstern und ebenso unerreichbar. Johann verliebte sich auf der Stelle, so heftig, dass ihm beinahe der Suppentopf aus der Hand fiel.
In einer verstaubten Ecke der Küche standen die „Galoschen des Glücks“, die Frau Sorge und Frau Glück seit Jahrhunderten hüteten. Sie erfüllten Herzenswünsche – aber nie so, wie man es erwartete. Durch einen Zufall schlüpfte Johann in die alten Schuhe, und kaum hatte er ausgesprochen, er wolle ein Prinz sein, fand er sich auf einem Pferd wieder, gekleidet in Samt und Gold. Er nannte sich Prinz Ludwig und stellte sich Aurora und ihrem Bruder Amadeus vor. Aurora lächelte ihn an, doch Johann merkte bald, dass er in dieser Welt so wenig zu Hause war wie ein Fisch auf einem Baum.
Lisbeth, die Kammerzofe, half ihm heimlich. Sie brachte ihm bei, wie man sich verbeugt, wie man tanzt, wie man spricht, ohne sich zu verraten. Und während sie ihm die Schritte zeigte, sah sie ihn an, als wäre er mehr als ein Küchenjunge oder ein Prinz – als wäre er einfach Johann. Doch Johann bemerkte es nicht. Er war geblendet von Aurora, die seine Geschenke bewunderte, besonders die Dose, aus der blaue Schmetterlinge entflogen. So etwas Wundervolles hatte sie noch nie gesehen, sagte sie, und Johann glaubte ihr jedes Wort.
Doch die Feen sahen, was er nicht sah: dass Aurora nur den Zauber liebte, nicht den Menschen dahinter. Und dass Lisbeth ihn mit einem Herzen ansah, das ehrlicher war als alle Schmetterlinge der Welt.
Beim Picknick, das Johann für Aurora vorbereitet hatte, zeigte die Prinzessin ihr wahres Gesicht. Sie war launisch, verwöhnt und schnell gelangweilt. Johann spürte, wie sein Traum zu bröckeln begann. Immer öfter dachte er an Lisbeth, an ihr Lachen, an ihre Geduld, an die Wärme in ihren Augen. Und Lisbeth, die zufällig ein Gespräch der Feen belauschte, erfuhr, dass Prinz Ludwig und Johann ein und dieselbe Person waren.
Währenddessen hatten Amadeus und Prinz Laszlo Nachforschungen angestellt. Sie fanden heraus, dass nichts an diesem Prinzen stimmte. Kurz bevor man ihn festnehmen konnte, gelangte Johann wieder an die Galoschen des Glücks. Ein einziger Schritt – und er verschwand vor aller Augen, zurück in sein altes Leben.
Lisbeth hatte inzwischen bei einer Schauspieltruppe angeheuert, die beim Fest aufgetreten war. Johann suchte sie, fand sie schließlich hinter der Bühne eines kleinen Theaters und stand plötzlich vor ihr, ohne Krone, ohne Titel, nur mit seinem Herzen. Er gestand ihr, dass er blind gewesen sei, dass er dem falschen Glück nachgejagt sei und das wahre beinahe verloren hätte. Lisbeth sah ihn lange an, und dann lächelte sie. Und als sie sich küssten, war es, als hätte jemand die Galoschen des Glücks ein letztes Mal benutzt – nicht um einen Wunsch zu erfüllen, sondern um einen Menschen zu sich selbst zu führen.
Denn manchmal liegt das größte Glück nicht in Schlössern, Kronen oder Schmetterlingen aus Zauberdosen, sondern in einem Herzen, das einen sieht, wie man wirklich ist.
"	2018_Andersen_Copilot_Brinx_Die_Galoschen_des_Glücks.txt	/content/drive/MyDrive/Märchen-Seminar/Korpus/Andersen/Copilot/2018_Andersen_Copilot_Brinx_Die_Galoschen_des_Glücks.txt	neutral
Andersen	Copilot	2010	Andersen	Copilot	Jacob	Die Prinzessin auf der Erbse	"Die Prinzessin auf der Erbse

Es war einmal ein Königreich, das so friedlich wirkte wie ein stiller See im Morgengrauen – doch unter der Oberfläche brodelte Unheil. Der alte König war ein gütiger Mann, aber sein siebzigster Geburtstag rückte näher, und ein altes Testament bestimmte, dass er dann abdanken müsse. Sein Sohn sollte den Thron übernehmen, doch nur, wenn er am selben Tag verheiratet wäre. Und da der Prinz trotz aller Reisen und Begegnungen keine Prinzessin gefunden hatte, die sein Herz berührte, schien es, als würde die Schwester des Königs – eine Frau, deren Herz so hart war wie ein ungebohrter Stein – die Krone an sich reißen.
Der Prinz aber liebte nicht die Macht, sondern das Holz. Er arbeitete heimlich als Zimmermann, und wenn er mit seinen Händen ein Bett oder einen Schrank schuf, fühlte er sich freier als in allen Sälen des Schlosses. Sein Vater hoffte dennoch, ihn umstimmen zu können, und setzte seine letzte Hoffnung in eine Prinzessin, die bald eintreffen sollte. Doch die junge Frau bekam unterwegs Angst vor der großen Aufgabe, die sie erwartete, und floh. Nur ihre leere Kutsche erreichte das Schloss, darin ein Strauß Wiesenblumen, der so frisch duftete, als hätte der Sommer selbst ihn hineingelegt.
Die Prinzessin irrte derweil durch den Wald, verängstigt und voller Zweifel. Eine Barmherzige Schwester fand sie und nahm sie mit in ein kleines Waisenhaus, wo Kinder lebten, die niemanden hatten außer einander. Die Prinzessin, die niemand mehr Prinzessin nannte, half dort mit, und zum ersten Mal fühlte sie sich nicht beobachtet, nicht beurteilt, sondern einfach gebraucht.
Eines Tages kam der Prinz mit einem Zimmermann, um einen Leiterwagen zu liefern. Er sah das Mädchen, das sich um die Kinder kümmerte, und sein Herz schlug schneller, ohne dass er wusste warum. Sie sprachen miteinander, und er fand in ihr etwas, das er bei keiner Prinzessin der Welt gefunden hatte: Wärme, Mut und ein Lächeln, das nicht gelernt, sondern wahr war. Er suchte jede Gelegenheit, ins Waisenhaus zurückzukehren, und als sie ihm erzählte, dass die Kinder keine eigenen Betten hätten, machte er sich sofort daran, welche zu bauen. Seine Hände arbeiteten, doch sein Herz träumte.
Als er seinem Vater gestand, dass er sich verliebt habe – in ein einfaches Mädchen –, wurde der König traurig. „Du bist kein Zimmermann“, sagte er, „du bist der Prinz dieses Landes. Und wenn du nicht heiratest, wird deine Tante den Thron an sich reißen.“ Der Prinz erzählte dem Mädchen davon, und sie riet ihm, fortzulaufen. Als er sie fragte, ob sie mit ihm gehen würde, nickte sie, und sie umarmten sich, als gehörten sie schon immer zusammen.
Doch bevor er seinem Vater davon berichten konnte, brachte der Hofjunker – der heimlich der Tante diente – einen Umhang und einen Schuh, angeblich von der Prinzessin, und behauptete, sie sei im Moor versunken. Der König war verzweifelt, und die Tante lachte in sich hinein. Zufällig hörte der Prinz, wie sie ihren eigenen Plan feierten. Da wusste er, dass er nicht fliehen durfte. Er musste das Reich schützen, auch wenn es bedeutete, auf die Liebe zu verzichten.
Die Prinzessin, die im Waisenhaus lebte, erkannte inzwischen, dass sie den Prinzen liebte. Sie wollte zum Schloss eilen, doch der Hofjunker stellte sich ihr in den Weg, sperrte sie in ein Verlies und nahm den Schlüssel mit. Die Waisenkinder hatten alles gesehen. Sie schlichen ihm nach, stahlen den Schlüssel und befreiten die junge Frau.
Als sie am Schloss anklopfte, war der König überrascht, doch die Tante versuchte sofort, Misstrauen zu säen. Der Prinz wusste nicht, was er glauben sollte. Da schlug die Tante eine Prüfung vor: Nur eine echte Prinzessin könne durch einen Berg von Matratzen eine winzige Erbse spüren. Die junge Frau wurde auf das hohe Bett gelegt, und in der Nacht konnte sie kaum schlafen, denn etwas Hartes drückte sie unaufhörlich.
Am Morgen standen der König, der Prinz und die Tante an ihrem Bett. „Hast du gut geschlafen?“, fragte die Tante mit falscher Süße. „Nein“, sagte die junge Frau, „ich lag die ganze Nacht auf etwas Hartem.“ Die Tante schrie vor Wut, doch es half ihr nichts mehr. Der König erkannte, dass die junge Frau nicht nur eine Prinzessin war, sondern auch die Richtige für seinen Sohn.
Und so gab es eine Hochzeit im Schloss, und nicht nur das junge Paar war glücklich, sondern auch der alte König, der wusste, dass sein Reich nun in guten Händen war. Die Tante aber musste lernen, dass Macht nichts wert ist, wenn das Herz kalt bleibt – und dass eine einzige Erbse manchmal mehr Wahrheit ans Licht bringt als tausend Worte.
"	2010_Andersen_Copilot_Jacob_Die_Prinzessin_auf_der_Erbse.txt	/content/drive/MyDrive/Märchen-Seminar/Korpus/Andersen/Copilot/2010_Andersen_Copilot_Jacob_Die_Prinzessin_auf_der_Erbse.txt	neutral
Andersen	Copilot	1971	Andersen	Copilot	Küchenmeister	Der kleine und der große Klaus	"Der kleine und der große Klaus

Es war einmal ein kleiner Bauer, den alle nur den kleinen Klaus nannten, obwohl sein Herz größer war als die Felder, die er bestellen konnte. Er lebte mit seiner Frau und sieben Kindern in einer niedrigen Hütte, deren Dach im Winter seufzte und im Sommer sang. Von Montag bis Samstag arbeitete er für den großen Klaus, einen Mann, dessen Reichtum so schwer war wie sein Gemüt.
Nur am Sonntag durfte der kleine Klaus drei Pferde vor seinen Pflug spannen – zwei geliehene und sein eigenes, ein treues Tier namens Hans. Dann rief er voller Stolz: „Hüh, alle meine Pferde, hüh!“, und für einen Moment fühlte er sich so reich wie ein König.
Doch der große Klaus mochte es nicht, wenn jemand glücklicher klang als er selbst. Eines Tages, geblendet von Neid, hob er einen Stein und erschlug Hans. Der kleine Klaus weinte nicht laut – er hatte gelernt, dass Tränen im Staub schnell verschwinden. Stattdessen zog er die Haut des Pferdes ab, um sie auf dem Markt zu verkaufen.
Der Weg war lang, und der Regen fiel wie graue Stricke vom Himmel. Als er beim Haus des Müllers um ein Nachtlager bat, wies ihn die Müllerin ab. So kroch er in die Scheune, wo er Zeuge eines seltsamen Schauspiels wurde: Die Müllerin empfing den Küster, und ein Festmahl dampfte auf dem Tisch, als wäre es für einen König bestimmt. Doch als der Müller unerwartet heimkehrte, verschwanden Essen und Küster – das eine im Ofen, das andere in einer Truhe.
Der kleine Klaus, der mehr Witz als Glück besaß, trat hervor und bat nun den Müller um Unterkunft. Unter dem Tisch stellte er seinen Sack mit dem Pferdefell ab und behauptete, darin sitze ein Zauberer. Und siehe da: Der Sack „sagte“ ihm, dass Braten und Kuchen im Ofen seien – und sogar, dass „der Teufel“ in der Truhe hocke. Der Müller erschrak so sehr, dass er dem kleinen Klaus den Sack abkaufte, samt Truhe und einem Scheffel Geld.
Auf dem Heimweg ließ der kleine Klaus den Küster frei, der ihm aus Dankbarkeit seine Schuhe schenkte – abgetragen, aber warm wie ein guter Gedanke.
Als der große Klaus später erfuhr, wie viel Geld der kleine Klaus angeblich für ein einziges Pferdefell erhalten hatte, erschlug er im Zorn all seine eigenen Pferde. Doch auf dem Markt lachten die Leute über seine Preisvorstellungen, und er kehrte mit leeren Händen heim – und einem Herzen voller Galle.
In seiner Wut stopfte er den kleinen Klaus in einen Sack, um ihn im Fluss zu ertränken. Doch bevor er die Tat vollendete, wollte er sich in der Kirche „seelisch stärken“. Während er betete, kam ein Schäfer vorbei, hörte das Wimmern aus dem Sack und befreite den kleinen Klaus. Gemeinsam füllten sie den Sack mit schweren Steinen.
Der große Klaus schleppte den Sack zum Fluss und warf ihn hinein. Die Steine versanken schnell, und der große Klaus ging zufrieden davon.
Doch als er später über eine Wiese ging, sah er den kleinen Klaus fröhlich zwischen einer Schafherde stehen. „Wie bist du entkommen?“, rief er entsetzt.
Der kleine Klaus lächelte geheimnisvoll. „Auf dem Grund des Flusses lebt eine Fee“, sagte er. „Sie schenkte mir diese Schafe, weil ich so tapfer war.“
Der große Klaus, dessen Gier größer war als sein Verstand, rannte zum Fluss, sprang hinein – und der Fluss nahm ihn mit, wie er schon so viele törichte Männer mitgenommen hatte.
Der kleine Klaus aber kehrte heim zu seiner Familie. Und wenn er auch nie reich wurde, so hatte er doch etwas, das der große Klaus nie besessen hatte: den Mut, aus Unglück Glück zu machen – und ein Herz, das selbst im Dunkeln leuchten konnte.
"	1971_Andersen_Copilot_Küchenmeister_Der_kleine_und_der_große_Klaus.txt	/content/drive/MyDrive/Märchen-Seminar/Korpus/Andersen/Copilot/1971_Andersen_Copilot_Küchenmeister_Der_kleine_und_der_große_Klaus.txt	neutral
Andersen	Copilot	1959	Andersen	Copilot	Hartmann	Das Feuerzeug	"Das Feuerzeug

Es war einmal ein Soldat, der nach langen Jahren des Krieges mit nichts weiter heimkehrte als einem abgetragenen Mantel, einem stumpfen Säbel und der Hoffnung, irgendwo wieder ein Mensch zu sein. Der Weg führte ihn durch einen Wald, der so still war, dass selbst die Vögel zu lauschen schienen. Dort begegnete er einer alten Frau, die so krumm war, als hätte sie ihr Leben lang schwere Geheimnisse getragen.
„In diesem hohlen Baum,“ sagte sie und klopfte auf einen Stamm, „liegt ein Feuerzeug, das meine Großmutter einst vergaß. Bring es mir herauf, und du sollst so viel Geld haben, wie du tragen kannst.“
Der Soldat lächelte, denn er war nicht dumm. „Und was muss ich dafür tun?“
„Nur das Feuerzeug holen,“ sagte sie, und ihre Augen funkelten wie zwei alte Münzen.
Er ließ sich an einem Seil hinab und fand sich in einer unterirdischen Kammer wieder, in der drei Türen standen. Hinter jeder saß ein Hund – der erste mit Augen so groß wie Teetassen, der zweite mit Augen wie Mühlräder, der dritte mit Augen wie Kirchturmuhren. Jeder Hund bewachte eine Truhe: Kupfer, Silber, Gold. Der Soldat nahm sich von allem, denn er dachte: Wer weiß, wann ich wieder so viel Glück habe.
Als er hinaufgezogen wurde, verlangte die Alte das Feuerzeug. „Erst wenn ich oben bin,“ sagte er. Da ließ sie das Seil los. Der Soldat stürzte, fing sich, kletterte selbst hinauf – und sah, wie die Alte sich in eine Schlange wand. Da zog er seinen Säbel und machte dem Zauber ein Ende.
Mit den Münzen in den Taschen ging er in seine Heimatstadt zurück. Er gab den armen Kindern Brot, verschaffte einem Jungen eine Lehre beim Schuster und dachte dabei: Es ist schön, reich zu sein, wenn man weiß, wie es ist, arm zu sein.
Dann lebte er, wie Soldaten es gern tun, wenn sie plötzlich Geld haben: laut, fröhlich und verschwenderisch. Doch Geld rinnt durch die Finger wie Wasser, und bald fand er sich in einer armseligen Stube wieder, ohne Freunde, ohne Stiefel, ohne Hoffnung – bis er eine Kerze anzünden wollte und das Feuerzeug benutzte.
Mit einem Schlag erschien der Hund mit den Teetassaugen.
„Was begehrst du, Herr?“ fragte er.
Der Soldat erschrak, doch nur kurz. „Gold,“ sagte er. Und Gold bekam er.
Von da an fehlte es ihm an nichts – außer an Vernunft. Doch das ist eine andere Sache.
Eines Tages hörte er, dass der König seine Tochter im Kupferschloss einsperrte, weil eine Weissagung sagte, sie würde einen gewöhnlichen Soldaten heiraten. Der Soldat lachte leise. Manchmal weiß das Schicksal mehr als ein König.
In der Nacht ließ er sich die Prinzessin bringen. Sie schlief, und er betrachtete sie mit einer Mischung aus Staunen und Sehnsucht. Am Morgen erzählte sie ihren Eltern von dem nächtlichen Besuch, und die Kammerfrau wurde zur Wächterin bestimmt. Doch auch sie konnte die Hunde nicht aufhalten.
Als sie dem Soldaten ein Kreidekreuz an die Tür malte, malte er an jede Tür der Straße eines. Am nächsten Tag stand die Kammerfrau beschämt da, denn alle Türen waren gleich gezeichnet.
Doch eines Nachts wurde der Soldat selbst gefasst. Man verurteilte ihn zum Galgen. „Eine letzte Pfeife,“ bat er. „Nur eine.“
Der Schusterjunge brachte ihm das Feuerzeug, und als der Soldat dreimal Funken schlug, erschienen die drei Hunde – größer, wilder, mächtiger als je zuvor. Sie jagten die Wächter, die Höflinge, ja sogar den König selbst aus der Stadt, bis dieser rief:
„Halt! Halt! Die Weissagung soll erfüllt werden! Nimm meine Tochter – und verschone uns!“
So bekam der Soldat die Prinzessin zur Frau. Manche sagten, er habe sie nicht verdient. Andere sagten, das Schicksal habe seine eigenen Wege. Und die Prinzessin? Sie sah ihn an und dachte: Er hat mich gewählt, nicht mein Gold.
Und das Feuerzeug? Das lag in einer Schublade, und manchmal, wenn der Soldat es ansah, meinte er, die Hunde würden ihn aus der Dunkelheit heraus anblinzeln – als wollten sie sagen:
„Wir kommen, wenn du uns rufst.“
"	1959_Andersen_Copilot_Hartmann_Das_Feuerzeug.txt	/content/drive/MyDrive/Märchen-Seminar/Korpus/Andersen/Copilot/1959_Andersen_Copilot_Hartmann_Das_Feuerzeug.txt	neutral
Andersen	Copilot	1977	Andersen	Copilot	Mironer	Die Prinzessin auf der Erbse	"Die Prinzessin auf der Erbse

Regen fiel in Strömen auf eine schlichte, königliche Burg, die einsam in der Landschaft stand. Ein Schild hing über dem Tor: Prinzessin gesucht. Drinnen saß das Königspaar am Feuer, scherzte miteinander und sorgte sich doch um ihren Sohn, den schönen Prinzen. Er war erwachsen geworden, aber in dieser Einöde schien keine Prinzessin weit und breit aufzutauchen.
Da klopfte es. Der König öffnete — und vor ihm stand ein durchnässtes Mädchen, das behauptete, eine Prinzessin zu sein. Sie lächelte den Prinzen an, als hätte sie ihn schon immer gekannt, und scherzte mit ihm, als wäre sie zu Hause. Der König schnaubte, die Königin aber brachte das Mädchen liebevoll zu Bett.
Am Morgen jedoch weckte der König seinen Sohn früh. „Es ist Zeit“, sagte er. „Du musst hinaus in die Welt und eine echte Prinzessin finden.“
Die Mutter protestierte, doch der König blieb hart. Der Prinz bestieg das einzige Pferd und ritt davon. Die Eltern weinten — und auch das Mädchen, das gerade erwacht war, weinte mit ihnen und versuchte sie zu trösten.
Der Prinz ritt lange, bis er ein rosafarbenes Wasserschloss erreichte. Dort pflegte ein König in goldbetresster Kleidung seine kunstvollen Gärten. Und dann erschien sie: eine Prinzessin in rosa Rüschen, trippelnd, umgeben von Hoffräulein. Der Prinz war entzückt.
Er brachte ihr Geschenke — eine Rose aus dem Garten seines Vaters und eine singende Nachtigall. Doch am Hof verspottete man alles Natürliche. „Schweinerei“, nannte man es. Die Prinzessin verzog das Gesicht.
Traurig wandte sich der Prinz ab. Am Feldrain begegnete er dem Schweinehirten, der ihm vorschlug, die Kleider zu tauschen. Der Prinz willigte ein und wurde zum neuen Schweinehirten.
Er erfand ein glockenspielendes Töpfchen, das die Prinzessin sofort begehrte. „Zehn Küsse“, verlangte der Schweinehirt. Sie zierte sich — doch sie wollte das Töpfchen unbedingt. Und so küsste sie ihn zehnmal.
Am nächsten Tag verlangte sie nach einem neuen Spielzeug. Der Schweinehirt bot ihr eines an — für hundert Küsse. Sie gab sie ihm. Beim hundertsten Kuss ertappte der König sie. Empört jagte er sie fort und gab sie dem Schweinehirten zur Frau.
Da enthüllte der Prinz seine wahre Identität. Die Prinzessin wollte nun ihn — doch er verwies sie an den echten Schweinehirten, der sie ebenfalls nicht wollte. So ritt der Prinz weiter.
Er gelangte in eine Stadt mit hohen Mauern und einer Burg, die von schwarzem Tuch umweht war. Die Bürger warnten ihn: Die Prinzessin sei eine Hexe. Doch als er sie sah — schwarzhaarig, stolz, schön — war er verloren.
Ihr Vater, ein kleiner, quirliger König, erklärte ihm die Bedingung: Drei Dinge müsse er erraten, an die die Prinzessin denke. Wer scheiterte, verlor sein Leben. Der Prinz wollte schon aufgeben, doch dann sah er die Prinzessin reiten — und blieb.
In der Nacht folgte er ihr heimlich. Sie ritt zu einem Fest der Waldgeister. Dort tanzte sie mit einem Troll, dessen entstelltes Gesicht unter einem Tuch verborgen war. Der Prinz versteckte sich und hörte, wie sie über die Rätsel sprachen: Schuh und Handschuh.
Am nächsten Morgen beantwortete er die ersten beiden Fragen richtig. Die Prinzessin erschrak. Für die dritte Frage blieb nur ein Tag.
In der nächsten Nacht belauschte der Prinz sie erneut. Diesmal sollte sie an den Kopf des Trolls denken. Als sie fort war, stellte der Prinz den Troll zum Kampf. Doch der Troll erzählte ihm die Wahrheit: Er und die Prinzessin liebten einander. Ein Fluch entstellte ihn — und nur ein öffentliches Bekenntnis der Prinzessin könne ihn lösen. Doch sie durfte nichts davon wissen.
Am Morgen erschien der Prinz mit einem Sack. Die Prinzessin stellte die dritte Frage. Der Prinz schwenkte den Sack. Die Prinzessin glaubte, der Troll sei tot, und brach zusammen.
Da trat der Troll hervor — lebendig. Der Prinz rief: „Das ist der Kopf, an den du gedacht hast. Und nun gestehe, dass du ihn liebst.“
Die Prinzessin tat es. Der Fluch brach. Ein schöner Prinz stand vor ihr. Die toten Freier erwachten wieder. Hochzeit wurde gefeiert.
Nur der schöne Prinz wanderte weiter — traurig, aber frei.
Er gelangte in eine ferne Gegend, wo er einen Maler traf. Auf dessen Staffelei war das Bild einer bezaubernden Prinzessin. Sie war Muse und Mäzenin der Künste und wollte denjenigen heiraten, der das Unglaublichste vollbrachte.
Der Prinz begegnete ihr im Schlossgarten. Sie war zart, rothaarig, klug — und sie lächelte ihn an. Doch sie verlangte das Erstaunlichste, das Unwahrscheinlichste, das Einzige, das ihr Herz rühren könne.
Am nächsten Tag füllte sich der Garten mit Musik, Tanz und Kunst. Der Poet trug ein Gedicht vor, der Pantomime starb vor Leidenschaft, der Maler zeigte ein Meisterwerk, der Tänzer grub sich in Ekstase in die Erde.
Der Prinz trat vor und zauberte der Prinzessin die schönste Rose der Welt in eine Glasschale. Alle waren begeistert. Man wollte ihn zum Sieger erklären.
Da ertönte Hohngelächter. Ein grober Mann stieg aus einer weißen Kutsche, zerschlug die Rose und das Glas und rief: „Ich habe das Schönste zerstört — das ist das Unglaublichste!“
Die Prinzessin, verwirrt und töricht, legte ihre Hand in seine. Lachend entführte der Rüpel sie.
Der Prinz blieb zurück, allein im Garten, zwischen den Scherben der Rose. Und er wusste, dass seine Reise weitergehen musste — denn nicht jede Prinzessin, die schön erscheint, ist es wert, gefunden zu werden.
"	1977_Andersen_Copilot_Mironer_Die_Prinzessin_auf_der_Erbse.txt	/content/drive/MyDrive/Märchen-Seminar/Korpus/Andersen/Copilot/1977_Andersen_Copilot_Mironer_Die_Prinzessin_auf_der_Erbse.txt	neutral
Andersen	Copilot	2008	Andersen	Copilot	Miyazaki	Ponyo Das große Abenteuer am Meer	"Ponyo – Das große Abenteuer am Meer

Tief unten im Meer, wo das Licht der Sonne nur wie ein ferner Traum schimmert, lebte ein kleines Goldfischmädchen. Ihr Vater, der Magier Fujimoto, hielt sie in seinem unterseeischen Heim fest, denn er fürchtete die Welt der Menschen und wollte seine Tochter vor ihr schützen. Doch Ponyo, wie sie später genannt werden sollte, war neugierig und mutig. Eines Tages entkam sie ihrem Vater, glitt durch die Strömungen und wurde an einer felsigen Küste angespült.
Dort fand sie der kleine Sōsuke. Er nahm das seltsame Fischmädchen behutsam in die Hände, gab ihr den Namen Ponyo und versprach, sie zu beschützen. Zwischen den beiden entstand eine Freundschaft, die so rein war wie das Meer an einem stillen Morgen. Sōsuke zeigte Ponyo seine Welt, und Ponyo zeigte ihm ihre Freude.
Doch Fujimoto entdeckte, dass seine Tochter verschwunden war, und holte sie zurück in die Tiefe. Sōsuke war untröstlich, und seine Mutter Lisa versuchte, ihn zu trösten. Aber Ponyo wollte nicht bleiben. Sie wollte zurück zu Sōsuke — und sie wollte ein Mensch werden.
Mit Hilfe ihrer Schwestern entkam sie erneut und benutzte die Magie ihres Vaters, um sich in ein Mädchen zu verwandeln. Doch diese Magie war mächtig und wild. Sie brachte die Welt aus dem Gleichgewicht. Das Meer erhob sich, Stürme tobten, und die Insel, auf der Sōsuke lebte, wurde überflutet.
Währenddessen rief Fujimoto Ponyos Mutter, die Meeresgöttin Granmammare. Als sie erschien, begann sogar der Mond seine Bahn zu verlassen, und die Sterne schienen zu zittern. Granmammare erklärte, dass Ponyo ein Mensch bleiben könne — aber nur, wenn sie bereit wäre, auf ihre Magie zu verzichten und die Weltordnung wiederherzustellen.
Sōsuke und Ponyo machten sich trotz des Sturms auf den Weg, um Lisa zu finden. Doch Ponyos Kräfte schwanden, und sie verwandelte sich wieder in ein Fischmädchen. Fujimoto fand die beiden und brachte sie ins Altenheim, wo Lisa und die Bewohner in Sicherheit waren.
Dort erschien Granmammare erneut. Sie stellte Sōsuke eine Frage, die über alles entschied: ob er Ponyo lieben würde, selbst wenn sie ein Fisch oder eine Meerjungfrau wäre. Sōsuke zögerte nicht. Er liebte Ponyo — nicht wegen ihrer Gestalt, sondern wegen ihres Herzens.
Da durfte Ponyo wieder ein Mensch werden. Und um das Gleichgewicht der Welt zu bewahren, gab sie ihre Magie auf.
Von nun an lebte sie bei Sōsuke und Lisa, als Teil ihrer kleinen Familie. Fujimoto wollte sie zwar beschützen, doch Granmammare legte ihm die Hand auf die Schulter und sagte, dass Ponyo ihren eigenen Weg finden müsse — so wie jedes Kind, das wachsen will.
Und so begann für Ponyo ein neues Leben, nicht im Meer, sondern an der Seite des Jungen, der sie zuerst beim Namen genannt hatte.
"	2008_Andersen_Copilot_Miyazaki_Ponyo_Das_große_Abenteuer_am_Meer.txt	/content/drive/MyDrive/Märchen-Seminar/Korpus/Andersen/Copilot/2008_Andersen_Copilot_Miyazaki_Ponyo_Das_große_Abenteuer_am_Meer.txt	neutral
Andersen	Copilot	1990	Andersen	Copilot	Raza	Der Reisekamerad	"Der Reisekamerad

Es war einmal ein junger Schafhirte namens Jan, der in einer Hütte am Rand der Heide lebte. Sein Vater lag im Sterben, und die Schatten im Zimmer wurden länger, als der Alte ihm die Wahrheit offenbarte: Alles, was sie besaßen – Haus, Feld und Stall – gehörte nach seinem Tod dem Wucherer des Dorfes. Einst hatte die Pest ihre Herde dahingerafft, und der Wucherer hatte ihnen geholfen, doch seine Hilfe war wie ein Netz, das sich langsam zuzog.
„Nur eines bleibt dir,“ sagte der Vater und legte Jan einen Rubin in Herzform in die Hand. „Ein Fremder brachte ihn dir, als du noch in der Wiege lagst. Er soll dir Glück bringen, wenn du es am nötigsten hast.“
Kurz darauf starb der Vater, und Jan stand allein in der Welt, mit nichts als dem Rubin und einem Herzen, das mehr Mut als Besitz kannte.
Zur selben Zeit ließ Prinzessin Agnes verkünden, dass sie denjenigen heiraten würde, der die drei Dinge erriete, an die sie denke. Doch wer sich irrte, wurde in Stein verwandelt. Viele hatten es versucht, und viele standen nun als stumme Figuren im Schlossgarten.
Jan dachte: Wer nichts hat, hat auch nichts zu verlieren. Und so machte er sich auf den Weg.
In einer kleinen Kirche suchte er nachts Schutz. Dort ertappte er zwei Räuber, die den aufgebahrten Toten bestehlen wollten. Jan gab ihnen seine einzige Münze, damit sie den Toten in Frieden ließen. Doch später lauerten sie ihm auf, um ihm den Rubin zu rauben. Da trat ein Fremder aus dem Dunkel – derselbe, der Jan einst in der Kirche geholfen hatte – und vertrieb die Räuber.
„Ich reise mit dir,“ sagte der Mann, und seine Stimme klang wie ein ferner Windhauch. Jan war froh über die Gesellschaft, denn der Weg war lang und voller Gefahren.
Mehrmals begegnete ihnen ein Dämon, der in wechselnden Gestalten versuchte, Jan den Rubin zu entreißen. Doch der Fremde schützte ihn jedes Mal, und Jan begann zu ahnen, dass sein Begleiter mehr wusste, als er sagte.
Als sie das Schloss erreichten, führte der König Jan durch einen Saal voller steinerner Männer. „Sie alle haben falsch geraten,“ sagte er. „Seit meine Tochter sechzehn wurde, wohnt eine fremde Macht in ihr. Ich fürchte, sie ist nicht mehr ganz sie selbst.“
Jan erschrak, doch sein Begleiter legte ihm die Hand auf die Schulter. „Mut,“ sagte er. „Du bist weiter gekommen, als du glaubst.“
In der ersten Nacht erriet Jan, woran die Prinzessin dachte. In der zweiten Nacht ebenso. Doch in der dritten Nacht folgte der Fremde der Prinzessin heimlich und sah, wie sie zu einer Höhle ging, in der der Dämon hauste. Er nährte sich von der Lebenskraft der versteinerten Männer und begehrte den Rubin, um ewig zu leben.
Als Jan in der dritten Nacht selbst der Prinzessin folgte, kam es zum Kampf. Der Dämon war stark wie ein Sturm, doch Jan hielt den Rubin fest an sein Herz, und da wich die Dunkelheit zurück. Mit letzter Kraft besiegte er den Dämon.
Am Morgen stand er vor der Prinzessin, und plötzlich wusste er die dritte Antwort: „Du denkst an die Liebe.“
Damit war der Bann gebrochen. Jan wünschte sich, dass alle versteinerten Männer wieder lebendig würden. Und so geschah es: Einer nach dem anderen erwachte, während der Dämon selbst zu Stein wurde, grau und kalt wie die Bosheit, aus der er geboren war.
Jan heiratete Agnes und wurde König. Das Volk liebte ihn, denn er war ein Herrscher, der einst nichts besessen hatte und darum wusste, was ein Herz wert ist.
Der Fremde aber – der geheimnisvolle Reisekamerad – stand eines Morgens am Tor des Schlosses. Jan wollte ihn halten, doch der Mann lächelte nur.
„Du brauchst mich nicht mehr,“ sagte er. „Der Rubin hat dich geführt, aber dein Herz hat dich gerettet.“
Dann ging er davon, und niemand sah ihn je wieder. Manche sagen, er sei ein Engel gewesen, andere, ein Geist aus alter Zeit. Doch Jan bewahrte den Rubin sein Leben lang – nicht als Glücksbringer, sondern als Erinnerung daran, dass selbst der Ärmste reich sein kann, wenn er ein gutes Herz besitzt.
"	1990_Andersen_Copilot_Raza_Der_Reisekamerad.txt	/content/drive/MyDrive/Märchen-Seminar/Korpus/Andersen/Copilot/1990_Andersen_Copilot_Raza_Der_Reisekamerad.txt	neutral
Andersen	Copilot	1953	Andersen	Copilot	Surmann	Die Prinzessin und der Schweinehirt	"Die Prinzessin und der Schweinehirt

Es war einmal im Reich des Kaisers ein Mädchen von solcher Schönheit, dass die Sonne selbst schien, als wolle sie ihr zulächeln. Doch Prinzessin Rosenmund hatte ein Herz, das so stolz war wie ein Pfauenschweif und so empfindlich wie Porzellan. Sie liebte es, Befehle zu erteilen, und wer nicht sofort gehorchte, wurde mit einem Blick bedacht, der selbst den mutigsten Ritter erzittern ließ.
Viele Prinzen hatten um ihre Hand angehalten, doch keiner bestand die Prüfung ihres Hochmuts. Da hörte Prinz Ehrlichherz von ihrer Schönheit und machte sich auf den Weg zum Schloss. Er war ein junger Mann mit warmem Herzen und einem Sinn für das Schöne — das wahre Schöne, nicht das künstliche.
In seinem Gepäck trug er zwei Geschenke:
eine Rose, die im Morgentau glitzerte wie ein Diamant,
und eine Nachtigall, deren Gesang selbst die Sterne zum Lauschen brachte.
Doch Rosenmund sah die Rose nicht an.
„Sie ist echt,“ sagte sie kühl. „Echte Blumen welken.“
Und als die Nachtigall sang, hielt sie sich die Ohren zu.
„Natürliche Musik ist langweilig. Ich mag nur mechanische Spielereien.“
Prinz Ehrlichherz verließ das Schloss mit schwerem Herzen. Doch kaum war er im Wald, fasste er einen Entschluss. Er kehrte zurück — verkleidet als einfacher Schweinehirt, mit Ruß im Gesicht und einem Lächeln, das niemand erkannte.
Man wies ihm den Schweinestall zu, und dort begann er zu arbeiten. Doch er war nicht untätig: Er baute einen Topf, der die Melodie „O du lieber Augustin“ spielte, und auf dessen Boden man sehen konnte, was in den Küchen des Schlosses gekocht wurde.
Der Hofnarr Hick, ein fröhlicher Geselle mit einem Herz aus Gold, erzählte der Prinzessin davon.
„Ein Topf, der singt?“ rief Rosenmund. „Den muss ich haben!“
Der Schweinehirt verlangte zehn Küsse.
Rosenmund zögerte — doch ihre Neugier war größer als ihre Scham.
Sie gab ihm die Küsse, einer nach dem anderen, während die Hofdamen kichernd zusahen.
Als sie den Topf ausprobierten, geriet die Küche in Brand.
Der Schweinehirt rettete die Prinzessin und ihre Damen, und Rosenmund sah ihn zum ersten Mal mit einem Funken Respekt an.
Doch Ehrlichherz war noch nicht fertig.
Er baute eine Knarre, die die schönsten Lieder spielte, süßer als jede Nachtigall.
Rosenmund war entzückt.
„Was verlangst du dafür?“ fragte sie.
„Hundert Küsse,“ sagte der Schweinehirt.
Sie begann zu zählen — eins, zwei, drei — doch bevor sie bei zwanzig angekommen war, trat der Kaiser ein. Sein Gesicht wurde rot wie ein reifer Apfel.
„Wer meine Tochter küsst,“ donnerte er, „der soll sie auch heiraten!“
Da wischte sich der Schweinehirt den Ruß aus dem Gesicht, und Prinz Ehrlichherz stand vor ihnen, strahlend und aufrecht.
Rosenmund schlug die Hände vor den Mund.
„Ihr… Ihr seid der Prinz?“
„Ich wollte wissen,“ sagte er sanft, „ob Ihr nur das Künstliche liebt — oder auch das Herz eines Menschen.“
Der Kaiser lachte, und Rosenmund errötete.
„Ich habe viel zu lernen,“ gestand sie leise.
Und so wurde eine Hochzeit gefeiert, wie sie das Reich noch nie gesehen hatte.
Die Rose und die Nachtigall bekamen Ehrenplätze im Schloss, und Rosenmund lernte, dass wahre Schönheit nicht im Glanz des Goldes liegt — sondern im Mut, das Herz zu öffnen.
"	1953_Andersen_Copilot_Surmann_Die_Prinzessin_und_der_Schweinehirt.txt	/content/drive/MyDrive/Märchen-Seminar/Korpus/Andersen/Copilot/1953_Andersen_Copilot_Surmann_Die_Prinzessin_und_der_Schweinehirt.txt	neutral
Andersen	Copilot	1984	Andersen	Copilot	Ganz	Splash	"Splash

Es war einmal ein kleiner Junge namens Allen Bauer, der mit seiner Familie nach Cape Cod reiste. Während die Erwachsenen über das Meer sprachen, das so tief und geheimnisvoll war wie ein Traum, sprang Allen von der Fähre — nicht aus Mut, sondern aus jener kindlichen Sehnsucht, die manchmal stärker ist als Vernunft.
Unter Wasser sah er ein Mädchen. Ihr Haar schwebte wie goldene Algen, und ihre Augen funkelten wie Sonnenstrahlen auf den Wellen. Er wollte sie berühren — doch ein Erwachsener zog ihn zurück an die Oberfläche. Das Mädchen verschwand, und Allen fragte sich später oft, ob er es nur geträumt hatte.
Viele Jahre vergingen. Allen war nun erwachsen und führte mit seinem Bruder Freddie einen Obst- und Gemüsehandel in New York. Doch sein Herz war schwer. Die Stadt war laut, die Menschen hastig, und seine Beziehung zerbrach wie ein zu dünnes Glas.
In seiner Verzweiflung kehrte er nach Cape Cod zurück. Dort begegnete er einem Meeresbiologen namens Dr. Kornbluth, der mehr Angst vor dem Meer hatte als Respekt. Allen ließ sich mit einem kleinen Boot hinausfahren — und stürzte ins Wasser.
Als er wieder zu sich kam, lag er am Strand. Neben ihm kniete eine junge Frau, nackt wie eine Muschel, die das Meer gerade ausgespuckt hatte. Sie küsste ihn — und verschwand im Wasser, schneller als ein Gedanke.
Die junge Frau war eine Meerjungfrau.
Und nicht irgendeine — es war das Mädchen aus seiner Kindheit.
Sie liebte Allen, seit sie ihn damals gerettet hatte. Und weil Liebe mutiger ist als Angst, schwamm sie mit seiner Brieftasche nach New York. Dort verwandelten sich ihre Flossen in Beine, sobald sie das Land berührte.
Nackt wie ein neugeborenes Wunder tauchte sie an der Freiheitsstatue auf. Die Polizei rief Allen, der sie sofort erkannte — nicht mit den Augen, sondern mit dem Herzen.
Er nahm sie mit, kleidete sie ein, zeigte ihr die Stadt. Sie lernte sprechen, indem sie stundenlang fern sah. Und weil ihr eigener Name für Menschenohren zu hell war — so hell, dass Glas zersprang — nannte Allen sie Madison, nach der Straße, an der sie gerade vorbeigingen.
Allen verliebte sich in sie. Und Madison liebte ihn.
Doch sie hatte nur sechs Tage Zeit — bis zum nächsten Vollmond.
Währenddessen suchte Dr. Kornbluth besessen nach der Meerjungfrau. Er wurde ausgelacht, verspottet, doch er gab nicht auf. Schließlich übergoss er Madison in aller Öffentlichkeit mit Wasser — und ihre Beine verwandelten sich in einen Fischschwanz.
Madison wurde gefangen genommen und in ein Labor gebracht. Die Wissenschaftler wollten sie untersuchen, vielleicht sogar aufschneiden, wie man es mit Dingen tut, die man nicht versteht.
Doch Kornbluth bekam Mitleid.
Er half Allen und Freddie, Madison zu befreien.
Nach einer wilden Verfolgungsjagd erreichten sie das Meer. Madison sprang hinein — und rief Allen zu sich.
„Komm mit mir,“ sagte sie. „Unter Wasser kann dir nichts geschehen, solange ich bei dir bin.“
Allen zögerte.
„Kann ich zurückkehren?“
Madison schüttelte den Kopf.
„Nein. Wer mit mir geht, gehört dem Meer.“
Allen sah zurück auf die Stadt, die ihn nie wirklich glücklich gemacht hatte — und dann auf Madison, die ihn ansah wie jemand, der sein Herz gefunden hat.
Er nahm ihre Hand.
Gemeinsam tauchten sie hinab, tiefer und tiefer, bis das Wasser sie umarmte wie ein neues Leben.
Und manche sagen, wenn man an klaren Tagen weit hinaus aufs Meer blickt, sieht man zwei Gestalten unter den Wellen — einen Mann und eine Meerjungfrau, die miteinander lachen wie Kinder, die endlich nach Hause gefunden haben.
"	1984_Andersen_Copilot_Ganz_Splash.txt	/content/drive/MyDrive/Märchen-Seminar/Korpus/Andersen/Copilot/1984_Andersen_Copilot_Ganz_Splash.txt	neutral
Andersen	Copilot	2017	Andersen	Copilot	Brinx	Der Schweinehirt	"Der Schweinehirt

Es war einmal ein kleines Königreich, das Lichterwald hieß, obwohl es in jenen Tagen kaum noch Licht besaß. Die Schatzkammern waren leer, die Händler murrten, und selbst die Hofkatzen bekamen nur noch dünne Suppe. Die Königin aber war eine kluge Frau, und sie wusste, dass nur eine reiche Heirat das Land retten konnte. Ihr Sohn, Prinz Augustin, war jedoch mehr daran interessiert, sein Leben zu genießen, als an die Sorgen seines Volkes zu denken. Er lachte gern, tanzte gern, und wenn er an die Zukunft dachte, dann nur an die nächste Feier.
Doch eines Tages stellte ihn seine Mutter zur Rede. „Ein Prinz“, sagte sie, „trägt Verantwortung, auch wenn sie schwerer ist als eine Krone.“ Augustin hörte zu, doch sein Herz schlug nicht für die Prinzessinnen, die man ihm vorschlug. Stattdessen beschloss er, die Kaisertochter Victoria zu freien, von der man sagte, sie sei schön wie der Morgen und stolz wie der Mittag.
Das Wertvollste, was Lichterwald noch besaß, war eine Nachtigall, die jedes Lied singen konnte, und eine Rose, deren Duft alle Sorgen verfliegen ließ. Mit diesen beiden Schätzen reiste Augustin zum Kaiserhof. Doch Victoria liebte nur Dinge, die Menschenhände geschaffen hatten – funkelnde Spielereien, mechanische Wunder, Tand und Tändelei. Die Nachtigall und die Rose rührten sie nicht, und sie ließ den Prinzen nicht einmal vor.
Augustin aber war nicht so leicht zu entmutigen. Er legte seine Krone ab, zog einfache Kleidung an und verdingte sich als Schweinehirt im Schlossgarten, nur um in Victorias Nähe zu bleiben. In einem schiefen kleinen Laden tauschte er seine Nachtigall und seine Rose gegen zwei seltsame Dinge ein: einen Topf, der Seifenblasen und Lieder zugleich hervorbrachte, und eine Ratsche, die klang wie ein ganzer Jahrmarkt. Victoria war entzückt von diesem Schnickschnack und wollte ihn unbedingt besitzen. Doch der Schweinehirt verlangte Küsse – erst zehn, dann hundert. Empört war sie, doch ihre Neugier war größer als ihr Stolz, und so löste sie ihr Versprechen ein. Und während sie die Küsse gab, merkte sie, dass ihr Herz sich veränderte, leiser wurde, wärmer, und dass sie den Schweinehirten mehr mochte, als sie zugeben wollte.
Doch der Kaiser hatte andere Pläne. Er wollte Victoria mit dem reichen Prinzen Ferdinand von Wasserfelde verheiraten. Victoria war verzweifelt, denn sie wusste nun, dass sie den Schweinehirten liebte. Sie schrieb ihm einen Brief, so zart, dass selbst die Tinte schien zu zittern. Augustin, der längst wusste, dass sein Herz ihr gehörte, bat die Krämer um fürstliche Kleidung und schlich sich unter falschem Namen auf den Hofball. Dort tanzte Victoria mit Ferdinand, doch in einem kurzen unbeobachteten Moment flüsterte Augustin ihr zu, dass er sie vor ihrem Unglück retten wolle. Sie flohen in ihre Gemächer und gestanden sich ihre Liebe.
Doch der Kaiser überraschte sie. Victoria erschrak, und der Mut verließ sie. Sie leugnete alles, und Augustin stand allein da, als wäre er wieder nur ein Schweinehirt. Der Kaiser drängte sie zur Heirat mit Ferdinand, und Augustins Mutter hatte ihrerseits eine reiche Braut für ihren Sohn gefunden. Alles schien verloren.
Victoria aber fasste neuen Mut. Sie wollte Schweinhirtin werden, wenn es sein musste, nur um Augustin ihre Liebe zu beweisen. Vom echten Schweinehirten erfuhr sie, dass Augustin ein Prinz sei und in sein Königreich zurückgekehrt war. Sie bat die Krämer um Nachtigall und Rose, um sie ihm zurückzubringen. So reiste sie nach Lichterwald – und traf ein, als gerade Augustins Hochzeit beginnen sollte.
Während der Zeremonie ließ sie die Nachtigall frei. Der kleine Vogel setzte sich auf das Fensterbrett und sang ein Lied, das Augustin sofort erkannte. Er wusste, dass Victoria gekommen war. Sie wollte schon wieder fortgehen, denn sie glaubte, zu spät zu sein, doch Augustin holte sie ein. Sie standen einander gegenüber, ohne Krone, ohne Hofstaat, nur mit ihren Herzen. Und Augustin bat sie, seine Frau zu werden – auch ohne Reichtum, auch ohne Sicherheit, nur mit Liebe.
Der Kaiser, der seiner Tochter gefolgt war, sah die beiden und erkannte, dass kein Gold der Welt so viel wert war wie ein Herz, das sich nicht kaufen ließ. Und so gab er seinen Segen, und das Königreich Lichterwald begann wieder zu leuchten, nicht durch Reichtum, sondern durch zwei Menschen, die gelernt hatten, dass wahre Liebe mehr ist als Tand und Titel.
"	2017_Andersen_Copilot_Brinx_Der_Schweinehirt.txt	/content/drive/MyDrive/Märchen-Seminar/Korpus/Andersen/Copilot/2017_Andersen_Copilot_Brinx_Der_Schweinehirt.txt	neutral
Andersen	Copilot	1989	Andersen	Copilot	Musker	Arielle	"Arielle

Arielle war die jüngste Tochter von König Triton, dem Herrscher über das Meeresvolk. Sie war schön, neugierig und unruhig wie eine Welle, die nie stillstehen kann. Während ihre Schwestern zufrieden im Palast lebten, sehnte Arielle sich nach der Welt über dem Wasser. Menschen faszinierten sie — sehr zum Ärger ihres Vaters, der sie für gefährliche, barbarische Fischfresser hielt.
Sebastian, der Hofmusikant, musste ständig auf sie aufpassen, und Fabius, ihr bester Freund, zitterte jedes Mal, wenn Arielle zur Oberfläche schwamm. Doch Arielle ließ sich nicht aufhalten.
Von den Tiefen des Meeres aus beobachtete die Seehexe Ursula das Mädchen. Sie sah in Arielle die perfekte Gelegenheit, sich an König Triton zu rächen, der sie einst verbannt hatte.
Eines Abends schwamm Arielle heimlich zur Oberfläche. Dort sah sie ein Schiff, hell erleuchtet von Feuerwerk — Prinz Erik feierte seinen Geburtstag. Arielle beobachtete ihn, und als ein Sturm das Schiff zerschlug, rettete sie den Prinzen vor dem Ertrinken. Sie sang für ihn, bis er die Augen öffnete. Doch als Menschen kamen, verschwand sie im Meer. Erik erinnerte sich nur an ihre Stimme.
Als Triton erfuhr, dass Arielle einen Menschen gerettet hatte, wurde er so wütend, dass er ihr geheimes Versteck zerstörte — all die Schätze, die sie aus der Menschenwelt gesammelt hatte. Arielles Herz brach.
Da erschien Ursula. Sie versprach Arielle, sie für drei Tage in einen Menschen zu verwandeln. Wenn Erik sie in dieser Zeit küsste, würde sie für immer ein Mensch bleiben. Wenn nicht, gehörte ihre Seele der Hexe. Als Preis verlangte Ursula Arielles Stimme — denn sie wusste, dass Erik sie nur an ihrem Gesang erkennen konnte.
Arielle willigte ein. Sebastian und Fabius brachten sie an die Oberfläche, wo Erik sie fand. Sie konnte nicht sprechen, doch er nahm sie mit in sein Schloss. Arielle lernte gehen, sprechen und lachen wie ein Mensch. Erik mochte sie — doch er suchte immer noch das Mädchen mit der Stimme, die ihn gerettet hatte.
Ursula sah, dass Arielle Erfolg hatte. Also verwandelte sie sich in eine wunderschöne Frau namens Vanessa und benutzte Arielles Stimme, um Erik zu betören. Er glaubte, in Vanessa seine Retterin gefunden zu haben, und die Hochzeit wurde für den Abend angesetzt — genau dann, wenn Arielles Frist endete.
Scuttle, die Möwe, und Max, Eriks Hund, entdeckten die Wahrheit. Gemeinsam mit den Seevögeln störten sie die Hochzeit. Max biss Vanessa in den Hintern, und Arielles Stimme kehrte zu ihr zurück. Erik erkannte endlich, wer sie war — doch die Sonne ging unter. Arielle verwandelte sich zurück in eine Meerjungfrau, und Ursula entführte sie in die Tiefen des Meeres.
König Triton erschien. Er konnte den Vertrag nicht brechen, doch er konnte seine Tochter retten. Er tauschte seine Seele gegen Arielles. Ursula nahm seine Krone und den Dreizack und erklärte sich zur Herrscherin der Meere.
Erik tauchte hinab, um Arielle zu retten. Er traf Ursula mit einer Harpune, doch die Hexe wurde nur wütender. Als Arielle versehentlich Ursulas Muränen ausschaltete, verwandelte sich die Seehexe in einen riesigen Kraken und zog Erik in einen Strudel.
Erik kämpfte sich auf ein herbeigewirbeltes Schiffswrack, ergriff das Steuer und lenkte den Bug direkt auf Ursula zu. Im letzten Moment, als sie Arielle töten wollte, rammte er sie mitten ins Herz.
Mit Ursulas Tod löste sich ihr Zauber. König Triton und alle anderen Opfer wurden befreit. Triton sah seine Tochter an — wie unglücklich sie im Meer war und wie sehr sie Erik liebte.
Da hob er seinen Dreizack und schenkte Arielle das Leben, das sie sich immer gewünscht hatte: das eines Menschen.
Und so begann für Arielle ein neues Leben — nicht unter den Wellen, sondern an der Seite des Mannes, den sie gerettet hatte und der sie liebte, nicht wegen ihrer Stimme, sondern wegen ihres Herzens.
"	1989_Andersen_Copilot_Musker_Arielle.txt	/content/drive/MyDrive/Märchen-Seminar/Korpus/Andersen/Copilot/1989_Andersen_Copilot_Musker_Arielle.txt	neutral
Andersen	Copilot	1989	Andersen	Copilot	Hürtgen	Der Tölpelhans	"Der Tölpelhans

Es war einmal ein junger Bursche namens Hans, den alle nur Tölpelhans nannten, obwohl er weder böse noch dumm war – nur ein wenig ungeschickt, ein wenig verträumt und ein wenig anders als seine Brüder Melchior und Gregor, die den ganzen Tag über Büchern brüteten und sich für die klügsten Köpfe des Landes hielten. Während sie studierten, musste Hans den Hof fegen, das Feuer schüren und die Hühner füttern. Und wenn ihm dabei ein Eimer umfiel oder ein Besenstiel brach, lachten sie ihn aus, als wäre er ein Kind, das nie erwachsen werden würde.
Eines Tages kam ein königlicher Bote ins Dorf und verkündete, dass der König einen Gemahl für seine Tochter, Prinzessin Tausendschön, suche. Wer ihr Herz gewänne, solle einst das Reich mit ihr teilen. Melchior und Gregor machten sich sofort bereit, denn sie waren überzeugt, dass nur ein Mann von Verstand eine Prinzessin verdienen könne. Hans aber räumte die Stube auf, wie er es immer tat, und dachte nicht daran, sich zu bewerben.
Da erschien plötzlich eine Fee, so hell wie ein Sonnenstrahl, der durch ein schmutziges Fenster fällt. „Ich helfe nur denen“, sagte sie, „denen schuldlos Unrecht getan wurde und die sich nicht selbst helfen können.“ Sie lächelte Hans an, als hätte sie ihn schon lange beobachtet. „Du wirst deinen Weg finden.“
Hans wusste nicht, ob er ihr glauben sollte, doch er schloss sich seinen Brüdern an. Gemeinsam wanderten sie durch den Wald, bis sie an eine kleine Hütte kamen. Hans wollte dort nach dem Weg fragen, doch ein seltsames Männlein bat ihn um Hilfe – und sperrte ihn plötzlich ein. Seine Brüder hörten sein Rufen, doch statt ihm zu helfen, rannten sie davon, so schnell sie konnten. Hans war allein, doch die Fee erschien erneut und befreite ihn aus der Falle.
Melchior und Gregor hatten inzwischen bei einem Müller um ein Mittagessen gebeten, doch statt zu helfen, überschütteten sie ihn nur mit klugen Worten und zogen weiter. Als Hans eintraf, half er sofort, trug Säcke, fegte den Boden und lehnte sogar das Angebot ab, die Mühle zu erben. Eine Handvoll Körner reichte ihm als Wegzehrung. Der Müller sah ihm nach und dachte, dass in diesem Jungen mehr steckte, als man auf den ersten Blick sah.
Am Abend holte Hans seine Brüder ein – gerade rechtzeitig, um sie aus den Händen einer Räuberbande zu retten. Mit einer List befreite er sie, doch statt Dank schickten sie ihn schlafen und aßen allein am Feuer. Hans legte sich ins Gras und sah zu den Sternen hinauf. „Vielleicht hat die Fee sich geirrt“, murmelte er.
Am Königshof stellten sich die ersten Bewerber der Prinzessin vor. Doch Prinzessin Tausendschön war nicht so, wie man es erwartete. Sie wollte keine klugen Reden hören, keine auswendig gelernten Hofnachrichten und keine kostbaren Geschenke. Sie wollte jemanden, der praktische Lösungen fand, der Herz und Verstand zugleich besaß. Melchior und Gregor scheiterten kläglich.
Hans kam dank der Hilfe der Fee gerade noch rechtzeitig an. Und obwohl er sich selbst für ungeschickt hielt, löste er die Aufgaben der Prinzessin mit einer Natürlichkeit, die sie zum Lächeln brachte. Sie sah in ihm etwas, das die anderen nicht hatten: Güte, Mut und die Fähigkeit, das Richtige zu tun, ohne darüber nachzudenken.
Der König jedoch war skeptisch. Er verlangte ein Brautgeschenk und einen Beweis, dass Hans zum Regieren tauge. Doch die Prinzessin schüttelte den Kopf. „Teile dein Reich mit wem du willst“, sagte sie, „aber mein Leben teile ich mit dem, den ich liebe.“ Und sie nahm Hans bei der Hand und floh mit ihm aus dem Schloss.
Sie versteckten sich beim Müller, der sie herzlich empfing. Als die Häscher des Königs kamen, erschien die Fee in der Gestalt der Prinzessin Tausendschön und ließ sich gefangen nehmen. So gewann das junge Paar Zeit, und Hans nahm seine echte Prinzessin in die Arme. Die Fee lächelte ihm zu, bevor sie verschwand, und Hans wusste, dass sie ihm nicht nur geholfen hatte, die Prinzessin zu finden – sondern auch sich selbst.
Und so lebten Hans und Prinzessin Tausendschön glücklich miteinander, und niemand nannte ihn je wieder Tölpelhans. Denn manchmal braucht es keinen klugen Kopf, um ein Herz zu gewinnen – nur Mut, Güte und ein wenig Hilfe von einer Fee, die alle sieben Jahre erscheint.
"	1989_Andersen_Copilot_Hürtgen_Der_Tölpelhans.txt	/content/drive/MyDrive/Märchen-Seminar/Korpus/Andersen/Copilot/1989_Andersen_Copilot_Hürtgen_Der_Tölpelhans.txt	neutral
Andersen	Copilot	1986	Andersen	Copilot	Königsmark	Die Galoschen des Glücks	"Die Galoschen des Glücks

Es war einmal die Glücksfee, die an ihrem Geburtstag beschloss, den Menschen ein Geschenk zu machen. „Etwas Besonderes soll es sein,“ sagte sie und ließ zwei Galoschen entstehen, die jedem, der sie trug, jeden Wunsch erfüllten.
Ihre Freundin, Frau Sorge, schüttelte den Kopf.
„Der Mensch ist nicht für ewiges Glück geschaffen. Gib ihm, was er will, und er will sofort etwas anderes.“
Doch die Glücksfee lächelte nur. „Wir werden sehen.“
Der Schulrat und die verpasste Chance
Die Galoschen sollten eigentlich einem Studenten gehören, der sich nach einem Ball sehnte. Eine kleine Lernfee, die heimlich in ihn verliebt war, stellte sie ihm bereit.
Doch nicht der Student fand sie — sondern der Herr Schulrat.
Er zog die Galoschen an, ohne zu ahnen, was sie konnten. Auf dem Heimweg geriet er in eine Kaschemme, wo sein feines Auftreten Verwunderung auslöste. Als er sich eine Zigarre anzündete, hielten ihn die Gäste für den Teufel höchstpersönlich und ließen ihn verhaften.
Da er nicht wusste, dass er sich nur etwas hätte wünschen müssen, blieb er im Gefängnis — bis man ihm die Galoschen abnahm.
Der Laternenanzünder und die Last der Größe
Die Galoschen gelangten zu einem Laternenanzünder.
„Ach, einmal ein hoher Herr sein!“ seufzte er.
Kaum gedacht, war er ein junger Leutnant — und sofort in Schwierigkeiten. Er hatte am Spieltisch sein Vermögen verloren und sollte sich nun, wie es ein Ehrenmann zu tun habe, erschießen.
„Lieber wäre ich wieder Laternenanzünder!“ rief er.
Und schon war er es wieder.
Erschöpft wünschte er sich, „schlafen zu können wie ein Toter“.
Das erfüllte sich — so sehr, dass man ihn für tot hielt und in einer medizinischen Vorlesung vorführte. Erst als man ihm die Galoschen auszog, erwachte er wieder.
Der Assistent und die Opernkatastrophe
Nun trug der Assistent des Arztes die Galoschen. Auf dem Weg zur Oper wünschte er sich einen prächtigen Bart wie sein Chef — und bekam einen, der noch viel üppiger war.
Die Leute verneigten sich vor ihm, und er wurde in die erste Reihe gesetzt. Doch dort war das Orchester so laut, dass er floh und mitten in der Opernaufführung landete.
Als er sich wünschte, nicht allein zu sein, erschienen alle Mitwirkenden gleichzeitig, und das Bühnenbild brach zusammen.
In Panik wünschte er sich in ein Dampfbad — und war sofort dort.
Da er keine Eintrittskarte hatte, hielt man ihn für verrückt und brachte ihn zu einem Irrenarzt.
„Ich will einfach nur normal sein,“ seufzte er.
Als die Galoschen von seinen Füßen rutschten, war er wieder er selbst.
Der Amtsschreiber und der Papagei
Der Amtsschreiber des Arztes zog die Galoschen an und wünschte sich, ein Vogel zu sein.
Im nächsten Augenblick flatterte er als Papagei aus dem Fenster.
Er landete in einem Käfig neben einem anderen Papagei, der ständig plapperte, er sei ein Mensch.
Der Amtsschreiber sprach die Worte nach — und beide verwandelten sich zurück in Menschen.
Der Student und das Märchenschloss
Die Lernfee gab nicht auf. Endlich gelang es ihr, die Galoschen dem Studenten zu bringen.
Er, der ohnehin gern träumte, wunderte sich kaum, als er sich plötzlich in einem Schloss voller märchenhafter Wesen wiederfand:
die Schneekönigin, Gerda und Kay, der standhafte Zinnsoldat, der Kaiser ohne Kleider, das kleine Mädchen mit den Schwefelhölzern, Ole Lukøje…
Der Student sollte eine Prinzessin heiraten — doch erst musste er drei Rätsel lösen.
Die ersten beiden meisterte er, doch beim dritten scheiterte er und wurde in den Kerker geworfen.
Der Scharfrichter wartete schon.
„Ich wünsche mir das tiefste Schlafmittel,“ murmelte der Student.
Und er fiel in einen todesähnlichen Schlaf.
Die Lernfee eilte herbei, zog ihm die Galoschen aus — und er erwachte.
Als er die Fee sah, verliebte er sich sofort in sie.
Sie versprach, mit ihm ins Menschenreich zu kommen.
Die Glücksfee nahm die Galoschen an sich.
„Der Mensch braucht nicht jeden Wunsch erfüllt,“ sagte sie.
„Nur den einen — den richtigen.“
Frau Sorge nickte.
Und gemeinsam verschwanden sie.
"	1986_Andersen_Copilot_Königsmark_Die_Galoschen_des_Glücks.txt	/content/drive/MyDrive/Märchen-Seminar/Korpus/Andersen/Copilot/1986_Andersen_Copilot_Königsmark_Die_Galoschen_des_Glücks.txt	neutral
Andersen	Copilot	1994	Andersen	Copilot	Bluth	Däumeline	"Däumeline

Es war einmal eine Frau, die so sehr nach einem Kind verlangte, dass selbst die Blumen auf ihrer Fensterbank sich im Wind zu ihr neigten, als wollten sie sie trösten. Eines Abends klopfte eine kleine Fee an ihre Tür, so leise, dass man das Klopfen eher fühlte als hörte. Sie schenkte der Frau ein Samenkorn, rund wie eine Träne und warm wie ein Herzschlag, und sagte ihr, sie solle es in die Sonne pflanzen und wie einen Wunsch hüten. Die Frau tat es, und bald wuchs eine Blume, so schön, dass selbst die Bienen ehrfürchtig summten. Als die Blüte sich öffnete, lag darin ein winziges Mädchen, nicht größer als ein Daumen, aber mit einem Lächeln, das größer war als die Welt. Die Frau nannte sie Lina.
Lina sang gern, und ihre Stimme war hell wie ein Tropfen Tau im Morgenlicht. Eines Nachts hörte ein junger Feenprinz ihren Gesang. Er schwebte zum Fenster, und als Lina ihn sah, fühlte sie ein Ziehen im Herzen, süß und schmerzlich zugleich. Sie sprachen bis zum ersten Licht, und als er fortflog, versprach er wiederzukommen. Doch in derselben Nacht wurde Lina von einer ehrgeizigen Froschdame entführt, die ihre Stimme für ihre eigene Gesangstruppe wollte und sie mit ihrem Sohn verheiraten wollte. Lina erschrak, doch sie blieb höflich, denn selbst Angst konnte ihre Güte nicht trüben. Mit Hilfe einer Schwalbe namens Jaq, die Geschichten liebte wie andere Brot, gelang ihr die Flucht. Doch die Welt war groß, und sie war klein. Ein eitler Käfer wollte sie zu seiner Braut machen, ein Maulwurf zu seiner Königin unter der Erde. Alle liebten ihre Stimme, aber keiner hörte ihr Herz.
Als der Winter kam, suchte Lina Zuflucht in einem alten Schuh. Eine Feldmaus fand sie dort und nahm sie auf, freundlich, aber mit einer Schwäche für reiche Ehen. So führte sie Lina zu Meister Maulwurf, der sie sofort begehrte. Lina glaubte inzwischen, der Feenprinz sei tot, und wenn Hoffnung stirbt, wird selbst ein warmer Bau zur Falle. So willigte sie ein, den Maulwurf zu heiraten. Währenddessen suchte der Feenprinz unermüdlich nach ihr. Er trotzte dem Winter, bis er selbst in einen Teich stürzte und im Eis gefangen wurde. Zwei sonderbare Gestalten, der Froschsohn und der Käfer, fanden ihn und stritten so laut über ihren Fund, dass sie ihn schließlich liegenließen. Freundliche Insekten tauten ihn auf, und als er erwachte, wusste er nur eines: Er musste Lina finden.
Am Tag der Hochzeit stand Lina vor dem Altar des Maulwurfs, tief unter der Erde, wo kein Sonnenstrahl je hinfand. Da hörte sie in der Ferne das Flattern von Jaqs Flügeln. Etwas in ihr erwachte, ein Funken, der nie ganz erloschen war. Sie rannte davon, durch dunkle Gänge, durch Wurzeln und Erde, bis sie endlich die Oberfläche erreichte. Das Licht tat ihr in den Augen weh, aber ihr Herz atmete auf. Jaq wartete dort und erzählte ihr, er habe das Tal der Feen gefunden und könne sie dorthin bringen. Zur gleichen Zeit kämpfte der Feenprinz gegen den Froschsohn, der Lina zurückholen wollte. Der Prinz siegte, nicht aus Zorn, sondern aus Liebe, und er flog so schnell er konnte zum Tal der Feen.
Dort traf er Lina wieder. Sie stand zwischen Blumen, die größer waren als sie selbst, und sah aus, als wäre sie selbst eine Blüte, die endlich Sonne fand. „Ich dachte, du wärst verloren“, sagte der Prinz. „Ich dachte, du wärst gestorben“, flüsterte Lina. Sie fielen einander in die Arme, und die Blumen ringsum öffneten sich, als wollten sie mitjubeln. Die Feenkönigin trat hervor und sprach, dass ein Herz, das trotz aller Prüfungen rein bleibt, Flügel verdiene. Und so wuchsen Lina zwei zarte, schimmernde Flügel, durchsichtig wie Morgentau und stark wie Hoffnung. Sie heiratete ihren Prinzen, und wenn sie sang, hörte man in ihrem Lied all die Wege, die sie gegangen war: die dunklen Tunnel, die kalten Nächte, die warmen Hände derer, die ihr halfen. Und manchmal, wenn eine Schwalbe über die Felder fliegt, erzählt sie noch heute von Lina, dem Mädchen, das klein war wie ein Daumen, aber dessen Herz größer war als jedes Märchen.
"	1994_Andersen_Copilot_Bluth_Däumeline.txt	/content/drive/MyDrive/Märchen-Seminar/Korpus/Andersen/Copilot/1994_Andersen_Copilot_Bluth_Däumeline.txt	neutral
Andersen	Copilot	2014	Andersen	Copilot	Brinx	Die Schneekönigin	"Die Schneekönigin

Gerda und Kay waren seit ihrer Kindheit unzertrennlich. Sie liebten sich, ohne es je laut auszusprechen. Kay hatte für Gerda ein beheiztes Glashaus gebaut, damit ihre Rosen selbst im tiefsten Winter blühen konnten. Die Rosen waren ihr gemeinsames Geheimnis, ihr kleines Paradies.
Doch weit im Norden beobachtete die Schneekönigin dieses Glashaus voller Wärme und Leben. Sie versuchte vergeblich, die Rosen zu Eis zu verwandeln, und als Kay sie eines Tages verspottete, traf sie ihn mit einem Eissplitter ins Auge. Von einem Moment auf den anderen wurde der liebevolle Junge kalt und hart wie gefrorenes Glas. Gerda verstand ihn nicht mehr. Sie stritten, und in seiner Wut zerschlug Kay eine Scheibe des Glashauses. Die Rosen erfroren.
Blind vor Zorn lief Kay in die Schneelandschaft hinaus. Dort begegnete er der Schneekönigin, die ihn in ihren Schlitten bat. Er folgte ihr ohne Widerstand in ihren Eispalast. Gerda blieb allein zurück, verzweifelt und voller Angst. Am Fluss fand sie nur noch Kays Schlitten, halb im Eis versunken.
Der Frühling kam, doch Kay kehrte nicht zurück. Alle glaubten, er sei tot. Nur Gerda weigerte sich, das zu glauben. Sie machte sich auf die Suche. Ein Kahn trieb am Ufer vorbei, und Gerda stieg hinein, ohne zu wissen, wohin er sie bringen würde.
Der Fluss führte sie in das Reich der Flora, einen Garten voller Sommerblüten. Flora war freundlich, aber einfältig. Sie gab Gerda einen Pflanzensaft, der sie Kay vergessen ließ. Flora wollte das Mädchen gern behalten, denn sie war einsam. Doch Gerdas Erinnerung kehrte zurück, und mit ihr der Schmerz — und die Hoffnung. Sie verließ den Garten.
Flora hatte ihr erzählt, ein Junge namens Kay lebe im Schloss. Gerda schlich sich hinein, doch der Prinz war nicht ihr Kay. Trotzdem behandelte man sie liebevoll, und Gerda verbrachte eine schöne Zeit dort. Doch eines Nachts träumte sie von Kay, und der Traum war so sehnsüchtig, dass sie weiterziehen musste.
Zur selben Zeit verlor Kay im Eispalast den Splitter aus seinem Auge. Er fühlte plötzlich, dass etwas nicht stimmte. Als er sich an einer Eisscherbe schnitt und sein Blut wie eine rote Rose im Schnee lag, kehrte seine Erinnerung zurück. Er versuchte zu fliehen, doch die Schneekönigin hielt ihn fest.
Gerda ließ sich vom Schloss in einer Kutsche fortbringen, doch im Wald wurde sie von Räubern überfallen. Die Räuberhauptfrau wollte sie töten, doch ihre Tochter verlangte ein Spielgefährtin. So blieb Gerda am Leben. Anfangs behandelte die Räubertochter sie wie eine Sklavin, doch Gerdas unerschütterliche Liebe zu Kay beeindruckte sie. Schließlich ließ sie Gerda frei.
Gerda wanderte weiter, bis sie im ewigen Schnee zusammenbrach. Eine Lappin fand sie, pflegte sie und schickte sie gestärkt weiter.
Endlich erreichte Gerda den Eispalast. Die Schneekönigin sah sie kommen und erkannte, dass sie gegen diese Liebe machtlos war. Gerda fand Kay, umarmte ihn, und ihre Tränen tauten das Eis in seinem Herzen.
Gemeinsam kehrten sie in ihr Dorf zurück. Der nächste Frühling kam — und dieses Mal blühten die Rosen nicht nur im Glashaus, sondern auch in ihren Herzen.
"	2014_Andersen_Copilot_Brinx_Die_Schneekönigin.txt	/content/drive/MyDrive/Märchen-Seminar/Korpus/Andersen/Copilot/2014_Andersen_Copilot_Brinx_Die_Schneekönigin.txt	neutral
Andersen	Copilot	2013	Andersen	Copilot	Ungureit	Das Mädchen mit den Schwefelhölzern	"Das Mädchen mit den Schwefelhölzern

Es war einmal ein Mädchen namens Inga, das in einem großen, grauen Haus lebte, das man ein Waisenhaus nannte, obwohl es mehr an einen kalten Speicher erinnerte, in dem man Kinder wie alte Möbel abstellte. Die Hausmutter, Frau Landfried, hatte ein Herz so hart wie ungefrorener Winterboden. Sie ließ die Kinder arbeiten, bis ihre kleinen Hände brannten, und wer nicht schnell genug war, spürte den Stock. Doch Inga trug ein Amulett, das ihr Trost schenkte: Wenn sie darauf pustete, erschien das Bild ihrer Eltern, warm und leuchtend wie ein kleiner Sonnenstrahl in der Dunkelheit.
Unter den Kindern war ein Junge namens Emil, der kaum älter war als ein junger Baum im Frühling. Er und Inga hielten zusammen wie zwei Vögel, die sich im Sturm an denselben Zweig klammern. Am Weihnachtstag mussten die Kinder in die Stadt gehen, um Schwefelhölzer zu verkaufen. Sie froren, sie hungerten, und doch versprach Frau Landfried demjenigen, der die meisten Groschen heimbrächte, ein Stück der Weihnachtsgans. Inga sang mit klarer Stimme, und ein freundlicher Gendarm kaufte ihr ein Hölzchen ab. Emil jedoch hatte kaum etwas verdient und fürchtete die Strafe. Da gab Inga ihm ihr eigenes Geld, als wäre es nichts weiter als ein paar Schneeflocken, die man verschenkt.
Sie ging allein weiter und begegnete einem fremden Mann, der ihre Geschichte zu kennen schien. Seine Worte waren warm wie Atem an einer gefrorenen Fensterscheibe. Inga wollte nicht ins Heim zurück, also lief sie zu ihrem alten Elternhaus, das nun verlassen und verfallen war. Dort wartete der Fremde wieder. Es war bitterkalt, und Inga zündete eines ihrer Hölzchen an. Sofort erschien vor ihr das Wohnzimmer ihrer Kindheit, festlich geschmückt, voller Licht und Wärme. Doch als die Flamme erlosch, verschwand auch das Bild. Der Fremde nickte ihr zu, und sie zündete ein weiteres Hölzchen an. Das ganze Bündel geriet in Brand, und hinter einem Vorhang sah sie plötzlich ihre Eltern stehen, lächelnd, mit offenen Armen. Sie trat zu ihnen, und die Kälte verlor ihre Macht.
Währenddessen hatte Emil das Heim heimlich verlassen, um Inga zu suchen. Der Gendarm fand ihn und hörte ihm zu, und gemeinsam suchten sie das Mädchen. Als sie das alte Haus erreichten, fanden sie Inga dort, still und friedlich, das abgebrannte Bündel Schwefelhölzer in der Hand. Der Fremde war verschwunden, doch Emil wusste, dass er kein gewöhnlicher Mann gewesen war. Inga war nicht mehr allein; sie war dorthin gegangen, wo ihre Eltern auf sie warteten.
Viele Jahre vergingen. Emil wurde erwachsen und kehrte in das Haus zurück, das einst Landfried geheißen hatte. Nun nannte man es Frieden. Er leitete es mit einem Herzen, das größer geworden war durch Schmerz und Erinnerung. Der Gendarm und seine Frau unterstützten ihn, und selbst Frau Landfried, die aus dem Gefängnis entlassen worden war, durfte zurückkehren – nicht als Herrscherin, sondern als einfache Arbeiterin, die nun lernte, wie man mit Güte lebt.
Emil trug Ingas Amulett bei sich. Wenn er darauf pustete, erschien nicht mehr das Bild ihrer Eltern, sondern Ingas eigenes Gesicht, lächelnd, warm, voller Mut. Und so blieb sie bei ihm, wie ein Licht, das nie ganz verlöscht, selbst wenn der Winter noch so lang ist.
"	2013_Andersen_Copilot_Ungureit_Das_Mädchen_mit_den_Schwefelhölzern.txt	/content/drive/MyDrive/Märchen-Seminar/Korpus/Andersen/Copilot/2013_Andersen_Copilot_Ungureit_Das_Mädchen_mit_den_Schwefelhölzern.txt	neutral
Andersen	Copilot	1953	Andersen	Copilot	Trebst	Die Prinzessin auf der Erbse	"Die Prinzessin und die Erbse

Es war einmal ein Königreich, das den fröhlichen Namen Immerfroh trug. Dort lebte Prinz Fridolin, ein junger Mann mit einem Herzen, das sich nach Liebe sehnte — und einem Kopf, der stets etwas auszusetzen hatte. Er reiste durch ferne Länder, überquerte Meere, erklomm Berge, und überall stellte er dieselbe Frage:
„Bist du eine Prinzessin, wie ich sie mir wünsche?“
Doch immer fand er etwas, das ihm missfiel. Die eine lachte zu laut, die andere sprach zu leise, eine dritte konnte nicht tanzen, und eine vierte tanzte zu gut. So kehrte er unverrichteter Dinge nach Hause zurück, und der Hofstaat seufzte: „Unser Prinz wird niemals heiraten.“
Eines Abends jedoch, als Regen wie silberne Fäden vom Himmel fiel und der Wind an den Schlossmauern rüttelte, klopfte es an das große Tor. Der Torwächter öffnete — und vor ihm stand ein junges Mädchen, durchnässt bis auf die Haut, mit Tropfen im Haar und einem Lächeln, das selbst den Regen für einen Moment innehalten ließ.
„Ich bin eine Prinzessin,“ sagte sie, „und suche Schutz vor dem Sturm.“
Der Hofstaat musterte sie misstrauisch. Eine Prinzessin? So durchnässt, so schlicht gekleidet? Die Oberhofmeisterin, eine Frau mit Augen so scharf wie Nähnadeln, schürzte die Lippen.
„Wir werden sehen,“ murmelte sie.
Sie ließ alle Matratzen, Decken und Kissen des Schlosses herbeischaffen — und das waren viele, denn im Königreich Immerfroh liebte man es weich und bequem. Unter den ganzen Polstern legte sie eine einzige, kleine Erbse. Dann bat sie das Mädchen, darauf zu schlafen.
„Wenn sie wirklich eine Prinzessin ist,“ flüsterte die Oberhofmeisterin, „wird sie es spüren.“
Am nächsten Morgen trat die Prinzessin mit müden Augen in den Speisesaal.
„Ich habe kaum geschlafen,“ sagte sie. „Etwas Hartes lag in meinem Bett. Ich glaube, ich habe blaue Flecken.“
Da war der Jubel groß.
„Eine wahre Prinzessin!“ rief der Hofstaat.
„Eine Frau von solcher Empfindsamkeit findet man nur einmal im Leben!“ rief die Oberhofmeisterin.
Und Prinz Fridolin, der sie ansah und zum ersten Mal nichts auszusetzen hatte, verneigte sich tief.
„Wollt Ihr meine Gemahlin werden?“
Die Prinzessin lächelte, und ihr Lächeln war wärmer als der Sonnenschein nach einem langen Winterregen.
„Ja,“ sagte sie schlicht.
Und so wurde eine Hochzeit gefeiert, wie sie das Königreich Immerfroh noch nie gesehen hatte. Die Erbse aber wurde in eine gläserne Schatulle gelegt und im königlichen Museum ausgestellt — als Beweis dafür, dass wahre Feinheit manchmal in den kleinsten Dingen liegt.
"	1953_Andersen_Copilot_Trebst_Die_Prinzessin_auf_der_Erbse.txt	/content/drive/MyDrive/Märchen-Seminar/Korpus/Andersen/Copilot/1953_Andersen_Copilot_Trebst_Die_Prinzessin_auf_der_Erbse.txt	neutral
Andersen	Copilot	1967	Andersen	Copilot	Schwarz	Die Schneekönigin	"Die Schneekönigin

Es war einmal ein kleines Haus am Rande einer großen Stadt, und darin lebten die Ziehgeschwister Kai und Gerda mit ihrer Großmutter. Das Haus war alt, aber warm, und die Rosen im Garten blühten selbst im Herbst noch so rot, als wollten sie den Winter herausfordern.
Eines Abends, als der Wind an den Fenstern kratzte und die Schneeflocken wie kleine Gespenster tanzten, klopfte ein Fremder an die Tür. Er war reich gekleidet, doch sein Blick war kalt wie Eis.
„Ich will eure Rosen kaufen,“ sagte er.
Die Großmutter schüttelte den Kopf. „Sie sind ein Geschenk. Und Geschenke verkauft man nicht.“
Der Fremde verzog das Gesicht. „Meine Königin wird davon erfahren,“ zischte er und verschwand in der Nacht.
Kaum war die Tür geschlossen, da wurde es im Zimmer eisig. Ein Schleier aus Schnee wirbelte durch den Raum, und mitten darin stand eine Frau, so schön und so kalt wie ein Wintermorgen: die Schneekönigin.
„Komm mit mir, Kai,“ flüsterte sie. „Ich schenke dir ein Leben voller Glanz und Wohlstand.“
Kai schüttelte den Kopf.
Da beugte sie sich zu ihm und gab ihm einen Kuss — einen Kuss so kalt, dass sein Herz zu Eis erstarrte.
Noch in derselben Nacht hängte Kai seinen kleinen Schlitten an den großen Pferdeschlitten der Schneekönigin. Und ehe jemand es bemerkte, war er verschwunden.
Als der Frühling kam und Kai nicht zurückkehrte, machte sich Gerda auf den Weg. Sie suchte ihn in den Straßen, auf den Feldern, an den Flussufern — vergeblich. Doch sie gab nicht auf.
Im Wald traf sie den Raben Karl und seine Freundin Klara, die Krähe.
„Wir haben gehört,“ krächzte Karl, „dass Kai der Bräutigam der Prinzessin Elsa geworden ist.“
Gerda erschrak, doch sie folgte den beiden zum Schloss.
Dort stellte sich heraus, dass der Bräutigam nicht Kai war, sondern ein junger Mann namens Klaus. Er und Prinzessin Elsa hatten jedoch von Gerdas Suche gehört und waren so gerührt, dass sie ihr eine goldene Kutsche schenkten, damit sie sicher weiterreisen konnte.
Doch der Kommerzienrat — jener unfreundliche Fremde — wollte Gerda aufhalten. Er überredete den König, sie einzukerkern. Da trat der Märchenerzähler, der Untermieter der Großmutter, hervor und forderte den Kommerzienrat zum Duell. Mit Hilfe von Klaus und Elsa gelang Gerda die Flucht.
Der Kommerzienrat gab nicht auf. Er heuerte eine Räuberhauptfrau an, die Gerdas goldene Kutsche überfiel. Die Räuber wollten das Mädchen ausliefern, doch die Tochter der Hauptfrau fand Gefallen an Gerda und behielt sie als Spielkameradin.
In der Nacht schlich sich ein Räuber zu Gerda, um sie zu töten — doch er war kein Räuber, sondern der verkleidete Märchenerzähler. Er befreite sie. Die Räubertochter ertappte die beiden, doch ihr Herz wurde weich, und sie ließ Gerda ziehen. Sie gab ihr sogar ihr sprechendes Rentier mit, das den Weg zum Palast der Schneekönigin kannte.
Der Palast war aus Eis gebaut, so klar wie Glas und so kalt wie Ewigkeit. Kai saß darin, bleich und still, und versuchte, das Wort „Ewigkeit“ aus Eissplittern zu legen. Die Schneekönigin hatte ihm versprochen, ihm die Welt zu schenken — und ein Paar neue Schlittschuhe — wenn er es schaffte.
Als Gerda ihn fand, erkannte er sie nicht. Sein Herz war ein Eisklumpen.
Doch als sie ihn umarmte und ihre Tränen auf seine Wangen fielen, schmolz das Eis.
„Gerda?“ flüsterte er.
„Komm nach Hause,“ sagte sie.
Sie flohen aus dem Palast. Da erschien die Schneekönigin, hoch aufgerichtet, mit einem Sturm im Rücken.
„Er gehört mir!“ rief sie.
Doch Gerda hatte keine Angst mehr. Und Kai hatte kein kaltes Herz mehr.
Die Schneekönigin konnte sie nicht aufhalten.
Die Nachricht von Kais Rettung verbreitete sich schnell. Der Rabe Karl krächzte sie in die Lüfte, Klara erzählte sie ihren Verwandten, die Räubertochter lachte vor Freude, und das Rentier sprang wie verrückt im Schnee.
Als Gerda und Kai heimkehrten, schloss die Großmutter sie fest in die Arme.
Der Märchenerzähler lächelte.
„Solange ihr zusammenhaltet,“ sagte er, „kann euch nichts und niemand trennen.“
Und so war es.
Denn Liebe — das wusste Gerda nun — ist wärmer als jedes Feuer und stärker als jede Schneekönigin.
"	1967_Andersen_Copilot_Schwarz_Die_Schneekönigin.txt	/content/drive/MyDrive/Märchen-Seminar/Korpus/Andersen/Copilot/1967_Andersen_Copilot_Schwarz_Die_Schneekönigin.txt	neutral
Andersen	Copilot	1986	Andersen	Copilot	Hartzell	Die Schneekönigin	"Die Schneekönigin

Es war einmal eine Prophezeiung, so alt wie der erste Schnee, der je auf die Welt gefallen war. Sie sprach davon, dass, wenn die Sterne des nördlichen Himmels neu geboren würden, ein Mensch mit warmen Händen und einem schwarzen Schwert das Eis zerschlagen könne, das den kristallenen, grünen Stein aus der Krone der Dunkelheit umschloss. Wer die Krone trüge, würde die Welt verändern: Wasser würde zu Kristall, die Sonne zu Reif, der Mond zu Silber — und die Zeit selbst würde stehenbleiben.
Gerda und Kai, zwei Kinder, die einander liebten wie Geschwister, spielten eines Tages am Strand in den Dünen. Dort fanden sie eine Spieldose mit einer kleinen Ballerina und drei goldenen Knöpfen. Gerda bekam die Spieldose, Kai die Knöpfe. In derselben Nacht erschien die Schneekönigin, weiß wie der Atem des Winters. Sie nahm Kai mit sich, und während ihr Schlitten über den Himmel glitt, glühten die Knöpfe in Kais Tasche. Die Kalte warf sie hinab auf die Erde, denn sie spürte ihre Macht.
Am Morgen fand Gerda einen der Knöpfe im Schnee. Da wusste sie, dass Kai in Gefahr war, und machte sich auf den Weg.
Ein Boot lockte sie in ein Wasserreich, das von einer einsamen Hexe beherrscht wurde. Mit verzauberten Zuckerherzen wollte die Einsame Gerdas Erinnerungen auslöschen, damit das Mädchen bei ihr bliebe. Doch Gerda war klug und tat nur so, als äße sie die Herzen. Da erschienen ihr die Rosenmädchen — Mädchen, die zu Rosen an den Wänden geworden waren. Sie erzählten ihr die Wahrheit und baten sie zu fliehen. Gerda entkam, und die Einsame zerfiel zu Staub, die Rosenmädchen wurden erlöst.
Währenddessen hatte die Schneekönigin Kai in einen Eisprinzen verwandelt. Sie flüsterte ihm zu, er solle das Eis über einer uralten Quelle zerschlagen und ihr den grünen Stein bringen. Mit ihm würde sie unendlich mächtig werden — und Kai zum Herrscher der Welt machen.
Gerda fand einen zweiten Knopf und hörte von einem Schloss, in dem Kai als Prinz leben solle. Doch dort lebte ein anderer Kai. Die Prinzessin schenkte Gerda Kleider, Pferde und Männer für die Reise. Doch Räuber überfielen die Gruppe. Gerda verlor alles — außer ihrem Mut. Im Lager der Räuber fand sie den dritten Knopf. In der Nacht stahl sie ein fliegendes Zauberrentier und flog nach Norden.
Die Schneekönigin stieß Gerda vom Rentier und in eine Erdspalte. Dort begegnete sie der Zauberin des Nordens, der einzigen, die der Kalten ebenbürtig war. Die Zauberin erzählte ihr, dass der grüne Stein einst aus der Krone der Dunkelheit gefallen und in einer Quelle zu Eis erstarrt war. Die Schneekönigin wollte ihn zurück — doch sie konnte das Wasser nicht berühren, ohne es zu Eis zu machen. Darum brauchte sie einen Menschen. Darum entführte sie Kai.
Die Zauberin gab Gerda einen weißen Tarnumhang. „Geh,“ sagte sie. „Du allein kannst ihn retten.“
Zur Stunde der Prophezeiung hob Kai das schwarze Schwert. Das Eis über der Quelle zersprang. Gerda erreichte ihn — doch die Schneekönigin enttarnte sie. Gerda fasste Kais Hand, doch sein Herz war gefroren. Die Kalte hob die Krone der Dunkelheit. Gerda warf zwei der Knöpfe — sie verwandelten sich in Feuerbälle. Die Schneekönigin wich zurück, doch nur kurz. Sie fror Gerda ein.
Kai stand reglos da. Da berührte der dritte Knopf seine Hand — und Gerdas schwache Stimme erreichte ihn. Sein Herz begann zu schlagen. Er hob das Schwert und zerschmetterte die Krone der Dunkelheit. Ein Schrei hallte über das Eis. Die Schneekönigin zerfiel zu Schnee.
Gerda taute auf. Kai fiel ihr in die Arme. Später vergruben sie die Spieldose wieder im Sand — als Erinnerung an das, was war, und an das, was hätte werden können.
Und manche sagen, wenn man sie findet und öffnet, hört man die Ballerina tanzen und spürt für einen Augenblick die Wärme eines Mädchens, das den Winter besiegte.
"	1986_Andersen_Copilot_Hartzell_Die_Schneekönigin.txt	/content/drive/MyDrive/Märchen-Seminar/Korpus/Andersen/Copilot/1986_Andersen_Copilot_Hartzell_Die_Schneekönigin.txt	neutral
Andersen	Copilot	2013	Andersen	Copilot	Lee	Frozen Die Eiskönigin völlig unverfroren	"Frozen – Die Eiskönigin, völlig unverfroren

Es war einmal im Königreich Arendelle eine Prinzessin namens Elsa, die ein Geheimnis in sich trug: Sie konnte Eis und Schnee erschaffen, so leicht wie andere atmen. Ihre kleine Schwester Anna liebte diese Magie, und die beiden spielten oft in funkelnden Schneelandschaften, die Elsa mit einer Handbewegung entstehen ließ.
Doch eines Tages traf Elsa Anna versehentlich am Kopf. Das Mädchen sank bewusstlos zu Boden. In ihrer Verzweiflung brachte die königliche Familie Anna zu den Trollen, die sich als Felsbrocken tarnen konnten. Ihr Häuptling heilte Anna, nahm ihr jedoch die Erinnerung an Elsas Kräfte und warnte: Angst sei Elsas größter Feind. Würde sie ihr Herz treffen, wäre keine Rettung möglich.
Von da an schloss sich die Familie im Schloss ein. Elsa verbrachte ihre Tage allein hinter verschlossenen Türen, aus Angst, jemandem zu schaden — vor allem Anna. Zwischen den Schwestern entstand ein tiefer Spalt, der mit den Jahren nur größer wurde.
Als Elsa achtzehn war, verloren die Mädchen ihre Eltern bei einem Sturm auf hoher See. Drei Jahre später sollte Elsa zur Königin gekrönt werden. Die Tore des Schlosses öffneten sich zum ersten Mal seit langer Zeit, und Anna stürmte voller Freude hinaus in die Welt. Dort begegnete sie Prinz Hans, der ihr Herz im Sturm eroberte.
Die Krönung verlief zunächst friedlich. Doch als Anna Elsa um ihren Segen für eine Hochzeit bat, kam es zum Streit. Elsa verlor die Kontrolle — und vor den Augen aller zeigte sich ihre Magie. Eis schoss aus ihren Händen, der Boden gefror, und die Gäste wichen entsetzt zurück. Der Herzog von Pitzbühl nannte sie ein Monster.
In Panik floh Elsa in die Berge. Dort erschuf sie einen Palast aus Eis, glitzernd und frei, und schwor, nie wieder jemanden zu verletzen. Ohne es zu merken, brachte sie damit einen ewigen Winter über Arendelle.
Anna machte sich auf den Weg, um ihre Schwester zurückzuholen. Unterwegs traf sie den Eislieferanten Kristoff, sein Rentier Sven und den Schneemann Olaf, den Elsa unbewusst zum Leben erweckt hatte. Gemeinsam erreichten sie Elsas Palast.
Anna bat Elsa, zurückzukehren. Doch Elsa fürchtete sich vor sich selbst. Als sie erfuhr, dass Arendelle im Winter gefangen war, geriet sie erneut in Panik — und traf Anna dieses Mal mitten ins Herz.
Kristoff brachte Anna zu den Trollen. Doch Grand Pabbie konnte sie nicht heilen. Nur ein Akt wahrer Liebe könne ein gefrorenes Herz retten. Kristoff glaubte, Hans könne sie erlösen, und brachte sie zurück nach Arendelle.
Doch Hans hatte nie vorgehabt, Anna zu lieben. Er wollte den Thron. Er ließ Elsa gefangen nehmen, verriet Anna und erklärte vor dem Hof, sie sei in seinen Armen gestorben. Elsa wurde zum Tode verurteilt.
Doch Elsa brach aus und floh über den zugefrorenen Fjord. Ein Schneesturm tobte um sie herum, geboren aus ihrer Angst. Anna, schwach und zitternd, suchte nach Kristoff, der ihr Herz retten sollte. Olaf half ihr, und gemeinsam erreichten sie den Fjord.
Hans stellte Elsa und behauptete, Anna sei durch ihre Schuld gestorben. Elsa brach zusammen, und der Sturm legte sich. Anna sah, wie Hans Elsa mit dem Schwert töten wollte. Mit letzter Kraft warf sie sich dazwischen — und erstarrte zu Eis.
Das Schwert zerschellte an ihr. Elsa wandte sich um und sah ihre Schwester, still und kalt wie eine Statue. Sie umarmte sie, weinte und flüsterte ihren Namen.
Da begann das Eis zu schmelzen. Annas Opfer war ein Akt wahrer Liebe — und rettete sie selbst.
Elsa erkannte, dass Liebe der Schlüssel zu ihren Kräften war. Mit einem Lächeln ließ sie den Winter weichen. Arendelle taute auf, und Olaf erhielt eine kleine Schneewolke, die ihn auch im Sommer kühl hielt.
Hans wurde in seine Heimat zurückgeschickt, wo seine Brüder sich um ihn kümmern würden. Der Handel mit Pitzbühl wurde beendet. Kristoff wurde zum offiziellen Eislieferanten ernannt, und Anna und er fanden endlich zueinander.
Und so öffnete Elsa die Tore des Schlosses — für immer. Die Menschen von Arendelle liefen lachend über die Eisfläche, die sie für sie geschaffen hatte, und die beiden Schwestern hielten sich an den Händen, vereint wie nie zuvor.
"	2013_Andersen_Copilot_Lee_Frozen_Die_Eiskönigin_völlig_unverfroren.txt	/content/drive/MyDrive/Märchen-Seminar/Korpus/Andersen/Copilot/2013_Andersen_Copilot_Lee_Frozen_Die_Eiskönigin_völlig_unverfroren.txt	neutral
Andersen	Copilot	1987	Andersen	Copilot	Fleischer	Der große und der kleine Klaus	"Der große und der kleine Klaus

Es war einmal in einem kleinen Dorf, in dem zwei Männer lebten, die beide Klaus hießen. Um sie auseinanderzuhalten, nannte man den einen den Großen Klaus, weil er vier prächtige Pferde besaß, und den anderen den Kleinen Klaus, weil er kaum mehr hatte als einen mageren Klepper und ein fröhliches Gemüt.
Als der Große Klaus eines Tages die reiche Gutsbesitzerstochter Dora heiratete, war er so guter Laune, dass der Kleine Klaus ihn um einen Gefallen bat. „Leih mir deine vier Pferde für einen Tag,“ sagte er, „dann bin ich mit meiner Arbeit schnell fertig und kann die ganze Woche für dich arbeiten.“
Der Große Klaus willigte ein — doch als er am nächsten Tag hörte, wie der Kleine Klaus überall prahlte, er arbeite mit seinen Pferden, wurde er wütend. Er nahm ihm die Tiere sofort wieder weg.
So musste der Kleine Klaus seinen schweren Pflug mit seinem eigenen, halb verhungerten Pferd ziehen. Das arme Tier brach bald zusammen. Ein vorbeikommender Zigeuner bot ihm zwei Taler für das Pferd. Doch weil der Kleine Klaus zu lange überlegte, bekam er am Ende nur ein altes Fell dafür. Enttäuscht steckte er es in seinen Beutel und machte sich auf den Heimweg.
Als es zu regnen begann, suchte er Unterschlupf in einer Mühle. Die Müllerin behauptete, allein zu sein, doch als der Kleine Klaus durchs Fenster spähte, sah er sie mit einem Liebhaber an einem reich gedeckten Tisch. Plötzlich kehrte der Müller zurück. Die Müllerin versteckte den Liebhaber in einer Truhe und das Essen im Ofen.
Der Müller entdeckte den Kleinen Klaus vor der Tür und lud ihn ein. Doch statt des Festmahls gab es nur Haferbrei. Während der Kleine Klaus widerwillig aß, knarrte das Fell in seinem Beutel. Der Müller wurde neugierig.
„Das ist ein Zauberer,“ sagte der Kleine Klaus listig. „Er sagt, wir sollen nicht den Brei essen, sondern das gute Essen, das er in den Ofen gezaubert hat.“
Der Müller sah nach — und fand eine gebratene Gans.
Als der Sack ein zweites Mal „sprach“, verriet er, dass hinter dem Kamin Rotwein versteckt sei. Der Müller war begeistert.
„Kann dein Zauberer auch den Teufel herbeizaubern?“
„Natürlich,“ sagte der Kleine Klaus. „Er sitzt gerade in der Truhe — in Gestalt des Küsters.“
Der Müller öffnete die Truhe, sah den Liebhaber und erschrak.
„Ich muss diesen Zauberer haben!“ rief er und kaufte dem Kleinen Klaus den Sack für einen Beutel voller Silbertaler ab. Die Truhe sollte der Kleine Klaus mitnehmen und den „Teufel“ ins Wasser werfen. Doch unterwegs ließ er den Küster frei.
So kehrte der Kleine Klaus als reicher Mann heim.
Als der Große Klaus davon hörte, glaubte er, man könne für ein altes Pferd ein Vermögen bekommen. Er brachte seine vier prächtigen Tiere zu den Zigeunern — und tauschte sie gegen alle Felle ein, die sie hatten. In der Stadt wollte niemand die Felle kaufen. Vor Wut brannte der Große Klaus dem Kleinen Klaus das Haus nieder.
Der Kleine Klaus suchte verzweifelt nach seinen Silbertalern, fand aber nur Asche. Er nahm einen Sack voll davon mit in eine Herberge.
„Rühr den Sack nicht an,“ sagte er dem Wirt. „Sonst wird alles darin zu Asche.“
Der Wirt konnte der Versuchung nicht widerstehen, sah hinein — und fand tatsächlich nur Asche. Aus schlechtem Gewissen schenkte er dem Kleinen Klaus sein Wirtshaus und seine Tochter dazu.
Als der Große Klaus das hörte, wurde er so neidisch, dass er den Kleinen Klaus überfiel, in einen Sack steckte und in den Fluss werfen wollte. Doch gerade kamen die Zigeuner vorbei. Sie lenkten den Großen Klaus ab, befreiten den Kleinen Klaus und schenkten ihm sogar sein altes Pferd zurück — als Hochzeitsgeschenk.
Zur Hochzeit kamen viele Gäste, auch der Müller und seine Frau. Da erinnerte sich der Kleine Klaus plötzlich daran, dass er seinen Silberschatz im Ofen versteckt hatte. Er lief nach Hause — und fand die Taler unversehrt.
Der Große Klaus aber wurde von Dora aus dem Haus gejagt und musste erkennen, dass Neid und Gier niemanden reich machen — außer vielleicht den Kleinen Klaus, der mit Witz und Glück durchs Leben ging.
"	1987_Andersen_Copilot_Fleischer_Der_große_und_der_kleine_Klaus.txt	/content/drive/MyDrive/Märchen-Seminar/Korpus/Andersen/Copilot/1987_Andersen_Copilot_Fleischer_Der_große_und_der_kleine_Klaus.txt	neutral
Andersen	Copilot	1968	Andersen	Copilot	Dunski	Ein uraltes Märchen	"Ein uraltes Märchen

In einem kleinen Wirtshaus, das an einer Landstraße lag und dessen Fenster im Abendlicht wie müde Augen glommen, spielte ein armer Puppenspieler seine Kunst. Seine Figuren tanzten, sangen und stritten, und die Gäste lachten, klatschten und warfen ihm ein paar Münzen zu. Der Wirt war zufrieden und ließ den Fremden essen und trinken, so viel er wollte.
Was der Wirt jedoch nicht wusste: Seine Tochter liebte den Puppenspieler. Und noch in derselben Nacht wollte sie mit ihm fortgehen, hinaus in die Welt, wo Träume vielleicht ein Zuhause finden.
Doch der Puppenspieler konnte nicht schlafen. Die Nacht war unruhig, und seine Gedanken flatterten wie Motten um eine Kerze. Da regten sich seine Puppen, und ehe er sich versah, spielten sie ihm ein Märchen vor — ein uraltes Märchen, das er selbst schon hundertmal erzählt hatte, und das doch jedes Mal neu war.
Es war einmal ein Soldat, der aus dem Dienst entlassen wurde. Er hatte nichts als einen Tornister und ein Herz, das sich nach Glück sehnte. Auf seinem Weg begegnete er einer Hexe, die ihm versprach, er könne reich werden, wenn er ihr in einen Brunnen folge. Dort unten, sagte sie, liege Gold genug, um ein Königreich zu kaufen.
Der Soldat stieg hinab, füllte seinen Tornister — doch die Hexe brach ihr Wort. Sie nahm das Gold und ließ ihn im Brunnen zurück.
Doch der Soldat war klug. Mit einem Trick gelang es ihm, wieder ans Tageslicht zu kommen. Er holte die Hexe ein, besiegte sie — und befreite einen Zauberer, den sie in einen Kater verwandelt hatte.
Zum Dank schenkte der Zauberer ihm ein magisches Feuerzeug.
Mit Gold im Tornister und Feuerzeug in der Tasche gelangte der Soldat in ein kleines Königreich. Der Torwächter ließ ihn sofort ein — Reichtum öffnet Türen, die für andere verschlossen bleiben. Der Soldat lebte verschwenderisch, und plötzlich hatte er viele Freunde, die ihn zuvor keines Blickes gewürdigt hätten.
Auf dem Marktplatz sah er die Prinzessin — schön, stolz und unerreichbar. Er verliebte sich sofort. Doch wie viele vor ihm wurde er abgewiesen. Der König, der dringend einen reichen Schwiegersohn brauchte, war verzweifelt.
Bald ging dem Soldaten das Geld aus. Er zog in ein schäbiges Hotel, wo er den Prinzen eines winzigen Königreichs traf — ebenfalls ein verschmähter Freier. Als dem Soldaten die letzte Kerze ausging, erinnerte er sich an das Feuerzeug. Er zündete es an — und der Zauberer erschien.
„Was wünschst du dir?“ fragte er.
„Die Prinzessin,“ sagte der Soldat.
Und so kam sie — schlafend, in ihrem Himmelbett, das durch die Nacht schwebte wie ein Traum. Sie glaubte, sie träume, und ließ sich vom Soldaten über die Dächer führen. Er zauberte Schnee im Sommer, und sie lachte. Doch als er sie küssen wollte, erwachte sie aus ihrem Traum und floh.
Der König beschloss, die Prinzessin zu verheiraten. Sie stellte den Freiern eine knifflige Frage — und nur der Soldat konnte sie beantworten, dank des Zauberers. Doch statt sich zu freuen, befahl die Prinzessin, ihn ins Gefängnis zu werfen. Der König stimmte zu, als er hörte, dass der Soldat kein Geld mehr hatte.
Im Kerker erinnerte sich der Soldat an das Feuerzeug — doch es lag im Hotel. Der kleine Prinz holte es, kam gerade rechtzeitig zur Gerichtsverhandlung, in der die Hinrichtung beschlossen wurde. Der Zauberer befreite den Soldaten, kettete den König an und zauberte ihm eine riesige Nase. Die Prinzessin, erschrocken über ihr mögliches Schicksal, willigte in die Hochzeit ein.
Doch der Soldat sah sie an — und erkannte, dass sie ihn nicht liebte.
Er gab ihr einen Abschiedskuss und ging.
Da erst merkte die Prinzessin, dass ihr Herz ihm gehörte. Sie lief ihm nach, rief seinen Namen — und diesmal blieb er stehen.
Der Puppenspieler erwachte. Die Puppen lagen still, als hätten sie nie gesprochen.
Da trat die Wirtstochter ein. Ihre Augen waren rot vom Weinen.
„Ich kann nicht mit dir gehen,“ sagte sie leise. „Mein Vater braucht mich. Und ich gehöre hierher.“
Der Puppenspieler nickte. Er verstand.
Manchmal endet ein Märchen nicht mit einem gemeinsamen Weg — sondern mit dem Mut, allein weiterzugehen.
Er nahm sein Puppentheater, verbeugte sich vor ihr wie ein Prinz vor einer Prinzessin — und ging hinaus in die Nacht, wo irgendwo ein neues Märchen auf ihn wartete.
"	1968_Andersen_Copilot_Dunski_Ein_uraltes_Märchen.txt	/content/drive/MyDrive/Märchen-Seminar/Korpus/Andersen/Copilot/1968_Andersen_Copilot_Dunski_Ein_uraltes_Märchen.txt	neutral
Andersen	Copilot	2010	Andersen	Copilot	Ungureit	Des Kaisers neue Kleider	"Des Kaisers neue Kleider

Jakob wanderte durch das Land, ein junger Mann mit wachen Augen und einem Herzen, das sich nicht so leicht beugen ließ. Eines Tages gelangte er in die Stadt des Kaisers Friedhelm. Dort lernte er Maja und ihre kleine Schwester Greta kennen. Die beiden erzählten ihm von der Not der Menschen: Der Kaiser gab all sein Geld für Kleider aus, so prachtvoll und teuer, dass das Volk kaum noch genug zum Leben hatte.
Jakob sah die Armut, die leeren Märkte, die müden Gesichter. Da fasste er einen Entschluss. Mit einer List verschaffte er sich eine Audienz beim Kaiser. Er verbeugte sich tief und sagte: „Majestät, ich bin der beste Weber des Landes. Ich kann Euch Kleider weben, wie sie die Welt noch nie gesehen hat. Und sie haben eine besondere Eigenschaft: Nur die Klügsten und Würdigsten können sie sehen. Wer dumm ist oder seines Amtes nicht würdig, sieht nichts.“
Der Kaiser strahlte. Endlich, dachte er, würde er erkennen, wer in seinem Reich tauglich war — und wer nicht.
Jakob stellte einen Webstuhl auf, doch er spann keinen Faden. Maja und Greta halfen ihm, taten so, als arbeiteten sie eifrig, obwohl der Webstuhl leer blieb. Der Kaiser schickte seinen engsten Vertrauten, um nach dem Fortschritt zu sehen. Der Mann sah nichts — aber er wagte nicht zuzugeben, dass er vielleicht dumm sei. Also lobte er die prächtigen Farben und die feine Webkunst, die er angeblich sah.
Als der Kaiser selbst kam, erging es ihm nicht anders. Er sah nichts — aber er wollte nicht der Erste sein, der seine eigene Unwürdigkeit eingestand. Also nickte er begeistert und befahl, die Kleider zur großen Parade fertigzustellen.
Am Tag der Präsentation halfen Jakob, Maja und Greta dem Kaiser, die unsichtbaren Gewänder „anzulegen“. Der Kaiser trat hinaus auf die Straße, stolz wie ein Pfau. Das Volk jubelte — denn niemand wollte zugeben, dass er nichts sah. Jeder lobte die Schönheit der Kleider, die es gar nicht gab.
Da rief plötzlich ein kleines Kind: „Aber der Kaiser hat ja gar nichts an!“
Ein Raunen ging durch die Menge. Einer nach dem anderen begann zu flüstern, dann zu sprechen, schließlich zu rufen: „Der Kaiser hat nichts an!“
Der Kaiser hielt inne. Einen Moment lang war er starr vor Scham. Dann aber lachte er — ein echtes, befreiendes Lachen. „So ist es wohl,“ sagte er. „Schöne Kleider sind nicht alles.“
Er wandte sich an Jakob, Maja und Greta. „Ihr habt mir die Wahrheit gezeigt — auf ungewöhnliche Weise, aber doch gezeigt.“
Und als das Volk ihn bat, endlich mehr für die Menschen zu tun und die unschuldig Gefangenen freizulassen, hörte er zu. Er tat es — und merkte, dass er dafür mehr Anerkennung erhielt als für jedes Gewand, das er je getragen hatte.
Von diesem Tag an war der Kaiser ein anderer Mensch. Und Jakob, Maja und Greta wussten, dass manchmal ein bisschen Mut — und ein bisschen Schalk — ausreicht, um ein ganzes Reich zu verändern.
"	2010_Andersen_Copilot_Ungureit_Des_Kaisers_neue_Kleider.txt	/content/drive/MyDrive/Märchen-Seminar/Korpus/Andersen/Copilot/2010_Andersen_Copilot_Ungureit_Des_Kaisers_neue_Kleider.txt	neutral
Andersen	Copilot	1977	Andersen	Copilot	Takashi	Die wilden Schwäne	"Die wilden Schwäne

Es war einmal ein König, der in einem fernen Land lebte und ein Versprechen gegeben hatte, das sein Herz schwer machte. Aus alter Schuld heraus musste er eine Frau heiraten, die die Tochter einer Hexe war. Und weil er seine Kinder über alles liebte, brachte er sie in einem verborgenen Schloss tief im Wald unter — sieben an der Zahl: sechs Prinzen und eine Prinzessin namens Elisa.
Das Schloss war klein, aber voller Licht. Elisa und ihre Brüder spielten zwischen den Bäumen, sammelten Beeren, erzählten einander Geschichten und glaubten, dass kein Schatten sie je erreichen könne. Doch das Böse hat lange Finger.
Eines Tages fand die Hexentochter das Schloss. Sie lächelte süß, doch ihre Augen waren kalt wie Eis.
„So hübsche Kinder,“ sagte sie. „Fast zu hübsch.“
Noch ehe Elisa etwas sagen konnte, hob die Hexentochter ihre Hände, und ein Windstoß fegte durch den Wald. Die sechs Brüder wurden emporgehoben, ihre Stimmen verstummten — und an ihrer Stelle flatterten sechs weiße Schwäne davon, hoch hinauf in den Himmel.
Nur Elisa blieb zurück.
Sie rief nach ihren Brüdern, doch der Wind trug ihre Stimme fort. Sie lief ihnen nach, stolperte über Wurzeln, rief ihre Namen — vergeblich. Schließlich sank sie am Ufer eines Sees nieder, und ihre Tränen fielen ins Wasser wie kleine Perlen.
„Ich werde euch finden,“ flüsterte sie. „Und ich werde euch retten.“
Der Wald antwortete nicht, doch ein sanfter Wind strich ihr über die Wange, als wolle er sagen: Gib nicht auf.
Elisa machte sich auf den Weg. Sie wanderte durch Wälder, über Hügel, durch Dörfer, in denen niemand ihr glaubte. Sie schlief unter Bäumen, trank aus Bächen und sprach mit den Tieren, die ihr begegneten. Und überall fragte sie:
„Habt ihr sechs weiße Schwäne gesehen?“
Die Vögel nickten, die Rehe zeigten mit ihren Hufen nach Norden, und die alten Bäume rauschten: Weiter, weiter…
Eines Abends, als die Sonne wie ein goldener Apfel am Horizont hing, sah Elisa sechs Schwäne über den Himmel ziehen. Ihre Herzen schlugen im gleichen Takt wie ihres. Sie folgte ihnen bis zu einem Felsen am Meer, wo sie landeten — und als die Sonne unterging, verwandelten sie sich zurück in ihre menschliche Gestalt.
„Elisa!“ riefen sie, und ihre Stimmen klangen wie Musik.
Sie umarmten einander, und für einen Augenblick war die Welt wieder heil. Doch die Brüder erklärten ihr, dass der Zauber nur bei Sonnenuntergang wich. Sobald der erste Morgenstrahl sie berührte, wurden sie wieder zu Schwänen.
„Es gibt einen Weg,“ sagte der älteste Bruder. „Doch er ist schwer.“
Elisa hörte zu, und ihr Herz wurde schwerer mit jedem Wort.
Sie müsste Hemden aus Brennnesseln weben — brennenden, stechenden Pflanzen — und sie ihren Brüdern überstreifen, während sie schwieg. Kein Wort durfte sie sprechen, bis alle Hemden fertig waren. Ein einziger Laut, und alles wäre verloren.
Elisa nickte. „Ich tue es.“
Sie suchte die Brennnesseln, riss sie mit bloßen Händen aus dem Boden, und ihre Finger brannten wie Feuer. Doch sie webte weiter, Nacht für Nacht, Tag für Tag. Sie sprach kein Wort, selbst wenn ihr Herz schrie.
Die Menschen, die sie sahen, hielten sie für seltsam, manche für gefährlich. Doch Elisa ließ sich nicht beirren. Sie webte, bis ihre Hände wund waren und ihre Augen vom Weinen brannten.
Eines Morgens, als sie das letzte Hemd vollendete, hörte sie Flügelschläge. Die Schwäne kamen herab, und Elisa lief ihnen entgegen. Sie warf ihnen die Hemden über — eines nach dem anderen. Bei fünf Brüdern wirkte der Zauber sofort. Beim sechsten jedoch fehlte ein Ärmel, und so blieb ein Schwanenflügel an seiner Schulter zurück.
Doch sie waren gerettet.
In diesem Moment erschien die Hexentochter, wütend wie ein Sturm. Doch Elisa stellte sich vor ihre Brüder, und zum ersten Mal in ihrem Leben hatte sie keine Angst.
„Du hast verloren,“ sagte der älteste Bruder.
Die Hexentochter schrie, doch der Wind nahm ihre Stimme, und sie verschwand wie Rauch im Morgenlicht.
Elisa sank erschöpft zu Boden. Ihre Brüder hoben sie auf, und gemeinsam kehrten sie nach Hause zurück — nicht mehr versteckt, nicht mehr verfolgt, sondern frei.
Der König weinte vor Freude, als er seine Kinder wieder sah. Und Elisa, die nie aufgegeben hatte, wurde im ganzen Land als die Prinzessin bekannt, deren Liebe stärker war als jeder Zauber.
"	1977_Andersen_Copilot_Takashi_Die_wilden_Schwäne.txt	/content/drive/MyDrive/Märchen-Seminar/Korpus/Andersen/Copilot/1977_Andersen_Copilot_Takashi_Die_wilden_Schwäne.txt	neutral
Andersen	Copilot	1994	Andersen	Copilot	Fiedler	Des Kaisers neue Kleider	"Des Kaisers neue Kleider

Es war einmal ein Kaiser, der seine Untertanen mehr mit seinen Gewändern beschäftigte als mit seinem Herzen. Jede Woche verlangte er neue Stoffe, neue Schnitte, neue Farben, und weil seine Wünsche nie endeten, mussten die Menschen im Land immer höhere Steuern zahlen. Viele lebten in Armut, während der Kaiser vor dem Spiegel stand und sich selbst bewunderte. In dieser Stadt lebte ein Straßenjunge namens Tobias, der mehr Verstand besaß als manch ein Gelehrter, und er freundete sich mit Lorenzo an, dem Hofschneider des Kaisers. Beide sahen die Ungerechtigkeit, die über dem Land lag wie ein schwerer Mantel, und beide wünschten sich, der Kaiser möge endlich einmal mit offenen Augen sehen.
Als Lorenzo erfuhr, dass der Kaiser einen neuen Modeschöpfer suchte, fasste er einen kühnen Plan. Er nahm Tobias mit in den Palast und stellte ihn als Pagen ein. Gemeinsam fertigten sie aus alten Stoffresten neue Gewänder, die sie als die neueste Mode ausgaben. Der Hofstaat klatschte begeistert, denn niemand wagte, dem Kaiser zu widersprechen, und der Kaiser selbst war so entzückt, dass er Lorenzo zum Ritter schlug. Als jedoch beim Ausziehen einer Jacke ein Ärmel abriss, fand der Kaiser die Idee, nur einen Ärmel zu tragen, so originell, dass er es dem ganzen Hofstaat befahl. Und während er so mit einem einzigen Ärmel durch die Hallen schritt, fragte er sich zum ersten Mal, wie ehrlich seine Untertanen wohl seien, wenn sie alles gut fanden, was er tat.
Doch Lorenzos Mut wurde ihm zum Verhängnis. Weil er ein Versprechen gegenüber dem Major nicht einhielt, wurde er vom Hof gejagt. Tobias folgte ihm, und die beiden beschlossen, dem Kaiser nun erst recht eine Lehre zu erteilen. Sie verkleideten sich als fremdländische Tuchmacher und kehrten zum Palast zurück. Sie baten, den Kaiser allein sprechen zu dürfen, und erzählten ihm von einem Stoff, der so wunderbar sei, dass nur kluge und tüchtige Menschen ihn sehen könnten, während er für Dumme und Unfähige unsichtbar bleibe. Der Kaiser, dessen Eitelkeit größer war als sein Verstand, war entzückt und gab ihnen die kostbarsten Rohstoffe.
Lorenzo setzte sich an den Webstuhl und tat, als arbeite er mit größter Hingabe, doch der Webstuhl blieb leer. Der Kaiser schickte einen Vertrauten, um nach dem Fortschritt zu sehen. Der Mann sah natürlich nichts, doch aus Angst, für unfähig gehalten zu werden, lobte er die Stoffe in den höchsten Tönen. Der Major, der als Nächster geschickt wurde, erging es nicht anders. Schließlich kam der Kaiser selbst, und obwohl er nichts sah, nickte er feierlich, denn er wollte nicht der Einzige sein, der sich als untauglich erwies. So wuchs die Lüge wie ein prächtiger Mantel, den niemand tragen konnte.
Der Kaiser beschloss, sein Volk entscheiden zu lassen, ob er würdig sei, zu regieren. Er wollte sich in den neuen Gewändern zeigen, und das ganze Land strömte herbei. Als er sich umkleiden wollte, gaben sich Lorenzo und Tobias zu erkennen und erklärten, der Scherz sei weit genug getrieben. Doch der Kaiser, der inzwischen begriffen hatte, wie sehr sein Hofstaat ihn belog, wollte das Spiel zu Ende führen. Er trat hinaus auf den großen Platz, nur mit seiner Unterwäsche bekleidet, und das Volk wollte zuerst lachen, doch niemand wagte es. Jeder fürchtete, für dumm gehalten zu werden, wenn er zugab, nichts zu sehen.
Da rief ein kleines Kind mit klarer Stimme: „Der Kaiser hat ja gar nichts an!“ Ein Raunen ging durch die Menge, und der Kaiser hob die Hand. Zum ersten Mal sprach er ehrlich zu seinem Volk und erzählte, wie sehr er sich von Eitelkeit und Schmeichelei hatte blenden lassen. Lorenzo lächelte, denn er hatte seinen Kaiser noch nie so wahrhaftig gesehen. Und der Kaiser versprach, fortan mehr für sein Volk zu tun. Als erstes ließ er ihnen einen Teil der Steuern zurückgeben, und man sagt, dass er von diesem Tag an weniger Zeit vor dem Spiegel verbrachte und mehr Zeit damit, sein Land zu regieren.
Und wenn er doch einmal ein neues Gewand bestellte, dann nur, um sich daran zu erinnern, wie leicht ein Mensch sich selbst betrügen kann, wenn er nur genug Bewunderer um sich hat.
"	1994_Andersen_Copilot_Fiedler_Des_Kaisers_neue_Kleider.txt	/content/drive/MyDrive/Märchen-Seminar/Korpus/Andersen/Copilot/1994_Andersen_Copilot_Fiedler_Des_Kaisers_neue_Kleider.txt	neutral
Andersen	Copilot	1916	Andersen	Copilot	Goetz	Streichhölzer kauft Streichhölzer	"Streichhölzer, kauft Streichhölzer!

In einer grauen Stadt, in der der Wind durch die Gassen pfiff wie ein hungriger Hund, lebte ein kleines Mädchen namens Hella. Sie trug dünne Schuhe, die den Regen nicht abhielten, und ein Kleid, das schon zu viele Winter gesehen hatte. In ihren Händen hielt sie stets eine Schachtel Streichhölzer, die sie den eiligen Menschen anbot, die an ihr vorbeistürmten, ohne sie wirklich anzusehen.
Nur einer blieb manchmal stehen: Fritz, der Zeitungsjunge. Er war kaum älter als sie, aber seine Augen hatten denselben Ausdruck wie die ihren — den eines Kindes, das zu früh gelernt hatte, dass die Welt nicht immer freundlich ist. Wenn sie einander begegneten, lächelten sie, und für einen Augenblick schien die Straße weniger kalt.
Hella träumte davon, eines Tages auf die Sonnenseite des Lebens zu gelangen. Sie stellte sich vor, wie es wäre, ein warmes Zimmer zu haben, ein weiches Bett, vielleicht sogar jemanden, der sie liebte. Und eines Tages schien dieser Traum zum Greifen nah.
Ein eleganter Herr namens Kurt Stahn blieb vor ihr stehen. Er sah nicht über sie hinweg wie die anderen. Nein — er sah sie an. Und etwas in seinem Blick rührte Hella tief. Er nahm sie mit zu sich nach Hause, gab ihr ein Zimmer, ein Kleid, ein warmes Essen. Hella glaubte, ihr Herz müsse vor Glück zerspringen. Heimlich malte sie sich aus, eines Tages seine Frau zu werden.
Doch Träume sind zerbrechlich wie Streichhölzer.
Eines Abends sagte Kurt mit freundlicher Stimme, er werde bald heiraten — aber nicht sie. Hella lächelte tapfer, doch in ihrem Inneren brach etwas entzwei. Noch in derselben Nacht verließ sie das Haus, irrte durch die Straßen, bis sie vor Kälte und Kummer kaum noch wusste, wohin sie ging.
Da sah sie Fritz. Er rief ihren Namen, und sie lief auf ihn zu — zu schnell, zu blind. Ein Auto kam um die Ecke, und ehe jemand schreien konnte, lag Hella auf dem Pflaster. Am Steuer saß Graf Tannen, der sie von einem Besuch bei Kurt kannte. Er hob das verletzte Mädchen auf und brachte sie in sein Haus, wo seine Freundin Lotte sie pflegte.
Hella wurde gesund, doch ihre Lungen blieben schwach. Und ihr Herz — das war noch schwächer. Denn auch der Graf enttäuschte sie, wenn auch ohne Absicht. Wieder fühlte sie sich wie ein Streichholz, das jemand angezündet und achtlos weggeworfen hatte.
Da trat ein neuer Mann in ihr Leben: Holting. Er forderte den Grafen zum Duell heraus, wurde verwundet — und Hella pflegte ihn. Zum ersten Mal durfte sie jemandem helfen, der ihre Fürsorge brauchte. Holting verliebte sich in sie, doch er verstand nichts von dem Leid, das sie als Kind ertragen hatte. Und als er sein Vermögen verlor und plötzlich bereit war, sie zu heiraten, fragte Hella:
„Hättest du mich auch geliebt, als du noch reich warst?“
Er senkte den Blick. Und Hella wandte sich ab.
„Dann geh und leide, wie ich einst gelitten habe.“
Sie glaubte, die Liebe sei nichts als ein schöner Traum, der sich bei Tageslicht in Rauch auflöste. Doch Männer, die ihre Schönheit bewunderten, gab es viele. Einer von ihnen war Berthold Lohmann, ein reicher Industrieller. Er bat sie, seine Frau zu werden — und Hella sagte ja. Ein rauschendes Fest wurde gefeiert, und Hella glaubte, nun endlich die Sonnenseite des Lebens erreicht zu haben.
Doch das Schicksal hat seine eigenen Wege.
Zur Hochzeit stellte Berthold ihr einen jungen Maler vor: Richard Rust. Er sollte ihr Porträt malen. Als Hella ihm in die Augen sah, spürte sie etwas, das sie nie zuvor gefühlt hatte — eine Liebe, die nicht nach Reichtum fragte, nicht nach Schönheit, nicht nach Vergangenheit. Eine Liebe, die einfach war.
Doch Richard war nicht frei. Er liebte eine andere.
Da brach Hella endgültig zusammen. Ihr Körper, geschwächt von Krankheit und Enttäuschung, gab nach. In den letzten Stunden ihres Lebens bat sie Richard und seine Braut zu sich. Sie lächelte, ein zartes, müdes Lächeln, und sagte:
„Nehmt alles, was ich habe. Es ist nicht viel — aber es soll euch Glück bringen. Mehr brauche ich nicht mehr.“
Und so starb Hella, das Streichholzmädchen, das so sehr nach Licht gesucht hatte.
Doch vielleicht — so flüstern die Leute — brennt irgendwo am Himmel ein Stern ein wenig heller, seit sie dort angekommen ist.
"	1916_Andersen_Copilot_Goetz_Streichhölzer_kauft_Streichhölzer.txt	/content/drive/MyDrive/Märchen-Seminar/Korpus/Andersen/Copilot/1916_Andersen_Copilot_Goetz_Streichhölzer_kauft_Streichhölzer.txt	neutral
Andersen	Copilot	1976	Andersen	Copilot	Hofman	Die kleine Meerjungfrau	"Die kleine Meerjungfrau

Tief unter den Wellen, dort, wo das Licht nur wie ein ferner Traum glimmt, lag das Reich des Meerkönigs. Seine Hallen waren aus Korallen gebaut, und die Strömungen sangen durch sie wie Orgelpfeifen. Von all seinen Töchtern war die jüngste die stillste – nicht weil sie wenig sprach, sondern weil sie viel fühlte. Man nannte sie Lyria, und ihre Stimme war so rein, dass selbst die Quallen innehielten, wenn sie sang. Um ihren Hals trug sie eine Kette mit drei Steinen: einen weißen, der die Sinne schärfte, einen schwarzen, der Herzen verhärtete, und einen roten, den ihre Mutter ihr einst geschenkt hatte, einen Stein, der Stürme beruhigen konnte. Von ihrer Mutter sprach niemand gern; sie war wie ein Lied, das man nicht mehr zu singen wagt.
Lyria lauschte oft den Geschichten der Großmutter über die Welt der Menschen: über Bäume, die im Wind rauschen, über Blumen, die duften, und über Stimmen, die nicht singen, sondern sprechen. Auch erzählte die Großmutter von einem gefährlichen Kuss, der ein Meerwesen an die Erde binden konnte. Wenn ihre älteren Schwestern nacheinander an die Oberfläche durften, kehrten sie mit funkelnden Augen zurück und erzählten von Sonnenlicht und Himmel. Lyria aber musste warten, und mit jedem Jahr wuchs ihre Sehnsucht wie eine Muschel, die sich nicht mehr schließen lässt.
Als endlich ihr Festtag kam, sang Lyria vor der versammelten Meeresfamilie. Ihre Stimme stieg hinauf wie ein silberner Faden, und oben, weit über ihr, hörte ein junger Prinz sie. Er stand an der Reling seines Schiffes, und sein Herz bebte, ohne dass er wusste warum. Er lenkte sein Schiff zu den Klippen, wo die Stimme herkam, doch das Meer war wild, und die Wellen schlugen wie ungestüme Riesen. Das Schiff zerbrach, und der Prinz sank in die Tiefe. Lyria rettete ihn; sie trug ihn durch die Nacht, bis sie ihn an einen Strand legen konnte. Doch als Menschenmädchen herbeieilten und ihn fanden, musste sie zurück ins Meer, sonst wäre sie zu Schaum geworden. Der Prinz erwachte und glaubte, die Dunkelhaarige unter ihnen hätte ihn gerettet. Lyria sah es und spürte, wie etwas in ihr zerbrach.
Der Meerkönig wollte sie trösten, doch seine Worte waren wie schwere Steine. Er versprach ihr eine Krone, ein Reich, eine Zukunft – aber nicht das, wonach ihr Herz verlangte. Und so floh Lyria zur Meerhexe. Die Hexe lächelte mit Zähnen wie Muschelschalen. „Ich will nicht deinen roten Stein“, sagte sie. „Den habe ich schon von deiner Mutter erhalten.“ Lyria erschrak. „Ich will deine Stimme. Dafür gebe ich dir Beine – aber Schmerz wird dein ständiger Begleiter sein. Und wenn der Prinz eine andere liebt, wirst du zu Schaum.“ Lyria nickte; für die Liebe nimmt man manchmal den Schmerz wie ein Kleid an.
Als Menschenkind erwachte sie am Strand des Prinzenreiches. Der Prinz fand sie und war von ihrer Schönheit berührt, doch er sprach immer wieder von der Dunkelhaarigen, die er für seine Retterin hielt. Lyria lächelte stumm und ließ ihre blutenden Schritte nicht sehen. Sie besänftigte Stürme, füllte Netze, brachte Perlen hervor – alles ohne ein Wort. Das Land blühte auf, und die Menschen nannten sie ein Glückskind. Der Prinz aber blieb hin- und hergerissen zwischen Dankbarkeit und Sehnsucht.
Eines Tages musste er in ein fernes Südreich reisen, um eine Braut zu wählen, und Lyria durfte mitfahren. Doch als er der Prinzessin gegenüberstand, erkannte er sie: die Dunkelhaarige vom Strand. Freude überflutete ihn wie eine Welle, und Lyria stand daneben, still wie ein Schatten. Die Hochzeit wurde auf dem Schiff gefeiert. In der Nacht erhielt Lyria ein Messer aus dem Meer, ein letzter Ausweg. Wenn sie den Prinzen tötete, würde sie wieder Nixe werden. Sie trat an das schlafende Paar heran. Das Meer rauschte draußen wie ein Herz, das zu schnell schlägt, und die Stimme ihres Vaters hallte in ihrem Inneren: „Eile, Kind. Das Schiff muss zerschellen.“ Doch Lyria beugte sich nur hinab und küsste den Prinzen ein letztes Mal. Dann warf sie das Messer ins Meer und stürzte sich hinterher.
Sie erwartete Schmerz, Auflösung, Nichts. Doch als sie das Wasser berührte, wurde sie nicht zu Schaum. Stattdessen sprossen aus ihrem Körper lichtdurchflutete Blüten, die sich über die Wellen legten und das Schiff schützten. Der Prinz erwachte und sah das Meer in Blüte. „Wo ist sie?“, flüsterte er, doch niemand wusste es. Der Meerkönig stand weit draußen im Wasser, ratlos und still. Da erhob sich ein Gesang – klar, frei und unendlich fern. Lyria sang wieder, aber nicht als Nixe und nicht als Mensch. Sie war etwas Neues geworden: eine Stimme des Meeres, ein Windhauch über den Wellen, ein Lied, das nie verstummt. Und wer an stillen Abenden am Strand steht, meint manchmal, eine Melodie zu hören – so zart, dass sie das Herz berührt, bevor man sie überhaupt begreift.
"	1976_Andersen_Copilot_Hofman_Die_kleine_Meerjungfrau.txt	/content/drive/MyDrive/Märchen-Seminar/Korpus/Andersen/Copilot/1976_Andersen_Copilot_Hofman_Die_kleine_Meerjungfrau.txt	neutral
Andersen	Copilot	1987	Andersen	Copilot	Burrell	Das Mädchen mit den Wunderhölzern	"Das Mädchen mit den Wunderhölzern

Es war ein kalter Abend, an dem Molly beschloss, dass zwei Menschen, die einander liebten, nicht länger getrennt bleiben sollten. Haywood Dutton und sein Sohn Joe hatten sich entzweit, und Molly glaubte fest daran, dass ein Enkelkind selbst das härteste Herz erweichen könne. Also nahm sie den kleinen Jungen an die Hand und machte sich mit ihm auf den Weg zum Haus der Duttons.
Doch der Weg war weit, und die Straßen waren voller Schatten. Die Kinder verirrten sich, liefen falsch, kehrten um, und der Wind schien ihnen jeden Schritt schwerer zu machen. Währenddessen sammelten sich vor dem Haus der Duttons die Obdachlosen, die von der Räumung bedroht waren. Ihre Stimmen wurden lauter, ihre Wut größer, und die Nacht schien sich zu verdichten wie ein Sturm, der kurz vor dem Ausbrechen steht.
Joe, der gerade aus dem Gefängnis entlassen worden war, erfuhr, dass sein Sohn verschwunden sei. Sein Herz schlug ihm bis zum Hals, und er rannte los, so schnell er konnte. Als er das Haus erreichte, sah er die aufgebrachte Menge, die drohte, außer Kontrolle zu geraten. Mit ruhigen Worten gelang es ihm, die Menschen zu besänftigen — für einen Moment.
Doch dann trat ein Betrunkener hervor, die Augen glasig, die Hand zitternd, und richtete eine Waffe auf Haywood Dutton. Die Menge hielt den Atem an. Niemand wusste, was als Nächstes geschehen würde.
In diesem Augenblick kam Molly angerannt, erschöpft, aber entschlossen. Sie stellte sich zwischen die Männer, hob ein kleines Streichholz — und entzündete es.
Es war nur eine winzige Flamme, kaum größer als ein Funke. Doch in dieser Flamme lag etwas, das niemand erklären konnte. Ein warmes Licht breitete sich aus, als würde die Dunkelheit selbst zurückweichen. Die Menschen verstummten. Der Betrunkene ließ die Waffe sinken. Und Haywood Dutton sah plötzlich nicht mehr einen Feind vor sich, sondern seinen eigenen Sohn — den er einst geliebt hatte und den er nun wieder erkannte.
Die Flamme erlosch, doch etwas blieb zurück: ein stiller Moment, in dem zwei Herzen sich wiederfanden.
Haywood trat auf Joe zu, legte ihm die Hand auf die Schulter und sagte mit brüchiger Stimme, dass er seinen Sohn nie hätte verlieren dürfen. Joe nickte, und in diesem Nicken lag Vergebung.
Die Menge löste sich auf. Die Gefahr war vorüber. Und Haywood Dutton verkündete, dass er die Häuser nicht verkaufen würde. Niemand sollte sein Zuhause verlieren, nicht an diesem Abend, nicht nach all dem, was geschehen war.
Molly stand daneben, das abgebrannte Streichholz noch in der Hand. Sie wusste nicht, ob es Magie gewesen war oder einfach nur Mut. Doch sie lächelte, denn manchmal genügt ein kleines Licht, um eine ganze Nacht zu verändern.
"	1987_Andersen_Copilot_Burrell_Das_Mädchen_mit_den_Wunderhölzern.txt	/content/drive/MyDrive/Märchen-Seminar/Korpus/Andersen/Copilot/1987_Andersen_Copilot_Burrell_Das_Mädchen_mit_den_Wunderhölzern.txt	neutral
Andersen	Copilot	1962	Andersen	Copilot	Ryss	Die wilden Schwäne	"Die wilden Schwäne

Es war einmal ein König, der hatte elf Söhne und eine Tochter, die so mild und rein war, dass selbst die Morgensonne leiser schien, wenn sie ihr goldenes Haar berührte. Lange lebten sie glücklich, bis der König eine neue Frau heimführte – eine Königin, stolz wie ein Wintertag und kalt wie ein gefrorener See.
Sie sah die Kinder an und spürte, dass ihre Schönheit und Güte heller leuchteten als ihr eigener Glanz. Und weil Neid ein Feuer ist, das nur verbrennt, sprach sie dunkle Worte, die wie Dornen aus ihrem Mund wuchsen. Die elf Prinzen verwandelten sich in wilde Schwäne, die mit einem Schrei in den Himmel stiegen. Die kleine Schwester aber traf ein anderer Fluch: Ihr Gesicht wurde so entstellt, dass selbst der Vater sie nicht erkannte. Er jagte sie fort, ohne zu wissen, dass er sein einziges Töchterlein verstieß.
So wanderte das Mädchen allein durch Wälder und Felder, und jede Nacht weinte sie sich in den Schlaf. Doch eines Abends, als der Mond wie ein silberner Teller über den Bäumen hing, hörte sie Flügelschlag. Elf Schwäne landeten vor ihr, und als die Sonne aufging, standen ihre Brüder vor ihr – nur für einen Augenblick, denn bei Tageslicht durften sie ihre menschliche Gestalt annehmen.
Sie erzählten ihr von dem Fluch und sagten, dass es nur einen Weg gebe, ihn zu brechen: Sie müsse Hemden aus Brennnesseln weben, die sie mit bloßen Händen pflückte. Und während sie daran arbeitete, dürfe sie kein einziges Wort sprechen – nicht einmal einen Seufzer. Denn jedes Wort wäre wie ein Messer, das den Zauber neu schärfte.
Das Mädchen nickte, und von diesem Tag an sprach sie nicht mehr. Sie pflückte Brennnesseln, die ihre Hände brannten ließen, bis sie bluteten. Sie webte bei Tag und bei Nacht, und ihre Tränen fielen wie Tau auf die grünen Fasern.
Eines Tages fand sie ein Prinz aus dem Nachbarreich. Er sah ihre stille Schönheit, die wie ein verborgenes Licht schimmerte, und nahm sie mit in sein Schloss. Er liebte sie, obwohl sie nicht sprach, und wollte sie zu seiner Frau machen. Doch die Menschen im Schloss flüsterten: „Eine stumme Fremde, die Brennnesseln sammelt und nie ein Wort sagt – das kann nur eine Hexe sein.“
Gerüchte sind wie kalter Wind: Sie kriechen durch jede Ritze. Bald verlangte das Volk, sie zu verbrennen. Der Prinz weinte, doch er konnte sie nicht retten. Und sie selbst schwieg, denn sie hatte nur noch ein Hemd zu vollenden.
Am Tag der Hinrichtung wurde sie auf den Scheiterhaufen geführt. Die Flammen leckten schon an den Holzscheiten, als sie den letzten Faden durchzog. Da rauschte es über ihr wie ein Sturm, und elf Schwäne stürzten vom Himmel herab. Mit einem letzten, brennenden Atemzug warf sie ihnen die Hemden über.
Die Hemden legten sich um ihre Schwanenkörper, und einer nach dem anderen verwandelten sie sich in Menschen – ihre Brüder, lebendig und frei. Nur der jüngste behielt einen Schwanenflügel, denn das letzte Hemd war nicht ganz fertig geworden.
Da wusste das Volk, dass sie keine Hexe war. Der Prinz riss sie vom Scheiterhaufen, und sie sank erschöpft in seine Arme. Als sie endlich sprach, war ihre Stimme wie ein Lied, das man lange vermisst hat.
Die böse Königin aber verschwand aus dem Reich, und niemand fragte je, wohin.
Die Schwester der elf Schwäne wurde Königin, doch sie blieb immer die stille, sanfte Seele, die mit blutenden Händen und unerschütterlichem Herzen ihre Brüder gerettet hatte. Und wenn man im Morgengrauen elf weiße Vögel über den Himmel ziehen sah, wusste man, dass sie nie vergessen hatten, was sie ihnen war:
Ein Herz, das stärker war als jeder Fluch.
"	1962_Andersen_Copilot_Ryss_Die_wilden_Schwäne.txt	/content/drive/MyDrive/Märchen-Seminar/Korpus/Andersen/Copilot/1962_Andersen_Copilot_Ryss_Die_wilden_Schwäne.txt	neutral
Andersen	Copilot	2005	Andersen	Copilot	Yong-gyun	The Red Shoes	"The Red Shoes

Es begann an einem Abend, an dem Sun‑jae begriff, dass ihr altes Leben zerbrochen war. Ihr Herz war schwer, und so zog sie mit ihrer kleinen Tochter Tae‑soo in ein altes, verlassen wirkendes Apartment an der Goksung‑Station. Die Zimmer waren eng, die Wände dünn, und doch hoffte Sun‑jae, dort einen Neuanfang zu finden.
Auf dem Heimweg in der U‑Bahn sah sie etwas auf dem Boden liegen: ein Paar rote Schuhe, so glänzend und schön, dass sie im fahlen Licht der Waggonlampen fast zu glühen schienen. Sie hob sie auf — und spürte einen seltsamen Stich, als hätte etwas Unsichtbares nach ihr gegriffen.
Zu Hause stellte sie die Schuhe beiseite. Doch schon am nächsten Morgen schienen sie eine eigene Stimme zu haben. Tae‑soo betrachtete sie mit großen Augen, und Sun‑jae selbst konnte den Blick kaum von ihnen lösen. Es war, als würden die Schuhe flüstern, als wollten sie getragen werden.
Bald veränderte sich etwas zwischen Mutter und Tochter. Eifersucht, Misstrauen, Habgier — Gefühle, die nie zuvor zwischen ihnen gestanden hatten, krochen in ihr Leben wie kalter Nebel. Tae‑soo nahm die Schuhe an sich, versteckte sie, bewachte sie. Sun‑jae fühlte sich ausgeschlossen, bedroht, und verstand nicht, warum die Schuhe sie beide so in ihren Bann zogen.
Als eine Freundin unter rätselhaften Umständen starb, begann Sun‑jae zu ahnen, dass die roten Schuhe ein Geheimnis bargen. Sie suchte nach Antworten, sprach mit Menschen, die sie früher getragen hatten. Eine Studentin erzählte ihr, dass die Schuhe nur denen Unheil brachten, die sie jemand anderem wegnahmen. Wer sie stahl, verlor sich selbst.
Mit Cho In‑cheol, einem Mann, der ihr helfen wollte, suchte Sun‑jae nach der Frau auf dem alten Werbeplakat, die die Schuhe einst in den Händen hielt. Doch je mehr sie erfuhr, desto mehr verwob sich ihr eigenes Schicksal mit dem Fluch. Die Wahrheit war bitter: Auch Sun‑jae hatte in einem Moment der Verzweiflung und Eifersucht Unrecht getan — und die Schuhe hatten diesen Schatten in ihr verstärkt.
Die Besessenheit wurde stärker. Die roten Schuhe schienen ihr zuzuflüstern, sie anzutreiben, sie zu beherrschen. Die Grenze zwischen Angst und Wut, zwischen Liebe und Besitz, verschwamm. Schließlich wandte sich Sun‑jae sogar gegen In‑cheol, der ihr helfen wollte. Die Schuhe hatten ihr Herz verdunkelt.
Als Tae‑soo ihr die Schuhe erneut wegnahm, brach etwas in Sun‑jae. Sie jagte dem Mädchen nach, durch die Straßen, bis hinunter zur U‑Bahn‑Station. Tae‑soo stand zu nah an der Kante, und der einfahrende Zug riss sie mit sich. Für einen Moment war Sun‑jae wie erstarrt, voller Schmerz und Schuld.
Doch dann veränderte sich ihr Blick. Die roten Schuhe lagen neben ihr, als warteten sie. Und Sun‑jae, die sich längst in ihrem Bann verloren hatte, begann zu lachen — ein kaltes, fremdes Lachen, das durch den leeren Tunnel hallte.
Die Schuhe hatten gewonnen.
Und so erzählt man sich, dass manche Dinge, die glänzen, nicht aus Schönheit geboren sind, sondern aus Sehnsucht, die zu Gier wird — und aus Herzen, die zu lange verletzt wurden, bis sie empfänglich wurden für einen Fluch, der in Rot schimmerte wie Blut, aber so verführerisch war wie ein Traum.
"	2005_Andersen_Copilot_Yong-gyun_The_Red_Shoes.txt	/content/drive/MyDrive/Märchen-Seminar/Korpus/Andersen/Copilot/2005_Andersen_Copilot_Yong-gyun_The_Red_Shoes.txt	neutral
Andersen	Copilot	1995	Andersen	Copilot	Wincelberg	Pepolino und der Schatz der Meerjungfrau	"Pepolino und der Schatz der Meerjungfrau

Seit dreizehn Jahren hielt die Hexe Hildegard Pepolinos Großvater in einem dunklen Kerker gefangen. Sie wollte von ihm nur eines: die Schatzkarte, die zur Mitgift der Königin von Saba führte — Gold und Geschmeide von unermesslichem Wert. Als der alte Mann ihr endlich verriet, wo die Karte versteckt war, schickte sie das Piratentrio Rotbart, Holzbein und Glasauge los, um sie zu holen.
Währenddessen sang Pepolino am Hafen. Er wollte eigentlich Fische fürs Mittagessen fangen, doch sein Gesang war ihm wichtiger als jede Angel. Die Leute blieben stehen, lächelten, hörten zu — aber statt Geld bekam er nur eine Rose. Seine Großmutter schimpfte liebevoll, denn Pepolino wollte lieber Troubadour sein als Pirat.
Da liefen zwei Schiffe ein. Eines davon war die „Granny Maria“, das Schiff seines Großvaters, der seit Jahren verschollen war. Die Großmutter schickte Pepolino sofort los, um das Schiff auszulösen. Er bezahlte den Hafenmeister und ging an Bord. Dort hörte er plötzlich eine Stimme: Don Poco, der Papagei seines Großvaters. Der bunte Vogel erzählte ihm von der letzten Schlacht, von Piraten, die die Schatzkarte wollten, und davon, dass der Großvater sie nie herausgegeben hatte.
Kapitän Babaluk, der die „Granny Maria“ in den Hafen geschleppt hatte, suchte inzwischen die Großmutter auf. Auch er wollte die Karte. Als sie sich weigerte, durchsuchte er heimlich das Haus. Die Großmutter erwischte ihn, doch er setzte sie außer Gefecht und floh. Kurz darauf tauchten Rotbart, Holzbein und Glasauge auf. Um sie loszuwerden, behauptete die Großmutter, Pepolino habe die Karte.
Als Pepolino heimkam und seine Großmutter gefesselt fand, wurde er wütend. Sie erzählte ihm, dass Babaluk die Karte gestohlen habe. Pepolino wollte sie zurückholen. Doch die Großmutter winkte ab: „Was soll ich mit einem Fetzen Papier? Bring mir lieber gleich den ganzen Schatz!“
Da Babaluk bereits ausgelaufen war, nahm Pepolino kurzerhand die „Granny Maria“. Seine Mannschaft bestand aus Hund Jacob, Papagei Don Poco und der Schiffsratte Emil.
Babaluk studierte die Karte und stellte entsetzt fest, dass sie in ein Gebiet führte, das man den „Bauchnabel des Teufels“ nannte — ein Ort, von dem niemand zurückkehrte und an dem Hexe Hildegard ihr Unwesen trieb. Pepolino folgte ihm singend über das Meer. Sein Gesang erreichte die Ohren der Meerjungfrau Mora, die sich sofort in den Jungen verliebte. Als Pepolino sie sah, verliebte er sich ebenso schnell.
Als er die „Seacat“ einholte, schickte er Emil hinüber, um die Karte zu stehlen. Die Katze Babette jagte die Ratte, doch Emil entkam mit der Karte. Babaluk bemerkte den Diebstahl, ruderte zu Pepolino und drohte, Jacob zu verletzen. Pepolino gab die Karte zurück — nicht ahnend, dass er Mora hatte, die ihn zum Schatz hätte führen können. Doch Mora wandte sich ab, als sie hörte, Pepolino sei wie alle Menschen nur am Gold interessiert.
Rotbart, Holzbein und Glasauge waren inzwischen ebenfalls unterwegs. Sie trafen zuerst auf die „Seacat“, beschossen sie und versenkten sie. Babaluk und Babette retteten sich auf die „Granny Maria“ — und versenkten im Gegenzug das Schiff des Piratentrios.
Auf der Schatzinsel angekommen, suchten Pepolino und Babaluk nach dem Schatz. Doch Rotbart, Holzbein und Glasauge folgten ihnen. Babaluk lief geradewegs auf Hildegards Burg zu, ohne es zu wissen. Pepolino kämpfte allein gegen die drei Piraten, bis die Hexe ihn gefangen nahm. Im Kerker fand er seinen Großvater wieder.
Don Poco schlich sich hinein, um ihnen zu helfen. Da begegnete er Mora, die von ihm erfuhr, dass Pepolino nicht am Gold hing, sondern an ihr. Da fasste sie Mut. Mit dem Dreizack ihres Vaters Neptun rief sie eine Springflut herbei, die den Hexenberg zum Einsturz brachte. Das Wasser füllte den Kerker, bis die Gefangenen schwimmend ein Fenster erreichten und fliehen konnten.
Sie gelangten glücklich zur „Granny Maria“ und segelten heim. Unterwegs traf Pepolino Mora noch einmal. Er folgte ihr unter Wasser und fand in einem versunkenen Schiff den Schatz der Königin von Saba. Doch er nahm nur eine kleine Kiste mit — gerade genug für seine Großmutter.
Zu Hause angekommen, fiel die Großmutter ihrem Mann und ihrem Enkel weinend vor Freude um den Hals. Pepolino stellte die Schatzkiste vor sie hin — und segelte dann wieder hinaus aufs Meer, zurück zu Mora, die auf ihn wartete.
"	1995_Andersen_Copilot_Wincelberg_Pepolino_und_der_Schatz_der_Meerjungfrau.txt	/content/drive/MyDrive/Märchen-Seminar/Korpus/Andersen/Copilot/1995_Andersen_Copilot_Wincelberg_Pepolino_und_der_Schatz_der_Meerjungfrau.txt	neutral
Andersen	Copilot	1980	Andersen	Copilot	Wolpin	Die Nachtigall	"Die Nachtigall

Es war einmal ein junger Schuster namens Evan, der Maria liebte, ein Mädchen mit Augen so klar wie ein Sommermorgen. Maria liebte ihn ebenfalls, doch sie neckte ihn oft und sagte:
„Ich lasse mich erst von dir küssen, wenn du alt genug bist, um einen Bart zu tragen.“
Evan seufzte, denn sein Gesicht war glatt wie ein Apfel. Er ging davon, traurig und ein wenig gekränkt, und wanderte in den Wald. Dort hörte er plötzlich eine Stimme, die um Hilfe rief. Ein Zauberer hing hoch oben in einem Baum fest — ohne seinen Zauberstab, der ihm entglitten war.
Evan fand den Stab im Gras, reichte ihn dem Zauberer und half ihm hinunter.
„Du hast mich gerettet,“ sagte der Zauberer. „Dafür hast du einen Wunsch frei.“
Evan dachte an Maria.
„Ich wünsche mir einen Bart.“
Und im selben Augenblick spross ihm ein prachtvoller Bart. Doch als Maria ihn sah, verzog sie das Gesicht.
„Das steht dir nicht,“ sagte sie und bat den Zauberer, den Bart wieder wegzuzaubern.
Evan schämte sich — und der Zauberer seufzte, denn er hatte es nur gut gemeint.
Kurz darauf kamen Soldaten des verstorbenen Königs ins Dorf. Sie suchten den verschollenen Königssohn, der drei Muttermale auf dem Rücken trug. Der Zauberer, der Evan endlich einen Wunsch erfüllen wollte, zauberte ihm diese Muttermale — und die Soldaten nahmen Evan mit ins Schloss.
Maria blieb zurück, allein und mit einem Herzen, das schwerer war als sie zugeben wollte.
Am Hof wurde Evan von Kanzler Krab und einer Reihe alter, duckmäuserischer Räte unterrichtet. Er lernte tanzen, Französisch sprechen und sich königlich zu benehmen. Doch alles im Schloss war künstlich: künstliche Blumen, künstliche Musik, künstliche Freude.
Evan sehnte sich nach etwas Echtem.
„Baut mir eine Nachtigall,“ befahl er dem Mechanikus.
Und so entstand eine mechanische Nachtigall, die sang, wenn man sie aufzog.
Zwei Schneider kamen, um sein Krönungsgewand zu nähen. Sie behaupteten, einen Stoff zu besitzen, den nur die sehen könnten, die ihres Amtes würdig waren. Alle Räte lobten den unsichtbaren Stoff — und Evan tat es ihnen nach, aus Angst, unwürdig zu erscheinen.
Zur Krönung erschien er in Unterwäsche.
Niemand wagte etwas zu sagen — außer Maria, die inzwischen als Tellerwäscherin im Schloss arbeitete.
„Evan! Du bist fast nackt!“ rief sie.
Die Soldaten wollten sie fassen, doch sie entkam.
Maria suchte den Zauberer auf.
„Du hast Evan verändert,“ sagte sie. „Er ist nicht mehr der, den ich liebte.“
Der Zauberer machte sich Vorwürfe.
„Vielleicht braucht er eine Prinzessin,“ murmelte er — und verwandelte Maria in eine.
Beim nächsten Ball sah Evan sie — und verliebte sich sofort.
„Sie erinnert mich an Maria,“ flüsterte er.
Sie tanzten miteinander, und für einen Moment war die Welt wieder hell.
Evan schickte ihr die mechanische Nachtigall und eine Rose in Glas.
Maria antwortete mit einer Puppe.
„Du liebst das Künstliche mehr als das Lebendige,“ schrieb sie.
Evan wurde krank vor Kummer. Das künstliche Leben am Hof erdrückte ihn.
Maria bat die echte Nachtigall, die im Wald sang, Evan zu retten.
Die Nachtigall flog zu seinem Fenster und sang — und ihr Lied heilte sein Herz.
Evan erinnerte sich an seine Kindheit, an Maria, an das echte Leben.
Er floh aus dem Schloss und hinterließ eine Nachricht:
„Ich verzichte auf die Königswürde.“
Er fand Maria — nun wieder in ihrer wahren Gestalt — und beide baten den Zauberer um einen letzten Wunsch:
„Wir wollen uns nie mehr trennen.“
Der Zauberer lächelte.
„Das ist der einzige Wunsch, den ihr euch selbst erfüllen könnt.“
Und so taten sie es.
"	1980_Andersen_Copilot_Wolpin_Die_Nachtigall.txt	/content/drive/MyDrive/Märchen-Seminar/Korpus/Andersen/Copilot/1980_Andersen_Copilot_Wolpin_Die_Nachtigall.txt	neutral
Andersen	Copilot	2002	Andersen	Copilot	Moore	Die Schneekönigin	"Die Schneekönigin

Es war einmal ein kleines Mädchen namens Gerda, das in einem Bergdorf lebte, wo die Winter lang und die Sommer kurz waren. Der Wind strich dort so scharf durch die Gassen, dass man meinte, er trüge die Stimmen der Berge mit sich. Gerdas Mutter war warmherzig und sang oft beim Arbeiten, doch eines Tages nahm der Winter sie mit sich, als wäre er ein hungriger Hund, der alles verschlingt, was ihm lieb erscheint. Seitdem war Gerdas Vater still geworden, und das Mädchen musste die Aufgaben der Mutter übernehmen, obwohl sie selbst noch ein Kind war.
Jahre vergingen, und eines Tages kam ein junger Page namens Kai in das Hotel, das Gerdas Vater führte. Kai hatte ein Lächeln, das selbst den Winter milder erscheinen ließ, und bald wuchs zwischen ihm und Gerda eine stille, zarte Liebe. Doch Gerdas Vater sah es nicht gern, denn er fürchtete, noch jemanden zu verlieren. Eines Abends, als der Wind besonders scharf pfiff, flog ein winziger Eissplitter in Kais Auge. Von da an wurde sein Blick kalt, und sein Herz schien aus Glas zu bestehen. Gerda erkannte ihn kaum wieder.
In jener Nacht stieg eine fremde Frau im Hotel ab, schön wie ein Stern und kalt wie ein gefrorener See. Kai wollte ihr nicht folgen, doch als sie ihn küsste, erlosch der letzte Funke Wärme in ihm. Er ging mit ihr fort, und Gerda blieb allein zurück, als hätte man ihr die Hälfte ihres Herzens genommen.
Verzweifelt lief sie zum Fluss und stürzte hinein, denn sie glaubte, er könne sie zu Kai tragen. Als sie die Augen wieder öffnete, lag sie in einem Garten voller Blumen, wo eine Frau mit warmen Händen und fröhlichem Lachen sie empfing. Die Frau Frühling nannte sie sich, und sie gab Gerda all das zurück, was sie seit dem Tod ihrer Mutter verloren hatte: Kindheit, Leichtigkeit, Wärme. Doch die Rosen im Garten flüsterten ihr eines Tages zu, dass Kai im Reich der Schneekönigin gefangen sei. Da erkannte Gerda, dass die Güte der Frau Frühling auch ein Zauber war, der sie festhalten sollte. Sie floh, und die Frau rief ihr nach, sie solle nie vergessen, welche Macht ein einziger Kuss habe.
Auf ihrer Reise traf Gerda einen kleinen Zauberer, der sie zum Palast der Sommerprinzessin führte. Diese versprach ihr eine Karte zum Schloss der Schneekönigin, wenn Gerda an einem Ball teilnehme. Doch die Prinzessin wollte sie mit einem ihrer Tänzer verkuppeln, damit sie Kai vergesse. Gerda blieb standhaft, denn ihr Herz kannte nur einen Namen. Mit Hilfe des Zauberers floh sie erneut, die Karte fest in der Hand.
Doch kaum hatte sie den Wald erreicht, fiel sie einer Räuberbande in die Hände. Frau Herbst, die Anführerin, wollte sie töten, doch deren Tochter bestand darauf, Gerda als ihr Spielzeug zu behalten. Als Gerda fliehen wollte, sperrte man sie in ein Erdloch. Durch die Wand hörte sie die Stimme eines Rentiers, das ebenfalls gefangen war. Gemeinsam durchbrachen sie die Wand, überwältigten das Räubermädchen und machten sich auf den Weg zum Schloss der Schneekönigin.
Währenddessen hatte Kai fast den Spiegel zusammengesetzt, den die Königin ihm gegeben hatte. Nur ein einziges Stück fehlte – das Stück, das in seinem Auge steckte. Der Eisbär, der ihn bewachte, erzählte ihm die Geschichte des Spiegels: Er hatte einst alles Gute im Herzen eines Menschen gezeigt, doch als die Schneekönigin hineinsah, spiegelte er nur Eis und Kälte. Seitdem wünschte sie sich, dass der Winter die einzige Jahreszeit auf Erden sei. Als der Spiegel zerbrach, verteilten sich seine Splitter in der Welt, und einer davon hatte Kai getroffen. Um ihn herauszulösen, müsste er einen weiteren Kuss der Königin empfangen – einen Kuss, der ihn das Leben kosten würde.
Endlich erreichte Gerda das Schloss. Sie lief durch Hallen aus Eis, bis sie Kai fand, bleich und starr wie eine Statue. Sie nahm seine Hände, sprach von ihrer gemeinsamen Zeit, und langsam begann der Bann zu bröckeln. Doch die Schneekönigin erschien und drohte, Gerda zu töten, wenn Kai ihr nicht den letzten Splitter gebe. Kai willigte ein, und als ihr Kuss ihn traf, sank er leblos zu Boden.
Gerda stellte sich der Königin entgegen, obwohl sie kaum noch Kraft hatte. Die Königin lächelte kalt, denn sie glaubte, schon gewonnen zu haben. Doch Gerda fasste die Brosche, die einst ihrer Mutter gehört hatte und in der deren ganze Liebe ruhte. „Du bist nicht die Schneekönigin“, sagte sie. „Du bist nur der Winter. Und der Winter vergeht.“ Sie presste die Brosche auf das Herz der Königin, und der Zauber brach. Die Königin fiel zu Boden, machtlos wie ein Schatten im Licht.
Gerda kniete neben Kai und flüsterte: „Ich liebe dich.“ Da öffnete er die Augen, und der Splitter löste sich aus seinem Herzen wie ein Tropfen Eis, der in der Sonne schmilzt. Gemeinsam kehrten sie in das Hotel zurück, das Gerdas Vater aus Trauer geschlossen hatte. Als er die beiden sah, fiel alle Kälte aus seinem Herzen, und er schloss sie in die Arme. Kai wurde willkommen geheißen wie ein verlorener Sohn, und im Dorf sagte man später, dass der Winter seit jenem Tag ein wenig milder geworden sei.
"	2002_Andersen_Copilot_Moore_Die_Schneekönigin.txt	/content/drive/MyDrive/Märchen-Seminar/Korpus/Andersen/Copilot/2002_Andersen_Copilot_Moore_Die_Schneekönigin.txt	neutral
Andersen	Copilot	1948	Andersen	Copilot	Powell	Die roten Schuhe	"Die roten Schuhe

Es war einmal ein Mädchen namens Victoria, das man Vicki rief. Sie war schlank wie eine Kerzenflamme und tanzte, als hätte der Wind selbst sie auf die Zehenspitzen gehoben. Doch noch war sie niemand, nur ein Gesicht unter vielen, ein Mädchen, das im Dunkel des Zuschauerraums saß und mit großen Augen auf die Bühne blickte.
Dort tanzte das berühmte Ballett Lermontov, geleitet von Boris Lermontov, einem Mann, der die Kunst liebte wie andere Menschen ein Kind – streng, eifersüchtig und mit einer Leidenschaft, die alles verzehrte, was ihr zu nahe kam. Als er Vicki auf einer Party sah, erkannte er in ihr etwas, das sie selbst noch nicht kannte: ein Funken, der, wenn man ihn nährte, zu einer Flamme werden konnte.
Er lud sie zu einer Probe ein, und Vicki folgte ihm wie jemand, der einem Traum hinterherläuft.
Zur gleichen Zeit suchte ein junger Musikstudent namens Julian Craster Gerechtigkeit. Sein Professor hatte seine Kompositionen gestohlen, und Julian, der mehr Mut im Herzen als Geld in der Tasche hatte, stellte Lermontov zur Rede. Der ließ ihn vorspielen, und als die ersten Töne erklangen, wusste er, dass dieser junge Mann Musik in den Fingern trug wie andere Menschen Blut in den Adern.
So wurden Vicki und Julian Teil des Balletts – sie als Tänzerin, er als Musiker. Und wie es manchmal geschieht, wenn zwei Menschen denselben Traum teilen, fanden ihre Herzen einander, noch ehe sie es selbst bemerkten.
Als die Primaballerina Irina das Ballett verließ, weil sie heiratete, war Lermontov tief verletzt. Für ihn war die Liebe ein Dieb, der ihm seine besten Künstler stahl. In seiner Enttäuschung wandte er sich Vicki zu und gab ihr die Hauptrolle in einem neuen Stück: Die roten Schuhe, nach dem alten Märchen, in dem ein Mädchen tanzt, bis es nicht mehr kann.
Julian komponierte die Musik, und während der Proben wuchs zwischen ihm und Vicki eine Liebe, die so still begann wie ein erster Schneefall. Doch Lermontov sah es und wurde hart. „Ein Herz kann nicht zwei Herren dienen“, sagte er. „Die Kunst duldet keine Nebenbuhler.“
Julian widersprach, und Vicki folgte ihm. Sie heirateten und lebten ein Jahr lang in einer Welt, die kleiner, aber wärmer war als jede Bühne.
Doch eines Tages hörte Vicki, dass Die roten Schuhe wieder getanzt werden sollten – ohne sie. Etwas in ihr erwachte, ein alter Hunger, der nie ganz gestillt worden war. Sie reiste nach Monte Carlo, und Lermontov, der sie nie vergessen hatte, redete auf sie ein, bis sie wieder in den Proben stand.
Da kam Julian, bleich vor Sorge, und bat sie, mit ihm zu gehen. „Du brauchst das Ballett nicht“, sagte er. „Du brauchst nur mich.“
„Aber ich bin das Ballett“, flüsterte sie. „Und das Ballett ist ich.“
Zwischen diesen beiden Wahrheiten stand sie wie zwischen zwei Spiegeln, die einander unendlich widerspiegeln. In ihrer Verzweiflung zog sie die roten Schuhe an – jene Schuhe, die im Märchen das Mädchen zum Tanz zwangen.
Kaum berührten sie ihre Füße, begannen sie zu zittern, als hätten sie einen eigenen Willen. Sie zogen sie fort, die Treppe hinunter, hinaus in die Nacht, dorthin, wo Julian stand. Doch der Tanz war stärker als sie, und ehe jemand sie halten konnte, stürzte sie vom Balkon vor einen heranrasenden Zug.
Julian lief zu ihr, hob sie in seine Arme, und sie sah ihn an, als wäre er das letzte Licht der Welt. „Zieh sie mir aus“, flüsterte sie. „Die roten Schuhe.“
Er tat es, und sie lächelte, als wäre sie endlich frei.
Am Abend wurde das Ballett dennoch aufgeführt. Lermontov trat auf die Bühne, bleich wie ein Geist, und kündigte die Vorstellung an. Als der Vorhang sich hob, fiel ein einzelner Scheinwerfer auf den Platz, an dem Vicki hätte stehen sollen.
Und manche sagen, dass man in diesem Licht, wenn man ganz genau hinsieht, den Schatten einer Tänzerin erkennt – leicht wie ein Hauch, schön wie ein verlorener Traum.
"	1948_Andersen_Copilot_Powell_Die_roten_Schuhe.txt	/content/drive/MyDrive/Märchen-Seminar/Korpus/Andersen/Copilot/1948_Andersen_Copilot_Powell_Die_roten_Schuhe.txt	neutral
Andersen	Copilot	1987	Andersen	Copilot	Karis	Die elf Schwäne	"Die elf Schwäne

Es war einmal ein König, der jedes Jahr den Geburtstag seiner Tochter Elisa feierte, obwohl niemand mehr wusste, wo sie war. Sie galt als verschollen, und doch ließ der König im ganzen Reich nach Mädchen suchen, die ihren Namen trugen. Eines Tages fand man tatsächlich ein fünfzehnjähriges Mädchen, das Elisa hieß.
Doch die böse Stiefmutter, die den König einst mit Zauberei an sich gebunden hatte, ließ das Mädchen bei der Audienz so verschandeln, dass es eher einer Hexe als einer Prinzessin glich. Der König erkannte seine Tochter nicht und schickte sie fort.
Allein im Wald erschien Elisa ihre verstorbene Mutter. Sie erzählte ihr, dass sie die wahre Tochter des Königs sei und elf Brüder habe, die einst Prinzen waren. Die Stiefmutter hatte sie getrennt und den König verzaubert. Elisa müsse ihre Brüder suchen, denn nur sie könne sie retten.
So wanderte Elisa durch das Land, und überall hörte sie nur von elf Schwänen, die am Abend über das Meer flogen. Sie folgte ihnen bis an die Küste. Als die Sonne sank, verwandelten sich die Schwäne in elf junge Männer — ihre Brüder. Sie umarmten Elisa, und ihre Herzen wurden warm, obwohl die Nacht kalt war.
In der Dunkelheit erschien die Mutter noch einmal. Sie erklärte Elisa, dass die Stiefmutter die Brüder in Schwäne verwandelt habe. Nur elf Hemden aus Brennnesseln könnten den Zauber brechen. Doch Elisa müsse schweigen, bis alle Hemden fertig seien — kein einziges Wort dürfe sie sprechen, sonst wären die Brüder verloren. Die Brennnesseln dürfe sie nur im Wald oder auf einem Friedhof pflücken.
Elisa begann sofort zu arbeiten. Die Brennnesseln brannten wie Feuer, und ihre Hände bluteten, doch sie sprach kein Wort. Eines Tages kam ein König vorbei, sah das schöne, schweigende Mädchen und nahm sie mit in sein Schloss. Er verliebte sich in sie und heiratete sie, obwohl sie kein Wort sprach. Er richtete ihr eine Kammer ein, in der sie ihre Hemden und die Brennnesseln verwahren konnte.
Nachts schlich Elisa sich aus dem königlichen Schlafzimmer, um weiterzuarbeiten. Als ihr Vorrat aufgebraucht war, ging sie auf den Friedhof, wo Hexen lauerten. Sie bedrohten sie, doch Elisa wich nicht zurück. Der Erzbischof, der sie beobachtet hatte, glaubte nun, sie sei selbst eine Hexe.
Ein weiteres Mal sah er sie auf dem Friedhof — diesmal auch der König. Die Hexen verschwanden, doch der Erzbischof ließ das Volk über Elisas Schicksal entscheiden. Die Stimmen der neidischen Frauen gaben den Ausschlag: Elisa sollte auf dem Scheiterhaufen sterben.
Man legte die fast fertigen Hemden auf den Wagen, der sie zur Hinrichtung brachte. Elisa arbeitete fieberhaft am letzten Hemd, während die Menge sie verspottete. Am Richtplatz angekommen, stürzten die elf Schwäne vom Himmel herab. Elisa warf ihnen die Hemden über — zehn verwandelten sich sofort in ihre Brüder zurück. Nur beim elften fehlte ein Ärmel, und so behielt er einen Schwanenflügel.
„Trauert nicht um mich,“ sagte er. „Ich bin frei.“
Da verstummte die Menge. Der Erzbischof nahm seinen Hut ab, und alle verneigten sich vor Elisa, die erschöpft, aber gerettet, in den Armen des Königs lag.
Und so endete der Zauber — nicht durch Macht, sondern durch Liebe, Mut und das Schweigen eines Mädchens, das stärker war als jede Hexerei.
"	1987_Andersen_Copilot_Karis_Die_elf_Schwäne.txt	/content/drive/MyDrive/Märchen-Seminar/Korpus/Andersen/Copilot/1987_Andersen_Copilot_Karis_Die_elf_Schwäne.txt	neutral
