Token,EmotionCount,Emotions
kleine,20,"admiration, amusement, anger, annoyance, approval, caring, curiosity, disappointment, disapproval, disgust, embarrassment, excitement, fear, gratitude, joy, love, nervousness, neutral, pride, sadness"
große,15,"admiration, amusement, anger, approval, caring, desire, disappointment, disapproval, disgust, fear, gratitude, joy, neutral, realization, sadness"
klaus,16,"admiration, amusement, anger, annoyance, approval, disappointment, embarrassment, fear, gratitude, joy, love, nervousness, neutral, pride, realization, surprise"
kleinen,19,"admiration, amusement, anger, annoyance, caring, curiosity, desire, disappointment, disapproval, disgust, embarrassment, fear, gratitude, joy, love, neutral, realization, sadness, surprise"
dorf,2,"joy, neutral"
wohnen,3,"admiration, disapproval, neutral"
zwei,15,"admiration, amusement, annoyance, curiosity, desire, disappointment, disapproval, embarrassment, fear, joy, neutral, optimism, realization, sadness, surprise"
männer,5,"admiration, amusement, desire, disappointment, neutral"
namen,5,"admiration, annoyance, joy, love, neutral"
höhe,2,"admiration, neutral"
großen,12,"admiration, amusement, annoyance, approval, curiosity, disgust, excitement, fear, gratitude, joy, neutral, sadness"
tages,7,"admiration, desire, disappointment, excitement, joy, neutral, sadness"
reiche,2,"admiration, neutral"
gutsbesitzerstochter,2,"admiration, neutral"
dora,3,"admiration, neutral, realization"
guter,3,"admiration, desire, neutral"
laune,3,"admiration, annoyance, neutral"
macht,10,"admiration, amusement, anger, approval, curiosity, disappointment, joy, love, neutral, realization"
arme,10,"amusement, annoyance, disappointment, disgust, fear, grief, joy, neutral, realization, sadness"
klein,3,"admiration, neutral, sadness"
solle,3,"admiration, desire, neutral"
vier,4,"admiration, anger, joy, neutral"
pferde,7,"admiration, anger, disgust, love, neutral, pride, sadness"
schon,15,"admiration, annoyance, approval, caring, confusion, curiosity, desire, disappointment, fear, joy, love, neutral, optimism, realization, sadness"
bald,11,"admiration, approval, curiosity, desire, excitement, fear, grief, love, neutral, optimism, realization"
arbeit,6,"admiration, anger, gratitude, love, neutral, sadness"
fertig,3,"admiration, anger, neutral"
woche,4,"anger, annoyance, neutral, sadness"
arbeiten,3,"anger, caring, neutral"
willigt,2,"anger, neutral"
missfällt,2,"disapproval, neutral"
nächsten,9,"admiration, anger, disappointment, embarrassment, excitement, joy, love, neutral, realization"
tag,12,"admiration, anger, approval, caring, disappointment, embarrassment, excitement, fear, gratitude, joy, love, neutral"
überall,5,"anger, curiosity, disappointment, fear, neutral"
wären,5,"admiration, disappointment, love, neutral, realization"
kurzerhand,2,"annoyance, neutral"
nimmt,5,"approval, fear, joy, love, neutral"
eigenen,3,"admiration, neutral, realization"
mageren,2,"admiration, neutral"
klepper,2,"admiration, neutral"
schweren,2,"disappointment, neutral"
ziehen,2,"neutral, sadness"
tier,6,"admiration, amusement, disappointment, fear, grief, neutral"
bietet,3,"admiration, disapproval, neutral"
pferd,5,"admiration, annoyance, excitement, neutral, surprise"
gleich,4,"approval, embarrassment, neutral, realization"
erst,9,"anger, approval, curiosity, excitement, love, neutral, realization, sadness, surprise"
später,6,"admiration, curiosity, disappointment, fear, neutral, surprise"
zurückkommt,2,"anger, neutral"
altes,3,"admiration, neutral, sadness"
enttäuscht,2,"disappointment, neutral"
beutel,2,"disappointment, neutral"
hause,10,"admiration, amusement, anger, approval, disappointment, joy, neutral, realization, sadness, surprise"
spät,4,"desire, excitement, neutral, realization"
geworden,5,"admiration, annoyance, neutral, realization, sadness"
müllerin,2,"neutral, surprise"
ab,7,"admiration, anger, annoyance, caring, embarrassment, neutral, sadness"
angeblich,2,"admiration, neutral"
allein,11,"admiration, amusement, curiosity, disappointment, disapproval, embarrassment, fear, grief, joy, neutral, sadness"
müller,8,"admiration, amusement, curiosity, excitement, nervousness, neutral, realization, surprise"
heimlich,4,"admiration, annoyance, love, neutral"
durchs,2,"neutral, realization"
fenster,8,"admiration, amusement, fear, joy, neutral, realization, sadness, surprise"
sieht,11,"admiration, amusement, disappointment, disgust, fear, love, neutral, pride, realization, remorse, sadness"
reich,13,"admiration, annoyance, approval, curiosity, disappointment, excitement, gratitude, joy, love, neutral, pride, realization, sadness"
tisch,2,"disgust, neutral"
zusammen,5,"admiration, amusement, grief, joy, neutral"
liebhaber,3,"approval, neutral, surprise"
haus,8,"anger, annoyance, curiosity, disgust, fear, grief, neutral, realization"
setzt,2,"neutral, optimism"
essen,8,"admiration, approval, disapproval, joy, nervousness, neutral, sadness, surprise"
beginnt,5,"admiration, amusement, anger, excitement, neutral"
kommt,12,"admiration, anger, annoyance, approval, caring, curiosity, desire, joy, love, neutral, realization, surprise"
meint,3,"approval, love, neutral"
gast,2,"admiration, neutral"
hätte,11,"admiration, approval, desire, disappointment, disapproval, embarrassment, joy, love, neutral, realization, surprise"
zauberer,9,"anger, approval, curiosity, disapproval, embarrassment, gratitude, love, neutral, sadness"
sack,4,"admiration, anger, gratitude, neutral"
sagte,22,"admiration, amusement, anger, annoyance, approval, caring, confusion, curiosity, desire, disappointment, disapproval, disgust, embarrassment, excitement, fear, gratitude, joy, love, neutral, remorse, sadness, surprise"
sollen,2,"desire, neutral"
lieber,6,"admiration, disappointment, disgust, embarrassment, love, neutral"
speisen,2,"amusement, neutral"
ofen,4,"admiration, disgust, neutral, surprise"
findet,5,"admiration, caring, love, neutral, realization"
gebratene,2,"admiration, neutral"
gans,2,"admiration, neutral"
mal,8,"admiration, annoyance, approval, caring, fear, joy, neutral, realization"
„,16,"admiration, amusement, anger, annoyance, approval, confusion, curiosity, desire, excitement, fear, joy, love, neutral, optimism, pride, sadness"
“,15,"admiration, amusement, anger, approval, confusion, curiosity, desire, fear, grief, joy, love, neutral, optimism, pride, sadness"
beiden,14,"admiration, amusement, annoyance, approval, desire, disapproval, excitement, gratitude, grief, joy, love, neutral, realization, sadness"
teufel,5,"anger, curiosity, disgust, excitement, neutral"
unbedingt,2,"excitement, neutral"
sehen,17,"admiration, amusement, annoyance, approval, confusion, curiosity, desire, disappointment, disapproval, disgust, embarrassment, excitement, fear, neutral, realization, sadness, surprise"
gestalt,3,"admiration, neutral, realization"
truhe,3,"admiration, neutral, surprise"
sitzen,5,"admiration, amusement, approval, caring, neutral"
tatsächlich,2,"neutral, realization"
jemanden,3,"caring, fear, neutral"
küster,5,"admiration, approval, excitement, neutral, surprise"
dorfes,3,"grief, neutral, realization"
aussieht,2,"annoyance, neutral"
besitzen,2,"amusement, neutral"
allerdings,4,"disapproval, joy, love, neutral"
wasser,14,"admiration, approval, caring, curiosity, desire, disgust, fear, gratitude, joy, neutral, pride, remorse, sadness, surprise"
werfen,3,"caring, neutral, pride"
lässt,8,"admiration, annoyance, approval, joy, love, neutral, sadness, surprise"
unterwegs,2,"fear, neutral"
frei,9,"admiration, approval, curiosity, disappointment, excitement, joy, neutral, realization, sadness"
erfährt,4,"annoyance, approval, neutral, realization"
bringt,4,"admiration, disappointment, love, neutral"
schönen,8,"admiration, approval, desire, disapproval, gratitude, love, neutral, sadness"
verkaufen,3,"neutral, optimism, surprise"
denkt,2,"admiration, neutral"
teuer,2,"admiration, neutral"
stadt,10,"admiration, amusement, anger, approval, joy, love, neutral, realization, sadness, surprise"
finden,11,"admiration, amusement, anger, annoyance, curiosity, disappointment, fear, joy, neutral, optimism, realization"
kehrt,4,"joy, neutral, pride, surprise"
herberge,2,"admiration, neutral"
voll,5,"admiration, anger, fear, gratitude, neutral"
mitgenommen,2,"admiration, neutral"
gibt,7,"admiration, annoyance, approval, caring, love, neutral, realization"
wirt,3,"admiration, joy, neutral"
trägt,2,"admiration, neutral"
ja,17,"admiration, amusement, anger, annoyance, approval, confusion, curiosity, disappointment, disapproval, excitement, fear, gratitude, joy, love, neutral, realization, sadness"
darinnen,2,"admiration, neutral"
wirklich,6,"admiration, confusion, curiosity, desire, neutral, sadness"
schenkt,3,"gratitude, neutral, realization"
wirtshaus,3,"admiration, disappointment, neutral"
tochter,9,"admiration, amusement, annoyance, curiosity, disappointment, joy, neutral, realization, sadness"
fluss,3,"admiration, anger, neutral"
gerade,10,"admiration, annoyance, approval, curiosity, disgust, excitement, fear, gratitude, neutral, sadness"
bringen,8,"admiration, annoyance, caring, desire, grief, joy, neutral, optimism"
plötzlich,6,"curiosity, joy, love, neutral, realization, surprise"
fällt,5,"approval, curiosity, disappointment, neutral, surprise"
versteckt,2,"neutral, surprise"
wiederfinden,2,"admiration, neutral"
inzwischen,4,"neutral, realization, sadness, surprise"
hof,3,"admiration, love, neutral"
gejagt,3,"annoyance, neutral, realization"
sohn,7,"admiration, desire, disapproval, love, neutral, optimism, realization"
joe,2,"neutral, realization"
beide,9,"admiration, approval, curiosity, desire, disappointment, love, neutral, optimism, remorse"
kinder,9,"admiration, amusement, anger, approval, disappointment, joy, love, neutral, surprise"
zunächst,3,"amusement, approval, neutral"
aufgebrachte,2,"fear, neutral"
menge,4,"fear, neutral, realization, surprise"
versammelt,2,"disappointment, neutral"
gefängnis,2,"caring, neutral"
ebenfalls,2,"admiration, neutral"
haywood,3,"desire, neutral, realization"
dutton,2,"neutral, realization"
molly,4,"desire, disappointment, neutral, realization"
rechtzeitig,2,"gratitude, neutral"
kommen,9,"admiration, approval, desire, fear, joy, love, neutral, realization, sadness"
beschließt,2,"excitement, neutral"
häuser,3,"fear, joy, neutral"
schneekönigin,9,"admiration, curiosity, disappointment, disapproval, grief, love, neutral, optimism, realization"
prophezeiung,2,"neutral, realization"
sterne,2,"admiration, neutral"
aufs,3,"admiration, amusement, neutral"
neue,6,"admiration, annoyance, approval, joy, neutral, optimism"
geboren,5,"disapproval, fear, joy, neutral, sadness"
schwarzen,5,"admiration, annoyance, joy, neutral, realization"
schwert,4,"admiration, caring, disgust, neutral"
eis,6,"admiration, fear, love, neutral, realization, sadness"
zerschlägt,2,"annoyance, neutral"
grünen,4,"admiration, disapproval, neutral, sadness"
stein,5,"admiration, annoyance, caring, fear, neutral"
krone,3,"admiration, disgust, neutral"
dunkelheit,4,"admiration, disgust, neutral, relief"
bedeckt,2,"disgust, neutral"
besitz,3,"grief, neutral, realization"
gar,14,"admiration, amusement, annoyance, confusion, disappointment, disapproval, fear, joy, love, neutral, optimism, realization, sadness, surprise"
haupt,3,"admiration, joy, neutral"
herrscher,4,"admiration, disappointment, disgust, neutral"
welt,16,"admiration, amusement, caring, curiosity, desire, disappointment, embarrassment, excitement, grief, joy, love, neutral, optimism, realization, sadness, surprise"
wäre,13,"admiration, amusement, annoyance, curiosity, disappointment, embarrassment, excitement, fear, joy, love, neutral, optimism, sadness"
mehr,18,"admiration, amusement, anger, annoyance, approval, caring, desire, disappointment, disapproval, disgust, fear, grief, joy, love, neutral, realization, relief, sadness"
vorher,2,"annoyance, neutral"
sonne,12,"admiration, annoyance, caring, desire, disapproval, gratitude, joy, love, neutral, realization, sadness, surprise"
mond,4,"amusement, desire, joy, neutral"
silber,3,"disgust, love, neutral"
zeit,11,"admiration, approval, curiosity, excitement, fear, joy, love, neutral, realization, sadness, surprise"
strand,5,"admiration, approval, caring, neutral, realization"
gerda,17,"admiration, amusement, anger, caring, curiosity, disappointment, disapproval, disgust, excitement, fear, gratitude, joy, love, neutral, realization, relief, sadness"
kai,5,"admiration, joy, love, neutral, optimism"
beim,5,"admiration, curiosity, love, neutral, realization"
spielen,6,"admiration, amusement, fear, joy, love, neutral"
spieldose,2,"neutral, realization"
drei,5,"admiration, anger, fear, love, neutral"
goldenen,3,"admiration, curiosity, neutral"
bekommt,2,"love, neutral"
erhält,5,"anger, curiosity, gratitude, love, neutral"
nachts,3,"admiration, neutral, sadness"
daraufhin,5,"amusement, annoyance, embarrassment, neutral, realization"
glühen,2,"admiration, neutral"
beginnen,4,"admiration, embarrassment, gratitude, neutral"
wirft,3,"amusement, neutral, optimism"
kalte,2,"fear, neutral"
erde,7,"admiration, amusement, annoyance, disgust, fear, neutral, sadness"
hinunter,5,"approval, curiosity, fear, neutral, remorse"
morgen,13,"admiration, annoyance, confusion, curiosity, desire, disapproval, excitement, gratitude, joy, love, neutral, realization, surprise"
betrübt,6,"admiration, disappointment, disgust, joy, neutral, sadness"
straße,4,"admiration, annoyance, neutral, sadness"
suche,4,"caring, fear, love, neutral"
boot,2,"admiration, neutral"
einsamen,2,"fear, neutral"
hexe,11,"admiration, amusement, anger, annoyance, approval, disapproval, disgust, gratitude, joy, neutral, sadness"
hilfe,4,"annoyance, gratitude, love, neutral"
zuckerherzen,2,"love, neutral"
gebracht,3,"disappointment, neutral, realization"
vergessen,4,"admiration, disappointment, neutral, realization"
einsame,4,"fear, love, neutral, realization"
bleibt,4,"admiration, desire, neutral, sadness"
geheimnis,3,"admiration, neutral, realization"
erscheinen,6,"admiration, anger, annoyance, love, neutral, surprise"
erzählen,5,"admiration, approval, gratitude, love, neutral"
mädchen,18,"admiration, amusement, annoyance, approval, caring, curiosity, desire, disappointment, disgust, embarrassment, fear, joy, love, neutral, optimism, realization, sadness, surprise"
tanzen,5,"admiration, amusement, fear, joy, neutral"
müssen,4,"approval, curiosity, neutral, realization"
rosen,6,"admiration, annoyance, curiosity, excitement, joy, neutral"
wänden,4,"amusement, disgust, love, neutral"
verwandelt,4,"admiration, anger, annoyance, neutral"
außerdem,2,"admiration, neutral"
raten,2,"neutral, optimism"
rat,2,"love, neutral"
erwischt,2,"curiosity, neutral"
trotzdem,3,"love, neutral, surprise"
entkommen,3,"desire, fear, neutral"
woraufhin,3,"annoyance, love, neutral"
augenblicklich,3,"confusion, joy, neutral"
kalten,4,"admiration, curiosity, joy, neutral"
derweil,2,"fear, neutral"
prinzen,14,"admiration, anger, caring, curiosity, desire, disappointment, excitement, fear, joy, love, neutral, realization, sadness, surprise"
erzählt,3,"admiration, neutral, sadness"
mag,5,"approval, curiosity, disgust, joy, neutral"
bittet,4,"admiration, love, nervousness, neutral"
darum,4,"admiration, annoyance, disapproval, neutral"
alte,15,"admiration, anger, approval, disappointment, disapproval, excitement, fear, gratitude, joy, love, neutral, optimism, realization, sadness, surprise"
kraft,4,"admiration, curiosity, neutral, realization"
unterdessen,2,"love, neutral"
zweiten,2,"disappointment, neutral"
schloss,7,"admiration, amusement, disapproval, joy, love, neutral, surprise"
prinzessin,20,"admiration, anger, annoyance, approval, caring, confusion, curiosity, desire, disappointment, disgust, excitement, fear, gratitude, joy, love, neutral, optimism, realization, sadness, surprise"
leben,14,"admiration, approval, caring, curiosity, desire, disappointment, excitement, fear, joy, love, neutral, realization, sadness, surprise"
heraus,7,"admiration, anger, disappointment, fear, neutral, realization, sadness"
neues,3,"approval, neutral, realization"
kleid,4,"admiration, annoyance, love, neutral"
geschenk,4,"admiration, excitement, love, neutral"
sowie,4,"admiration, confusion, fear, neutral"
paar,7,"admiration, amusement, disapproval, joy, neutral, optimism, realization"
reise,3,"caring, disapproval, neutral"
jedoch,6,"admiration, amusement, annoyance, embarrassment, fear, neutral"
verliert,4,"annoyance, neutral, realization, sadness"
dafür,10,"admiration, caring, excitement, gratitude, love, neutral, optimism, realization, sadness, surprise"
deren,7,"admiration, approval, gratitude, joy, love, neutral, optimism"
dritten,2,"admiration, neutral"
räuber,3,"amusement, disapproval, neutral"
schlafen,4,"curiosity, disapproval, love, neutral"
norden,2,"admiration, neutral"
begibt,4,"caring, fear, love, neutral"
dorthin,2,"admiration, neutral"
gestoßen,2,"disgust, neutral"
begegnet,2,"neutral, realization"
einst,7,"admiration, disappointment, disgust, gratitude, love, neutral, realization"
licht,8,"admiration, annoyance, approval, joy, neutral, realization, relief, sadness"
miteinander,4,"admiration, amusement, joy, neutral"
rangen,2,"neutral, sadness"
fiel,6,"annoyance, disappointment, gratitude, joy, neutral, sadness"
danach,6,"admiration, curiosity, disgust, fear, neutral, optimism"
langsam,3,"admiration, neutral, realization"
ewig,2,"curiosity, neutral"
darin,6,"admiration, disgust, joy, love, neutral, sadness"
sobald,4,"admiration, anger, neutral, realization"
nahe,4,"caring, neutral, realization, sadness"
käme,3,"curiosity, neutral, realization"
hände,10,"admiration, anger, approval, caring, desire, disgust, gratitude, joy, neutral, sadness"
wärme,5,"admiration, amusement, joy, neutral, realization"
strömt,2,"neutral, pride"
menschen,17,"admiration, amusement, anger, annoyance, curiosity, desire, disappointment, disapproval, disgust, excitement, fear, joy, love, neutral, optimism, realization, sadness"
entführte,2,"amusement, neutral"
machte,6,"admiration, disappointment, fear, joy, neutral, sadness"
stunde,2,"neutral, sadness"
zerbricht,2,"caring, neutral"
weißen,8,"admiration, annoyance, caring, confusion, gratitude, love, neutral, sadness"
kurz,2,"grief, neutral"
darauf,8,"admiration, amusement, grief, joy, neutral, realization, sadness, surprise"
verzweifelt,3,"fear, love, neutral"
fasst,2,"caring, neutral"
hand,10,"admiration, approval, caring, confusion, disappointment, fear, love, neutral, realization, sadness"
bewegen,2,"neutral, realization"
zeigt,3,"admiration, amusement, neutral"
entgegen,2,"fear, neutral"
guten,6,"admiration, excitement, gratitude, joy, love, neutral"
hält,2,"admiration, neutral"
lange,11,"admiration, amusement, annoyance, curiosity, disgust, fear, joy, love, neutral, realization, sadness"
daran,8,"admiration, approval, desire, joy, love, neutral, sadness, surprise"
setzen,2,"admiration, neutral"
erwacht,4,"admiration, love, neutral, sadness"
gerdas,4,"fear, love, neutral, sadness"
zerstört,2,"confusion, neutral"
märchen,3,"admiration, disappointment, neutral"
armer,6,"admiration, anger, desire, disappointment, neutral, sadness"
präsentiert,2,"neutral, realization"
abend,9,"annoyance, approval, desire, excitement, fear, gratitude, joy, neutral, realization"
fortgehen,2,"neutral, realization"
nacht,13,"admiration, amusement, annoyance, approval, caring, desire, disappointment, excitement, fear, joy, love, neutral, sadness"
präsentieren,2,"admiration, neutral"
puppen,2,"neutral, sadness"
soldat,11,"admiration, amusement, annoyance, approval, desire, fear, gratitude, joy, neutral, optimism, realization"
wurde,22,"admiration, amusement, anger, annoyance, approval, caring, confusion, curiosity, desire, disappointment, disgust, fear, gratitude, grief, joy, love, neutral, optimism, realization, remorse, sadness, surprise"
geht,9,"admiration, annoyance, disapproval, excitement, fear, love, neutral, pride, sadness"
arm,4,"curiosity, neutral, realization, sadness"
trifft,5,"admiration, caring, disappointment, neutral, realization"
hinab,4,"approval, curiosity, neutral, sadness"
gold,10,"admiration, approval, confusion, disgust, gratitude, love, neutral, realization, sadness, surprise"
tornister,4,"admiration, anger, gratitude, neutral"
verspricht,3,"love, neutral, optimism"
zurück,13,"admiration, anger, approval, desire, disappointment, excitement, fear, joy, neutral, pride, realization, sadness, surprise"
versprechen,3,"annoyance, neutral, sadness"
eilt,2,"love, neutral"
fort,9,"admiration, anger, annoyance, caring, confusion, desire, disapproval, neutral, sadness"
soldaten,8,"admiration, annoyance, disappointment, excitement, gratitude, love, neutral, realization"
gelangt,2,"curiosity, neutral"
besiegt,2,"love, neutral"
marktplatz,2,"admiration, neutral"
sofort,6,"admiration, fear, love, neutral, realization, surprise"
verliebt,6,"admiration, fear, love, neutral, realization, sadness"
viele,7,"admiration, amusement, annoyance, approval, caring, neutral, sadness"
freier,2,"admiration, neutral"
vater,11,"admiration, annoyance, fear, grief, joy, love, neutral, optimism, realization, sadness, surprise"
königreich,7,"admiration, desire, disappointment, joy, love, neutral, realization"
geld,13,"admiration, amusement, anger, approval, curiosity, desire, disappointment, embarrassment, fear, joy, love, neutral, optimism"
reichen,2,"admiration, neutral"
sodass,2,"annoyance, neutral"
hotel,3,"admiration, neutral, sadness"
steht,8,"admiration, approval, confusion, joy, love, neutral, pride, realization"
gute,7,"admiration, approval, disappointment, gratitude, neutral, optimism, realization"
feuerzeug,7,"admiration, amusement, curiosity, disappointment, gratitude, neutral, optimism"
gerufen,2,"annoyance, neutral"
wunsch,5,"desire, disapproval, joy, neutral, sadness"
müsse,4,"admiration, disapproval, neutral, sadness"
wünscht,2,"desire, neutral"
her,5,"admiration, curiosity, fear, love, neutral"
kurze,2,"admiration, neutral"
stube,7,"admiration, approval, curiosity, disgust, love, neutral, sadness"
schlafende,2,"joy, neutral"
glaubt,2,"curiosity, neutral"
träume,5,"amusement, disappointment, embarrassment, neutral, sadness"
spaziergang,2,"caring, neutral"
erfreut,3,"admiration, joy, neutral"
schnee,5,"admiration, amusement, curiosity, joy, neutral"
sommer,7,"admiration, amusement, curiosity, disappointment, gratitude, neutral, sadness"
küssen,4,"admiration, desire, love, neutral"
erkennt,5,"admiration, embarrassment, joy, neutral, realization"
traum,7,"admiration, annoyance, desire, excitement, fear, joy, neutral"
empört,3,"anger, annoyance, neutral"
davon,14,"admiration, amusement, approval, curiosity, desire, disappointment, fear, joy, love, neutral, optimism, pride, realization, sadness"
bett,8,"admiration, amusement, disappointment, disapproval, fear, joy, love, neutral"
genug,7,"admiration, annoyance, approval, curiosity, love, neutral, realization"
hochzeit,5,"admiration, desire, joy, neutral, realization"
besteht,3,"love, neutral, pride"
stellt,5,"anger, curiosity, neutral, realization, sadness"
knifflige,2,"gratitude, neutral"
frage,7,"annoyance, confusion, curiosity, embarrassment, fear, gratitude, neutral"
zauberers,2,"gratitude, neutral"
richtig,6,"admiration, approval, disappointment, joy, love, neutral"
beantworten,2,"gratitude, neutral"
darf,9,"admiration, annoyance, approval, confusion, disappointment, disapproval, neutral, pride, sadness"
heiraten,8,"curiosity, desire, disappointment, excitement, joy, love, neutral, sadness"
befiehlt,2,"curiosity, neutral"
bemerkt,2,"joy, neutral"
liegt,4,"admiration, annoyance, approval, neutral"
kurzen,3,"admiration, neutral, sadness"
erscheint,5,"admiration, disappointment, fear, neutral, realization"
bereits,3,"admiration, neutral, realization"
löst,2,"annoyance, neutral"
unsichtbar,3,"admiration, joy, neutral"
gefangenen,2,"neutral, realization"
könig,16,"admiration, annoyance, approval, confusion, curiosity, disappointment, disgust, excitement, joy, love, neutral, optimism, pride, realization, sadness, surprise"
zaubert,2,"admiration, neutral"
nase,4,"annoyance, disgust, love, neutral"
möchte,10,"admiration, amusement, annoyance, curiosity, desire, disappointment, excitement, joy, neutral, sadness"
schicksal,2,"neutral, realization"
heirat,2,"admiration, neutral"
wege,4,"confusion, joy, neutral, surprise"
aufgabe,2,"fear, neutral"
erfüllt,5,"admiration, disapproval, joy, neutral, sadness"
verlangt,3,"anger, excitement, neutral"
prinz,11,"admiration, curiosity, desire, disappointment, disapproval, excitement, joy, love, neutral, sadness, surprise"
geliebte,2,"love, neutral"
suchen,2,"amusement, neutral"
letztendlich,2,"admiration, neutral"
ehe,3,"admiration, neutral, surprise"
liebt,4,"curiosity, love, neutral, realization"
eröffnet,2,"disappointment, neutral"
könne,8,"admiration, approval, desire, disapproval, disgust, excitement, neutral, surprise"
sei,14,"admiration, annoyance, approval, curiosity, desire, disappointment, disapproval, disgust, fear, gratitude, neutral, realization, sadness, surprise"
ort,2,"joy, neutral"
versteht,2,"anger, neutral"
puppentheater,2,"joy, neutral"
lebt,2,"annoyance, neutral"
frau,13,"admiration, amusement, annoyance, approval, caring, curiosity, fear, joy, love, neutral, realization, sadness, surprise"
kindern,3,"gratitude, neutral, realization"
montag,2,"admiration, neutral"
samstag,2,"admiration, neutral"
hans,5,"gratitude, joy, love, neutral, surprise"
feld,4,"admiration, grief, neutral, realization"
familie,4,"desire, disappointment, disgust, neutral"
haut,3,"admiration, neutral, sadness"
markt,3,"amusement, neutral, realization"
aufgrund,3,"approval, disgust, neutral"
übernachten,2,"disappointment, neutral"
schickt,2,"admiration, neutral"
boden,6,"admiration, disappointment, fear, neutral, realization, sadness"
empfängt,2,"nervousness, neutral"
behauptet,2,"annoyance, neutral"
kuchen,2,"admiration, neutral"
befinden,2,"neutral, optimism"
sogar,3,"admiration, desire, neutral"
``,25,"admiration, amusement, anger, annoyance, approval, caring, confusion, curiosity, desire, disappointment, disapproval, disgust, embarrassment, excitement, fear, gratitude, joy, love, neutral, optimism, pride, realization, remorse, sadness, surprise"
'',24,"admiration, amusement, anger, annoyance, approval, caring, confusion, curiosity, desire, disappointment, disapproval, disgust, embarrassment, excitement, fear, gratitude, joy, love, neutral, optimism, pride, realization, sadness, surprise"
sitzt,6,"admiration, approval, confusion, disapproval, love, neutral"
dankbarkeit,2,"admiration, neutral"
schuhe,9,"admiration, desire, disappointment, fear, joy, neutral, realization, sadness, surprise"
daheim,3,"admiration, joy, neutral"
nachdem,4,"caring, disappointment, neutral, pride"
toten,3,"annoyance, caring, neutral"
bekommen,15,"admiration, amusement, annoyance, caring, confusion, curiosity, disappointment, excitement, joy, love, neutral, optimism, realization, sadness, surprise"
erschlägt,2,"annoyance, neutral"
versucht,5,"anger, annoyance, joy, neutral, surprise"
wegen,4,"admiration, anger, neutral, remorse"
preisvorstellungen,2,"amusement, neutral"
zuvor,6,"admiration, amusement, anger, fear, neutral, realization"
kirche,4,"admiration, disapproval, fear, neutral"
davor,3,"anger, fear, neutral"
stehen,7,"admiration, curiosity, disgust, fear, joy, love, neutral"
steine,3,"caring, disappointment, neutral"
feind,3,"fear, neutral, realization"
geworfen,2,"admiration, neutral"
wenig,5,"admiration, joy, neutral, realization, sadness"
wiese,2,"admiration, neutral"
neben,2,"love, neutral"
berichtet,3,"admiration, love, neutral"
grund,3,"admiration, curiosity, neutral"
flusses,2,"curiosity, neutral"
fee,6,"gratitude, joy, love, neutral, sadness, surprise"
geschenkt,2,"joy, neutral"
ertrinkt,2,"caring, neutral"
meerjungfrau,4,"admiration, amusement, neutral, realization"
–,13,"admiration, amusement, annoyance, approval, caring, disappointment, gratitude, joy, love, neutral, realization, sadness, surprise"
auge,3,"admiration, amusement, neutral"
meerkönigs,2,"approval, neutral"
stelle,5,"approval, desire, joy, neutral, surprise"
see,6,"admiration, disappointment, fear, gratitude, joy, neutral"
wilde,3,"annoyance, love, neutral"
töchter,2,"approval, neutral"
glänzenden,4,"admiration, approval, excitement, neutral"
perlen,2,"neutral, pride"
heute,2,"excitement, neutral"
geburtstag,4,"admiration, excitement, joy, neutral"
singen,6,"admiration, curiosity, desire, disappointment, excitement, neutral"
singt,2,"love, neutral"
liebe,8,"admiration, approval, caring, desire, joy, love, neutral, realization"
voller,9,"admiration, amusement, fear, gratitude, joy, love, neutral, pride, realization"
trauer,5,"admiration, joy, love, neutral, sadness"
bricht,2,"love, neutral"
treibt,2,"anger, neutral"
retten,5,"admiration, approval, desire, neutral, sadness"
augen,12,"admiration, amusement, desire, disappointment, disapproval, excitement, fear, love, neutral, realization, sadness, surprise"
schiff,6,"caring, joy, neutral, realization, sadness, surprise"
meereskönig,2,"neutral, realization"
lassen,9,"admiration, annoyance, approval, disapproval, embarrassment, joy, love, neutral, sadness"
gleitet,2,"neutral, sadness"
sanft,2,"curiosity, neutral"
herab,5,"anger, fear, love, neutral, sadness"
blaue,4,"admiration, disgust, neutral, surprise"
haar,3,"admiration, confusion, neutral"
schwester,8,"admiration, amusement, approval, caring, joy, love, neutral, sadness"
erste,4,"annoyance, curiosity, disapproval, neutral"
seejungfrau,3,"joy, neutral, sadness"
schwestern,8,"admiration, amusement, annoyance, desire, fear, joy, neutral, sadness"
großmutter,10,"admiration, anger, annoyance, approval, disappointment, embarrassment, joy, love, neutral, sadness"
königin,11,"admiration, amusement, annoyance, caring, confusion, desire, disappointment, excitement, joy, love, neutral"
nordlicht,2,"admiration, neutral"
gelben,3,"admiration, joy, neutral"
meer,7,"admiration, amusement, curiosity, disappointment, love, neutral, sadness"
feuer,4,"admiration, disgust, neutral, realization"
singenden,2,"joy, neutral"
fischen,2,"fear, neutral"
blumen,10,"admiration, amusement, anger, annoyance, disapproval, disgust, gratitude, love, neutral, sadness"
schafen,2,"admiration, neutral"
fragt,3,"embarrassment, joy, neutral"
nixe,5,"admiration, caring, excitement, neutral, surprise"
verbleib,2,"love, neutral"
mutter,12,"admiration, caring, curiosity, disappointment, disgust, fear, joy, love, neutral, realization, sadness, surprise"
jahre,3,"disappointment, neutral, optimism"
alt,3,"love, neutral, sadness"
meere,8,"admiration, annoyance, approval, curiosity, desire, joy, neutral, realization"
blickt,2,"amusement, neutral"
oberfläche,2,"disappointment, neutral"
schwimmt,2,"admiration, neutral"
vergleicht,2,"neutral, surprise"
aussehen,2,"gratitude, neutral"
fest,10,"admiration, approval, desire, disappointment, disgust, excitement, fear, joy, neutral, sadness"
bevor,2,"approval, neutral"
bäumen,4,"admiration, approval, disgust, neutral"
kuss,2,"love, neutral"
königliche,3,"disappointment, fear, neutral"
meeresfamilie,2,"fear, neutral"
kostbaren,3,"annoyance, desire, neutral"
rote,3,"admiration, annoyance, neutral"
inneren,2,"disappointment, neutral"
gefunden,6,"amusement, joy, love, neutral, realization, surprise"
roten,7,"admiration, caring, desire, disappointment, disgust, joy, neutral"
schenkte,6,"admiration, curiosity, desire, disappointment, gratitude, neutral"
wunderschöne,3,"admiration, fear, neutral"
stimme,5,"admiration, approval, neutral, realization, sadness"
hören,8,"admiration, annoyance, approval, desire, disappointment, excitement, joy, neutral"
weiß,13,"admiration, anger, caring, confusion, curiosity, disappointment, fear, joy, love, neutral, optimism, realization, surprise"
rot,5,"admiration, love, neutral, realization, sadness"
schwarz,2,"neutral, sadness"
wer,13,"admiration, anger, annoyance, approval, curiosity, disappointment, fear, love, neutral, optimism, realization, sadness, surprise"
nie,17,"admiration, amusement, anger, annoyance, caring, confusion, disappointment, disapproval, disgust, embarrassment, fear, joy, love, neutral, realization, sadness, surprise"
oben,6,"admiration, amusement, annoyance, curiosity, joy, neutral"
jungen,7,"admiration, anger, approval, fear, joy, neutral, realization"
hört,2,"neutral, sadness"
sehnsucht,4,"admiration, amusement, fear, neutral"
tiefe,2,"neutral, realization"
meeres,3,"admiration, neutral, realization"
schar,2,"fear, neutral"
königlichen,2,"admiration, neutral"
prächtigen,3,"admiration, neutral, sadness"
feuerwerk,2,"joy, neutral"
meeresschaum,2,"annoyance, neutral"
land,9,"admiration, annoyance, desire, disapproval, joy, love, neutral, optimism, sadness"
fröhlich,5,"admiration, curiosity, excitement, joy, neutral"
schöne,10,"admiration, amusement, approval, disappointment, excitement, joy, love, neutral, sadness, surprise"
kummervoll,2,"neutral, sadness"
meerkönig,2,"disappointment, neutral"
streng,2,"admiration, neutral"
immer,15,"admiration, amusement, annoyance, approval, caring, curiosity, desire, disappointment, fear, joy, love, neutral, optimism, realization, sadness"
dunkelhaarige,4,"admiration, love, neutral, realization"
denken,4,"admiration, annoyance, neutral, realization"
jahr,3,"admiration, joy, neutral"
untergehenden,2,"admiration, neutral"
gekommen,4,"curiosity, fear, neutral, sadness"
läuft,5,"admiration, amusement, approval, love, neutral"
meerhexe,2,"fear, neutral"
menschliche,2,"disgust, neutral"
erhalten,8,"admiration, curiosity, disappointment, excitement, love, nervousness, neutral, optimism"
lied,7,"admiration, curiosity, excitement, joy, neutral, realization, sadness"
herz,16,"admiration, amusement, approval, caring, curiosity, desire, embarrassment, fear, gratitude, joy, love, neutral, optimism, realization, sadness, surprise"
brechen,2,"neutral, sadness"
natur,3,"admiration, annoyance, neutral"
vielen,4,"admiration, caring, love, neutral"
garten,5,"admiration, amusement, fear, joy, neutral"
einsam,2,"fear, neutral"
menschengestalt,2,"disappointment, neutral"
reisen,3,"approval, disappointment, neutral"
schweigen,4,"anger, annoyance, love, neutral"
schiffe,3,"admiration, neutral, surprise"
laufen,2,"love, neutral"
blutigen,2,"joy, neutral"
füße,6,"admiration, anger, embarrassment, nervousness, neutral, sadness"
scheint,4,"admiration, desire, disappointment, neutral"
erkennen,6,"admiration, disgust, fear, joy, neutral, realization"
meermädchen,3,"admiration, annoyance, neutral"
messer,7,"admiration, amusement, curiosity, fear, joy, neutral, sadness"
drängt,3,"desire, fear, neutral"
neigt,2,"admiration, neutral"
schrei,5,"admiration, annoyance, fear, neutral, sadness"
erwachen,3,"desire, neutral, realization"
braut,4,"admiration, annoyance, neutral, sadness"
darüber,3,"admiration, neutral, realization"
gesang,7,"admiration, amusement, disgust, excitement, gratitude, love, neutral"
evan,5,"admiration, embarrassment, love, neutral, sadness"
verloren,6,"admiration, confusion, disappointment, neutral, realization, sadness"
daher,6,"approval, caring, desire, joy, love, neutral"
baum,6,"admiration, annoyance, curiosity, joy, neutral, realization"
rettet,2,"caring, neutral"
bart,3,"admiration, desire, neutral"
gefällt,4,"admiration, approval, love, neutral"
maria,6,"anger, joy, love, neutral, sadness, surprise"
königs,6,"admiration, amusement, annoyance, disappointment, neutral, realization"
rücken,5,"admiration, annoyance, joy, love, neutral"
endlich,9,"amusement, caring, desire, fear, joy, neutral, optimism, realization, sadness"
gilt,4,"admiration, annoyance, love, neutral"
alter,5,"admiration, curiosity, neutral, realization, sadness"
räte,2,"admiration, neutral"
seite,6,"admiration, disappointment, fear, love, neutral, sadness"
mechanische,3,"joy, love, neutral"
nachtigall,4,"admiration, joy, love, neutral"
gewand,2,"neutral, realization"
krönung,2,"joy, neutral"
stoff,2,"admiration, neutral"
amtes,2,"admiration, neutral"
geben,11,"admiration, amusement, anger, approval, curiosity, desire, disapproval, embarrassment, neutral, realization, sadness"
unsichtbaren,2,"admiration, neutral"
schließlich,5,"admiration, anger, neutral, realization, sadness"
schneidern,2,"approval, neutral"
unterwäsche,3,"amusement, joy, neutral"
obwohl,4,"approval, joy, love, neutral"
eigentlich,2,"curiosity, neutral"
sagen,12,"admiration, amusement, annoyance, approval, curiosity, fear, gratitude, joy, love, neutral, realization, sadness"
anstellung,3,"curiosity, nervousness, neutral"
ruft,2,"anger, neutral"
fast,7,"admiration, amusement, fear, love, neutral, sadness, surprise"
nackt,3,"amusement, annoyance, neutral"
fassen,2,"disappointment, neutral"
gelingt,2,"disappointment, neutral"
vollkommen,2,"neutral, realization"
gemeinsam,3,"approval, disappointment, neutral"
glas,10,"admiration, annoyance, approval, caring, confusion, desire, disapproval, fear, neutral, sadness"
rose,7,"admiration, annoyance, confusion, joy, neutral, optimism, realization"
krank,2,"neutral, sadness"
künstliche,4,"admiration, curiosity, love, neutral"
ertragen,3,"admiration, love, neutral"
stets,3,"love, neutral, realization"
wald,8,"admiration, curiosity, fear, gratitude, grief, neutral, realization, sadness"
fliegt,3,"admiration, disapproval, neutral"
gesund,3,"caring, joy, neutral"
erinnert,4,"admiration, love, neutral, realization"
frühere,3,"amusement, love, neutral"
flieht,3,"amusement, fear, neutral"
wünschen,3,"curiosity, disappointment, neutral"
trennen,2,"love, neutral"
mögen,2,"love, neutral"
wilden,3,"gratitude, love, neutral"
schwäne,7,"admiration, anger, annoyance, caring, joy, neutral, sadness"
elisa,13,"admiration, anger, annoyance, approval, confusion, curiosity, disappointment, fear, joy, love, neutral, realization, sadness"
sechs,2,"admiration, neutral"
brüdern,4,"admiration, gratitude, neutral, sadness"
hielt,7,"admiration, amusement, annoyance, approval, disappointment, joy, neutral"
hexentochter,3,"admiration, anger, neutral"
brüder,8,"amusement, approval, caring, desire, fear, neutral, realization, sadness"
däumelinchen,9,"admiration, annoyance, caring, disapproval, disgust, joy, love, neutral, sadness"
kind,10,"admiration, annoyance, caring, curiosity, disappointment, gratitude, joy, love, neutral, sadness"
kröte,7,"admiration, amusement, disapproval, disgust, neutral, realization, remorse"
entführt,2,"anger, neutral"
freunde,4,"admiration, annoyance, love, neutral"
maikäfer,3,"annoyance, love, neutral"
lustig,4,"amusement, joy, love, neutral"
winter,7,"approval, curiosity, fear, gratitude, love, neutral, realization"
unterschlupf,2,"admiration, neutral"
feldmaus,4,"admiration, approval, neutral, sadness"
helfen,9,"admiration, approval, caring, disappointment, disapproval, gratitude, love, neutral, optimism"
geschichten,5,"admiration, amusement, approval, love, neutral"
besuch,3,"excitement, neutral, sadness"
maulwurf,4,"admiration, annoyance, neutral, realization"
freundin,2,"caring, neutral"
schwalbe,6,"admiration, caring, desire, joy, neutral, sadness"
blüte,2,"joy, neutral"
elf,7,"anger, caring, curiosity, joy, neutral, realization, sadness"
einzigen,2,"disapproval, neutral"
verschollen,2,"neutral, surprise"
verlassen,3,"annoyance, neutral, sadness"
leute,8,"admiration, amusement, approval, fear, joy, love, neutral, sadness"
spur,2,"annoyance, neutral"
nehmen,4,"admiration, approval, neutral, optimism"
erneut,5,"disappointment, fear, love, neutral, realization"
böse,13,"admiration, amusement, annoyance, approval, caring, confusion, disappointment, disapproval, disgust, embarrassment, fear, neutral, sadness"
stiefmutter,4,"annoyance, disgust, neutral, sadness"
hemden,3,"neutral, realization, sadness"
brennnesseln,3,"anger, neutral, realization"
zauber,3,"excitement, love, neutral"
gebrochen,3,"love, neutral, sadness"
wiederum,2,"love, neutral"
stumme,3,"admiration, love, neutral"
kammer,2,"disapproval, neutral"
pflanzen,2,"admiration, neutral"
pflücken,2,"disgust, neutral"
erzbischof,2,"annoyance, neutral"
zeuge,2,"admiration, neutral"
hexen,3,"anger, annoyance, neutral"
frauen,2,"neutral, sadness"
führt,2,"neutral, sadness"
tod,5,"amusement, annoyance, neutral, realization, sadness"
droht,2,"neutral, surprise"
gefahren,3,"excitement, gratitude, neutral"
wagen,8,"admiration, approval, desire, disgust, grief, neutral, pride, sadness"
gelegt,2,"desire, neutral"
fahrt,4,"amusement, excitement, neutral, surprise"
hastig,2,"neutral, sadness"
letzten,4,"desire, love, neutral, surprise"
richtplatz,2,"anger, neutral"
angekommen,3,"anger, joy, neutral"
zehn,3,"disappointment, gratitude, neutral"
bruder,3,"admiration, neutral, sadness"
schwan,3,"admiration, disgust, neutral"
fordert,2,"neutral, surprise"
verneigen,2,"admiration, neutral"
gehalten,3,"admiration, fear, neutral"
galoschen,10,"admiration, amusement, caring, confusion, curiosity, desire, disappointment, excitement, joy, neutral"
sorge,2,"fear, neutral"
mensch,9,"admiration, amusement, annoyance, disapproval, joy, neutral, optimism, realization, sadness"
ewigen,5,"fear, love, neutral, optimism, realization"
taugen,2,"confusion, neutral"
neuen,4,"annoyance, disappointment, neutral, realization"
herr,6,"admiration, approval, curiosity, embarrassment, neutral, sadness"
gesteckt,2,"curiosity, neutral"
idee,2,"neutral, realization"
junger,4,"admiration, love, neutral, surprise"
leutnant,2,"neutral, surprise"
ball,6,"approval, desire, joy, love, neutral, surprise"
ganzes,3,"approval, neutral, sadness"
vermögen,3,"curiosity, neutral, optimism"
tun,6,"admiration, annoyance, confusion, neutral, optimism, realization"
erschöpft,2,"neutral, realization"
schlaf,3,"neutral, realization, sadness"
denen,5,"admiration, approval, love, neutral, optimism"
tote,2,"neutral, sadness"
füßen,5,"admiration, caring, disgust, neutral, sadness"
abgenommen,2,"desire, neutral"
theater,3,"amusement, annoyance, neutral"
gelangen,4,"desire, fear, neutral, optimism"
oper,2,"annoyance, neutral"
behandelt,3,"admiration, caring, neutral"
ganz,18,"admiration, amusement, annoyance, approval, confusion, curiosity, disappointment, disapproval, excitement, fear, joy, love, nervousness, neutral, optimism, realization, sadness, surprise"
ersten,7,"approval, caring, disappointment, joy, love, neutral, realization"
reihe,2,"admiration, neutral"
laut,7,"admiration, amusement, approval, fear, love, neutral, sadness"
situation,2,"approval, neutral"
mitten,10,"admiration, approval, desire, disapproval, fear, love, neutral, realization, sadness, surprise"
gut,13,"admiration, amusement, approval, caring, confusion, curiosity, embarrassment, excitement, fear, joy, neutral, realization, sadness"
gerät,6,"annoyance, embarrassment, neutral, realization, sadness, surprise"
tiefer,3,"admiration, approval, neutral"
lauter,2,"love, neutral"
dampfbad,2,"fear, neutral"
wundert,2,"neutral, surprise"
eintrittskarte,2,"annoyance, neutral"
verrückt,5,"amusement, annoyance, excitement, joy, neutral"
irrenarzt,2,"annoyance, neutral"
einfach,3,"confusion, love, neutral"
zieht,4,"annoyance, love, neutral, surprise"
vogel,10,"admiration, annoyance, approval, caring, curiosity, disgust, gratitude, neutral, realization, sadness"
worte,6,"admiration, annoyance, approval, disappointment, neutral, realization"
feen,2,"love, neutral"
nähe,2,"neutral, remorse"
glücks,7,"caring, confusion, curiosity, disappointment, excitement, joy, neutral"
armen,7,"admiration, amusement, joy, love, neutral, realization, sadness"
langem,3,"joy, neutral, realization"
student,2,"desire, neutral"
gern,10,"admiration, approval, curiosity, desire, fear, gratitude, joy, love, neutral, sadness"
verwundert,2,"neutral, surprise"
wesen,3,"joy, neutral, sadness"
wohin,5,"curiosity, disappointment, embarrassment, neutral, realization"
gewünscht,2,"desire, neutral"
figuren,3,"admiration, amusement, neutral"
kay,9,"admiration, curiosity, disapproval, excitement, gratitude, love, neutral, realization, sadness"
kaiser,13,"admiration, amusement, annoyance, approval, curiosity, desire, disapproval, embarrassment, gratitude, joy, neutral, realization, surprise"
kleider,7,"admiration, amusement, annoyance, curiosity, excitement, neutral, realization"
schwefelhölzern,3,"admiration, annoyance, neutral"
schlosses,4,"annoyance, joy, neutral, sadness"
erwartet,4,"desire, neutral, optimism, remorse"
reisekamerad,5,"admiration, fear, joy, neutral, sadness"
beweisen,4,"approval, desire, love, neutral"
fragen,2,"confusion, neutral"
tiefste,2,"desire, neutral"
schlafmittel,2,"desire, neutral"
glücksfee,2,"excitement, neutral"
verschwindet,2,"admiration, neutral"
junge,8,"admiration, disappointment, fear, grief, joy, love, neutral, realization"
bauer,5,"approval, desire, disgust, joy, neutral"
springt,2,"excitement, neutral"
cape,2,"disappointment, neutral"
cod,2,"disappointment, neutral"
hübsches,3,"admiration, curiosity, neutral"
fischschwanz,3,"admiration, annoyance, neutral"
schnell,6,"admiration, anger, annoyance, fear, love, neutral"
fahren,3,"admiration, annoyance, neutral"
kornbluth,2,"neutral, sadness"
dabei,8,"approval, curiosity, disappointment, joy, neutral, realization, sadness, surprise"
stürzt,2,"annoyance, neutral"
bewusstlos,2,"neutral, sadness"
blonde,2,"admiration, neutral"
rettete,2,"caring, neutral"
beine,4,"admiration, caring, disapproval, neutral"
wiedersehen,2,"joy, neutral"
deshalb,6,"admiration, excitement, fear, joy, neutral, realization"
polizei,3,"approval, curiosity, neutral"
sprache,2,"disappointment, neutral"
name,3,"admiration, curiosity, neutral"
auszusprechen,3,"caring, love, neutral"
madison,2,"love, neutral"
sagt,7,"admiration, approval, caring, embarrassment, excitement, gratitude, neutral"
tage,6,"admiration, annoyance, disappointment, fear, love, neutral"
bleiben,4,"admiration, approval, love, neutral"
besessen,2,"admiration, neutral"
hilft,3,"approval, neutral, sadness"
langen,7,"admiration, anger, fear, joy, neutral, optimism, sadness"
springen,2,"excitement, neutral"
klar,5,"admiration, love, neutral, realization, surprise"
erbse,5,"admiration, disappointment, joy, love, neutral"
regen,5,"admiration, embarrassment, fear, neutral, sadness"
blick,5,"admiration, curiosity, love, neutral, realization"
gesucht,2,"neutral, sadness"
öffnet,2,"admiration, neutral"
lachen,3,"amusement, joy, neutral"
mädchens,2,"love, neutral"
kommenden,2,"fear, neutral"
weckt,2,"curiosity, neutral"
anmutig,2,"joy, neutral"
schultern,2,"admiration, neutral"
schweinehirten,3,"annoyance, neutral, realization"
prächtiger,2,"admiration, neutral"
anblick,3,"admiration, joy, neutral"
pflegt,2,"caring, neutral"
natürliche,2,"annoyance, neutral"
verspottet,2,"disgust, neutral"
schweinehirt,10,"admiration, anger, annoyance, curiosity, disappointment, excitement, gratitude, neutral, sadness, surprise"
traurig,3,"admiration, neutral, sadness"
spaß,2,"amusement, neutral"
neuer,3,"admiration, joy, neutral"
musik,8,"admiration, amusement, annoyance, disappointment, joy, love, neutral, surprise"
lieblich,2,"admiration, neutral"
küsse,7,"amusement, annoyance, excitement, gratitude, love, neutral, realization"
topf,4,"admiration, curiosity, gratitude, neutral"
schmutzigen,2,"disgust, neutral"
zehnmal,2,"love, neutral"
spielzeug,2,"neutral, sadness"
melodie,3,"admiration, approval, neutral"
oh,9,"admiration, curiosity, disgust, embarrassment, fear, joy, neutral, realization, surprise"
augustin,6,"admiration, approval, desire, excitement, love, neutral"
preis,2,"desire, neutral"
hundert,3,"admiration, fear, neutral"
gerne,3,"joy, love, neutral"
verweist,2,"annoyance, neutral"
echten,2,"admiration, neutral"
weitem,2,"fear, neutral"
berge,4,"curiosity, fear, joy, neutral"
wälder,3,"admiration, neutral, sadness"
tuch,3,"admiration, disgust, neutral"
kleiner,8,"admiration, annoyance, approval, curiosity, embarrassment, fear, neutral, sadness"
witz,5,"admiration, amusement, neutral, pride, realization"
gehen,8,"admiration, amusement, desire, disgust, fear, gratitude, neutral, surprise"
königstochter,3,"amusement, curiosity, neutral"
tief,6,"admiration, curiosity, fear, neutral, realization, sadness"
werben,2,"desire, neutral"
dinge,6,"admiration, caring, excitement, joy, love, neutral"
opfer,2,"caring, neutral"
freude,7,"admiration, desire, joy, love, neutral, realization, surprise"
verzichten,3,"excitement, love, neutral"
schwarze,4,"admiration, love, neutral, sadness"
schönheit,5,"admiration, embarrassment, love, neutral, realization"
gefahr,2,"neutral, realization"
stellen,3,"annoyance, fear, neutral"
troll,3,"disgust, neutral, sadness"
weite,2,"embarrassment, neutral"
drehen,3,"admiration, amusement, neutral"
tanz,4,"disappointment, joy, neutral, surprise"
beantwortet,2,"admiration, neutral"
hoffnung,4,"neutral, optimism, realization, sadness"
erlösen,3,"confusion, love, neutral"
liebste,2,"admiration, neutral"
diesmal,3,"disappointment, love, neutral"
kopf,12,"admiration, annoyance, caring, confusion, disgust, embarrassment, fear, joy, love, neutral, sadness, surprise"
wissen,8,"approval, curiosity, disapproval, excitement, joy, neutral, realization, surprise"
lebendige,3,"admiration, love, neutral"
dritte,4,"amusement, fear, love, neutral"
gedacht,5,"approval, curiosity, neutral, realization, surprise"
gesteht,2,"love, neutral"
wahrheit,3,"embarrassment, neutral, realization"
feiern,2,"joy, neutral"
preziöse,2,"anger, neutral"
müde,5,"admiration, embarrassment, nervousness, neutral, sadness"
ferne,3,"admiration, curiosity, neutral"
maler,2,"admiration, neutral"
gatten,2,"excitement, neutral"
unglaublichste,4,"admiration, annoyance, confusion, neutral"
kunst,4,"admiration, joy, love, neutral"
schlossgarten,2,"admiration, neutral"
darbietungen,2,"excitement, neutral"
platz,4,"admiration, amusement, disgust, neutral"
klingt,2,"annoyance, neutral"
ganze,13,"admiration, anger, annoyance, approval, confusion, curiosity, disappointment, embarrassment, gratitude, joy, neutral, optimism, sadness"
recht,12,"admiration, amusement, approval, caring, disappointment, disgust, fear, joy, love, neutral, realization, sadness"
lauten,3,"fear, neutral, sadness"
liegen,3,"admiration, neutral, pride"
gras,2,"gratitude, neutral"
tänzer,2,"admiration, neutral"
hüpfen,2,"excitement, neutral"
vorbei,7,"admiration, annoyance, curiosity, love, neutral, realization, sadness"
poet,3,"admiration, annoyance, neutral"
erster,2,"excitement, neutral"
pantomime,2,"admiration, neutral"
wahren,2,"approval, neutral"
stirbt,2,"neutral, sadness"
wohl,16,"admiration, amusement, anger, annoyance, approval, caring, confusion, curiosity, desire, disapproval, excitement, gratitude, joy, love, neutral, sadness"
leidenschaft,3,"admiration, approval, neutral"
zarte,4,"desire, love, neutral, realization"
richtige,4,"approval, love, neutral, realization"
müsste,2,"love, neutral"
bemerken,2,"disappointment, neutral"
matratzen,2,"admiration, neutral"
eiderdaunendecken,2,"admiration, neutral"
zuletzt,5,"annoyance, approval, disgust, fear, neutral"
däumeline,2,"admiration, neutral"
geschichte,9,"admiration, anger, annoyance, approval, desire, excitement, gratitude, neutral, realization"
samenkorn,2,"admiration, neutral"
genannt,3,"admiration, curiosity, neutral"
größer,8,"admiration, annoyance, disappointment, fear, joy, love, neutral, sadness"
daumen,2,"joy, neutral"
kennen,2,"admiration, neutral"
seerosenblatt,3,"fear, joy, neutral"
fliehen,3,"disappointment, love, neutral"
weiteren,3,"excitement, love, neutral"
heimweg,4,"admiration, disappointment, neutral, surprise"
erfahren,4,"amusement, approval, neutral, realization"
eltern,5,"admiration, disappointment, joy, neutral, sadness"
liebsten,4,"curiosity, joy, love, neutral"
alten,9,"admiration, amusement, curiosity, desire, disappointment, excitement, joy, love, neutral"
verfallen,2,"neutral, sadness"
gestorben,3,"admiration, neutral, sadness"
karl,3,"admiration, joy, neutral"
käfer,2,"admiration, neutral"
gewalt,2,"anger, neutral"
freundlich,3,"admiration, joy, neutral"
altar,2,"embarrassment, neutral"
tal,2,"love, neutral"
liebenden,2,"neutral, surprise"
mann,16,"admiration, amusement, annoyance, approval, confusion, curiosity, disappointment, disapproval, fear, joy, love, neutral, pride, realization, sadness, surprise"
flügel,8,"admiration, amusement, curiosity, embarrassment, fear, neutral, realization, sadness"
kaisers,2,"admiration, neutral"
lorenzo,3,"joy, neutral, realization"
steuern,2,"annoyance, neutral"
untertanen,2,"curiosity, neutral"
großer,4,"admiration, fear, neutral, sadness"
armut,2,"anger, neutral"
plan,2,"annoyance, neutral"
lehre,3,"gratitude, neutral, realization"
erteilen,2,"love, neutral"
major,2,"admiration, neutral"
kehren,3,"joy, neutral, sadness"
bitten,2,"desire, neutral"
sprechen,7,"admiration, amusement, confusion, disappointment, disapproval, neutral, sadness"
dürfen,4,"admiration, annoyance, neutral, sadness"
stoffe,4,"admiration, annoyance, joy, neutral"
weben,3,"admiration, neutral, realization"
wartet,2,"love, neutral"
weit,10,"admiration, amusement, annoyance, disappointment, excitement, fear, love, neutral, realization, sadness"
natürlich,3,"admiration, approval, neutral"
amt,3,"admiration, confusion, neutral"
zugeben,4,"joy, neutral, realization, sadness"
bestätigt,2,"annoyance, neutral"
herum,4,"admiration, disappointment, fear, neutral"
volk,6,"admiration, amusement, anger, joy, neutral, realization"
entscheidung,2,"approval, neutral"
dumm,7,"admiration, annoyance, approval, confusion, fear, neutral, realization"
unfähig,3,"admiration, annoyance, neutral"
hofstaat,2,"neutral, realization"
gewändern,3,"amusement, approval, neutral"
zeigen,7,"annoyance, approval, caring, embarrassment, neutral, optimism, realization"
entschlossen,2,"neutral, realization"
ende,6,"approval, disapproval, fear, love, neutral, realization"
führen,3,"caring, joy, neutral"
zuerst,5,"amusement, anger, approval, caring, neutral"
jubeln,2,"admiration, neutral"
seien,3,"admiration, neutral, sadness"
kleines,8,"admiration, amusement, fear, gratitude, joy, love, neutral, sadness"
klärt,2,"caring, neutral"
ehrlich,3,"curiosity, neutral, sadness"
zukunft,3,"disappointment, joy, neutral"
hässliche,3,"admiration, disgust, neutral"
entlein,9,"admiration, annoyance, curiosity, disgust, fear, joy, neutral, remorse, sadness"
ente,6,"admiration, curiosity, disappointment, disgust, joy, neutral"
enterich,2,"disgust, neutral"
schlüpfen,3,"admiration, approval, neutral"
ei,5,"admiration, annoyance, curiosity, disgust, neutral"
weißes,3,"admiration, grief, neutral"
geraten,4,"annoyance, desire, fear, neutral"
streit,4,"anger, annoyance, neutral, realization"
still,2,"embarrassment, neutral"
herzen,12,"admiration, amusement, annoyance, approval, caring, fear, grief, joy, love, neutral, realization, sadness"
aufgenommen,2,"love, neutral"
oft,6,"desire, disgust, joy, neutral, sadness, surprise"
arielle,8,"amusement, anger, caring, desire, disappointment, love, neutral, realization"
vaters,5,"admiration, caring, fear, neutral, sadness"
unbemerkt,2,"neutral, realization"
treiben,2,"annoyance, neutral"
perfekte,2,"admiration, neutral"
chance,2,"caring, neutral"
triton,3,"anger, disappointment, neutral"
abends,5,"admiration, amusement, fear, neutral, realization"
ehren,2,"neutral, optimism"
erik,6,"admiration, disappointment, joy, neutral, realization, sadness"
arielles,2,"admiration, neutral"
ertrinken,3,"caring, curiosity, neutral"
gerettet,7,"anger, caring, gratitude, love, neutral, sadness, surprise"
außer,10,"admiration, annoyance, confusion, disappointment, fear, gratitude, grief, neutral, realization, sadness"
wut,2,"neutral, realization"
dreizack,2,"desire, neutral"
geheimes,2,"anger, neutral"
versteck,2,"anger, neutral"
menschenwelt,3,"anger, love, neutral"
tagen,3,"amusement, neutral, sadness"
geküsst,2,"love, neutral"
seele,12,"admiration, amusement, approval, caring, confusion, curiosity, desire, disappointment, joy, love, neutral, optimism"
gehört,7,"admiration, approval, caring, disappointment, joy, neutral, realization"
bezahlung,2,"caring, neutral"
verwandelte,2,"admiration, neutral"
sogleich,9,"admiration, amusement, anger, approval, disappointment, gratitude, joy, love, neutral"
geplant,2,"neutral, realization"
genau,2,"admiration, neutral"
vanessa,2,"admiration, neutral"
falsche,2,"annoyance, neutral"
max,2,"neutral, realization"
begreift,2,"approval, neutral"
untergehen,2,"admiration, neutral"
versehentlich,2,"neutral, sadness"
zorn,3,"love, neutral, realization"
hinaus,12,"admiration, amusement, anger, caring, desire, excitement, fear, gratitude, joy, neutral, realization, sadness"
bord,2,"neutral, sadness"
töten,2,"love, neutral"
all,7,"admiration, anger, curiosity, gratitude, neutral, realization, surprise"
emil,3,"caring, fear, neutral"
waisenhaus,2,"neutral, realization"
landfried,2,"caring, neutral"
inga,3,"fear, neutral, sadness"
eng,2,"neutral, optimism"
ingas,2,"joy, neutral"
heim,5,"amusement, caring, joy, neutral, sadness"
bestraft,3,"disapproval, neutral, surprise"
weihnachtstag,2,"neutral, surprise"
schwefelhölzer,4,"admiration, neutral, optimism, surprise"
meisten,2,"admiration, neutral"
belohnung,3,"caring, neutral, optimism"
mut,9,"approval, confusion, disappointment, fear, grief, joy, love, neutral, realization"
kräftigen,2,"caring, neutral"
hölzchen,4,"admiration, neutral, realization, sadness"
abkauft,2,"fear, neutral"
fremde,3,"admiration, fear, neutral"
kalt,5,"admiration, annoyance, approval, joy, neutral"
festlich,2,"neutral, realization"
wohnzimmer,2,"neutral, realization"
fremden,3,"desire, joy, neutral"
bündel,2,"joy, neutral"
brand,2,"joy, neutral"
vorhang,2,"joy, neutral"
herzlich,4,"desire, gratitude, joy, neutral"
willkommen,2,"admiration, neutral"
heißen,2,"annoyance, neutral"
leblos,2,"neutral, realization"
abgebrannte,2,"disappointment, neutral"
engel,6,"admiration, anger, love, neutral, realization, sadness"
vereint,2,"amusement, neutral"
frieden,2,"joy, neutral"
heißt,2,"curiosity, neutral"
amulett,2,"admiration, neutral"
bild,6,"admiration, disgust, joy, love, neutral, sadness"
statt,2,"joy, neutral"
weise,2,"neutral, realization"
tölpelhans,5,"amusement, curiosity, excitement, joy, neutral"
klugen,2,"admiration, neutral"
melchior,2,"neutral, sadness"
gregor,2,"neutral, sadness"
kümmern,3,"annoyance, disapproval, neutral"
tausendschön,3,"disappointment, joy, neutral"
bereit,2,"curiosity, neutral"
glück,14,"amusement, annoyance, caring, curiosity, desire, disappointment, disgust, gratitude, grief, joy, neutral, optimism, realization, remorse"
unrecht,2,"neutral, realization"
getan,2,"neutral, realization"
eigener,3,"admiration, embarrassment, neutral"
erobern,2,"desire, neutral"
kennt,2,"neutral, surprise"
draußen,12,"admiration, amusement, anger, approval, caring, desire, fear, joy, neutral, realization, sadness, surprise"
dennoch,4,"approval, joy, neutral, optimism"
schließt,3,"admiration, joy, neutral"
wohnt,3,"admiration, curiosity, neutral"
mühle,2,"admiration, neutral"
händen,7,"admiration, amusement, caring, desire, fear, joy, neutral"
bewerber,3,"annoyance, approval, neutral"
reden,2,"disappointment, neutral"
ebenso,4,"admiration, fear, neutral, realization"
weniger,2,"excitement, neutral"
taugt,2,"admiration, neutral"
wolle,5,"admiration, disgust, fear, love, neutral"
gefolgt,2,"neutral, realization"
hohen,4,"admiration, approval, desire, neutral"
mauer,4,"admiration, amusement, joy, neutral"
umgeben,2,"love, neutral"
dunkel,3,"annoyance, love, neutral"
niemand,13,"admiration, amusement, annoyance, caring, confusion, curiosity, disappointment, disapproval, disgust, joy, neutral, realization, sadness"
tür,7,"admiration, desire, embarrassment, nervousness, neutral, pride, sadness"
stand,12,"admiration, anger, disappointment, embarrassment, fear, grief, joy, love, nervousness, neutral, realization, sadness"
katrin,3,"admiration, neutral, realization"
leidet,2,"caring, neutral"
verstehen,3,"admiration, annoyance, neutral"
leer,3,"admiration, disappointment, neutral"
wurden,7,"admiration, amusement, disgust, nervousness, neutral, realization, sadness"
verurteilt,2,"grief, neutral"
tode,3,"admiration, grief, neutral"
schaffen,3,"approval, neutral, optimism"
köpfe,4,"annoyance, curiosity, joy, neutral"
langer,3,"joy, neutral, surprise"
gesehen,11,"admiration, curiosity, disappointment, disapproval, embarrassment, excitement, fear, joy, love, neutral, surprise"
stiefeln,3,"anger, nervousness, neutral"
rock,3,"admiration, excitement, neutral"
mund,3,"admiration, disgust, neutral"
warum,2,"curiosity, neutral"
tragen,7,"admiration, annoyance, curiosity, gratitude, neutral, realization, sadness"
kleidung,3,"approval, joy, neutral"
zweit,2,"joy, neutral"
jan,8,"admiration, desire, disapproval, fear, gratitude, grief, love, neutral"
sterben,4,"annoyance, curiosity, neutral, realization"
wucherer,3,"grief, neutral, realization"
kindheit,3,"love, neutral, realization"
half,5,"admiration, anger, curiosity, neutral, optimism"
verlangte,5,"admiration, annoyance, grief, neutral, surprise"
agnes,2,"disappointment, neutral"
sowohl,5,"admiration, annoyance, disgust, neutral, realization"
erfüllung,3,"disappointment, neutral, realization"
einzige,6,"admiration, disgust, love, neutral, pride, surprise"
ruhe,3,"neutral, realization, sadness"
dämon,3,"admiration, love, neutral"
rubin,5,"admiration, desire, fear, grief, neutral"
verhindern,2,"neutral, realization"
erreicht,2,"joy, neutral"
falsch,3,"anger, annoyance, neutral"
ergriffen,2,"fear, neutral"
höhle,3,"approval, gratitude, neutral"
ewige,2,"disappointment, neutral"
gestalten,5,"admiration, amusement, disgust, fear, neutral"
jakob,2,"approval, neutral"
maja,2,"approval, neutral"
greta,2,"approval, neutral"
not,2,"admiration, neutral"
audienz,4,"admiration, annoyance, disgust, neutral"
beste,4,"admiration, curiosity, desire, neutral"
weber,2,"admiration, neutral"
breit,3,"admiration, neutral, realization"
nähen,3,"admiration, curiosity, neutral"
hätten,5,"admiration, disappointment, neutral, realization, surprise"
unverzeihlich,2,"admiration, neutral"
prächtig,3,"admiration, neutral, pride"
unschuldigen,2,"neutral, realization"
geschenke,3,"admiration, neutral, optimism"
kündigt,2,"fear, neutral"
abschied,2,"joy, neutral"
hängt,2,"disgust, neutral"
schlitten,5,"admiration, disapproval, disgust, grief, neutral"
zurückgekehrt,2,"neutral, optimism"
begegnen,3,"caring, fear, neutral"
rabe,2,"joy, neutral"
krähe,5,"approval, curiosity, love, nervousness, neutral"
klara,2,"joy, neutral"
bräutigam,2,"fear, neutral"
elsa,8,"annoyance, disappointment, fear, grief, love, neutral, realization, sadness"
namens,4,"admiration, love, neutral, sadness"
goldene,2,"admiration, neutral"
kutsche,6,"admiration, annoyance, confusion, curiosity, disappointment, neutral"
sicher,13,"admiration, approval, caring, curiosity, disapproval, excitement, gratitude, joy, love, neutral, realization, sadness, surprise"
elsas,3,"annoyance, fear, neutral"
märchenerzähler,2,"joy, neutral"
freuen,3,"gratitude, joy, neutral"
räubertochter,3,"admiration, joy, neutral"
ertappt,2,"disapproval, neutral"
rentier,3,"admiration, joy, neutral"
frühling,3,"admiration, joy, neutral"
innerlich,3,"admiration, amusement, neutral"
umarmt,2,"love, neutral"
angst,7,"admiration, caring, disappointment, fear, neutral, realization, relief"
getroffen,2,"neutral, realization"
glücklich,3,"embarrassment, joy, neutral"
letzte,3,"annoyance, neutral, optimism"
unten,6,"admiration, annoyance, approval, curiosity, neutral, realization"
lächelnd,2,"joy, neutral"
hoch,5,"admiration, fear, gratitude, joy, neutral"
befindet,2,"disappointment, neutral"
tore,2,"joy, neutral"
hund,9,"anger, disapproval, disgust, excitement, fear, love, neutral, realization, sadness"
hunde,4,"anger, excitement, joy, neutral"
münzen,2,"amusement, neutral"
ankommt,2,"neutral, realization"
los,4,"amusement, caring, confusion, neutral"
säbel,5,"admiration, curiosity, desire, neutral, optimism"
reichtum,5,"admiration, joy, love, neutral, realization"
schuster,3,"love, neutral, realization"
somit,2,"amusement, neutral"
falschen,3,"disappointment, neutral, realization"
kosten,3,"admiration, love, neutral"
stiefel,2,"fear, neutral"
kerze,3,"admiration, fear, neutral"
ohren,3,"annoyance, fear, neutral"
verlieren,5,"admiration, caring, fear, neutral, realization"
folgenden,2,"annoyance, neutral"
kammerfrau,3,"embarrassment, fear, neutral"
zimmer,4,"admiration, neutral, optimism, realization"
gehängt,2,"annoyance, neutral"
pfeife,2,"admiration, neutral"
rauchen,2,"admiration, neutral"
schlägt,4,"disgust, neutral, optimism, realization"
bergen,3,"admiration, fear, neutral"
rolle,2,"neutral, surprise"
wiederzuerkennen,2,"admiration, neutral"
spiegel,3,"admiration, fear, neutral"
zusammensetzen,2,"neutral, optimism"
fröhlichen,3,"admiration, joy, neutral"
kümmert,2,"caring, neutral"
lebens,4,"desire, joy, neutral, realization"
einziger,2,"approval, neutral"
angeführt,2,"fear, neutral"
behalten,4,"curiosity, joy, neutral, realization"
sprechenden,2,"admiration, neutral"
wand,2,"neutral, realization"
räubermädchen,5,"admiration, amusement, joy, neutral, sadness"
teilchen,2,"disappointment, neutral"
eisbär,2,"neutral, realization"
spiegels,2,"neutral, realization"
wind,7,"admiration, anger, desire, fear, neutral, realization, sadness"
getragen,3,"joy, neutral, realization"
zeigte,3,"admiration, fear, neutral"
sahen,11,"amusement, desire, disgust, excitement, fear, joy, love, neutral, optimism, realization, sadness"
strahlte,2,"joy, neutral"
strahlende,2,"neutral, pride"
hineinsah,2,"neutral, realization"
kälte,3,"neutral, realization, sadness"
jahreszeit,2,"admiration, neutral"
erden,2,"admiration, neutral"
nahm,9,"admiration, anger, fear, grief, love, neutral, optimism, realization, sadness"
himmel,7,"admiration, anger, confusion, desire, joy, love, neutral"
zerbrach,3,"fear, neutral, sadness"
teile,2,"love, neutral"
erreichen,4,"admiration, approval, neutral, sadness"
empfangen,2,"love, neutral"
gleichzeitig,2,"amusement, neutral"
bann,2,"love, neutral"
splitter,2,"love, neutral"
berührt,2,"approval, neutral"
entgegnet,2,"love, neutral"
dadurch,2,"neutral, realization"
lichterwald,3,"admiration, neutral, realization"
genießen,2,"joy, neutral"
kaisertochter,3,"admiration, excitement, neutral"
victoria,6,"admiration, approval, desire, love, neutral, surprise"
gewinnen,6,"confusion, desire, disappointment, joy, neutral, optimism"
tand,3,"love, neutral, realization"
schief,2,"disappointment, neutral"
lieder,3,"admiration, love, neutral"
wundersame,2,"neutral, realization"
näher,6,"admiration, desire, disappointment, fear, love, neutral"
100,2,"excitement, neutral"
park,2,"admiration, neutral"
hofball,2,"excitement, neutral"
kaum,8,"admiration, amusement, desire, disappointment, fear, neutral, pride, surprise"
moment,7,"anger, embarrassment, joy, love, neutral, pride, realization"
größten,2,"anger, neutral"
unglück,5,"amusement, disappointment, neutral, realization, sadness"
zurückzubringen,2,"love, neutral"
hochzeitstag,2,"admiration, neutral"
segen,3,"joy, neutral, realization"
hella,10,"admiration, caring, curiosity, desire, disappointment, embarrassment, joy, neutral, realization, sadness"
achtlos,2,"annoyance, neutral"
passanten,2,"embarrassment, neutral"
wenigstens,3,"admiration, neutral, optimism"
einzig,2,"desire, neutral"
schwer,7,"admiration, amusement, annoyance, disappointment, neutral, sadness, surprise"
weges,2,"amusement, neutral"
hellas,2,"desire, neutral"
obdach,2,"approval, neutral"
zustand,2,"love, neutral"
irrt,2,"fear, neutral"
straßen,5,"admiration, annoyance, fear, joy, neutral"
umher,5,"admiration, amusement, excitement, fear, neutral"
gesicht,6,"admiration, amusement, annoyance, disgust, joy, neutral"
knaben,4,"admiration, approval, disgust, neutral"
graf,2,"disappointment, neutral"
tannen,2,"disappointment, neutral"
streichholzmädchen,2,"neutral, sadness"
gelitten,3,"neutral, optimism, realization"
aufrichtig,2,"love, neutral"
bitter,3,"disappointment, neutral, realization"
wendet,2,"neutral, sadness"
holting,3,"disappointment, love, neutral"
leide,2,"admiration, neutral"
nächste,2,"joy, neutral"
lohmann,2,"approval, neutral"
wohnung,2,"admiration, neutral"
richard,2,"neutral, realization"
porträt,2,"neutral, realization"
gesellschaftliche,2,"embarrassment, neutral"
anerkennung,2,"neutral, realization"
kräften,2,"neutral, realization"
ponyo,3,"admiration, curiosity, neutral"
fujimoto,2,"neutral, realization"
gefangen,2,"fear, neutral"
küste,2,"admiration, neutral"
sōsuke,2,"disappointment, neutral"
lisa,2,"disappointment, neutral"
verlust,2,"neutral, sadness"
trösten,4,"approval, disappointment, neutral, sadness"
magie,4,"admiration, confusion, disappointment, neutral"
sturm,7,"admiration, anger, caring, disappointment, disgust, neutral, sadness"
stürzen,2,"anger, neutral"
lieben,4,"gratitude, joy, love, neutral"
fisch,3,"neutral, optimism, realization"
annehmen,3,"admiration, neutral, sadness"
gleichgewicht,2,"neutral, realization"
art,4,"admiration, approval, confusion, neutral"
johann,6,"admiration, approval, neutral, realization, remorse, surprise"
einfacher,2,"annoyance, neutral"
träumt,3,"joy, love, neutral"
feinen,3,"caring, neutral, realization"
gesellschaft,6,"amusement, curiosity, disappointment, gratitude, neutral, realization"
küche,3,"admiration, curiosity, neutral"
schwingen,2,"admiration, neutral"
großnichte,2,"joy, neutral"
großherzogin,2,"joy, neutral"
stattfinden,2,"neutral, realization"
lisbeth,2,"amusement, neutral"
seit,5,"joy, love, neutral, sadness, surprise"
herzenswünsche,2,"disappointment, neutral"
geschieht,2,"annoyance, neutral"
gekleidet,3,"admiration, curiosity, neutral"
ludwig,3,"neutral, realization, surprise"
bekannt,3,"admiration, love, neutral"
stimmt,2,"approval, neutral"
insgeheim,2,"disappointment, neutral"
verborgen,2,"joy, neutral"
geblieben,4,"admiration, approval, joy, neutral"
picknick,2,"admiration, neutral"
aurora,4,"admiration, joy, neutral, realization"
vorbereitet,2,"admiration, neutral"
wahres,4,"admiration, amusement, approval, neutral"
offenbart,2,"neutral, realization"
launisch,2,"annoyance, neutral"
öfter,2,"amusement, neutral"
sinn,3,"admiration, love, neutral"
person,5,"admiration, fear, neutral, sadness, surprise"
ergeben,2,"admiration, neutral"
blind,3,"disappointment, neutral, remorse"
vergangenheit,2,"neutral, realization"
wollten,5,"admiration, anger, disappointment, love, neutral"
weder,7,"admiration, approval, curiosity, disappointment, neutral, realization, sadness"
dingen,3,"admiration, neutral, realization"
fühlt,4,"caring, gratitude, love, neutral"
angezogen,2,"admiration, neutral"
schweinestall,2,"curiosity, neutral"
o,6,"admiration, excitement, gratitude, joy, neutral, realization"
…,2,"disappointment, neutral"
ehrlichherz,5,"admiration, disappointment, joy, neutral, surprise"
rosenmund,4,"admiration, approval, curiosity, neutral"
gewährt,2,"desire, neutral"
hofdamen,5,"admiration, amusement, annoyance, disappointment, neutral"
nächstes,2,"confusion, neutral"
knarre,2,"admiration, neutral"
schönsten,3,"admiration, annoyance, neutral"
strafe,2,"fear, neutral"
hübsche,5,"admiration, confusion, disappointment, love, neutral"
durchnässt,3,"curiosity, love, neutral"
kissen,2,"admiration, neutral"
hartem,2,"nervousness, neutral"
gelegen,5,"admiration, annoyance, disapproval, nervousness, neutral"
empfindlich,2,"admiration, neutral"
wirkliche,3,"admiration, neutral, sadness"
fridolin,2,"love, neutral"
völlig,3,"amusement, annoyance, neutral"
arendelle,5,"amusement, fear, love, neutral, realization"
besitzt,2,"desire, neutral"
lage,2,"disappointment, neutral"
unabsichtlich,2,"fear, neutral"
anna,7,"disappointment, fear, joy, love, neutral, realization, sadness"
königspaar,3,"admiration, embarrassment, neutral"
felsbrocken,2,"disappointment, neutral"
häuptling,2,"fear, neutral"
grand,2,"annoyance, neutral"
pabbie,2,"annoyance, neutral"
erinnerung,4,"admiration, fear, neutral, sadness"
kräfte,8,"amusement, annoyance, approval, disappointment, fear, neutral, optimism, realization"
lernen,2,"admiration, neutral"
kontrollieren,2,"disappointment, neutral"
ausgeht,2,"admiration, neutral"
fähigkeiten,2,"annoyance, neutral"
halten,5,"desire, joy, love, neutral, surprise"
standen,5,"admiration, disgust, joy, neutral, sadness"
herzog,2,"annoyance, neutral"
pitzbühl,2,"annoyance, neutral"
öffnen,2,"neutral, pride"
anfangs,2,"admiration, neutral"
einander,8,"approval, caring, curiosity, excitement, joy, love, neutral, optimism"
nähern,2,"annoyance, neutral"
kenne,2,"curiosity, neutral"
riesigen,2,"anger, neutral"
eispalast,2,"neutral, realization"
warme,4,"admiration, curiosity, joy, neutral"
nordberg,2,"fear, neutral"
verletzen,2,"disappointment, neutral"
annas,3,"approval, caring, neutral"
haare,2,"admiration, neutral"
trollen,2,"disappointment, neutral"
akt,3,"approval, caring, neutral"
gefrorenes,2,"approval, neutral"
auftauen,2,"approval, neutral"
erfrieren,2,"admiration, neutral"
glauben,9,"admiration, anger, annoyance, approval, disapproval, neutral, optimism, realization, sadness"
begraben,2,"embarrassment, neutral"
zwölf,2,"admiration, neutral"
thron,2,"excitement, neutral"
überlässt,2,"admiration, neutral"
anwesenden,2,"annoyance, neutral"
starb,4,"admiration, grief, neutral, sadness"
gegeben,4,"admiration, amusement, annoyance, neutral"
schneesturm,2,"fear, neutral"
auslöst,2,"neutral, surprise"
schale,2,"neutral, surprise"
schuld,4,"anger, neutral, remorse, sadness"
letzter,3,"admiration, curiosity, neutral"
schützend,2,"caring, neutral"
schlüssel,2,"neutral, realization"
kontrolle,4,"annoyance, fear, neutral, realization"
warmen,5,"admiration, amusement, approval, caring, neutral"
zeiten,2,"admiration, neutral"
schließen,2,"neutral, pride"
verschwundenen,2,"caring, neutral"
wort,10,"admiration, approval, curiosity, fear, love, neutral, optimism, realization, sadness, surprise"
laternenanzünder,2,"desire, neutral"
entzündet,2,"amusement, neutral"
zögern,2,"neutral, realization"
schein,2,"disgust, neutral"
wärmen,2,"admiration, neutral"
streichholz,6,"amusement, annoyance, disappointment, love, neutral, realization"
zweite,3,"annoyance, caring, neutral"
entzündete,3,"amusement, neutral, realization"
fantasie,2,"curiosity, neutral"
lichter,3,"admiration, joy, neutral"
erfrorene,2,"caring, neutral"
geist,4,"curiosity, neutral, realization, sadness"
unheil,2,"disappointment, neutral"
erben,2,"admiration, neutral"
testament,2,"admiration, neutral"
abdanken,2,"admiration, neutral"
hofjunker,2,"amusement, neutral"
zimmermann,3,"admiration, love, neutral"
kopfschütteln,2,"approval, neutral"
eigene,6,"annoyance, approval, disapproval, embarrassment, neutral, surprise"
freudestrahlend,2,"approval, neutral"
wahrscheinlich,2,"annoyance, neutral"
unmöglich,2,"admiration, neutral"
waisenkinder,2,"caring, neutral"
tut,4,"admiration, approval, neutral, sadness"
misstrauen,2,"neutral, surprise"
hindurch,2,"disapproval, neutral"
gespürt,2,"admiration, neutral"
nützt,2,"joy, neutral"
sun-jae,2,"amusement, neutral"
apartment,2,"neutral, sadness"
besessenheit,2,"approval, neutral"
entwickeln,2,"disappointment, neutral"
eifersucht,2,"neutral, realization"
geheimnisvollen,2,"desire, neutral"
schützen,3,"annoyance, love, neutral"
darstellt,2,"neutral, realization"
verfolgt,3,"disappointment, neutral, sadness"
dicht,5,"admiration, fear, grief, neutral, surprise"
zug,2,"neutral, surprise"
gezogen,3,"love, neutral, sadness"
schuhen,3,"anger, joy, neutral"
ging,15,"admiration, amusement, anger, annoyance, caring, disappointment, excitement, fear, gratitude, joy, neutral, realization, remorse, sadness, surprise"
mehrere,3,"fear, neutral, sadness"
ballett,3,"approval, love, neutral"
tänzerin,2,"admiration, neutral"
vicki,4,"disappointment, love, neutral, realization"
beeindruckt,2,"admiration, neutral"
tante,4,"annoyance, curiosity, neutral, surprise"
party,2,"neutral, realization"
julian,3,"fear, love, neutral"
enttäuschung,2,"disappointment, neutral"
verlieben,3,"admiration, love, neutral"
stück,6,"admiration, curiosity, disappointment, disgust, neutral, sadness"
etwa,2,"amusement, neutral"
genommen,3,"admiration, neutral, realization"
getanzt,2,"neutral, sadness"
überzeugt,2,"disgust, neutral"
balkon,2,"neutral, surprise"
herbei,2,"neutral, sadness"
trotz,3,"anger, disappointment, neutral"
leeren,3,"amusement, curiosity, neutral"
hungrig,2,"neutral, sadness"
anzündet,3,"anger, neutral, realization"
phantasie,2,"admiration, neutral"
großes,3,"admiration, approval, neutral"
zweites,2,"neutral, realization"
starker,2,"annoyance, neutral"
herrlichkeit,4,"admiration, annoyance, neutral, realization"
puppe,5,"anger, disgust, joy, love, neutral"
berühren,2,"disappointment, neutral"
schweben,3,"gratitude, joy, neutral"
hinauf,2,"admiration, neutral"
pepolino,4,"anger, disappointment, love, neutral"
pepolinos,2,"joy, neutral"
jahren,4,"excitement, gratitude, neutral, optimism"
rotbart,2,"neutral, surprise"
holzbein,2,"neutral, surprise"
glasauge,2,"neutral, surprise"
wert,3,"admiration, neutral, realization"
jacob,2,"anger, neutral"
fische,3,"admiration, disappointment, neutral"
fangen,2,"annoyance, neutral"
hafen,2,"neutral, surprise"
granny,3,"joy, neutral, surprise"
seacat,2,"anger, neutral"
großvaters,2,"neutral, surprise"
papier,2,"neutral, realization"
ganzen,12,"admiration, approval, disappointment, disapproval, disgust, excitement, love, nervousness, neutral, realization, sadness, surprise"
entsetzt,2,"fear, neutral"
lebend,2,"admiration, neutral"
entzückt,4,"admiration, approval, neutral, sadness"
hinüber,3,"anger, curiosity, neutral"
dicke,3,"disgust, fear, neutral"
katze,3,"annoyance, fear, neutral"
zurückzukommen,2,"neutral, surprise"
sinken,2,"neutral, realization"
tot,7,"anger, curiosity, disgust, love, neutral, realization, sadness"
teil,3,"admiration, neutral, optimism"
kiste,2,"disapproval, neutral"
glashaus,2,"admiration, neutral"
wachsen,4,"admiration, approval, desire, neutral"
wütend,3,"anger, annoyance, neutral"
schlagartig,2,"neutral, realization"
schneelandschaft,2,"curiosity, neutral"
halb,2,"caring, neutral"
blühende,2,"admiration, neutral"
flora,3,"admiration, joy, neutral"
herrlicher,2,"admiration, neutral"
trinken,3,"approval, joy, neutral"
länger,2,"neutral, realization"
tropfen,3,"admiration, love, neutral"
blut,2,"nervousness, neutral"
fürchten,3,"admiration, caring, neutral"
seht,4,"admiration, amusement, excitement, neutral"
gemacht,2,"admiration, neutral"
eigenschaft,4,"admiration, approval, joy, neutral"
besaß,6,"admiration, amusement, disapproval, embarrassment, neutral, sadness"
spiegelte,2,"neutral, realization"
schlecht,6,"amusement, caring, disapproval, disgust, neutral, realization"
ärger,2,"annoyance, neutral"
fuhr,4,"admiration, amusement, desire, neutral"
gedanke,4,"admiration, approval, confusion, neutral"
grinsen,2,"fear, neutral"
erzählten,5,"admiration, amusement, approval, neutral, sadness"
wunder,2,"love, neutral"
geschehen,4,"confusion, disapproval, neutral, realization"
liefen,6,"admiration, amusement, anger, fear, joy, neutral"
gab,8,"admiration, amusement, disappointment, excitement, joy, love, neutral, realization"
verdreht,2,"disgust, neutral"
je,9,"admiration, approval, curiosity, disappointment, joy, love, neutral, pride, realization"
höher,2,"fear, neutral"
flogen,6,"admiration, amusement, disgust, fear, neutral, sadness"
konnten,4,"admiration, disappointment, neutral, sadness"
festhalten,2,"neutral, realization"
groß,8,"admiration, amusement, disapproval, disgust, joy, neutral, sadness, surprise"
bekamen,3,"curiosity, disappointment, neutral"
spiegelscherbe,2,"amusement, neutral"
scheiben,2,"admiration, neutral"
betrachten,5,"admiration, approval, desire, neutral, surprise"
luft,6,"admiration, amusement, approval, excitement, fear, neutral"
knabe,2,"admiration, neutral"
drinnen,5,"admiration, amusement, fear, neutral, sadness"
besaßen,2,"neutral, realization"
dach,4,"admiration, fear, neutral, pride"
nachbarhauses,2,"love, neutral"
stieß,2,"fear, neutral"
entlang,2,"admiration, neutral"
lief,6,"annoyance, approval, excitement, fear, love, neutral"
brauchte,3,"caring, joy, neutral"
konnte,19,"admiration, amusement, anger, approval, caring, curiosity, desire, disappointment, disapproval, disgust, embarrassment, fear, gratitude, joy, love, neutral, realization, sadness, surprise"
kasten,2,"admiration, neutral"
wuchsen,3,"admiration, neutral, realization"
reichten,2,"admiration, neutral"
hingen,4,"admiration, approval, neutral, sadness"
herunter,4,"admiration, disapproval, disgust, neutral"
zweige,3,"desire, neutral, realization"
sah,17,"admiration, amusement, approval, confusion, curiosity, disappointment, disapproval, disgust, embarrassment, excitement, fear, gratitude, joy, love, neutral, realization, sadness"
wußten,3,"approval, neutral, realization"
durften,2,"admiration, neutral"
erhielten,2,"neutral, sadness"
erlaubnis,2,"love, neutral"
spielten,3,"admiration, approval, neutral"
schilling,3,"amusement, disapproval, neutral"
schönes,3,"admiration, neutral, sadness"
rund,3,"admiration, fear, neutral"
dahinter,2,"desire, neutral"
blitzte,2,"fear, neutral"
hieß,2,"curiosity, neutral"
mußten,2,"annoyance, neutral"
treppen,2,"love, neutral"
bienen,2,"admiration, neutral"
fragte,8,"curiosity, disappointment, gratitude, joy, neutral, realization, sadness, surprise"
wußte,9,"admiration, amusement, confusion, disapproval, disgust, embarrassment, joy, neutral, sadness"
fenstern,5,"admiration, approval, joy, neutral, sadness"
hinein,16,"admiration, amusement, anger, annoyance, confusion, curiosity, disapproval, disgust, excitement, fear, gratitude, joy, love, neutral, sadness, surprise"
sonderbar,2,"admiration, neutral"
laß,3,"disapproval, excitement, neutral"
schmilzt,2,"love, neutral"
erzählte,5,"admiration, disapproval, joy, neutral, realization"
loch,2,"admiration, neutral"
schneeflocken,2,"admiration, neutral"
fielen,3,"amusement, love, neutral"
blieb,6,"admiration, caring, curiosity, fear, neutral, sadness"
schneeflocke,2,"admiration, neutral"
wuchs,3,"admiration, love, neutral"
flor,3,"admiration, joy, neutral"
millionen,2,"fear, neutral"
lebendig,3,"admiration, desire, neutral"
klare,6,"admiration, approval, desire, joy, neutral, realization"
nickte,5,"admiration, caring, excitement, love, neutral"
winkte,3,"neutral, realization, sadness"
erschrak,4,"admiration, fear, neutral, sadness"
sprang,3,"admiration, joy, neutral"
rand,2,"neutral, sadness"
kam,14,"admiration, anger, caring, disappointment, excitement, fear, gratitude, joy, love, nervousness, neutral, realization, sadness, surprise"
schien,9,"admiration, amusement, anger, disappointment, love, neutral, realization, sadness, surprise"
grün,3,"admiration, gratitude, neutral"
hervor,7,"admiration, amusement, caring, curiosity, disgust, love, neutral"
saßen,6,"admiration, amusement, curiosity, disgust, love, neutral"
hielten,3,"amusement, disgust, neutral"
gottes,4,"gratitude, joy, neutral, sadness"
hellen,2,"admiration, neutral"
blickten,3,"admiration, curiosity, neutral"
sonnenschein,4,"admiration, approval, joy, neutral"
sprachen,2,"admiration, neutral"
uhr,2,"curiosity, neutral"
schlug,4,"amusement, anger, nervousness, neutral"
flog,6,"admiration, fear, joy, love, neutral, sadness"
glaube,4,"admiration, amusement, annoyance, neutral"
entsinnen,2,"desire, neutral"
häßlichen,5,"anger, annoyance, disapproval, neutral, remorse"
häßlich,5,"anger, annoyance, disgust, fear, neutral"
trat,6,"admiration, amusement, curiosity, disappointment, love, neutral"
ordentlich,2,"admiration, neutral"
fehler,2,"approval, neutral"
sache,3,"admiration, amusement, neutral"
tat,8,"admiration, annoyance, disapproval, fear, joy, neutral, realization, sadness"
weh,2,"neutral, sadness"
splitterchen,2,"neutral, sadness"
pfui,2,"admiration, neutral"
rief,9,"admiration, amusement, annoyance, confusion, curiosity, excitement, fear, neutral, pride"
fuß,4,"admiration, disgust, neutral, sadness"
machst,2,"neutral, sadness"
schreck,4,"confusion, fear, neutral, realization"
gewahr,2,"neutral, realization"
bilderbuch,3,"admiration, curiosity, neutral"
setzte,3,"admiration, neutral, optimism"
sprach,8,"admiration, amusement, approval, disapproval, love, neutral, optimism, sadness"
lachten,3,"amusement, embarrassment, neutral"
gang,2,"admiration, neutral"
sagten,6,"admiration, amusement, annoyance, approval, curiosity, neutral"
früher,4,"admiration, approval, neutral, realization"
wintertag,2,"joy, neutral"
schneite,2,"annoyance, neutral"
ließ,9,"admiration, amusement, confusion, desire, disgust, joy, love, neutral, realization"
blauen,4,"admiration, desire, fear, neutral"
sieh,6,"admiration, anger, curiosity, disappointment, excitement, neutral"
besten,5,"admiration, disgust, gratitude, love, neutral"
saß,14,"admiration, approval, caring, curiosity, disapproval, excitement, fear, grief, joy, love, neutral, realization, sadness, surprise"
jemand,6,"amusement, annoyance, curiosity, fear, neutral, surprise"
pelz,2,"admiration, neutral"
mütze,4,"admiration, anger, caring, neutral"
band,2,"gratitude, neutral"
drehte,3,"admiration, fear, neutral"
jedesmal,2,"admiration, neutral"
fuhren,3,"amusement, disgust, neutral"
begann,4,"admiration, caring, neutral, realization"
hernieder,2,"neutral, sadness"
erblicken,6,"admiration, desire, joy, neutral, realization, sadness"
hing,3,"admiration, fear, neutral"
hörte,6,"admiration, anger, approval, joy, neutral, sadness"
gräben,2,"love, neutral"
erschrocken,4,"disappointment, fear, neutral, sadness"
vaterunser,2,"caring, neutral"
küßte,3,"admiration, neutral, sadness"
stirn,2,"admiration, neutral"
augenblick,8,"admiration, caring, desire, fear, love, neutral, realization, sadness"
spürte,4,"admiration, fear, neutral, realization"
ringsumher,2,"amusement, neutral"
dachte,13,"admiration, amusement, confusion, desire, disappointment, disgust, fear, joy, love, neutral, optimism, realization, sadness"
eins,2,"admiration, neutral"
festgebunden,2,"annoyance, neutral"
nochmals,2,"admiration, neutral"
bekommst,4,"admiration, approval, caring, neutral"
landes,3,"admiration, neutral, realization"
lächelte,6,"admiration, disappointment, joy, neutral, realization, sadness"
blickte,4,"admiration, amusement, fear, neutral"
wolke,2,"admiration, neutral"
länder,2,"curiosity, neutral"
krähen,2,"admiration, neutral"
dahin,4,"admiration, neutral, realization, sadness"
betrachtete,4,"curiosity, joy, neutral, sadness"
schlief,4,"admiration, disgust, joy, neutral"
erging,2,"desire, neutral"
zurückkehrte,2,"amusement, neutral"
mächtig,2,"admiration, neutral"
binden,2,"admiration, neutral"
tränen,2,"love, neutral"
weinte,7,"admiration, amusement, disapproval, joy, love, neutral, sadness"
fluß,3,"caring, confusion, neutral"
finstere,2,"fear, neutral"
antwortete,3,"anger, approval, neutral"
morgens,2,"neutral, sadness"
zog,9,"admiration, amusement, anger, curiosity, disappointment, fear, neutral, realization, sadness"
hast,10,"admiration, anger, annoyance, approval, confusion, curiosity, love, neutral, optimism, sadness"
warf,5,"admiration, anger, annoyance, caring, neutral"
wellen,5,"admiration, amusement, annoyance, neutral, realization"
glaubte,5,"disapproval, joy, love, neutral, surprise"
schilf,2,"gratitude, neutral"
lag,9,"admiration, amusement, desire, fear, joy, love, neutral, realization, sadness"
bewegung,2,"admiration, neutral"
verursachte,3,"amusement, joy, neutral"
glitt,2,"neutral, sadness"
bemerkte,2,"amusement, neutral"
zurückkam,2,"admiration, neutral"
lande,2,"admiration, neutral"
schneller,2,"approval, neutral"
sangen,6,"admiration, amusement, joy, love, neutral, sadness"
gleichsam,2,"neutral, realization"
strom,2,"admiration, neutral"
vielleicht,7,"curiosity, desire, love, neutral, optimism, realization, sadness"
erhob,2,"admiration, neutral"
sonderbaren,4,"admiration, fear, joy, neutral"
hob,6,"admiration, amusement, desire, disgust, joy, neutral"
froh,4,"disappointment, gratitude, joy, neutral"
obgleich,2,"admiration, neutral"
fürchtete,2,"fear, neutral"
schüttelte,2,"joy, neutral"
gesagt,7,"admiration, approval, caring, curiosity, disgust, grief, neutral"
gefragt,2,"neutral, surprise"
lagen,3,"admiration, grief, neutral"
blau,4,"admiration, love, nervousness, neutral"
farben,3,"admiration, annoyance, neutral"
herein,3,"fear, neutral, sadness"
kirschen,2,"admiration, neutral"
kämmte,2,"admiration, neutral"
glänzte,3,"admiration, fear, neutral"
herrlich,5,"admiration, approval, curiosity, joy, neutral"
rings,4,"admiration, amusement, approval, neutral"
antlitz,3,"admiration, confusion, neutral"
aussah,2,"disgust, neutral"
vergaß,2,"admiration, neutral"
schön,10,"admiration, annoyance, confusion, desire, disappointment, gratitude, joy, love, neutral, realization"
blühten,2,"admiration, neutral"
erblickte,6,"admiration, amusement, curiosity, joy, love, neutral"
führte,3,"approval, joy, neutral"
kannte,4,"grief, neutral, realization, sadness"
blume,4,"admiration, approval, curiosity, neutral"
wieviel,2,"curiosity, neutral"
betrachtet,2,"admiration, neutral"
steckte,5,"disappointment, embarrassment, fear, neutral, realization"
schönste,3,"admiration, confusion, neutral"
senkte,2,"curiosity, neutral"
gedanken,4,"disappointment, fear, neutral, realization"
beisammen,2,"desire, neutral"
suchte,4,"disappointment, fear, love, neutral"
ach,9,"admiration, annoyance, approval, curiosity, desire, disappointment, neutral, sadness, surprise"
rosenstrauch,2,"admiration, neutral"
verschwunden,3,"neutral, realization, sadness"
schoß,2,"neutral, surprise"
empor,2,"neutral, sadness"
umarmte,3,"approval, love, neutral"
gedachte,4,"admiration, fear, love, neutral"
herrlichen,4,"admiration, annoyance, gratitude, neutral"
träumte,4,"admiration, desire, joy, neutral"
eigenes,4,"admiration, disgust, joy, neutral"
bum,3,"anger, neutral, surprise"
mantel,4,"admiration, desire, neutral, optimism"
flammen,2,"love, neutral"
stärker,5,"approval, love, neutral, sadness, surprise"
körper,7,"admiration, amusement, approval, disappointment, nervousness, neutral, sadness"
verstehe,2,"confusion, neutral"
durchaus,4,"annoyance, embarrassment, neutral, realization"
winde,2,"admiration, neutral"
blatt,3,"love, neutral, realization"
zweigen,2,"admiration, neutral"
schwebt,2,"neutral, sadness"
leichter,2,"anger, neutral"
prächtige,4,"admiration, neutral, sadness, surprise"
meinst,2,"gratitude, neutral"
spreche,2,"admiration, neutral"
erwiderte,4,"annoyance, approval, disapproval, neutral"
schaukel,2,"disgust, neutral"
blasen,2,"admiration, neutral"
leicht,3,"admiration, approval, neutral"
elfen,2,"amusement, neutral"
menschenkinder,2,"fear, neutral"
duft,3,"admiration, annoyance, neutral"
glitten,3,"joy, love, neutral"
schwebende,2,"admiration, neutral"
leichen,2,"anger, neutral"
nein,8,"admiration, amusement, annoyance, disappointment, disapproval, disgust, neutral, surprise"
klang,3,"admiration, disgust, neutral"
läuten,2,"admiration, neutral"
butterblume,3,"admiration, curiosity, neutral"
helle,3,"admiration, caring, neutral"
sage,2,"approval, neutral"
weißt,4,"admiration, curiosity, neutral, sadness"
gelbe,2,"curiosity, neutral"
sonnenstrahlen,2,"joy, neutral"
munde,2,"joy, neutral"
grunde,5,"admiration, annoyance, joy, neutral, realization"
morgenstunde,2,"joy, neutral"
seufzte,7,"approval, disappointment, disgust, embarrassment, fear, joy, neutral"
gewiß,5,"admiration, annoyance, approval, neutral, realization"
komme,4,"curiosity, disapproval, joy, neutral"
bescheid,3,"disapproval, joy, neutral"
pfingstlilie,2,"curiosity, neutral"
bein,4,"admiration, disappointment, neutral, sadness"
teetopf,2,"admiration, neutral"
hals,6,"admiration, amusement, disappointment, fear, joy, neutral"
weißer,2,"admiration, neutral"
stiele,2,"admiration, neutral"
drückte,3,"admiration, anger, neutral"
ruhen,3,"admiration, annoyance, neutral"
trug,7,"admiration, caring, desire, grief, love, neutral, optimism"
früchte,2,"curiosity, neutral"
zogen,3,"disgust, fear, neutral"
vierte,2,"amusement, neutral"
mußte,8,"admiration, amusement, disgust, embarrassment, fear, gratitude, joy, neutral"
ausruhen,2,"fear, neutral"
hüpfte,3,"admiration, disgust, neutral"
ruhig,3,"admiration, fear, neutral"
verstand,3,"admiration, love, neutral"
fühlte,10,"admiration, annoyance, approval, embarrassment, fear, nervousness, neutral, pride, realization, sadness"
gedrückt,3,"nervousness, neutral, sadness"
gelernt,3,"admiration, neutral, realization"
verheiraten,2,"admiration, neutral"
bloß,2,"admiration, neutral"
vornehm,2,"admiration, neutral"
langweilig,4,"annoyance, disappointment, love, neutral"
hörten,3,"amusement, joy, neutral"
vergnügt,3,"love, neutral, surprise"
leiden,5,"admiration, annoyance, disapproval, neutral, sadness"
neulich,2,"excitement, neutral"
schlosse,6,"admiration, caring, curiosity, desire, joy, neutral"
zeitungen,2,"admiration, neutral"
kamen,5,"amusement, curiosity, disgust, neutral, sadness"
lesen,2,"admiration, neutral"
manne,3,"admiration, disapproval, neutral"
schloß,8,"admiration, approval, curiosity, disapproval, fear, neutral, sadness, surprise"
schloßtor,2,"love, neutral"
traten,2,"admiration, neutral"
lakaien,2,"love, neutral"
säle,4,"admiration, curiosity, neutral, sadness"
verwirrt,2,"confusion, neutral"
throne,2,"admiration, neutral"
gesprochen,2,"admiration, neutral"
lust,5,"admiration, desire, joy, neutral, surprise"
magen,2,"admiration, neutral"
gefallen,4,"admiration, curiosity, joy, neutral"
klügsten,2,"approval, neutral"
wann,2,"neutral, optimism"
jubelte,3,"amusement, joy, neutral"
klatschte,3,"admiration, joy, neutral"
glänzten,4,"admiration, disgust, joy, neutral"
lichtern,2,"amusement, neutral"
gingen,4,"admiration, amusement, neutral, realization"
bloßen,2,"disgust, neutral"
frischen,5,"admiration, anger, gratitude, joy, neutral"
diener,3,"disgust, neutral, pride"
ringsherum,2,"admiration, neutral"
burschen,2,"neutral, pride"
aufgestellt,2,"admiration, neutral"
türe,2,"neutral, sadness"
desto,2,"admiration, neutral"
muß,12,"admiration, annoyance, approval, caring, desire, fear, gratitude, joy, love, neutral, realization, sadness"
niedlich,3,"admiration, neutral, remorse"
freien,2,"admiration, neutral"
fand,6,"anger, caring, curiosity, joy, love, neutral"
klug,3,"admiration, approval, neutral"
wackelte,3,"admiration, amusement, neutral"
kopfe,5,"admiration, disgust, love, neutral, sadness"
kehrte,6,"amusement, annoyance, disappointment, fear, neutral, sadness"
brot,2,"neutral, realization"
sollst,6,"admiration, anger, annoyance, curiosity, disapproval, neutral"
böses,3,"fear, neutral, realization"
treppe,2,"love, neutral"
brannte,4,"admiration, disgust, love, neutral"
lampe,2,"neutral, realization"
fußboden,5,"admiration, disapproval, neutral, sadness, surprise"
ginge,2,"amusement, neutral"
schatten,5,"admiration, approval, disappointment, neutral, realization"
beinen,2,"amusement, neutral"
herren,2,"admiration, neutral"
damen,2,"admiration, neutral"
walde,4,"admiration, love, neutral, sadness"
saal,2,"disgust, neutral"
sausten,2,"neutral, sadness"
bekam,8,"admiration, amusement, approval, curiosity, fear, joy, neutral, sadness"
glich,3,"admiration, disgust, neutral"
stengel,3,"admiration, disgust, neutral"
bog,2,"curiosity, neutral"
blätter,2,"admiration, neutral"
nacken,3,"admiration, nervousness, neutral"
erwachte,5,"admiration, confusion, neutral, realization, sadness"
blinzelte,2,"disappointment, neutral"
sollten,3,"admiration, curiosity, neutral"
baten,2,"admiration, neutral"
feste,3,"curiosity, nervousness, neutral"
bette,3,"approval, caring, neutral"
faltete,2,"gratitude, neutral"
seide,2,"admiration, neutral"
bat,8,"admiration, amusement, caring, fear, love, neutral, realization, sadness"
erhielt,3,"excitement, neutral, realization"
muff,2,"admiration, neutral"
stern,3,"admiration, fear, neutral"
kutscher,2,"disgust, neutral"
vorreiter,2,"disgust, neutral"
begleitete,2,"admiration, neutral"
meilen,2,"fear, neutral"
vertragen,2,"amusement, neutral"
gefüttert,2,"admiration, neutral"
lebe,4,"admiration, caring, gratitude, neutral"
riefen,4,"admiration, disgust, joy, neutral"
lebewohl,4,"annoyance, caring, neutral, sadness"
flügeln,3,"admiration, nervousness, neutral"
fünfte,2,"admiration, neutral"
dunklen,2,"gratitude, neutral"
gleicher,2,"admiration, neutral"
wild,3,"admiration, anger, neutral"
unartig,2,"neutral, surprise"
gebissen,2,"disgust, neutral"
warm,6,"admiration, approval, gratitude, joy, love, neutral"
offenen,3,"desire, joy, neutral"
bullenbeißer,3,"admiration, disgust, neutral"
sprangen,4,"admiration, amusement, joy, neutral"
suppe,2,"disappointment, neutral"
kochte,2,"admiration, neutral"
gebraten,2,"curiosity, neutral"
teppiche,2,"approval, neutral"
schienen,3,"admiration, joy, neutral"
fliegen,5,"admiration, curiosity, disapproval, disgust, neutral"
kupfernen,2,"admiration, neutral"
ring,2,"neutral, sadness"
weshalb,3,"curiosity, fear, neutral"
vorn,2,"admiration, neutral"
legte,6,"admiration, caring, confusion, curiosity, fear, neutral"
tranken,2,"excitement, neutral"
reiste,4,"curiosity, disappointment, neutral, sadness"
mußt,6,"admiration, annoyance, approval, caring, love, neutral"
einerlei,2,"joy, neutral"
funkelten,2,"disgust, neutral"
höre,5,"annoyance, approval, curiosity, neutral, sadness"
siehst,7,"admiration, annoyance, approval, curiosity, disapproval, excitement, neutral"
mittag,2,"admiration, neutral"
flasche,2,"joy, neutral"
kannst,9,"admiration, amusement, anger, approval, curiosity, disapproval, love, neutral, optimism"
hochauf,2,"admiration, neutral"
krieche,2,"anger, neutral"
häßliche,5,"annoyance, disappointment, disgust, joy, neutral"
gebunden,2,"disgust, neutral"
öffnete,5,"admiration, amusement, joy, love, neutral"
scharfen,4,"fear, joy, neutral, sadness"
laufe,2,"neutral, realization"
streckte,4,"admiration, disgust, fear, neutral"
steppen,2,"love, neutral"
leuchten,2,"neutral, realization"
finnin,3,"admiration, amusement, neutral"
bauch,2,"amusement, neutral"
erschien,9,"admiration, amusement, anger, fear, joy, love, neutral, realization, surprise"
finnmarken,2,"neutral, sadness"
schreiben,2,"annoyance, neutral"
besser,9,"admiration, annoyance, approval, curiosity, embarrassment, fear, joy, neutral, optimism"
erwärmt,2,"approval, neutral"
worden,4,"approval, fear, neutral, surprise"
schrieb,2,"love, neutral"
achten,2,"disappointment, neutral"
brannten,3,"annoyance, neutral, sadness"
las,2,"admiration, neutral"
geschrieben,3,"admiration, curiosity, neutral"
schiffer,2,"admiration, neutral"
scharf,2,"curiosity, neutral"
zwölf-männer-kraft,2,"curiosity, neutral"
winkel,3,"disgust, joy, neutral"
freilich,7,"admiration, annoyance, approval, curiosity, desire, fear, neutral"
glaskörnchen,2,"admiration, neutral"
beeren,2,"approval, neutral"
hierher,3,"curiosity, love, neutral"
merkte,2,"neutral, realization"
schneidenden,2,"admiration, neutral"
wagte,3,"amusement, disappointment, neutral"
anzuhalten,2,"admiration, neutral"
backen,2,"joy, neutral"
hell,6,"admiration, desire, joy, love, neutral, surprise"
künstlich,4,"admiration, approval, love, neutral"
damals,5,"admiration, embarrassment, love, neutral, realization"
ausgesehen,2,"confusion, neutral"
schlangen,3,"amusement, disgust, neutral"
betete,4,"admiration, caring, love, neutral"
atem,2,"approval, neutral"
dichter,4,"admiration, excitement, neutral, realization"
engeln,3,"fear, love, neutral"
stachen,2,"anger, neutral"
stücke,3,"amusement, fear, neutral"
wände,3,"approval, neutral, optimism"
türen,3,"embarrassment, fear, neutral"
manieren,2,"approval, neutral"
höchsten,2,"admiration, neutral"
tausend,2,"admiration, neutral"
kunstwerk,2,"admiration, neutral"
schleppte,2,"anger, neutral"
scharfe,2,"neutral, sadness"
eisstücke,2,"admiration, neutral"
herausbringen,2,"embarrassment, neutral"
legen,2,"caring, neutral"
ewigkeit,2,"neutral, optimism"
schlittschuhe,3,"admiration, neutral, optimism"
hineinsehen,2,"approval, neutral"
erfroren,2,"joy, neutral"
geschah,2,"love, neutral"
erkannte,4,"admiration, amusement, neutral, realization"
brust,2,"admiration, neutral"
drangen,2,"annoyance, neutral"
sang,4,"admiration, desire, joy, neutral"
blüh'n,2,"excitement, neutral"
verwehen,3,"admiration, excitement, neutral"
christkindlein,3,"admiration, excitement, neutral"
brach,4,"disappointment, grief, joy, neutral"
wangen,4,"admiration, joy, love, neutral"
leuchteten,3,"admiration, fear, neutral"
mochte,4,"annoyance, disapproval, neutral, realization"
wartete,2,"disappointment, neutral"
junges,2,"neutral, realization"
genäht,2,"admiration, neutral"
grenze,2,"neutral, realization"
nahmen,6,"amusement, anger, disapproval, fear, joy, neutral"
vögel,5,"admiration, amusement, joy, love, neutral"
grüne,4,"admiration, curiosity, gratitude, neutral"
schöner,3,"admiration, neutral, sadness"
patron,2,"love, neutral"
klopfte,3,"fear, joy, neutral"
besuchen,2,"disappointment, neutral"
läuteten,2,"joy, neutral"
erkannten,3,"joy, neutral, sadness"
setzten,2,"joy, neutral"
leere,3,"admiration, disappointment, neutral"
werdet,2,"gratitude, neutral"
erwachsen,3,"admiration, neutral, realization"
erwartete,3,"disappointment, fear, neutral"
wirthin,3,"disgust, neutral, sadness"
unterhaltung,2,"neutral, realization"
fing,2,"neutral, sadness"
rede,3,"admiration, joy, neutral"
justizrath,5,"annoyance, approval, neutral, sadness, surprise"
's,6,"admiration, anger, excitement, neutral, realization, sadness"
worin,2,"curiosity, neutral"
unserm,3,"disappointment, neutral, realization"
zeitalter,2,"neutral, realization"
ankunft,3,"admiration, neutral, optimism"
zeitung,2,"curiosity, neutral"
werth,2,"admiration, neutral"
mäntel,2,"curiosity, neutral"
stöcke,2,"admiration, neutral"
begriff,2,"fear, neutral"
fein,2,"admiration, neutral"
schnitt,2,"neutral, sadness"
jüngste,4,"admiration, caring, disappointment, neutral"
unbedeutende,2,"neutral, surprise"
ausgeführt,2,"fear, neutral"
vornehmen,2,"admiration, neutral"
null,2,"annoyance, neutral"
__________,2,"amusement, neutral"
ernst,2,"admiration, neutral"
menschheit,2,"curiosity, neutral"
oststraße,3,"amusement, fear, neutral"
laternen,2,"amusement, neutral"
überdies,2,"annoyance, neutral"
ziemlich,2,"admiration, neutral"
dick,2,"admiration, neutral"
sodaß,3,"confusion, neutral, realization"
ganzer,2,"admiration, neutral"
artig,2,"admiration, neutral"
vornehmste,2,"admiration, neutral"
bischof,2,"curiosity, neutral"
linken,2,"neutral, realization"
brücke,2,"fear, neutral"
wassers,2,"admiration, neutral"
christianshafen,2,"neutral, sadness"
thun,4,"annoyance, curiosity, disgust, neutral"
droschke,2,"neutral, sadness"
königs-neumarkt,2,"disappointment, neutral"
büsche,3,"love, neutral, realization"
breiter,2,"admiration, neutral"
trank,6,"caring, curiosity, desire, fear, joy, neutral"
punsch,3,"amusement, fear, neutral"
erblicke,2,"neutral, realization"
offene,4,"admiration, fear, joy, neutral"
thüre,3,"joy, neutral, sadness"
spalte,2,"amusement, neutral"
redete,2,"neutral, sadness"
zunge,3,"caring, fear, neutral"
brachte,6,"admiration, annoyance, disappointment, love, neutral, sadness"
unwohl,2,"neutral, sadness"
holte,3,"neutral, realization, sadness"
kopenhagen,3,"disappointment, neutral, surprise"
meinte,5,"admiration, confusion, curiosity, embarrassment, neutral"
reichte,2,"admiration, neutral"
dergleichen,2,"caring, neutral"
entstehen,2,"desire, neutral"
erstaunt,2,"neutral, surprise"
miene,2,"fear, neutral"
seid,2,"curiosity, neutral"
höchst,3,"admiration, disgust, neutral"
baccalaureus,3,"disappointment, neutral, optimism"
heiligen,4,"caring, joy, neutral, realization"
alltagsgeschichten,2,"approval, neutral"
enthalten,2,"neutral, sadness"
gelesen,2,"admiration, neutral"
besonders,5,"admiration, approval, desire, neutral, sadness"
herrn,3,"desire, fear, neutral"
heiberg,2,"disapproval, neutral"
englischen,2,"disappointment, neutral"
stimmte,4,"approval, disappointment, neutral, realization"
buchdrucker,3,"curiosity, excitement, neutral"
dänemark,2,"curiosity, neutral"
aermel,2,"amusement, neutral"
gott,10,"admiration, curiosity, disappointment, fear, gratitude, joy, love, neutral, realization, surprise"
gäste,5,"amusement, annoyance, disgust, fear, neutral"
sollt,2,"excitement, neutral"
betrunken,2,"neutral, realization"
glaubten,3,"admiration, approval, neutral"
that,4,"admiration, fear, neutral, sadness"
ruf,2,"neutral, sadness"
bezauberung,2,"admiration, neutral"
deutlich,4,"joy, love, neutral, realization"
gebäude,2,"neutral, sadness"
pforte,2,"neutral, sadness"
wächter,4,"anger, curiosity, neutral, sadness"
wahrlich,5,"admiration, embarrassment, neutral, realization, sadness"
thür,2,"admiration, neutral"
übrigen,2,"approval, neutral"
dinger,2,"desire, neutral"
drollig,2,"annoyance, neutral"
warmes,2,"neutral, relief"
nieder,5,"admiration, amusement, love, neutral, sadness"
wirkten,2,"admiration, neutral"
fingern,2,"anger, neutral"
gedicht,2,"admiration, neutral"
gehabt,4,"disgust, love, neutral, sadness"
schreibt,2,"fear, neutral"
poesie,2,"neutral, sadness"
wär,3,"excitement, neutral, realization"
jung,2,"admiration, neutral"
dagegen,2,"disgust, neutral"
verstehst,2,"approval, neutral"
geweiht,2,"neutral, sadness"
dunkler,2,"neutral, sadness"
mangel,2,"curiosity, neutral"
zufrieden,2,"joy, neutral"
kurzem,2,"fear, neutral"
vergnügen,4,"approval, confusion, joy, neutral"
todt,2,"admiration, neutral"
dessenungeachtet,2,"admiration, neutral"
entweder,2,"neutral, realization"
schiffen,3,"admiration, fear, neutral"
flug,2,"disappointment, neutral"
wanderung,2,"fear, neutral"
acht,2,"caring, neutral"
wenige,2,"fear, neutral"
gebraucht,2,"admiration, neutral"
zwanzig,2,"admiration, neutral"
raum,2,"admiration, neutral"
unserer,3,"disappointment, love, neutral"
kostet,3,"annoyance, curiosity, neutral"
körpers,2,"joy, neutral"
hienieden,2,"joy, neutral"
zurückgelegt,2,"joy, neutral"
geschaffen,5,"admiration, amusement, annoyance, love, neutral"
frisch,3,"admiration, joy, neutral"
kuppeln,2,"admiration, neutral"
durchsichtig,3,"admiration, neutral, realization"
grade,3,"admiration, amusement, neutral"
lebten,3,"fear, joy, neutral"
verlor,4,"curiosity, disappointment, neutral, sadness"
lang,7,"admiration, embarrassment, fear, gratitude, neutral, optimism, realization"
erschraken,2,"admiration, neutral"
natürlicherweise,2,"love, neutral"
versicherte,2,"admiration, neutral"
schrecklichste,2,"fear, neutral"
blieben,3,"amusement, joy, neutral"
dünne,2,"disappointment, neutral"
strömte,3,"joy, neutral, sadness"
vertrauen,3,"caring, fear, neutral"
mindesten,2,"love, neutral"
wetter,6,"admiration, embarrassment, fear, gratitude, neutral, realization"
leisten,2,"curiosity, neutral"
voraus,2,"amusement, neutral"
geschwind,3,"caring, neutral, surprise"
hui,2,"excitement, neutral"
eher,3,"annoyance, disgust, neutral"
leuten,3,"admiration, approval, neutral"
denke,5,"admiration, annoyance, caring, neutral, optimism"
dame,5,"admiration, disgust, love, neutral, sadness"
schaden,3,"caring, fear, neutral"
solide,2,"curiosity, neutral"
schrumpfte,2,"admiration, neutral"
unterschied,2,"neutral, realization"
geistige,2,"admiration, neutral"
unwürdig,2,"admiration, neutral"
ärmliche,2,"admiration, neutral"
fleisch,2,"anger, neutral"
gemahlin,2,"joy, neutral"
thüren,2,"admiration, neutral"
versetzt,2,"joy, neutral"
jungfrau,2,"admiration, neutral"
allzu,3,"embarrassment, joy, neutral"
starke,4,"admiration, curiosity, love, neutral"
kleidern,3,"admiration, neutral, realization"
erreichte,3,"admiration, fear, neutral"
anerkennen,2,"embarrassment, neutral"
stellte,6,"amusement, curiosity, gratitude, neutral, realization, sadness"
copist,5,"admiration, embarrassment, fear, joy, neutral"
wendete,2,"fear, neutral"
naß,3,"admiration, disgust, neutral"
begegnete,2,"neutral, surprise"
glücklicher,3,"joy, neutral, sadness"
befestigt,2,"admiration, neutral"
brauchen,2,"disappointment, neutral"
sorgen,4,"admiration, caring, desire, neutral"
probiren,2,"annoyance, neutral"
gefühlt,2,"neutral, realization"
veilchen,2,"admiration, neutral"
zweig,2,"joy, neutral"
dufteten,2,"admiration, neutral"
fensterscheibe,2,"approval, neutral"
wehten,3,"admiration, amusement, neutral"
sägte,2,"admiration, neutral"
entzwei,3,"admiration, disappointment, neutral"
hingleiten,2,"amusement, neutral"
brief,2,"love, neutral"
zwang,2,"approval, neutral"
verschwand,6,"admiration, amusement, disappointment, love, neutral, surprise"
läßt,2,"fear, neutral"
flüsterte,7,"admiration, annoyance, caring, confusion, joy, love, neutral"
größe,2,"neutral, surprise"
merkwürdig,3,"admiration, disappointment, neutral"
träumen,3,"admiration, joy, neutral"
ungewöhnlich,2,"admiration, neutral"
traume,2,"anger, neutral"
besorgen,3,"fear, neutral, sadness"
sitze,2,"approval, neutral"
seiten,2,"neutral, sadness"
schnabel,2,"neutral, pride"
geschmeidigen,2,"admiration, neutral"
pfiff,3,"fear, neutral, sadness"
balg,2,"annoyance, neutral"
wanderte,2,"neutral, sadness"
nannte,4,"admiration, joy, neutral, sadness"
papchen,3,"amusement, disgust, neutral"
fügte,2,"amusement, neutral"
lachte,4,"amusement, curiosity, joy, neutral"
gratuliren,2,"excitement, neutral"
einziges,4,"admiration, annoyance, fear, neutral"
kanarienvogel,3,"annoyance, desire, neutral"
spiegelklaren,2,"admiration, neutral"
entsinnst,2,"curiosity, neutral"
hübschen,2,"amusement, neutral"
zelte,2,"admiration, neutral"
tanzten,5,"admiration, amusement, joy, love, neutral"
laßt,5,"amusement, annoyance, disapproval, disgust, neutral"
nennen,3,"admiration, neutral, realization"
vaterland,3,"disappointment, love, neutral"
lacht,2,"annoyance, neutral"
fliege,3,"admiration, love, neutral"
gehorchte,2,"love, neutral"
augenblicke,3,"amusement, neutral, sadness"
geschmeidig,2,"admiration, neutral"
funkelnden,2,"fear, neutral"
schlich,3,"fear, neutral, sadness"
tische,2,"neutral, realization"
bewahre,2,"neutral, surprise"
brachten,3,"curiosity, disgust, neutral"
nachbar,3,"annoyance, neutral, realization"
theolog,2,"approval, neutral"
gange,2,"caring, neutral"
ertönte,3,"admiration, fear, neutral"
schweiz,3,"admiration, disappointment, neutral"
schwebte,4,"admiration, disgust, neutral, sadness"
zustande,2,"neutral, optimism"
accreditiv,2,"disappointment, neutral"
fühlen,3,"caring, love, neutral"
blies,2,"grief, neutral"
italien,2,"admiration, neutral"
dunkelblauen,2,"neutral, sadness"
friedlich,2,"disappointment, neutral"
liebliche,2,"love, neutral"
irgend,2,"joy, neutral"
schlugen,2,"disgust, neutral"
bissen,2,"fear, neutral"
angeschwollen,2,"nervousness, neutral"
schaaren,2,"neutral, sadness"
thiere,2,"neutral, sadness"
sank,5,"admiration, annoyance, neutral, realization, sadness"
sommertage,2,"joy, neutral"
wolken,4,"admiration, confusion, fear, neutral"
gemälden,2,"approval, neutral"
erlebt,3,"disappointment, disapproval, neutral"
weiden,2,"disgust, neutral"
lumpen,2,"anger, neutral"
bot,2,"gratitude, neutral"
stall,3,"grief, neutral, realization"
frische,3,"admiration, neutral, surprise"
verdorrten,2,"admiration, neutral"
miserabili,3,"anger, neutral, surprise"
eccellenza,2,"neutral, surprise"
pfeffer,2,"admiration, neutral"
ausgesprochen,2,"confusion, neutral"
heimath,3,"amusement, joy, neutral"
niemanden,3,"neutral, realization, sadness"
grabe,2,"admiration, neutral"
schwerer,4,"anger, desire, neutral, sadness"
drückt,2,"curiosity, neutral"
bewegten,4,"admiration, love, neutral, realization"
todten,2,"neutral, sadness"
todesschlaf,2,"neutral, sadness"
geendet,2,"approval, neutral"
kranke,2,"joy, neutral"
milden,2,"love, neutral"
knieen,2,"love, neutral"
thränen,3,"admiration, joy, neutral"
herrlichkeiten,2,"admiration, neutral"
sarg,2,"neutral, sadness"
geliebt,3,"curiosity, neutral, realization"
bäume,6,"admiration, amusement, desire, gratitude, love, neutral"
johannes,7,"admiration, caring, gratitude, joy, love, neutral, sadness"
allezeit,2,"love, neutral"
möge,2,"desire, neutral"
grab,2,"caring, neutral"
geschmückt,5,"approval, neutral, realization, sadness, surprise"
gethan,2,"neutral, realization"
packte,2,"admiration, neutral"
erbtheil,2,"neutral, sadness"
psalm,3,"admiration, approval, neutral"
gesungen,3,"admiration, neutral, sadness"
rothen,9,"admiration, amusement, anger, approval, fear, gratitude, joy, neutral, realization"
beschattete,2,"admiration, neutral"
heuschober,2,"admiration, neutral"
felde,2,"admiration, neutral"
zündete,2,"neutral, sadness"
aufging,3,"desire, joy, neutral"
glocken,3,"admiration, joy, neutral"
prediger,2,"neutral, sadness"
kirchhofe,3,"caring, fear, neutral"
gräber,2,"anger, neutral"
schmücken,2,"annoyance, neutral"
kirchhofsthüre,2,"fear, neutral"
ermüdet,3,"admiration, excitement, neutral"
donnerte,2,"fear, neutral"
furchtsam,2,"fear, neutral"
gutes,8,"admiration, confusion, disgust, embarrassment, joy, love, neutral, realization"
gewissen,2,"disappointment, neutral"
lebende,2,"annoyance, neutral"
schlimme,2,"disgust, neutral"
uebles,2,"annoyance, neutral"
erweisen,4,"curiosity, desire, disapproval, neutral"
schnickschnack,2,"excitement, neutral"
bezahlen,2,"anger, neutral"
willst,9,"amusement, anger, approval, caring, curiosity, desire, joy, love, neutral"
leiche,2,"annoyance, neutral"
stören,2,"desire, neutral"
bösen,4,"annoyance, embarrassment, neutral, realization"
finger,4,"admiration, amusement, caring, neutral"
schaukelten,2,"admiration, neutral"
lärmen,2,"fear, neutral"
bunte,2,"amusement, neutral"
spinnen,2,"amusement, neutral"
feine,3,"admiration, amusement, neutral"
währte,2,"neutral, sadness"
eben,5,"admiration, amusement, annoyance, disappointment, neutral"
herausgekommen,2,"disapproval, neutral"
möglichen,2,"neutral, realization"
gesammelt,2,"anger, neutral"
ruthen,2,"curiosity, neutral"
wohnte,3,"admiration, curiosity, neutral"
salbe,2,"confusion, neutral"
verlange,3,"admiration, approval, neutral"
bezahlt,5,"admiration, disappointment, excitement, neutral, remorse"
angenehm,5,"amusement, disappointment, excitement, neutral, realization"
schwere,2,"disappointment, neutral"
wirtshause,3,"disappointment, joy, neutral"
komödie,4,"admiration, disappointment, neutral, sadness"
aufstand,3,"admiration, neutral, realization"
schlächter,2,"admiration, neutral"
schlanke,2,"joy, neutral"
holzpuppen,2,"admiration, neutral"
glasaugen,2,"admiration, neutral"
könnten,4,"admiration, annoyance, disappointment, neutral"
kniee,2,"gratitude, neutral"
hofleute,2,"admiration, neutral"
niedlichsten,3,"admiration, curiosity, neutral"
machten,2,"admiration, neutral"
städte,2,"admiration, neutral"
schlage,4,"anger, annoyance, approval, neutral"
wirthshause,2,"fear, neutral"
nett,2,"admiration, neutral"
rathen,2,"joy, neutral"
unterlassen,5,"admiration, desire, love, neutral, sadness"
jahres,5,"annoyance, disappointment, disapproval, joy, neutral"
ruthe,2,"approval, neutral"
ritten,2,"amusement, neutral"
kohlschwarzen,2,"admiration, neutral"
pferden,2,"anger, neutral"
purem,2,"approval, neutral"
sonnenstrahl,2,"neutral, surprise"
bestimmt,3,"excitement, neutral, realization"
pochte,2,"fear, neutral"
pantoffeln,3,"curiosity, neutral, pride"
haupte,2,"admiration, neutral"
scepter,2,"love, neutral"
apfel,2,"admiration, neutral"
erfuhr,4,"anger, fear, joy, neutral"
weinen,5,"amusement, desire, joy, neutral, sadness"
aufgegeben,2,"love, neutral"
errathen,2,"annoyance, neutral"
gerathen,2,"disappointment, neutral"
tanzte,5,"admiration, amusement, joy, neutral, sadness"
landstraße,2,"anger, neutral"
sehnte,2,"love, neutral"
herrschte,3,"fear, joy, neutral"
geschlossen,2,"neutral, sadness"
kuchenfrauen,3,"joy, neutral, surprise"
banden,2,"disgust, neutral"
priester,3,"disappointment, neutral, sadness"
kirchen,2,"admiration, neutral"
freiern,2,"gratitude, neutral"
ergangen,2,"curiosity, neutral"
getrunken,2,"joy, neutral"
stuhle,3,"annoyance, approval, neutral"
größte,6,"admiration, amusement, annoyance, fear, neutral, sadness"
stille,4,"admiration, caring, love, neutral"
leuchtenden,2,"fear, neutral"
trommel,2,"anger, neutral"
saale,2,"admiration, neutral"
woran,2,"curiosity, neutral"
stark,6,"admiration, annoyance, curiosity, gratitude, neutral, realization"
hagelwetter,2,"disapproval, neutral"
löste,3,"annoyance, love, neutral"
klatschten,3,"admiration, amusement, neutral"
könige,3,"admiration, fear, neutral"
stürmte,2,"joy, neutral"
schilfe,2,"neutral, sadness"
sturmwind,2,"anger, neutral"
bleich,3,"admiration, fear, neutral"
arg,2,"neutral, optimism"
wirbelte,3,"admiration, neutral, sadness"
ausgewesen,2,"disapproval, neutral"
gewonnen,2,"joy, neutral"
tauchte,4,"admiration, neutral, remorse, sadness"
feierlich,2,"joy, neutral"
gehe,4,"annoyance, curiosity, love, neutral"
enten,3,"disappointment, disgust, neutral"
hühnern,2,"disgust, neutral"
wein,5,"admiration, joy, love, neutral, surprise"
erleuchtet,2,"joy, neutral"
federn,5,"admiration, amusement, joy, neutral, sadness"
zauberei,2,"disgust, neutral"
lieb,4,"admiration, disapproval, love, neutral"
male,3,"gratitude, neutral, sadness"
mild,3,"admiration, neutral, sadness"
ward,2,"neutral, sadness"
lebte,5,"amusement, love, neutral, realization, sadness"
kluge,2,"admiration, neutral"
bekomme,2,"annoyance, neutral"
sticken,2,"admiration, neutral"
gelehrsamkeit,2,"disapproval, neutral"
wollt,5,"curiosity, desire, joy, neutral, sadness"
plaudern,2,"disgust, neutral"
nehme,2,"neutral, sadness"
gebe,3,"approval, caring, neutral"
stande,3,"disgust, neutral, realization"
halloh,2,"excitement, neutral"
seltenen,2,"curiosity, neutral"
anzusehen,5,"admiration, approval, fear, neutral, pride"
tölpel,2,"amusement, neutral"
holzschuh,2,"curiosity, neutral"
füllte,2,"joy, neutral"
zeug,7,"admiration, anger, approval, curiosity, disapproval, neutral, realization"
glied,2,"admiration, neutral"
rühren,4,"admiration, desire, neutral, surprise"
empfing,3,"amusement, disgust, neutral"
verließ,3,"curiosity, joy, neutral"
glühte,2,"fear, neutral"
hitze,3,"amusement, anger, neutral"
—,18,"admiration, amusement, anger, approval, caring, confusion, curiosity, disappointment, disapproval, embarrassment, fear, gratitude, joy, love, neutral, realization, sadness, surprise"
schenken,3,"amusement, desire, neutral"
zugleich,5,"caring, excitement, neutral, realization, sadness"
wandte,4,"disappointment, embarrassment, neutral, sadness"
taschen,2,"anger, neutral"
rechter,2,"excitement, neutral"
wöchentlich,2,"approval, neutral"
vorbeiging,2,"admiration, neutral"
sagst,2,"admiration, neutral"
sehe,3,"caring, disapproval, neutral"
hüten,2,"curiosity, neutral"
schulter,2,"fear, neutral"
pferdehaut,2,"neutral, surprise"
daneben,2,"disappointment, neutral"
storch,2,"disapproval, neutral"
nest,3,"disgust, grief, neutral"
dache,2,"joy, neutral"
gedeckt,2,"approval, neutral"
reiten,4,"curiosity, desire, love, neutral"
komm,4,"anger, annoyance, curiosity, neutral"
schüssel,2,"admiration, neutral"
schmecken,3,"admiration, disapproval, neutral"
sacke,5,"annoyance, curiosity, fear, love, neutral"
durfte,3,"caring, disapproval, neutral"
aßen,2,"anger, neutral"
hörst,2,"anger, neutral"
bange,2,"fear, neutral"
hu,3,"annoyance, disgust, neutral"
könnt,3,"admiration, caring, neutral"
aufmachen,2,"disapproval, neutral"
scheffel,4,"admiration, approval, embarrassment, neutral"
karren,2,"admiration, neutral"
floß,2,"admiration, neutral"
geschlagen,2,"neutral, realization"
dummen,2,"fear, neutral"
gestern,2,"admiration, neutral"
axt,2,"annoyance, neutral"
kaufen,4,"neutral, optimism, realization, surprise"
gelaufen,2,"fear, neutral"
foppen,2,"anger, neutral"
na,2,"confusion, neutral"
schlimm,3,"amusement, annoyance, neutral"
zurückkehren,2,"disapproval, neutral"
liege,2,"caring, neutral"
böser,2,"neutral, realization"
totschlagen,2,"anger, neutral"
kümmel,3,"annoyance, desire, neutral"
erschlagen,2,"annoyance, neutral"
woher,2,"joy, neutral"
flusse,2,"annoyance, neutral"
möglich,3,"admiration, disapproval, neutral"
viehtreiber,3,"gratitude, neutral, sadness"
kommst,2,"curiosity, neutral"
kühen,2,"admiration, neutral"
warfst,2,"fear, neutral"
seevieh,2,"curiosity, neutral"
vieh,5,"curiosity, fear, love, neutral, surprise"
erzähle,3,"curiosity, disapproval, neutral"
umweg,2,"love, neutral"
erhalte,2,"approval, neutral"
durstig,2,"neutral, sadness"
behälter,2,"joy, neutral"
spielte,4,"admiration, joy, neutral, sadness"
kavalier,2,"admiration, neutral"
einschüchtern,2,"annoyance, neutral"
braun,2,"nervousness, neutral"
brauche,2,"neutral, sadness"
arbeitete,2,"admiration, neutral"
niedlichen,2,"amusement, neutral"
hofdame,2,"fear, neutral"
tue,2,"approval, neutral"
gegangen,3,"disappointment, fear, neutral"
schellen,2,"admiration, neutral"
stellten,2,"annoyance, neutral"
feuerherd,2,"amusement, neutral"
süße,3,"curiosity, love, neutral"
haltet,2,"caring, neutral"
hineingegangen,2,"admiration, neutral"
rieb,3,"confusion, neutral, realization"
sputete,2,"fear, neutral"
leise,6,"admiration, amusement, disgust, joy, neutral, sadness"
geschöpf,3,"annoyance, curiosity, neutral"
haaren,3,"admiration, disgust, neutral"
schlafkammer,2,"admiration, neutral"
schrecklich,3,"admiration, fear, neutral"
wiege,3,"admiration, desire, neutral"
nackten,2,"neutral, sadness"
langes,2,"amusement, neutral"
blondes,2,"admiration, neutral"
fror,2,"admiration, neutral"
beinahe,3,"annoyance, disappointment, neutral"
schleier,2,"admiration, neutral"
schneeweißes,2,"neutral, surprise"
erlosch,2,"admiration, neutral"
erlischt,2,"neutral, realization"
herrliche,7,"admiration, confusion, curiosity, joy, neutral, sadness, surprise"
gänsebraten,2,"joy, neutral"
strich,2,"admiration, neutral"
glanze,2,"admiration, neutral"
heller,3,"admiration, joy, neutral"
glanz,2,"admiration, neutral"
hunger,2,"neutral, sadness"
starr,2,"embarrassment, neutral"
traf,3,"fear, neutral, sadness"
garstig,2,"disgust, neutral"
lampen,2,"amusement, neutral"
magst,2,"approval, neutral"
teetassen,2,"disapproval, neutral"
kerl,2,"admiration, neutral"
genügt,2,"joy, neutral"
wahrhaftig,2,"joy, neutral"
gib,2,"caring, neutral"
prächtigsten,3,"admiration, approval, neutral"
allerbesten,2,"admiration, neutral"
jämmerliche,2,"approval, neutral"
überhaupt,2,"approval, neutral"
türmen,2,"admiration, neutral"
gewohnt,2,"admiration, neutral"
funken,2,"neutral, realization"
einher,2,"neutral, sadness"
verschwanden,3,"admiration, neutral, surprise"
gemalt,2,"neutral, realization"
einsehen,2,"neutral, realization"
feiner,2,"admiration, neutral"
warfen,2,"amusement, neutral"
tabak,2,"admiration, neutral"
dauerte,2,"neutral, realization"
schuhmacherfrau,2,"admiration, neutral"
gemeint,2,"embarrassment, neutral"
karen,6,"admiration, approval, disgust, joy, neutral, remorse"
darein,2,"anger, neutral"
gräulich,2,"fear, neutral"
strömten,2,"disappointment, neutral"
allerliebst,4,"approval, excitement, love, neutral"
rothe,4,"admiration, caring, disgust, neutral"
glänzen,2,"approval, neutral"
paßten,2,"admiration, neutral"
wunderbar,2,"admiration, neutral"
neigte,4,"admiration, gratitude, neutral, realization"
tanzt,4,"amusement, approval, disappointment, neutral"
kniete,2,"love, neutral"
kelche,2,"gratitude, neutral"
stieg,3,"admiration, confusion, neutral"
gewaltig,3,"fear, gratitude, neutral"
gewartet,2,"joy, neutral"
genesen,2,"neutral, sadness"
sünde,4,"fear, neutral, realization, remorse"
finstern,2,"joy, neutral"
besseres,3,"curiosity, neutral, realization"
stolze,3,"admiration, annoyance, neutral"
gnade,2,"joy, neutral"
hineinkommen,2,"disapproval, neutral"
geführt,3,"embarrassment, neutral, sadness"
dienst,3,"curiosity, neutral, sadness"
fleißig,2,"admiration, neutral"
sonntage,2,"excitement, neutral"
orgeltöne,2,"admiration, neutral"
hilf,3,"approval, neutral, sadness"
berührte,3,"neutral, realization, sadness"
orgel,3,"admiration, joy, neutral"
kinderstimmen,2,"joy, neutral"
korn,2,"admiration, neutral"
aufgesetzt,2,"annoyance, neutral"
wäldern,3,"admiration, approval, neutral"
neste,2,"joy, neutral"
schwammen,3,"admiration, disapproval, neutral"
klettenblatt,2,"admiration, neutral"
rapp,2,"love, neutral"
platzen,2,"curiosity, neutral"
schwimmen,3,"admiration, curiosity, neutral"
keins,2,"gratitude, neutral"
entleinmutter,2,"admiration, neutral"
platsch,2,"fear, neutral"
schwamm,4,"admiration, amusement, neutral, remorse"
entenhof,2,"caring, neutral"
aalkopf,3,"admiration, fear, neutral"
euern,2,"admiration, neutral"
thaten,2,"annoyance, neutral"
büschen,2,"love, neutral"
grüßte,2,"admiration, neutral"
gänse,3,"love, neutral, sadness"
richtiger,2,"admiration, neutral"
gekrochen,2,"disgust, neutral"
jäger,2,"admiration, neutral"
dampf,3,"amusement, fear, neutral"
dunkeln,2,"love, neutral"
moore,2,"love, neutral"
tobte,2,"fear, neutral"
kater,3,"curiosity, gratitude, neutral"
henne,2,"admiration, neutral"
sprühte,2,"disgust, neutral"
eier,2,"admiration, neutral"
litt,3,"fear, nervousness, neutral"
güte,3,"admiration, neutral, realization"
darfst,2,"admiration, neutral"
schlechter,2,"disapproval, neutral"
sonderbare,2,"admiration, neutral"
grillen,2,"joy, neutral"
lege,2,"fear, neutral"
glaubst,2,"curiosity, neutral"
zusammenschlagen,2,"admiration, neutral"
eigenthümlichen,2,"neutral, sadness"
glücklichen,2,"joy, neutral"
eise,2,"admiration, neutral"
haufen,2,"fear, neutral"
noth,3,"admiration, fear, neutral"
scheinen,3,"admiration, disappointment, neutral"
brausten,2,"joy, neutral"
duftete,2,"admiration, neutral"
vögeln,2,"curiosity, neutral"
wasserfläche,2,"desire, neutral"
brod,2,"admiration, neutral"
neigten,2,"joy, neutral"
seejungfer,9,"admiration, amusement, curiosity, embarrassment, fear, joy, love, neutral, sadness"
irgendein,2,"admiration, neutral"
kirchtürme,2,"admiration, neutral"
reicher,3,"anger, neutral, pride"
nackte,2,"admiration, neutral"
zart,3,"admiration, approval, neutral"
rosenblatt,3,"admiration, disgust, neutral"
endete,2,"love, neutral"
meeresgrunde,3,"admiration, approval, neutral"
meerweiblein,2,"admiration, neutral"
bilde,2,"caring, neutral"
wurzeln,2,"disgust, neutral"
städten,2,"love, neutral"
tieren,2,"curiosity, neutral"
mondschein,2,"admiration, neutral"
warten,2,"annoyance, neutral"
aufsteigen,2,"admiration, neutral"
längsten,2,"disappointment, neutral"
lärm,2,"admiration, neutral"
schwarm,2,"admiration, neutral"
wilder,2,"neutral, sadness"
hügel,2,"fear, neutral"
schauten,2,"neutral, sadness"
dreist,2,"disappointment, neutral"
herrlichste,3,"admiration, approval, neutral"
kreuzten,2,"neutral, surprise"
emporhob,2,"admiration, neutral"
hübsch,3,"admiration, disappointment, neutral"
austern,2,"admiration, neutral"
schwanze,2,"admiration, neutral"
segel,3,"admiration, fear, neutral"
rührte,2,"annoyance, neutral"
matrosen,2,"fear, neutral"
deck,2,"amusement, neutral"
erschreckt,2,"fear, neutral"
schwangen,2,"disappointment, neutral"
klaren,5,"admiration, amusement, curiosity, gratitude, neutral"
stillen,5,"admiration, approval, desire, neutral, sadness"
tau,2,"admiration, neutral"
bunten,3,"admiration, amusement, neutral"
breitete,2,"neutral, relief"
wogen,2,"gratitude, neutral"
herauf,3,"anger, neutral, sadness"
mindeste,2,"neutral, sadness"
unwetter,2,"fear, neutral"
wünschte,4,"desire, fear, love, neutral"
schimmerte,2,"admiration, neutral"
bucht,2,"fear, neutral"
sorgte,2,"admiration, neutral"
paßte,2,"love, neutral"
reifen,2,"admiration, neutral"
trost,2,"neutral, realization"
flochten,2,"admiration, neutral"
aushalten,2,"caring, neutral"
erhoben,3,"disappointment, neutral, optimism"
säulen,2,"admiration, neutral"
strahlen,2,"love, neutral"
flaggen,2,"amusement, neutral"
innig,2,"love, neutral"
antwort,3,"annoyance, love, neutral"
höhere,2,"annoyance, neutral"
dreihundert,4,"excitement, gratitude, neutral, optimism"
schaum,3,"annoyance, love, neutral"
unsterbliche,6,"approval, confusion, curiosity, desire, neutral, optimism"
schimmernden,2,"desire, neutral"
rechte,3,"admiration, neutral, realization"
klarem,2,"admiration, neutral"
muschelschalen,3,"joy, neutral, pride"
brennenden,2,"neutral, realization"
kummer,3,"admiration, neutral, sadness"
waldhorn,2,"admiration, neutral"
strecke,2,"amusement, neutral"
polypen,2,"fear, neutral"
wälzten,2,"amusement, neutral"
zeigten,2,"disgust, neutral"
errichtet,2,"neutral, surprise"
schwebenden,2,"admiration, neutral"
schritt,2,"anger, neutral"
bedenke,2,"curiosity, neutral"
ineinander,3,"admiration, love, neutral"
behalte,3,"admiration, gratitude, neutral"
schwarzes,2,"fear, neutral"
gehst,2,"disapproval, neutral"
stumm,3,"admiration, disappointment, neutral"
nackend,2,"fear, neutral"
träte,2,"neutral, sadness"
bekleidet,3,"amusement, neutral, realization"
wüßte,2,"admiration, neutral"
zehenspitzen,2,"admiration, neutral"
marmortreppe,2,"neutral, surprise"
unterging,3,"admiration, desire, neutral"
tempel,5,"approval, caring, joy, love, neutral"
gefolge,2,"admiration, neutral"
stummes,3,"admiration, annoyance, neutral"
findelkind,2,"neutral, sadness"
näherte,2,"neutral, realization"
tauchten,2,"approval, neutral"
schleppe,2,"admiration, neutral"
selben,3,"admiration, desire, neutral"
täglich,2,"approval, neutral"
ahnte,2,"admiration, neutral"
atmete,2,"neutral, sadness"
spritzt,2,"gratitude, neutral"
heftete,2,"admiration, neutral"
stürzte,4,"confusion, fear, neutral, surprise"
lächeln,4,"joy, love, neutral, sadness"
prüfungszeit,2,"joy, neutral"
stimmen,2,"admiration, neutral"
schwebten,2,"admiration, neutral"
wem,3,"confusion, love, neutral"
ewiges,2,"annoyance, neutral"
lüfte,2,"joy, neutral"
durchsichtigen,2,"admiration, neutral"
rathe,2,"annoyance, neutral"
amte,2,"confusion, neutral"
verlangten,2,"neutral, sadness"
arbeiteten,2,"annoyance, neutral"
tauge,4,"admiration, confusion, disapproval, neutral"
minister,2,"neutral, realization"
behüte,2,"admiration, neutral"
muster,2,"admiration, neutral"
webte,2,"neutral, sadness"
majestät,2,"admiration, neutral"
beifall,2,"neutral, realization"
procession,2,"admiration, neutral"
titel,3,"annoyance, neutral, realization"
angezündet,3,"amusement, annoyance, neutral"
thronhimmel,2,"admiration, neutral"
merken,2,"annoyance, neutral"
landmanns,2,"neutral, sadness"
erstreckte,2,"fear, neutral"
erbaut,2,"disgust, neutral"
schmerzen,2,"caring, neutral"
fromm,2,"admiration, neutral"
unschuldig,2,"approval, neutral"
stahl,3,"admiration, desire, neutral"
hunderte,3,"admiration, amusement, neutral"
gekostet,2,"disapproval, neutral"
theil,2,"joy, neutral"
baumzweige,2,"love, neutral"
gekannt,2,"joy, neutral"
nahebei,2,"love, neutral"
ufern,2,"admiration, neutral"
weicher,2,"caring, neutral"
unermüdlich,2,"joy, neutral"
strauß,3,"admiration, disappointment, neutral"
süßen,2,"curiosity, neutral"
finster,2,"fear, neutral"
kehrten,2,"anger, neutral"
ruhte,2,"neutral, sadness"
weinten,2,"neutral, sadness"
verstanden,3,"excitement, neutral, optimism"
klippe,3,"love, neutral, realization"
mitte,2,"admiration, neutral"
nehmt,3,"caring, joy, neutral"
welle,2,"admiration, neutral"
muth,2,"curiosity, neutral"
rein,4,"admiration, love, neutral, realization"
fata,2,"neutral, realization"
morgana,2,"neutral, realization"
herrliches,3,"admiration, curiosity, neutral"
hineinbringen,2,"anger, neutral"
stürzten,3,"anger, disgust, neutral"
segelte,2,"love, neutral"
herrlichsten,3,"admiration, disgust, neutral"
glänzend,2,"admiration, neutral"
flachs,2,"admiration, neutral"
merke,3,"annoyance, approval, neutral"
geschlafen,2,"curiosity, neutral"
nessel,2,"neutral, realization"
thue,2,"amusement, neutral"
eilig,2,"admiration, neutral"
floh,3,"fear, love, neutral"
plätscherten,2,"fear, neutral"
handschuhe,2,"neutral, sadness"
blendend,2,"admiration, neutral"
gerichte,2,"admiration, neutral"
schmerzte,2,"neutral, sadness"
ganzem,3,"caring, neutral, sadness"
schmerz,7,"admiration, caring, disappointment, love, neutral, realization, sadness"
qual,2,"caring, neutral"
erduldet,2,"admiration, neutral"
lamien,2,"fear, neutral"
zweifel,2,"fear, neutral"
sammet,2,"admiration, neutral"
schimmernde,3,"fear, neutral, realization"
diamanten,3,"disgust, neutral, surprise"
wünschten,2,"desire, neutral"
fehlte,3,"disappointment, neutral, realization"
freundlichen,2,"fear, neutral"
versprochen,2,"neutral, optimism"
armes,2,"neutral, sadness"
verbreitete,2,"disgust, neutral"
duftende,3,"annoyance, neutral, sadness"
glückseligkeit,2,"neutral, optimism"
gerstenkorn,2,"neutral, sadness"
walnußschale,2,"admiration, neutral"
niedliche,4,"admiration, curiosity, disapproval, neutral"
hausen,2,"admiration, neutral"
blatte,4,"curiosity, disapproval, neutral, sadness"
koax,3,"admiration, disgust, neutral"
zähnen,3,"caring, joy, neutral"
stiel,2,"fear, neutral"
niedlicher,2,"approval, neutral"
schmetterling,2,"love, neutral"
gefiel,3,"admiration, love, neutral"
klauen,2,"amusement, neutral"
loskommen,2,"neutral, sadness"
verhungern,2,"gratitude, neutral"
erbärmlich,2,"neutral, sadness"
gefrorenen,2,"approval, neutral"
samtpelz,2,"admiration, neutral"
besonnener,2,"fear, neutral"
spazieren,2,"annoyance, neutral"
leid,5,"disappointment, love, neutral, realization, sadness"
teppich,2,"admiration, neutral"
vogels,2,"admiration, neutral"
verspätet,2,"neutral, realization"
hierhergekommen,2,"neutral, sadness"
quivit,4,"amusement, curiosity, gratitude, neutral"
langweilige,2,"annoyance, neutral"
samtpelze,2,"neutral, realization"
fehlen,2,"curiosity, neutral"
aussteuer,2,"curiosity, neutral"
ungern,2,"annoyance, neutral"
weintrauben,2,"approval, neutral"
goldkrone,2,"admiration, neutral"
irrte,2,"fear, neutral"
aufgebahrten,2,"disapproval, neutral"
wusste,6,"admiration, confusion, disapproval, joy, love, neutral"
fürchte,2,"fear, neutral"
manchmal,5,"approval, joy, love, neutral, realization"
nährte,2,"neutral, realization"
versteinerten,2,"desire, neutral"
grau,2,"neutral, surprise"
heiratete,3,"admiration, love, neutral"
begleiter,3,"caring, fear, neutral"
erwartung,2,"amusement, neutral"
schnaubte,2,"love, neutral"
stritten,3,"admiration, amusement, neutral"
windstoß,2,"admiration, neutral"
stolz,6,"admiration, annoyance, embarrassment, joy, neutral, pride"
hässliches,2,"annoyance, neutral"
russischen,2,"admiration, neutral"
schwefelholz,2,"neutral, realization"
hölzer,2,"fear, neutral"
wirkte,2,"disappointment, neutral"
dünnes,2,"neutral, sadness"
schachtel,3,"neutral, optimism, realization"
eilten,2,"curiosity, neutral"
flamme,5,"admiration, curiosity, disgust, neutral, realization"
blühen,2,"joy, neutral"
winziges,3,"admiration, joy, neutral"
liebes,3,"disappointment, love, neutral"
blattes,2,"neutral, sadness"
freiheit,2,"approval, neutral"
entdeckte,2,"neutral, realization"
menschenkind,2,"admiration, neutral"
erzählst,2,"admiration, neutral"
ordnung,2,"neutral, realization"
ding,2,"neutral, realization"
felder,2,"neutral, sadness"
schimpfte,2,"love, neutral"
zuneigung,2,"approval, neutral"
unerreichbar,2,"admiration, neutral"
verliebte,2,"love, neutral"
liebte,6,"admiration, annoyance, disappointment, love, neutral, realization"
schmetterlinge,3,"admiration, neutral, surprise"
kronen,2,"admiration, neutral"
schmetterlingen,2,"admiration, neutral"
kümmerte,3,"annoyance, neutral, sadness"
wahr,3,"approval, curiosity, neutral"
umarmten,2,"love, neutral"
diente,2,"gratitude, neutral"
echte,4,"admiration, desire, joy, neutral"
geblendet,2,"admiration, neutral"
neid,2,"neutral, realization"
stattdessen,2,"admiration, neutral"
nachtlager,2,"nervousness, neutral"
stopfte,2,"admiration, neutral"
ertränken,2,"anger, neutral"
bewachte,2,"neutral, realization"
verschwenderisch,2,"annoyance, neutral"
benutzte,2,"admiration, neutral"
staunen,2,"admiration, neutral"
halt,2,"anger, neutral"
verdient,3,"fear, joy, neutral"
gärten,2,"neutral, sadness"
singende,2,"admiration, neutral"
willigte,2,"anger, neutral"
wahre,5,"admiration, desire, disappointment, neutral, realization"
waldgeister,2,"desire, neutral"
entstelltes,2,"disgust, neutral"
versteckte,2,"neutral, surprise"
beantwortete,2,"annoyance, neutral"
liebten,2,"love, neutral"
schwenkte,2,"caring, neutral"
gefeiert,2,"joy, neutral"
zauberte,3,"amusement, joy, neutral"
glasschale,2,"admiration, neutral"
sieger,2,"excitement, neutral"
erklären,2,"admiration, neutral"
entkam,2,"disappointment, neutral"
sicherheit,2,"love, neutral"
herzform,2,"desire, neutral"
windhauch,2,"neutral, realization"
versuchte,4,"disappointment, neutral, sadness, surprise"
schützte,2,"fear, neutral"
gepäck,2,"neutral, optimism"
morgentau,2,"neutral, realization"
baute,2,"admiration, neutral"
neugier,4,"annoyance, curiosity, neutral, surprise"
scham,2,"embarrassment, neutral"
geriet,4,"fear, joy, neutral, surprise"
wischte,2,"admiration, neutral"
gestand,3,"disappointment, neutral, sadness"
lernte,2,"amusement, neutral"
geheimnisvoll,2,"joy, neutral"
vernunft,2,"neutral, realization"
küsste,2,"love, neutral"
zersprang,2,"fear, neutral"
schätzen,3,"caring, joy, neutral"
victorias,2,"love, neutral"
gehörte,2,"neutral, realization"
gemächer,2,"approval, neutral"
meeresvolk,2,"disappointment, neutral"
beobachtete,3,"admiration, caring, neutral"
scuttle,2,"neutral, realization"
eriks,2,"neutral, realization"
vertrag,2,"grief, neutral"
herzens,3,"admiration, love, neutral"
bursche,2,"neutral, sadness"
verdienen,2,"caring, neutral"
rufen,2,"amusement, neutral"
falle,2,"amusement, neutral"
fegte,2,"admiration, neutral"
dank,3,"approval, gratitude, neutral"
skeptisch,2,"admiration, neutral"
beschloss,2,"admiration, neutral"
gelangten,2,"joy, neutral"
hoher,2,"disappointment, neutral"
mitwirkenden,2,"annoyance, neutral"
bühnenbild,2,"annoyance, neutral"
scheiterte,2,"disappointment, neutral"
menschenreich,2,"love, neutral"
lina,4,"admiration, neutral, realization, sadness"
flattern,2,"curiosity, neutral"
rannte,2,"admiration, neutral"
froschsohn,2,"admiration, neutral"
öffneten,2,"joy, neutral"
halfen,2,"desire, neutral"
liebevolle,2,"love, neutral"
zerschlug,3,"caring, confusion, neutral"
behandelte,2,"love, neutral"
sklavin,2,"admiration, neutral"
grauen,3,"fear, neutral, sadness"
pustete,2,"joy, neutral"
fanden,4,"admiration, disappointment, neutral, remorse"
warteten,2,"disgust, neutral"
torwächter,2,"joy, neutral"
lippen,3,"admiration, neutral, sadness"
murmelte,3,"desire, neutral, sadness"
immerfroh,3,"admiration, love, neutral"
auszusetzen,2,"love, neutral"
eisig,2,"admiration, neutral"
krächzte,2,"joy, neutral"
duell,2,"disappointment, neutral"
eissplittern,2,"neutral, optimism"
wärmer,3,"joy, neutral, realization"
neu,2,"love, neutral"
verändern,3,"approval, joy, neutral"
wich,3,"admiration, fear, neutral"
besiegte,2,"admiration, neutral"
monster,2,"annoyance, neutral"
zitternd,2,"neutral, sadness"
regnen,2,"admiration, neutral"
herbeizaubern,2,"excitement, neutral"
zuhause,4,"disappointment, joy, neutral, realization"
befahl,2,"excitement, neutral"
verbeugte,2,"admiration, neutral"
irgendwo,2,"neutral, optimism"
gesichter,2,"disgust, neutral"
verschaffte,2,"neutral, realization"
taten,3,"admiration, approval, neutral"
gezeigt,2,"neutral, realization"
freizulassen,2,"neutral, realization"
flatterten,3,"disappointment, fear, neutral"
stolperte,2,"curiosity, neutral"
sees,2,"neutral, sadness"
nickten,4,"admiration, approval, joy, neutral"
riss,2,"anger, neutral"
ärmel,2,"neutral, realization"
morgenlicht,2,"admiration, neutral"
bewunderte,2,"admiration, neutral"
begeistert,2,"excitement, neutral"
ritter,3,"love, neutral, realization"
jacke,2,"neutral, realization"
arbeite,2,"anger, neutral"
größter,2,"fear, neutral"
lüge,2,"disappointment, neutral"
verbrachte,3,"fear, love, neutral"
bewunderer,2,"admiration, neutral"
lächelten,2,"joy, neutral"
hinweg,2,"admiration, neutral"
auto,2,"disappointment, neutral"
schwächer,2,"admiration, neutral"
grafen,2,"disappointment, neutral"
verwundet,2,"disappointment, neutral"
lyria,4,"caring, fear, love, neutral"
dunkelhaarigen,2,"love, neutral"
blutenden,2,"caring, neutral"
netze,2,"admiration, neutral"
blühte,2,"admiration, neutral"
hallte,2,"neutral, sadness"
unendlich,2,"admiration, neutral"
wunderhölzern,2,"desire, neutral"
getrennt,2,"neutral, sadness"
sammelten,2,"approval, neutral"
ruhigen,2,"admiration, neutral"
stiller,2,"disappointment, neutral"
leiser,2,"neutral, realization"
morgengrauen,2,"disappointment, neutral"
sun‑jae,3,"neutral, optimism, realization"
tae‑soo,2,"neutral, sadness"
gier,3,"admiration, neutral, realization"
verletzt,2,"disappointment, neutral"
drohte,2,"fear, neutral"
versenkten,2,"anger, neutral"
neckte,2,"caring, neutral"
lasse,2,"annoyance, neutral"
französisch,2,"annoyance, neutral"
gassen,2,"neutral, sadness"
hungriger,2,"neutral, sadness"
seitdem,2,"nervousness, neutral"
machtlos,2,"neutral, realization"
verlorener,2,"admiration, neutral"
milder,2,"love, neutral"
gestillt,2,"neutral, relief"
verstorbene,2,"neutral, realization"
überglücklich,3,"admiration, joy, love"
gestehen,2,"admiration, love"
schlicht,3,"admiration, approval, curiosity"
besonderes,3,"admiration, desire, excitement"
magisches,2,"admiration, gratitude"
freut,2,"admiration, excitement"
tauglich,3,"admiration, approval, realization"
befehle,2,"admiration, love"
reinlichkeit,2,"admiration, realization"
krähensprache,2,"admiration, approval"
zahmen,2,"admiration, love"
geliebten,2,"admiration, love"
abgemalt,2,"admiration, realization"
drucken,2,"admiration, fear"
seh,2,"admiration, disappointment"
wiedergeben,2,"admiration, desire"
hauptrolle,2,"admiration, disappointment"
schätze,2,"admiration, anger"
mittel,2,"admiration, love"
hurrah,3,"admiration, amusement, joy"
geträumt,6,"admiration, annoyance, confusion, excitement, love, surprise"
glückte,2,"admiration, disappointment"
fräulein,2,"admiration, love"
dankte,2,"admiration, gratitude"
süß,2,"admiration, sadness"
roch,2,"admiration, joy"
liebevoll,2,"admiration, love"
prächtiges,3,"admiration, approval, realization"
lappen,2,"admiration, disappointment"
außerordentlich,2,"admiration, anger"
adel,2,"admiration, approval"
verdiente,2,"admiration, fear"
wundersam,3,"admiration, sadness, surprise"
tänze,2,"admiration, amusement"
offenbarte,2,"admiration, realization"
gleichst,2,"admiration, love"
rosenhecken,2,"admiration, gratitude"
niedliches,2,"admiration, gratitude"
zitronen,2,"admiration, approval"
marmorschloß,2,"admiration, approval"
häßlicher,2,"admiration, annoyance"
dose,2,"admiration, surprise"
wiesenblumen,2,"admiration, disappointment"
tapfer,2,"admiration, disappointment"
scherzte,2,"admiration, joy"
süßer,2,"admiration, love"
neugierig,2,"admiration, curiosity"
unruhig,2,"admiration, fear"
summten,2,"admiration, anger"
jubel,2,"admiration, desire"
klangen,2,"admiration, disappointment"
gefrorener,2,"admiration, joy"
wirklichkeit,3,"approval, fear, surprise"
weiten,3,"amusement, gratitude, surprise"
furcht,4,"annoyance, fear, realization, surprise"
schöneres,2,"disappointment, surprise"
heimkehrte,2,"optimism, surprise"
erstaunlichste,2,"desire, surprise"
mussten,2,"annoyance, surprise"
einöde,2,"curiosity, realization"
weinst,2,"annoyance, curiosity"
wißt,2,"curiosity, gratitude"
schläfst,2,"approval, curiosity"
denkst,2,"curiosity, love"
verkehrt,2,"amusement, curiosity"
fühle,4,"curiosity, disappointment, realization, relief"
instrument,3,"annoyance, curiosity, desire"
wünsche,4,"annoyance, caring, curiosity, desire"
veränderte,2,"curiosity, realization"
hüh,2,"anger, pride"
vorwürfe,3,"amusement, anger, sadness"
lachend,3,"amusement, anger, approval"
verdammt,2,"anger, sadness"
erbarmer,3,"anger, caring, sadness"
dummes,2,"anger, realization"
mücken,2,"anger, disgust"
ziel,3,"desire, joy, love"
schweinhirtin,2,"desire, love"
sonnenseite,2,"desire, joy"
offizier,2,"desire, sadness"
wiederzusehen,2,"desire, fear"
erfüllten,2,"desire, disappointment"
ungerechtigkeit,2,"desire, disapproval"
unglücklich,4,"caring, disappointment, realization, sadness"
vision,2,"love, realization"
jemandem,3,"caring, fear, realization"
nachgejagt,2,"disappointment, realization"
bezug,2,"joy, realization"
schreckliches,2,"fear, realization"
kobold,2,"caring, realization"
tracht,3,"annoyance, fear, realization"
besinnung,2,"realization, sadness"
vorgegangen,2,"joy, realization"
gefühl,2,"annoyance, realization"
besondere,3,"approval, optimism, realization"
begierig,2,"embarrassment, realization"
gewirkt,2,"fear, realization"
erscheinung,2,"embarrassment, realization"
verzweiflung,2,"disappointment, realization"
rauschendes,2,"approval, joy"
opfern,2,"approval, love"
natürlicher,2,"approval, optimism"
wahrer,2,"approval, caring"
schöpfer,2,"annoyance, gratitude"
glückliche,3,"caring, fear, joy"
lustige,2,"amusement, joy"
jubelten,2,"joy, sadness"
weinend,2,"joy, sadness"
heilte,2,"fear, joy"
verschandeln,2,"annoyance, disgust"
knarrten,2,"annoyance, fear"
entsetzlich,3,"annoyance, disgust, fear"
komisch,2,"annoyance, disgust"
beziehung,2,"love, sadness"
einfaches,2,"love, sadness"
pflegen,2,"caring, love"
pirat,2,"disappointment, love"
unzufrieden,2,"disappointment, sadness"
wund,2,"embarrassment, sadness"
beißen,2,"caring, disgust"
schreckliche,2,"disappointment, fear"
rachen,2,"disgust, fear"
seltsamsten,2,"disgust, fear"
scheußlich,2,"amusement, disapproval"
entenhofe,2,"disapproval, disgust"
schlimmer,2,"disappointment, disgust"
geduldet,2,"disappointment, optimism"
