Emotion,Token,Frequency
neutral,drei,194
neutral,federn,31
neutral,fürst,14
neutral,gundolf,9
neutral,regierens,3
neutral,müde,35
neutral,sucht,15
neutral,nachfolger,7
neutral,söhnen,5
neutral,verspricht,24
neutral,hofmeister,10
neutral,julius,14
neutral,demjenigen,1
neutral,söhne,25
neutral,zepter,2
neutral,übergeben,6
neutral,feinsten,7
neutral,teppich,15
neutral,hause,43
neutral,bringt,57
neutral,älteren,22
neutral,gerhard,18
neutral,gebhard,14
neutral,fest,80
neutral,davon,115
neutral,überzeugt,9
neutral,aufgabe,32
neutral,zufriedenheit,2
neutral,vaters,32
neutral,lösen,12
neutral,bringen,72
neutral,brüder,84
neutral,richtung,4
neutral,suchen,38
neutral,wirft,19
neutral,ausgestopften,2
neutral,geliebten,2
neutral,falken,8
neutral,luft,22
neutral,osten,7
neutral,westen,5
neutral,folgen,17
neutral,folgt,10
neutral,gustav,49
neutral,feder,16
neutral,wald,270
neutral,kleinen,69
neutral,höhle,26
neutral,begegnet,21
neutral,sprechenden,4
neutral,kröte,17
neutral,itsche,15
neutral,zehn,5
neutral,jahre,51
neutral,zuvor,26
neutral,kochtopf,3
neutral,fürstenkochs,2
neutral,gerettet,20
neutral,spricht,14
neutral,wunsch,29
neutral,schönsten,8
neutral,zauberspruch,3
neutral,öffnet,7
neutral,kiste,2
neutral,vater,224
neutral,währenddessen,22
neutral,seite,32
neutral,waldes,13
neutral,denkmal,3
neutral,getroffen,7
neutral,gemeinsam,38
neutral,wirtshaus,16
neutral,nahe,14
neutral,gelegenen,2
neutral,dorfes,5
neutral,gezogen,16
neutral,bier,5
neutral,vergnügen,3
neutral,bruder,54
neutral,schönen,31
neutral,findet,42
neutral,schließen,5
neutral,pakt,8
neutral,weiterhin,9
neutral,fürstlich,2
neutral,leben,114
neutral,raubt,1
neutral,ärmlichen,7
neutral,untertanin,1
neutral,alten,74
neutral,roten,18
neutral,vorhang,4
neutral,ausgibt,2
neutral,geschenk,7
neutral,zerschliessenen,1
neutral,gustavs,9
neutral,kurz,50
neutral,nacheinander,3
neutral,bekommt,18
neutral,entscheidet,2
neutral,rät,4
neutral,allein,65
neutral,entscheidung,4
neutral,abhängig,1
neutral,diesmal,25
neutral,sollen,22
neutral,ring,63
neutral,wege,20
neutral,weisen,8
neutral,erneut,46
neutral,denen,17
neutral,zwei,144
neutral,zusammen,90
neutral,führen,21
neutral,speist,1
neutral,besorgt,2
neutral,mann,163
neutral,pfeife,12
neutral,stiehlt,8
neutral,trifft,50
neutral,fluss,38
neutral,blondes,2
neutral,barfüßiges,1
neutral,junges,7
neutral,mädchen,183
neutral,hellgrünes,1
neutral,kleid,62
neutral,dunkelgrünen,1
neutral,umhang,8
neutral,kapuze,3
neutral,trägt,16
neutral,schoß,14
neutral,sitzt,19
neutral,schwarz-weiß,1
neutral,geschecktes,1
neutral,kaninchen,8
neutral,gesellt,2
neutral,beiden,125
neutral,beginnen,5
neutral,gespräch,9
neutral,stellt,20
neutral,heraus,79
neutral,damals,5
neutral,aufgezogen,3
neutral,anlässlich,5
neutral,60,1
neutral,geburtstages,5
neutral,zubereiten,2
neutral,lassen,62
neutral,blonde,5
neutral,verhindert,2
neutral,koch,41
neutral,schlachten,3
neutral,gestohlen,17
neutral,wächter,13
neutral,fürsten,14
neutral,vorbeikommt,1
neutral,verrät,8
neutral,dennoch,12
neutral,möchte,35
neutral,weder,14
neutral,namen,29
neutral,verraten,12
neutral,gesicht,34
neutral,zeigen,15
neutral,beide,58
neutral,freiheit,13
neutral,zieht,36
neutral,daraufhin,44
neutral,maul,6
neutral,dicker,2
neutral,diamanten,4
neutral,brillanten,2
neutral,geschmückter,1
neutral,goldring,2
neutral,sonnenstrahl,2
neutral,glänzt,1
neutral,präsentiert,2
neutral,zunge,9
neutral,nimmt,39
neutral,erbost,6
neutral,bekommen,23
neutral,fingern,5
neutral,verbiegen,1
neutral,dagegen,7
neutral,begeistert,3
neutral,herz,114
neutral,beinahe,5
neutral,glück,38
neutral,stehen,28
neutral,bleibt,30
neutral,überzeugen,9
neutral,ernennen,2
neutral,bald,98
neutral,darauf,116
neutral,ruhenden,1
neutral,letzte,23
neutral,wer,115
neutral,wind,47
neutral,ost,1
neutral,west,1
neutral,dritte,34
neutral,führt,26
neutral,ordinäre,1
neutral,bauerntöchter,2
neutral,erwählt,1
neutral,erklärt,16
neutral,dritten,29
neutral,jedoch,126
neutral,schon,111
neutral,halb,8
neutral,gelöst,3
neutral,barfüßige,1
neutral,junge,95
neutral,grünem,2
neutral,sinn,3
neutral,zauber,30
neutral,reiten,12
neutral,braunen,2
neutral,ross,4
neutral,fürstlichen,1
neutral,nachdem,41
neutral,wenig,50
neutral,reizvollen,1
neutral,bräute,2
neutral,konnten,22
neutral,entzückt,1
neutral,blonden,1
neutral,barfüßigen,2
neutral,jungen,67
neutral,letztes,12
neutral,mal,41
neutral,versuchen,20
neutral,aufzubringen,1
neutral,behauptet,9
neutral,schönheit,18
neutral,stamme,3
neutral,reich,82
neutral,schloss,244
neutral,dorf,65
neutral,komme,8
neutral,verkündet,10
neutral,aufgaben,14
neutral,erfüllt,15
neutral,intriganten,1
neutral,sowie,9
neutral,schickt,27
neutral,arbeiten,23
neutral,pferdestall,3
neutral,lässt,88
neutral,sohn,80
neutral,thron,7
neutral,platz,16
neutral,nehmen,43
neutral,schlussszene,1
neutral,sieht,42
neutral,barbara,4
neutral,lange,77
neutral,hand,107
neutral,fürstenschloss,2
neutral,tanzen,23
neutral,später,46
neutral,königin,180
neutral,krank,13
neutral,wurde,158
neutral,gestorben,13
neutral,könig,733
neutral,schöne,30
neutral,adlige,1
neutral,zweiten,22
neutral,frau,227
neutral,neue,24
neutral,warnt,13
neutral,bevorstehenden,2
neutral,angriff,3
neutral,macht,111
neutral,abzuwehren,2
neutral,kehrt,21
neutral,nie,37
neutral,zurück,165
neutral,schneewittchen,77
neutral,lernt,4
neutral,gutaussehenden,1
neutral,banditen,4
neutral,namens,40
neutral,jonathan,9
neutral,kennen,7
neutral,speisekammer,5
neutral,schlosses,19
neutral,essen,74
neutral,freunde,27
neutral,stehlen,28
neutral,fliehen,25
neutral,bittet,36
neutral,stiefmutter,64
neutral,untertanen,5
neutral,freundlich,31
neutral,behandeln,2
neutral,gleichgültig,1
neutral,böse,27
neutral,befiehlt,5
neutral,eifersüchtig,8
neutral,schneewittchens,11
neutral,jäger,125
neutral,hinzurichten,2
neutral,juwelenbesetzten,1
neutral,kästchen,3
neutral,zurückzubringen,2
neutral,stattdessen,11
neutral,absichten,2
neutral,weiß,27
neutral,hütte,39
neutral,sieben,98
neutral,zwergen,19
neutral,brummbär,1
neutral,chef,1
neutral,happy,1
neutral,hatschi,1
neutral,pimpel,1
neutral,schlafmütz,1
neutral,seppl,1
neutral,gehört,32
neutral,tage,33
neutral,diamantenmine,1
neutral,verbringen,1
neutral,erfährt,25
neutral,lebt,16
neutral,sperrt,7
neutral,wachen,10
neutral,treffen,23
neutral,wehren,3
neutral,dieben,1
neutral,erkennen,23
neutral,gefühle,2
neutral,füreinander,2
neutral,bevor,37
neutral,aufbricht,2
neutral,glaubt,11
neutral,gefangen,22
neutral,genommen,23
neutral,eingekerkert,1
neutral,aufenthaltsort,4
neutral,mittlerweile,7
neutral,herausgefunden,5
neutral,geheimen,6
neutral,gemächer,1
neutral,verwandelt,46
neutral,ältere,3
neutral,erschafft,1
neutral,vergifteten,7
neutral,apfel,35
neutral,fluch,29
neutral,schlafenden,9
neutral,todes,5
neutral,belegen,1
neutral,zwerge,41
neutral,arbeit,60
neutral,gegangen,18
neutral,häuschen,33
neutral,sei,125
neutral,verbündete,5
neutral,offenbart,10
neutral,stieftochter,7
neutral,getötet,32
neutral,gebracht,20
neutral,feldzug,1
neutral,bedrohung,2
neutral,süden,1
neutral,tod,75
neutral,fällt,28
neutral,zurückzieht,1
neutral,finden,61
neutral,körper,3
neutral,rückkehr,9
neutral,erwacht,13
neutral,schart,1
neutral,jonathans,1
neutral,stürzen,7
neutral,kammer,29
neutral,tritt,18
neutral,spiegel,24
neutral,zerstört,9
neutral,quelle,16
neutral,kräfte,15
neutral,erweist,2
neutral,glas,13
neutral,verschwindet,11
neutral,strudel,1
neutral,zauberspiegel,4
neutral,repariert,1
neutral,heiraten,48
neutral,hans,197
neutral,jahren,36
neutral,lehre,9
neutral,gewürzhändler,2
neutral,mutter,171
neutral,ans,30
neutral,meer,25
neutral,zurückkehren,10
neutral,lohn,31
neutral,dienst,9
neutral,erhält,21
neutral,klumpen,7
neutral,purem,6
neutral,gold,113
neutral,froh,4
neutral,gelaunt,1
neutral,singend,3
neutral,langen,21
neutral,unterwegs,29
neutral,händler,9
neutral,knudsen,2
neutral,tochter,137
neutral,elisabeth,25
neutral,buxtehude,2
neutral,handel,6
neutral,treiben,8
neutral,großen,70
neutral,eindruck,1
neutral,zufall,5
neutral,mehrfach,3
neutral,wiedertreffen,2
neutral,goldklumpen,17
neutral,unangenehm,1
neutral,reise,16
neutral,erste,26
neutral,gelegenheit,9
neutral,tausch,7
neutral,beim,73
neutral,schopf,1
neutral,packt,4
neutral,anstelle,1
neutral,goldes,7
neutral,pferd,100
neutral,glücklich,19
neutral,mehr,152
neutral,selber,17
neutral,laufen,27
neutral,müssen,25
neutral,schneller,7
neutral,voranzukommen,1
neutral,schwer,31
neutral,tragen,40
neutral,reitet,12
neutral,zufrieden,16
neutral,richtig,6
neutral,umgehen,3
neutral,flotten,1
neutral,galopp,1
neutral,ab,142
neutral,bauer,21
neutral,kuh,37
neutral,daherkommt,1
neutral,beneidet,1
neutral,stattliches,1
neutral,starkes,2
neutral,tier,36
neutral,besitzen,5
neutral,milch,16
neutral,geben,57
neutral,tauscht,4
neutral,rast,4
neutral,eingekehrt,1
neutral,danach,31
neutral,ende,54
neutral,tages,84
neutral,trinken,32
neutral,erst,75
neutral,bemerkt,11
neutral,gar,37
neutral,gibt,80
neutral,wertlose,1
neutral,schwein,20
neutral,weges,9
neutral,karl,5
neutral,einfältigkeit,1
neutral,erkennt,25
neutral,einfach,2
neutral,erzählt,42
neutral,wäre,90
neutral,deshalb,9
neutral,gans,73
neutral,weiteren,5
neutral,scherenschleifer,5
neutral,vorteile,1
neutral,handwerksberufs,1
neutral,höchsten,3
neutral,tönen,2
neutral,schildert,1
neutral,mühsam,5
neutral,kommt,79
neutral,voran,4
neutral,brunnen,85
neutral,wegesrand,4
neutral,schleifstein,9
neutral,hinein,83
neutral,drosselbart,38
neutral,hübsche,3
neutral,hochmütige,1
neutral,königstochter,94
neutral,verspottet,9
neutral,bewerber,1
neutral,anhalten,2
neutral,aristokraten,1
neutral,vorsprechen,1
neutral,spöttische,2
neutral,bemerkung,3
neutral,reichen,16
neutral,aland,9
neutral,wegen,15
neutral,bartes,7
neutral,„,1415
neutral,“,1392
neutral,verhöhnt,3
neutral,pompus,3
neutral,prinzessin,234
neutral,endlich,97
neutral,verheiraten,8
neutral,geld,44
neutral,langsam,4
neutral,ausgeht,3
neutral,reagiert,7
neutral,unverständnis,1
neutral,beschießt,1
neutral,denkzettel,2
neutral,verpassen,2
neutral,ersten,39
neutral,bettler,37
neutral,nächsten,62
neutral,morgen,114
neutral,schloß,17
neutral,vorbeikommen,1
neutral,drohung,1
neutral,angehört,2
neutral,fasst,2
neutral,plan,21
neutral,verkleidet,22
neutral,fahrender,2
neutral,sänger,2
neutral,bettelmann,8
neutral,stelle,18
neutral,schwur,2
neutral,gebunden,7
neutral,fühlt,3
neutral,prächtigen,9
neutral,park,2
neutral,wissen,37
neutral,wem,13
neutral,gehöre,4
neutral,antwortet,13
neutral,schadenfroh,1
neutral,meint,29
neutral,oh,1
neutral,arme,34
neutral,jungfrau,17
neutral,zart,5
neutral,hätt,7
neutral,drosselbart.,1
neutral,spiel,10
neutral,wiederholt,3
neutral,mehrmals,1
neutral,reichtümer,5
neutral,königs,93
neutral,passieren,2
neutral,beschlossen,11
neutral,bisher,3
neutral,gewohnt,2
neutral,sofort,27
neutral,hart,15
neutral,personal,2
neutral,lästige,1
neutral,dinge,11
neutral,abnimmt,1
neutral,entsetzen,5
neutral,wider,2
neutral,erwarten,3
neutral,fügt,1
neutral,schicksal,11
neutral,versucht,38
neutral,bestes,2
neutral,bewältigen,1
neutral,besonders,4
neutral,gut,78
neutral,geflochtene,1
neutral,körbe,7
neutral,geschirr,3
neutral,menschen,85
neutral,verkaufen,8
neutral,verdingt,1
neutral,mannes,10
neutral,ausgerechnet,1
neutral,küchenmagd,7
neutral,anfallenden,2
neutral,großem,6
neutral,eifer,2
neutral,verrichtet,1
neutral,respektive,1
neutral,hält,27
neutral,zeit,86
neutral,gekommen,41
neutral,offenbaren,6
neutral,tatsächlich,7
neutral,verheiratet,10
neutral,prachtvollen,1
neutral,geladen,5
neutral,hochzeit,73
neutral,standesgemäß,1
neutral,wiederholen,1
neutral,vereinen,1
neutral,ähnlich,5
neutral,fassungslos,1
neutral,inzwischen,21
neutral,beruhigt,3
neutral,erscheint,40
neutral,festlich,1
neutral,gekleidet,6
neutral,strahlend,2
neutral,gevatter,8
neutral,görlitz,1
neutral,1500,1
neutral,kläusle,1
neutral,13,4
neutral,kind,128
neutral,jörg,15
neutral,angebote,1
neutral,gott,21
neutral,teufel,76
neutral,abgelehnt,1
neutral,satt,10
neutral,mache,8
neutral,verführen,5
neutral,wählt,1
neutral,paten,2
neutral,patenkind,2
neutral,universitäten,1
neutral,perugia,1
neutral,casablanca,1
neutral,medizin,8
neutral,studieren,1
neutral,arzt,14
neutral,berühmter,1
neutral,reicher,5
neutral,stadtmedicus,1
neutral,abmachung,2
neutral,darf,35
neutral,patienten,1
neutral,heilen,6
neutral,kopf,66
neutral,füßen,14
neutral,aus.,1
neutral,stadt,54
neutral,bricht,6
neutral,1530,1
neutral,pest,1
neutral,bürgermeister,6
neutral,erkrankt,3
neutral,willen,11
neutral,ebenfalls,21
neutral,sterben,19
neutral,überlistet,2
neutral,kopfende,1
neutral,krankenbettes,1
neutral,legt,24
neutral,darüber,28
neutral,hinweg,3
neutral,zweites,2
neutral,anschließenden,2
neutral,feierlich,2
neutral,bürgerschaft,1
neutral,aufgenommen,7
neutral,bürgermeisters,1
neutral,verliebt,9
neutral,alleinerben,1
neutral,einzusetzen,2
neutral,barbaras,2
neutral,retten,29
neutral,daher,16
neutral,abermals,9
neutral,letzteres,1
neutral,fast,19
neutral,abgebrannt,1
neutral,erlöschen,2
neutral,erinnert,4
neutral,klarzumachen,2
neutral,gesetzen,1
neutral,natur,6
neutral,jugend,4
neutral,ändern,4
neutral,weigert,8
neutral,einzusehen,1
neutral,fragt,18
neutral,schließlich,68
neutral,sag,5
neutral,kräftig,4
neutral,willst,39
neutral,mädchens,7
neutral,sehen,76
neutral,folgenschwere,1
neutral,greift,8
neutral,kerzenmeer,1
neutral,beliebige,1
neutral,große,44
neutral,kerze,7
neutral,drückt,4
neutral,licht,59
neutral,worten,10
neutral,deinetwillen.,1
neutral,zurückgekehrt,8
neutral,lebenskerze,1
neutral,ziehsohn,1
neutral,stanislaus,1
neutral,gehörte,10
neutral,tot,33
neutral,treppe,14
neutral,hauses,8
neutral,liegt,19
neutral,erschüttert,3
neutral,getan,18
neutral,verlässt,13
neutral,letzten,31
neutral,begegnung,2
neutral,fluchtartig,1
neutral,szene,2
neutral,liebsten,11
neutral,sagt,23
neutral,gebrauch,1
neutral,lebst,3
neutral,viele,27
neutral,wohl.,1
neutral,geburtstags,3
neutral,michael,12
neutral,gauklertruppe,1
neutral,schauspiel,1
neutral,volk,16
neutral,belustigt,1
neutral,maria,5
neutral,michaels,1
neutral,stück,41
neutral,übertrieben,1
neutral,darsteller,1
neutral,versichern,1
neutral,matthäus,3
neutral,anna,14
neutral,inspiration,1
neutral,gedient,8
neutral,urteil,8
neutral,bilden,2
neutral,weshalb,9
neutral,schauspielern,1
neutral,hof,49
neutral,reist,1
neutral,klebt,3
neutral,falschen,9
neutral,bart,28
neutral,kinn,8
neutral,erhascht,1
neutral,fenster,41
neutral,blick,14
neutral,schlafgemach,7
neutral,herumflatternde,1
neutral,drossel,12
neutral,offiziell,1
neutral,freier,14
neutral,weist,15
neutral,lustig,9
neutral,lieber,46
neutral,genug,26
neutral,hochmut,9
neutral,morgengrauen,3
neutral,erstes,7
neutral,schwelle,1
neutral,burgtors,1
neutral,überschreitet,1
neutral,folgenden,10
neutral,regnet,2
neutral,strömen,2
neutral,sicht,2
neutral,einziger,4
neutral,lumpen,3
neutral,gekleideter,3
neutral,gefunden,33
neutral,eheleute,1
neutral,kate,5
neutral,nieder,34
neutral,angeblich,4
neutral,entstelltes,1
neutral,verbirgt,3
neutral,überleben,2
neutral,arbeitet,9
neutral,finger,28
neutral,rühren,2
neutral,bezahlt,5
neutral,schmuck,4
neutral,nahrung,3
neutral,honig,4
neutral,erntet,2
neutral,brot,63
neutral,zerbricht,5
neutral,ungeschickt,5
neutral,gefäß,1
neutral,vorbeihüpfende,1
neutral,ablenkt,1
neutral,schwimmt,3
neutral,strom,3
neutral,flusses,1
neutral,bettlerin,1
neutral,einfachste,1
neutral,kleidung,6
neutral,umschnüren,1
neutral,zurückzukehren,5
neutral,fährmann,23
neutral,befehl,12
neutral,erhalten,11
neutral,unterkunft,2
neutral,paar,36
neutral,almosen,2
neutral,übrig,19
neutral,notgedrungen,1
neutral,zeigt,16
neutral,töpfert,1
neutral,verdienen,12
neutral,steuern,8
neutral,bezahlen,6
neutral,anstatt,5
neutral,sparen,1
neutral,leistet,1
neutral,wenigen,3
neutral,neues,15
neutral,geldeintreiber,1
neutral,erscheinen,16
neutral,männer,33
neutral,annas,3
neutral,gepfändet,1
neutral,geht,66
neutral,statt,22
neutral,getöpferten,1
neutral,krügen,1
neutral,markt,22
neutral,stand,101
neutral,außer,8
neutral,acht,14
neutral,samt,7
neutral,töpferware,1
neutral,pferdekutsche,1
neutral,aufgrund,6
neutral,unbezahlten,1
neutral,verwalter,1
neutral,verbarrikadieren,1
neutral,verkleideten,1
neutral,handelt,5
neutral,hilfe,45
neutral,gaukler,1
neutral,erteilen,7
neutral,eingeweiht,1
neutral,gelangt,11
neutral,unterdessen,6
neutral,gehilfin,1
neutral,köchin,7
neutral,unterkommt,1
neutral,käfig,13
neutral,bleiben,32
neutral,verloren,13
neutral,gegangenen,1
neutral,appetit,1
neutral,wiederfindet,1
neutral,küche,28
neutral,überaus,2
neutral,fleißig,9
neutral,diensten,1
neutral,nachkommt,1
neutral,immer,111
neutral,vermeintlichen,4
neutral,verlies,6
neutral,eilt,11
neutral,schlossküche,2
neutral,gefangene,7
neutral,frei,41
neutral,anschließend,5
neutral,vorfindet,3
neutral,bietet,17
neutral,tun,48
neutral,gegenzug,5
neutral,freilässt,1
neutral,bedeutet,4
neutral,eigenes,12
neutral,beweist,1
neutral,länger,20
neutral,hochmütig,1
neutral,egoistisch,2
neutral,beendet,3
neutral,maskerade,1
neutral,klärt,2
neutral,hals,24
neutral,fallen,29
neutral,warten,14
neutral,gelernt,8
neutral,wirklich,8
neutral,weinend,2
neutral,küssen,12
neutral,fahren,12
neutral,königlichen,20
neutral,roben,1
neutral,pferdeschlitten,1
neutral,jorinde,44
neutral,and,2
neutral,joringel,45
neutral,märchen,9
neutral,rahmen,2
neutral,antikriegsfilms,1
neutral,gestellt,5
neutral,wobei,8
neutral,märchenhaftes,1
neutral,dokumentarisches,1
neutral,miteinander,11
neutral,verbunden,4
neutral,wurden,57
neutral,dreißigjährigen,2
neutral,krieges,1
neutral,bauernfamilie,1
neutral,brennenden,3
neutral,ausnahme,1
neutral,verstörtes,2
neutral,kleinkind,2
neutral,verwaisten,1
neutral,bauernpaar,2
neutral,töchterchen,1
neutral,heißt,5
neutral,nennen,6
neutral,familie,30
neutral,kindern,10
neutral,verborgen,8
neutral,wäldern,4
neutral,unwegsamen,1
neutral,moor,11
neutral,unterschlupf,3
neutral,einsiedlern,1
neutral,kinder,97
neutral,heranwachsen,1
neutral,beziehung,2
neutral,eingehen,3
neutral,währt,1
neutral,welt,102
neutral,krieg,22
neutral,salz,3
neutral,bieten,3
neutral,dabei,58
neutral,lenkt,3
neutral,abgehalfterte,1
neutral,mordgesellen,1
neutral,spur,10
neutral,steht,32
neutral,ahnungsvoll,1
neutral,singt,8
neutral,wollt,12
neutral,fern,3
neutral,nah,6
neutral,winden,7
neutral,…,7
neutral,könnt,16
neutral,2,2
neutral,plötzlich,31
neutral,augen,94
neutral,verschwunden,11
neutral,verzweifelte,1
neutral,joringels,5
neutral,seltsam,5
neutral,eule,8
neutral,offen,5
neutral,jorindes,6
neutral,verschwinden,14
neutral,zusammenhängt,1
neutral,eltern,41
neutral,tag,127
neutral,nacht,141
neutral,unauffindbar,1
neutral,mörderischen,1
neutral,landsknechte,3
neutral,durchs,9
neutral,heim,55
neutral,nähern,2
neutral,entdeckt,19
neutral,surreal,1
neutral,wirkende,1
neutral,burg,31
neutral,trance,1
neutral,fängt,5
neutral,lied,22
neutral,ringlein,7
neutral,singen,7
neutral,weichen,4
neutral,magischer,3
neutral,kraft,13
neutral,zahllose,1
neutral,käfige,2
neutral,vögelchen,1
neutral,darin,69
neutral,hängen,15
neutral,dürfe,7
neutral,mitnehmen,4
neutral,möge,9
neutral,schlüssel,11
neutral,wiederfindens,1
neutral,liebenden,5
neutral,nachtigall,9
neutral,zauberin,39
neutral,schenkt,15
neutral,menschliche,15
neutral,gestalt,40
neutral,gehen,93
neutral,ungebrochen,1
neutral,ewig,2
neutral,schwelende,1
neutral,erreichen,9
neutral,festen,5
neutral,untergrund,1
neutral,abwesenheit,2
neutral,brandschatzen,1
neutral,nahrungssuche,1
neutral,gewarnt,3
neutral,gefahr,15
neutral,rennt,3
neutral,söldner,1
neutral,gerade,53
neutral,vergreifen,1
neutral,gelingt,33
neutral,ausgemergelten,2
neutral,kreaturen,2
neutral,schlagen,12
neutral,beginnt,26
neutral,wiederaufbau,2
neutral,ferner,3
neutral,glockenklang,1
neutral,vernehmen,1
neutral,rennen,9
neutral,lichten,2
neutral,wiesenhügel,1
neutral,hunderte,2
neutral,freudig,4
neutral,tal,5
neutral,alte,125
neutral,ewigen,2
neutral,bewahrt,2
neutral,baum,85
neutral,holle,22
neutral,witwe,3
neutral,töchter,21
neutral,unterschiedlicher,3
neutral,kaum,53
neutral,marie,68
neutral,beteiligt,1
neutral,fleiß,2
neutral,täglichen,1
neutral,haushalt,3
neutral,luise,23
neutral,faulen,3
neutral,haut,13
neutral,gegensatz,2
neutral,jedermann,5
neutral,hilft,15
neutral,faul,2
neutral,neidisch,4
neutral,aufopferungsvoll,1
neutral,struppi,6
neutral,hund,30
neutral,kümmert,1
neutral,ansteht,3
neutral,wohl,81
neutral,hinlegen,1
neutral,sodass,26
neutral,hängenbleibt,1
neutral,schwester,38
neutral,sogar,21
neutral,brosche,2
neutral,gutmütigen,1
neutral,überlassen,2
neutral,geschützt,2
neutral,übernehmen,4
neutral,tanzfest,1
neutral,teilnehmen,1
neutral,wolle,23
neutral,spinnen,14
neutral,sticht,6
neutral,spindel,15
neutral,versuch,6
neutral,reinigen,4
neutral,herausfischen,1
neutral,blumenwiese,1
neutral,zauberland,2
neutral,rabe,9
neutral,land,55
neutral,frage,11
neutral,sommer,7
neutral,winter,15
neutral,frühling,5
neutral,herbst,2
neutral,weiterzieht,1
neutral,ruft,11
neutral,jemand,18
neutral,zieh,11
neutral,raus,6
neutral,verbrennen,8
neutral,natürlich,2
neutral,befreit,19
neutral,brote,2
neutral,heißen,5
neutral,backofen,7
neutral,apfelbaum,11
neutral,ach,56
neutral,rüttle,2
neutral,schüttle,2
neutral,äpfel,16
neutral,allesamt,2
neutral,reif,3
neutral,pflichtbewusst,1
neutral,begrüßt,5
neutral,gewartet,4
neutral,tisch,18
neutral,vielerlei,1
neutral,köstlichkeiten,2
neutral,gedeckt,4
neutral,könne,44
neutral,müsse,28
neutral,haus,131
neutral,sauber,1
neutral,halten,23
neutral,blumen,15
neutral,gießen,2
neutral,betten,8
neutral,ausschütteln,2
neutral,–,214
neutral,fieberhaft,2
neutral,wild,11
neutral,bellend,2
neutral,maries,10
neutral,aufmerksam,5
neutral,gemacht,24
neutral,weicht,1
neutral,verwöhnten,1
neutral,überhaupt,2
neutral,gefällt,10
neutral,wiederkäme,1
neutral,mault,1
neutral,rum,3
neutral,ecken,5
neutral,enden,5
neutral,fehlt,7
neutral,solle,43
neutral,tüchtig,2
neutral,gehe,10
neutral,erde,40
neutral,dichte,2
neutral,schneedecke,1
neutral,entstehe,1
neutral,strengt,1
neutral,unermüdlich,1
neutral,verantwortungsvolle,1
neutral,erledigen,1
neutral,freude,27
neutral,schneit,2
neutral,lebenskluge,1
neutral,sehnsucht,5
neutral,freunden,5
neutral,torbogen,5
neutral,gerechten,1
neutral,freundlichkeit,5
neutral,hindurchgeht,1
neutral,herab,38
neutral,gefallen,22
neutral,zurückgebracht,1
neutral,reinem,3
neutral,feiert,1
neutral,niemand,52
neutral,beschließt,11
neutral,ominösen,1
neutral,springt,3
neutral,absichtlich,2
neutral,verletzt,6
neutral,selben,9
neutral,allerdings,24
neutral,wahrnehmung,1
neutral,völlig,4
neutral,herausziehen,2
neutral,doof,1
neutral,verbrenne,1
neutral,einziges,10
neutral,ofen,15
neutral,hunger,15
neutral,hinzukommenden,1
neutral,raben,34
neutral,zeige,4
neutral,schnappt,1
neutral,gute,18
neutral,schlechte,7
neutral,zugewiesenen,1
neutral,erledigt,5
neutral,widerwillig,3
neutral,gemaule,1
neutral,meist,1
neutral,bockig,1
neutral,bevorsteht,1
neutral,erwartungsvoll,2
neutral,schnee,17
neutral,hofft,3
neutral,schnell,28
neutral,schläft,10
neutral,kissen,6
neutral,schütteln,3
neutral,vergebene,1
neutral,liebesmüh,1
neutral,verdienten,1
neutral,schicken,8
neutral,benötige,2
neutral,schnippisch,1
neutral,na,1
neutral,zurückkommt,2
neutral,kräht,2
neutral,hahn,15
neutral,kikeriki,5
neutral,pechmarie,2
neutral,hie,2
neutral,dorfbewohner,13
neutral,lachen,10
neutral,frieder,1
neutral,früher,3
neutral,umworben,1
neutral,neuer,9
neutral,anfang,3
neutral,ganz,95
neutral,dir.,5
neutral,besinnt,1
neutral,hilfsbereitschaft,1
neutral,guten,32
neutral,tat,48
neutral,stückchen,10
neutral,pech,5
neutral,golden,16
neutral,schimmert,2
neutral,vergaß,6
neutral,tut,17
neutral,helfen,31
neutral,reißt,10
neutral,gleich,45
neutral,’,25
neutral,m,1
neutral,jakob,60
neutral,tollpatsch,1
neutral,schmiedgehilfe,1
neutral,taugt,2
neutral,eigenen,28
neutral,beine,15
neutral,steuereintreiber,1
neutral,respektlos-unbekümmert,1
neutral,entgegen,24
neutral,presst,1
neutral,gelder,1
neutral,bauern,14
neutral,deklariert,1
neutral,abgabe,3
neutral,räuberschutzgeld,1
neutral,obwohl,20
neutral,je,14
neutral,räuber,40
neutral,gesehen,35
neutral,entscheiden,5
neutral,kurzerhand,4
neutral,fach,1
neutral,wechseln,1
neutral,besucht,5
neutral,empfangen,13
neutral,steinwürfen,1
neutral,stets,11
neutral,betrunkene,1
neutral,gefährlichen,2
neutral,vermutet,2
neutral,postboten,1
neutral,nachricht,9
neutral,brief,37
neutral,abnehmen,3
neutral,besagt,4
neutral,unverzüglich,4
neutral,gemeingefährlicher,1
neutral,erhängt,2
neutral,schreiben,7
neutral,zukünftigen,2
neutral,ehemann,5
neutral,bestimmt,7
neutral,geführt,20
neutral,anweisung,3
neutral,tief,20
neutral,ehe,19
neutral,willigt,15
neutral,bedingung,15
neutral,goldenen,82
neutral,haare,49
neutral,teufels,26
neutral,bringe,7
neutral,fragen,13
neutral,warum,34
neutral,dorfbach,1
neutral,ortes,1
neutral,wasser,132
neutral,hungern,3
neutral,fesseln,7
neutral,hölle,14
neutral,angekommen,16
neutral,kurzsichtigen,1
neutral,gehalten,16
neutral,freut,3
neutral,ausbleibenden,1
neutral,streit,4
neutral,suppe,38
neutral,zusammenbraut,1
neutral,zudringlichkeiten,1
neutral,rolle,1
neutral,zänkischen,1
neutral,weibes,2
neutral,vorzeitigen,1
neutral,bettruhe,1
neutral,gelaust,1
neutral,ziehen,42
neutral,beantwortet,2
neutral,ketten,7
neutral,befindet,9
neutral,manteltasche,1
neutral,dorfquell,1
neutral,ratte,1
neutral,verstopft,4
neutral,brunnenwasser,2
neutral,vergiftet,7
neutral,entsorgt,1
neutral,esel,28
neutral,waffe,1
neutral,höllengeschenke,1
neutral,begibt,16
neutral,bauer-räubern,1
neutral,überwältigt,4
neutral,legen,10
neutral,boot,4
neutral,rudern,2
neutral,reumütige,1
neutral,jakobs,1
neutral,ganzen,43
neutral,ochsen,3
neutral,gegessen,18
neutral,volles,1
neutral,weinfass,2
neutral,geleert,1
neutral,bräutigam,11
neutral,getanzt,4
neutral,hänsel,119
neutral,gretel,94
neutral,armen,31
neutral,holzhacker,3
neutral,großer,31
neutral,armut,3
neutral,waldarbeiter,1
neutral,dadurch,11
neutral,lage,4
neutral,ausreichend,1
neutral,sorgen,15
neutral,not,18
neutral,größer,12
neutral,überredet,5
neutral,leiblichen,1
neutral,geschwister,13
neutral,auszusetzen,4
neutral,frühe,2
neutral,finsteren,5
neutral,zurücklassen,2
neutral,zumindest,2
neutral,feuer,59
neutral,entzündet,4
neutral,belauscht,4
neutral,besprachen,1
neutral,pfiffige,1
neutral,kieselsteine,6
neutral,hosentaschen,1
neutral,gesteckt,6
neutral,verstreut,2
neutral,dämmerung,2
neutral,hereinbricht,2
neutral,vage,1
neutral,hoffnung,4
neutral,zurückholen,1
neutral,verfliegt,1
neutral,lichte,1
neutral,vollmonds,1
neutral,kieselsteinspur,1
neutral,gelegt,10
neutral,abends,42
neutral,sammeln,14
neutral,haustür,3
neutral,verriegelt,3
neutral,schöner,6
neutral,aufgeht,2
neutral,streut,3
neutral,brosamen,1
neutral,abzweigt,1
neutral,mitgegeben,4
neutral,hungrige,2
neutral,vögel,18
neutral,picken,2
neutral,brotkrümel,1
neutral,verirren,2
neutral,weile,4
neutral,stoßen,3
neutral,lebkuchen,1
neutral,hungrig,9
neutral,verwundert,1
neutral,anfangen,13
neutral,daran,33
neutral,knabbern,1
neutral,hören,13
neutral,stimme,51
neutral,knusper,2
neutral,knäuschen,1
neutral,knuspert,1
neutral,antworten,5
neutral,himmlische,2
neutral,bewohnerin,2
neutral,häuschens,1
neutral,hexe,76
neutral,lädt,4
neutral,trotz,10
neutral,gretels,7
neutral,bedenken,2
neutral,besteht,12
neutral,einladung,3
neutral,ahnen,2
neutral,vorhat,2
neutral,mästen,5
neutral,verspeisen,1
neutral,backen,10
neutral,entdecken,6
neutral,truhe,5
neutral,öffnen,11
neutral,edelsteine,8
neutral,stopfen,2
neutral,taschen,7
neutral,voll,45
neutral,verlassen,23
neutral,hexenhäuschen,1
neutral,beladen,3
neutral,kehren,11
neutral,wohlbehalten,1
neutral,lebens,32
neutral,königreich,40
neutral,regierende,1
neutral,zauberers,4
neutral,gebrechlichen,1
neutral,besiegt,4
neutral,verwunschene,1
neutral,ausschicken,1
neutral,heilwasser,1
neutral,beschaffen,4
neutral,scheitern,4
neutral,jüngsten,18
neutral,schneeweißchen,50
neutral,rosenrot,57
neutral,überbringen,5
neutral,weißen,23
neutral,rose,7
neutral,hecke,5
neutral,kleine,42
neutral,umpflanzt,1
neutral,verabschiedet,3
neutral,töchtern,9
neutral,monat,3
neutral,leute,39
neutral,hergestellte,1
neutral,rosenöl,2
neutral,kaufen,8
neutral,unterstützen,1
neutral,schwestern,35
neutral,nahen,4
neutral,abzusetzen,1
neutral,prinz,235
neutral,anraten,1
neutral,sohnes,5
neutral,kronschatz,2
neutral,hungerndes,1
neutral,saatgut,2
neutral,erwerben,1
neutral,bösartiger,1
neutral,zwerg,52
neutral,täuscht,1
neutral,gewand,12
neutral,kaufmann,13
neutral,durchtrieben,1
neutral,kronschatzes,1
neutral,bemächtigen,1
neutral,kapital,1
neutral,gewinnbringend,2
neutral,amsterdamer,1
neutral,börse,2
neutral,anlegen,3
neutral,zurückgelassene,1
neutral,zeichnung,1
neutral,garstigen,2
neutral,gesellen,12
neutral,gesamten,2
neutral,ausgehängt,2
neutral,verfolgung,2
neutral,pferde,18
neutral,stellen,20
neutral,zudem,7
neutral,zwergenversammlung,1
neutral,neben,33
neutral,besorgung,1
neutral,schatzes,2
neutral,auftrag,6
neutral,liegende,2
neutral,geburt,8
neutral,verzauberte,7
neutral,rosenbüsche,5
neutral,tor,35
neutral,eingang,3
neutral,pflanzen,3
neutral,schirmen,1
neutral,eindringen,1
neutral,nahezu,1
neutral,unmöglich,7
neutral,einzig,2
neutral,herzen,43
neutral,dürfen,11
neutral,eintreten,1
neutral,prinzen,110
neutral,begegnen,14
neutral,bösen,29
neutral,baumstamm,4
neutral,verfangen,5
neutral,beil,1
neutral,abhacken,1
neutral,misslichen,2
neutral,befreien,22
neutral,beschimpft,2
neutral,bedanken,1
neutral,schwert,21
neutral,edelmann,4
neutral,auftretende,1
neutral,bären,29
neutral,jagen,13
neutral,beobachtet,9
neutral,angefallen,1
neutral,durchstreifen,1
neutral,wiederum,12
neutral,notlage,1
neutral,fisch,14
neutral,festgebissen,1
neutral,droht,8
neutral,schneidet,6
neutral,schere,4
neutral,dank,2
neutral,beschimpfen,1
neutral,hohen,7
neutral,felsen,19
neutral,hockt,1
neutral,erzählen,9
neutral,erlegen,3
neutral,drittes,3
neutral,büßt,1
neutral,erheblich,1
neutral,länge,2
neutral,gegenüber,9
neutral,wüsten,1
neutral,beschimpfungen,2
neutral,quittiert,1
neutral,langer,7
neutral,größte,3
neutral,schatz,13
neutral,zwerges,1
neutral,verwandeln,14
neutral,klopft,7
neutral,tür,45
neutral,gehetzte,1
neutral,bär,57
neutral,aufgestellten,1
neutral,getappt,1
neutral,dorthin,8
neutral,geschleppt,1
neutral,pflegen,1
neutral,gesund,20
neutral,nähert,5
neutral,weitgereisten,1
neutral,verzehre,1
neutral,sprechen,29
neutral,traut,3
neutral,abenteuerlustigen,2
neutral,überreden,5
neutral,naht,2
neutral,rosenhecke,1
neutral,verfängt,1
neutral,verschlungen,2
neutral,lag,61
neutral,löst,6
neutral,hochzeitsfeier,2
neutral,kasper,3
neutral,cousin,3
neutral,erlebe,1
neutral,abenteuer,4
neutral,aufzuhalten,2
neutral,genauso,2
neutral,umsehen,2
neutral,segen,7
neutral,gemeinsame,2
neutral,zukunft,6
neutral,gestiefelte,14
neutral,kater,71
neutral,film,4
neutral,gestiefelten,2
neutral,katers,2
neutral,eingegangen,2
neutral,shrek,1
neutral,zusammentraf,1
neutral,humpty,23
neutral,dumpty,5
neutral,katze,25
neutral,kitty,15
neutral,bekannte,2
neutral,goldene,70
neutral,eier,6
neutral,abenteuersuche,1
neutral,lokal,3
neutral,zauberbohnen,9
neutral,ranke,4
neutral,himmel,31
neutral,wachsen,9
neutral,bohnen,6
neutral,gehören,4
neutral,jack,7
neutral,jill,7
neutral,üblen,1
neutral,gaunerpärchen,1
neutral,strengstens,1
neutral,bewacht,5
neutral,einzige,18
neutral,abgesehen,1
neutral,quere,2
neutral,beansprucht,1
neutral,kämpfen,7
neutral,schwarze,41
neutral,entbrennt,1
neutral,tanzduell,1
neutral,katzendame,1
neutral,samtpfote,6
neutral,entpuppt,4
neutral,außerdem,7
neutral,freund,19
neutral,bzw.,1
neutral,feind,5
neutral,alexander,1
neutral,mithilfe,3
neutral,schuld,5
neutral,begleichen,1
neutral,lehnt,11
neutral,geschichte,21
neutral,rückblick,1
neutral,wächst,4
neutral,waisenhaus,1
neutral,san,6
neutral,ricardo,6
neutral,außenseiter,1
neutral,gründen,1
neutral,bohnenclub,1
neutral,schwören,1
neutral,himmelsschloss,3
neutral,teenager,1
neutral,benehmen,6
neutral,ziemlich,3
neutral,daneben,5
neutral,gerechtigkeit,4
neutral,eintritt,1
neutral,moment,18
neutral,hut,14
neutral,stiefel,9
neutral,bewundert,1
neutral,unbeachtet,3
neutral,nachts,21
neutral,sache,11
neutral,schulden,4
neutral,merkt,3
neutral,benutzt,1
neutral,san-ricardo-bank,2
neutral,auszurauben,1
neutral,spät,5
neutral,verzeihen,1
neutral,flieht,15
neutral,festgenommen,2
neutral,stimmt,3
neutral,anzuschließen,1
neutral,gewinn,1
neutral,zurückzuzahlen,1
neutral,verfolgen,6
neutral,teamarbeit,1
neutral,entwenden,4
neutral,dumptys,1
neutral,fliegendem,1
neutral,planwagen,1
neutral,entkommen,10
neutral,gelangen,8
neutral,hoch,13
neutral,riesen,3
neutral,verstorben,2
neutral,voller,28
neutral,goldener,6
neutral,schrecken,9
neutral,bewohnt,3
neutral,entdeckerteam,1
neutral,entführt,15
neutral,entkommt,4
neutral,knapp,2
neutral,schlafen,38
neutral,hingelegt,1
neutral,auftauchenden,1
neutral,bewusstlos,6
neutral,geschlagen,8
neutral,sand,3
neutral,gefährten,13
neutral,gang,7
neutral,erlangt,6
neutral,reichtum,15
neutral,gefängniszelle,1
neutral,laut,13
neutral,nachbarn,3
neutral,eingetauscht,2
neutral,verrat,4
neutral,wiedergutmachen,2
neutral,gefängnis,9
neutral,früheren,2
neutral,angreift,1
neutral,brücke,4
neutral,einst,39
neutral,trennten,2
neutral,opfert,3
neutral,wohle,1
neutral,goldenes,12
neutral,ei,31
neutral,steckt,4
neutral,gänsemutter,2
neutral,neuen,16
neutral,abenteuern,3
neutral,bischof,6
neutral,gemeldet,2
neutral,gefolgt,5
neutral,seien,12
neutral,bewerben,2
neutral,herbeigeeilten,1
neutral,dame,2
neutral,berichtet,6
neutral,bewerbern,1
neutral,lauter,7
neutral,edelleuten,1
neutral,graf,38
neutral,freiherr,1
neutral,herzog,2
neutral,ja,61
neutral,vorab,1
neutral,sagen,37
neutral,rang,3
neutral,edelleute,5
neutral,thronsaal,4
neutral,begutachtet,1
neutral,kandidaten,1
neutral,spitze,5
neutral,dick,6
neutral,geschick,6
neutral,nächste,4
neutral,nein,32
neutral,klein,18
neutral,fünften,2
neutral,rümpft,2
neutral,nase,12
neutral,äußert,2
neutral,blass,5
neutral,n,4
neutral,bleiche,2
neutral,reihe,6
neutral,zinnzahn,2
neutral,rot,16
neutral,siebenten,2
neutral,fertigt,1
neutral,grad,1
neutral,grünes,4
neutral,holz,27
neutral,hinterm,2
neutral,getrocknet,2
neutral,beleidigt,2
neutral,auslacht,1
neutral,schnabel,2
neutral,ertönt,1
neutral,gesang,4
neutral,spielmann,17
neutral,herein,24
neutral,offeriert,1
neutral,flehen,2
neutral,jammern,3
neutral,trauung,2
neutral,vollzogen,3
neutral,abschied,17
neutral,wünsche,8
neutral,fortab,1
neutral,stolz,9
neutral,ablegen,2
neutral,mahnt,2
neutral,denken,4
neutral,liebe,32
neutral,gehandelt,1
neutral,hättest,4
neutral,wär,11
neutral,antwort,15
neutral,wiese,17
neutral,1000,2
neutral,rinder,1
neutral,weiteres,5
neutral,bedauert,1
neutral,zutiefst,1
neutral,verschmäht,1
neutral,winzige,2
neutral,kochen,13
neutral,verlangt,16
neutral,hervorstößt,1
neutral,geduld,3
neutral,verwöhnte,6
neutral,lernens,1
neutral,körbeflechten,2
neutral,wunde,8
neutral,blutige,1
neutral,hände,32
neutral,gekocht,10
neutral,total,2
neutral,versalzen,1
neutral,küchenchef,1
neutral,gern,16
neutral,erlaubt,8
neutral,ballsaal,2
neutral,werfen,11
neutral,missgeschick,2
neutral,passiert,1
neutral,ausgelacht,2
neutral,verspottete,5
neutral,gleichzeitig,6
neutral,falsche,15
neutral,angetan,6
neutral,fehlern,1
neutral,geliebt,4
neutral,großes,23
neutral,unrecht,7
neutral,wert,8
neutral,entgegnet,2
neutral,vorbei,27
neutral,wirkliche,1
neutral,feiern,3
neutral,bremer,4
neutral,stadtmusikanten,5
neutral,georg,5
neutral,zweite,37
neutral,martha,4
neutral,lissi,19
neutral,knecht,8
neutral,johann,19
neutral,wohnt,5
neutral,altersschwache,1
neutral,blinde,4
neutral,eitle,1
neutral,sittler,2
neutral,felder,5
neutral,kommen,72
neutral,eröffnet,3
neutral,liebt,8
neutral,plant,3
neutral,adam,1
neutral,bremen,12
neutral,mindestens,2
neutral,jahr,26
neutral,see,33
neutral,hinausfährt,1
neutral,vier,23
neutral,tiere,60
neutral,alt,13
neutral,wurst,3
neutral,verarbeiten,4
neutral,dachboden,3
neutral,einsperrt,1
neutral,zwingt,5
neutral,beschließen,5
neutral,wandern,5
neutral,suche,31
neutral,räubern,8
neutral,aufgegriffen,2
neutral,gezwungen,9
neutral,abdecker,2
neutral,fliehenden,2
neutral,entführen,3
neutral,tieren,15
neutral,flucht,23
neutral,gefesselt,8
neutral,gleichen,4
neutral,verschleppt,2
neutral,räuberhaus,3
neutral,rechten,18
neutral,verjagt,3
neutral,heiratet,12
neutral,reiche,14
neutral,bauerntochter,1
neutral,suse,1
neutral,zertanzten,5
neutral,schuhe,24
neutral,zwölf,20
neutral,zertanzte,1
neutral,geschieht,6
neutral,älteste,24
neutral,amanda,8
neutral,deren,52
neutral,löcher,3
neutral,herausfinden,1
neutral,heimlich,38
neutral,verkünden,4
neutral,derjenige,3
neutral,geheimnis,19
neutral,lüftet,1
neutral,nächten,3
neutral,galgen,12
neutral,freiwilligen,1
neutral,melden,3
neutral,scharf,2
neutral,anbietet,4
neutral,soldaten,26
neutral,puppenspieler,1
neutral,anton,22
neutral,zustimmt,1
neutral,bündel,6
neutral,tarnmantel,2
neutral,abendtrunk,1
neutral,frauen,9
neutral,dreimal,10
neutral,unbemerkt,5
neutral,unterwelt,10
neutral,denkt,5
neutral,hängengeblieben,2
neutral,prinzessinnen,18
neutral,elf,4
neutral,verwunschenen,4
neutral,erlösen,13
neutral,zweig,6
neutral,beweisstück,1
neutral,unglücklich,4
neutral,beweis,5
neutral,zweige,5
neutral,wählen,6
neutral,freien,5
neutral,heirat,5
neutral,treue,25
neutral,johannes,45
neutral,aurus,9
neutral,herr,51
neutral,sonnenwende,2
neutral,all,10
neutral,eingebracht,1
neutral,abzuliefern,1
neutral,andernfalls,3
neutral,geopfert,4
neutral,einsammeln,1
neutral,verweigert,3
neutral,junger,16
neutral,stirbt,11
neutral,infolge,1
neutral,sturzes,1
neutral,sterbebett,3
neutral,beauftragt,10
neutral,treuen,9
neutral,ergebenen,1
neutral,diener,64
neutral,achten,2
neutral,eiserne,11
neutral,krone,26
neutral,herrscher,10
neutral,vererbt,1
neutral,ausrichten,4
neutral,geheime,2
neutral,zauberkraft,7
neutral,stein,43
neutral,opfer,5
neutral,rückgängig,2
neutral,deswegen,2
neutral,sechs,45
neutral,dienern,6
neutral,getreue,12
neutral,durchreisen,1
neutral,einwohner,3
neutral,abliefern,2
neutral,wertvoller,1
neutral,deva,3
neutral,erzürnt,3
neutral,umso,1
neutral,entschlossener,1
neutral,bezwingen,3
neutral,gefahren,9
neutral,entgehen,2
neutral,mahalena,8
neutral,misstrauischer,1
neutral,mahalenas,1
neutral,rettung,7
neutral,eifersüchtiger,1
neutral,ertränken,4
neutral,angedroht,1
neutral,steinstatute,1
neutral,versinkt,1
neutral,verzweifelt,17
neutral,vergeblich,11
neutral,darum,15
neutral,abzuhalten,1
neutral,einsicht,1
neutral,gemeinsamer,3
neutral,gebrochen,11
neutral,ritualisierte,1
neutral,opfern,5
neutral,tieres,5
neutral,art,8
neutral,waffenstillstand,1
neutral,dorfbewohnern,4
neutral,wolf,125
neutral,valerie,43
neutral,seit,37
neutral,kindheitstagen,1
neutral,holzfäller,10
neutral,peter,42
neutral,cesaire,12
neutral,suzette,1
neutral,henry,6
neutral,schmieds,4
neutral,adrien,4
neutral,misslingt,3
neutral,werwolf,24
neutral,unerwartet,1
neutral,zuschlägt,2
neutral,valeries,4
neutral,lucie,5
neutral,tötet,9
neutral,halbschwester,1
neutral,lucies,1
neutral,wahrer,2
neutral,strecke,3
neutral,berühmte,3
neutral,werwolfjäger,2
neutral,pater,10
neutral,salomon,12
neutral,rufen,14
neutral,gruppe,8
neutral,mount,2
neutral,grimmoor,2
neutral,erlegt,2
neutral,scheint,8
neutral,erreicht,5
neutral,erlegung,1
neutral,wolfes,9
neutral,demonstrativ,1
neutral,aufgespießten,1
neutral,belehrt,1
neutral,besseren,2
neutral,bewohner,7
neutral,daggerhorns,1
neutral,vorzeigen,1
neutral,tötung,2
neutral,zurückverwandeln,1
neutral,müsste,14
neutral,eigener,2
neutral,erfahrung,3
neutral,trennte,2
neutral,besten,15
neutral,ermordet,3
neutral,vorderpfote,1
neutral,steckte,22
neutral,fand,85
neutral,zuhause,6
neutral,blutendem,1
neutral,armstumpf,1
neutral,abgetrennte,3
neutral,pfote,6
neutral,derweil,11
neutral,zurückverwandelt,2
neutral,sah,169
neutral,töten,41
neutral,seither,1
neutral,hinzu,8
neutral,derzeit,1
neutral,sogenannter,1
neutral,blutmond,2
neutral,dreitägige,1
neutral,phase,1
neutral,biss,6
neutral,werwolfs,4
neutral,opfers,1
neutral,warnungen,2
neutral,glaube,4
neutral,geschenkt,8
neutral,setzen,13
neutral,feier,4
neutral,fort,102
neutral,hierbei,2
neutral,näher,9
neutral,unterbrochen,2
neutral,mehrere,2
neutral,freundin,2
neutral,roxanne,3
neutral,ecke,9
neutral,gedrängt,4
neutral,holen,46
neutral,daggerhorn,3
neutral,fortzubringen,1
neutral,weigern,3
neutral,mitzukommen,1
neutral,vernichten,3
neutral,verändern,3
neutral,augenfarbe,1
neutral,menschlichen,4
neutral,dunkelbraun,1
neutral,auserwählte,4
neutral,somit,5
neutral,verstehen,9
neutral,übt,1
neutral,geistig,1
neutral,behinderten,1
neutral,jüngling,12
neutral,kartentricks,1
neutral,vorwand,8
neutral,hexerei,9
neutral,bezichtigen,1
neutral,jünglings,4
neutral,zwischenfall,1
neutral,beschuldigt,5
neutral,befreiungsversuchs,1
neutral,beißt,3
neutral,helfer,1
neutral,freigelassen,2
neutral,köder,2
neutral,dienen,15
neutral,salomons,3
neutral,schergen,1
neutral,eingesperrt,7
neutral,jegliche,2
neutral,albtraum,1
neutral,eigene,9
neutral,großmutter,97
neutral,anfleht,2
neutral,fortzugehen,2
neutral,zückt,2
neutral,messer,15
neutral,verletzen,3
neutral,ablassen,1
neutral,woraufhin,10
neutral,rasch,3
neutral,bauch,22
neutral,läuft,7
neutral,besseres,6
neutral,ermöglichen,1
neutral,erstgeborenen,1
neutral,brauch,2
neutral,werwolfskräfte,1
neutral,blutmonds,1
neutral,übertragen,1
neutral,verstand,20
neutral,klar,10
neutral,konnte,126
neutral,blut,32
neutral,adern,1
neutral,fließen,2
neutral,wolfsgestalt,1
neutral,rache,6
neutral,fiel,58
neutral,her,39
neutral,betrogen,11
neutral,fortgehen,5
neutral,verletzte,4
neutral,kampf,23
neutral,axt,21
neutral,rücken,22
neutral,brust,6
neutral,rammt,1
neutral,silbernägel,1
neutral,kampfes,1
neutral,gebissen,3
neutral,wahrheit,27
neutral,herauskommt,1
neutral,schneiden,6
neutral,toten,10
neutral,füllen,6
neutral,steinen,6
neutral,versenken,3
neutral,umgebracht,2
neutral,wegzugehen,1
neutral,fürchtet,7
neutral,kontrollieren,1
neutral,gewohnten,1
neutral,lauf,7
neutral,furcht,7
neutral,besänftigung,1
neutral,fortan,17
neutral,feuerroten,2
neutral,werwolfgestalt,2
neutral,endet,3
neutral,ansehen,7
neutral,lächeln,7
neutral,abzeichnet,1
neutral,alternatives,1
neutral,beschützen,5
neutral,auftaucht,3
neutral,dreht,3
neutral,baby,2
neutral,arm,16
neutral,offensichtlich,4
neutral,bärenfell,8
neutral,marius,12
neutral,eitel,3
neutral,unwillig,1
neutral,binden,2
neutral,tägliche,2
neutral,körperpflege,1
neutral,ausritt,1
neutral,gerät,6
neutral,falle,6
neutral,tag-und-nacht-gleiche,1
neutral,aussehens,2
neutral,wahrhaftig,1
neutral,angeberisch,1
neutral,leichtes,1
neutral,besiegelt,1
neutral,flüchten,2
neutral,geruchs,1
neutral,untier,3
neutral,belohnung,9
neutral,jagd,22
neutral,bauernhof,3
neutral,begegnete,31
neutral,elise,7
neutral,tante,8
neutral,hedwig,3
neutral,diebstahl,4
neutral,kilian,2
neutral,hedwigs,2
neutral,angeschossen,2
neutral,flüchtet,2
neutral,gesucht,6
neutral,scheune,2
neutral,versteckt,14
neutral,pflegt,3
neutral,heimzuführen,1
neutral,hälfte,9
neutral,ringes,1
neutral,dorfschreinerei,2
neutral,paul,14
neutral,jüngeren,1
neutral,till,15
neutral,dummen,1
neutral,ungeschickten,3
neutral,dummling,33
neutral,preis,7
neutral,edeltraud,5
neutral,drängt,4
neutral,anwesenheit,4
neutral,nichte,1
neutral,störend,1
neutral,empfindet,2
neutral,gesichtspunkt,1
neutral,diktatorische,1
neutral,ungestört,1
neutral,gewollte,1
neutral,lenken,2
neutral,fahrt,4
neutral,kutsche,14
neutral,tills,2
neutral,indes,2
neutral,holzhacken,2
neutral,mysteriösen,2
neutral,auftreten,1
neutral,unfreundlich,1
neutral,wegzehrung,4
neutral,abgeben,1
neutral,sorgt,3
neutral,dafür,45
neutral,stamm,3
neutral,abrutscht,1
neutral,ast,8
neutral,drauf,2
neutral,leicht,21
neutral,hacken,5
neutral,schlechter,2
neutral,aschekuchen,3
neutral,trotzdem,6
neutral,teilt,11
neutral,bereitwillig,3
neutral,axtschlag,1
neutral,fall,3
neutral,wurzel,12
neutral,traurigen,1
neutral,schenken,4
neutral,geraten,13
neutral,arglos,1
neutral,habgier,1
neutral,mitmenschen,4
neutral,gerechnet,2
neutral,gehenden,1
neutral,bildet,2
neutral,interessante,1
neutral,menschenschlange,3
neutral,wirtstöchter,2
neutral,pfarrer,16
neutral,arrogante,1
neutral,amandus,5
neutral,rückweg,9
neutral,geriet,15
neutral,bemühen,1
neutral,menschenkette,1
neutral,abzutrennen,1
neutral,anbahnung,1
neutral,gescheitert,2
neutral,heckt,1
neutral,erstbesten,3
neutral,egal,1
neutral,herkunft,5
neutral,sogleich,15
neutral,weitere,7
neutral,schlossbesucher,1
neutral,zug,4
neutral,gierige,4
neutral,unbedingt,7
neutral,verketteten,1
neutral,drängen,4
neutral,stürzt,11
neutral,schallendes,1
neutral,gelächter,2
neutral,ausbrechen,1
neutral,halbe,10
neutral,kerker,20
neutral,eventuell,1
neutral,wirtstochter,2
neutral,entschädigt,1
neutral,watschelt,1
neutral,lachenden,2
neutral,schlosshof,7
neutral,weiße,30
neutral,schlange,23
neutral,endres,22
neutral,armer,14
neutral,bauernsohn,2
neutral,taugenichts,2
neutral,lesen,10
neutral,lernen,6
neutral,handwerk,3
neutral,fortgeschickt,2
neutral,fleisch,9
neutral,zubereiteten,1
neutral,isst,6
neutral,beherrscht,2
neutral,sprache,5
neutral,schüssel,15
neutral,feinde,5
neutral,verräter,3
neutral,enttarnen,1
neutral,unwetter,2
neutral,vorauszusagen,1
neutral,lieblingspferd,2
neutral,rettet,3
neutral,steigt,6
neutral,beachtung,1
neutral,leonora,12
neutral,ermuntert,1
neutral,ablehnt,1
neutral,todesstrafe,1
neutral,verboten,3
neutral,wundert,2
neutral,bezichtigt,4
neutral,fürbitte,1
neutral,chance,4
neutral,unschuld,6
neutral,beweisen,12
neutral,weißes,8
neutral,schlangenfleisch,2
neutral,teller,8
neutral,hühner,3
neutral,enten,3
neutral,tauben,11
neutral,ente,3
neutral,verschluckt,3
neutral,ahnt,4
neutral,zufällig,4
neutral,gejagt,4
neutral,hinweis,3
neutral,gegeben,16
neutral,geheimes,3
neutral,onkel,6
neutral,friedrich,3
neutral,seinerzeit,2
neutral,magische,3
neutral,gerissen,2
neutral,sprachen,25
neutral,verstanden,5
neutral,hätte,69
neutral,fähigkeiten,2
neutral,erlangen,5
neutral,versprochen,21
neutral,beschwört,3
neutral,habhaft,1
neutral,ruhen,7
neutral,besitz,2
neutral,fordert,12
neutral,verbündet,2
neutral,klugen,4
neutral,besiegen,5
neutral,regiert,2
neutral,güte,13
neutral,senkt,1
neutral,abgaben,3
neutral,verfügt,6
neutral,möglichkeit,3
neutral,bannwald,2
neutral,erlaubnis,4
neutral,betreten,9
neutral,meeren,2
neutral,erfreut,3
neutral,constanze,42
neutral,singendes,5
neutral,springendes,4
neutral,löweneckerchen,9
neutral,gewünscht,6
neutral,vogel,36
neutral,eingefangen,5
neutral,löwen,31
neutral,stellte,40
neutral,lebewesen,1
neutral,gebe,10
neutral,zuerst,14
neutral,versprechen,31
neutral,brechen,11
neutral,mittag,8
neutral,leonhard,16
neutral,mitternacht,15
neutral,12,1
neutral,uhr,5
neutral,mittags,1
neutral,einnimmt,1
neutral,heiratsantrag,5
neutral,annimmt,4
neutral,verwandelte,32
neutral,16,2
neutral,lebensjahr,2
neutral,anhaltspunkt,1
neutral,mehrblättriges,1
neutral,medaillon,2
neutral,blatt,7
neutral,spruch,3
neutral,verlieren,8
neutral,fluchaufhebung,1
neutral,leonidas,4
neutral,schauen,2
neutral,lang,34
neutral,berühren,4
neutral,reisen,6
neutral,comtessa,3
neutral,annunziata,2
neutral,blickt,1
neutral,handspiegel,1
neutral,taube,18
neutral,fliegt,5
neutral,medaillons,1
neutral,merkmal,1
neutral,thomas,4
neutral,zuneigung,5
neutral,entwickelt,3
neutral,halskette,3
neutral,andeutend,1
neutral,unerwidert,1
neutral,gerufene,1
neutral,nordwind,2
neutral,floß,3
neutral,insel,2
neutral,riesenschlange,1
neutral,verwandelten,8
neutral,erschlagen,6
neutral,vergangenheit,2
neutral,erinnern,3
neutral,seefahrenden,1
neutral,schiff,9
neutral,geholt,10
neutral,palast,3
neutral,schäbigen,1
neutral,vorgelassen,2
neutral,sonne,59
neutral,prachtvolles,1
neutral,sitzplatz,1
neutral,abendlichen,1
neutral,tafel,8
neutral,abkauft,1
neutral,abendessen,3
neutral,reicht,4
neutral,verwandlung,3
neutral,blätter,8
neutral,führte,53
neutral,mondes,1
neutral,wertvolles,1
neutral,diadem,1
neutral,abendgesellschaft,1
neutral,erkaufen,1
neutral,schlägt,23
neutral,fee,27
neutral,wahren,7
neutral,mitte,3
neutral,rosalie,6
neutral,bianca,5
neutral,rothe,2
neutral,grundverschieden,1
neutral,dünn,3
neutral,angehende,1
neutral,modedesignerinnen,1
neutral,begeben,7
neutral,abgelegenes,3
neutral,jury-vorsitzende,1
neutral,sofia,2
neutral,südwein,2
neutral,täglich,5
neutral,herausforderungen,1
neutral,meistern,3
neutral,designer,2
neutral,rosenschmelz,2
neutral,leon,7
neutral,ehemaliger,2
neutral,geschäftspartner,2
neutral,petit,4
neutral,größten,3
neutral,konkurrenten,3
neutral,abendkleid,1
neutral,aktiv,1
neutral,intrige,1
neutral,aufdecken,1
neutral,entwurf,2
neutral,gewinnt,4
neutral,übergibt,5
neutral,preisgeld,2
neutral,schuldenfrei,2
neutral,jobs,2
neutral,firma,2
neutral,aussicht,1
neutral,meisterdieb,26
neutral,hinausgezogene,1
neutral,entlaufene,1
neutral,leibeigene,1
neutral,vielen,9
neutral,feiner,3
neutral,heimatdorf,5
neutral,geworden,33
neutral,ortsansässige,1
neutral,thunder,1
neutral,ten,1
neutral,tronckh,1
neutral,hört,25
neutral,ankunft,8
neutral,fremden,8
neutral,identität,2
neutral,preisgibt,1
neutral,anderenfalls,1
neutral,gehängt,4
neutral,grafen,28
neutral,pastor,4
neutral,bettlaken,3
neutral,leib,14
neutral,wette,9
neutral,kleines,32
neutral,fass,9
neutral,wein,46
neutral,wachsoldaten,1
neutral,stall,14
neutral,verkauft,1
neutral,ermöglicht,2
neutral,eingeschlafenen,1
neutral,betrunkenen,1
neutral,darauffolgenden,1
neutral,stürmischen,1
neutral,dorfkirche,2
neutral,nahestehe,1
neutral,petrus,3
neutral,sack,40
neutral,kanzel,4
neutral,kriechen,3
neutral,vergeht,4
neutral,himmelstor,2
neutral,treten,5
neutral,kriecht,3
neutral,erster,3
neutral,verhüllten,1
neutral,lauert,1
neutral,schlafzimmerfenster,1
neutral,feuert,2
neutral,vermeintlich,5
neutral,tödlichen,3
neutral,schuss,2
neutral,gehaltene,1
neutral,puppe,2
neutral,leiter,8
neutral,bett,53
neutral,nachtgewand,2
neutral,gräfin,10
neutral,empor,3
neutral,leichnam,2
neutral,bedecken,2
neutral,bitte,7
neutral,seinetwegen,1
neutral,schelm,2
neutral,bemerken,5
neutral,reinfall,1
neutral,schießt,5
neutral,zorn,21
neutral,kugel,29
neutral,pistole,3
neutral,gewonnen,5
neutral,habend,1
neutral,froschkönig,4
neutral,edelmuts,1
neutral,schwerkranker,1
neutral,21,2
neutral,amtsgeschäfte,1
neutral,solange,9
neutral,heinrich,23
neutral,treu,12
neutral,sterbenden,2
neutral,edelmut,4
neutral,zaubertrank,1
neutral,fürstin,4
neutral,than,1
neutral,besitzt,3
neutral,bekannt,9
neutral,unnötig,1
neutral,los,34
neutral,zurückgewiesen,2
neutral,versagt,3
neutral,nachgibt,2
neutral,berührt,8
neutral,frosch,46
neutral,zurückzuverwandeln,1
neutral,lediglich,2
neutral,tugendhaften,1
neutral,menschenkind,1
neutral,kuss,20
neutral,erlöst,19
neutral,geschenken,2
neutral,alter,32
neutral,ausgedacht,3
neutral,fangbecher,1
neutral,auffangen,2
neutral,extra,1
neutral,gestiftet,1
neutral,ausprobiert,2
neutral,hilferufe,1
neutral,nähe,15
neutral,schlossteichs,1
neutral,bediensteten,1
neutral,gedanken,11
neutral,gesundheitszustand,1
neutral,verhalten,2
neutral,susannes,1
neutral,recht,29
neutral,sicherheitshalber,1
neutral,hofarzt,1
neutral,untersuchen,2
neutral,feststellen,6
neutral,vorschlägt,1
neutral,beobachtung,1
neutral,kennt,5
neutral,fünf,17
neutral,worden,28
neutral,enkel,3
neutral,page,2
neutral,pagen,1
neutral,sieglinde,1
neutral,versessen,1
neutral,hinunter,12
neutral,sophie,2
neutral,rufend,1
neutral,gegenseitig,2
neutral,jeweils,3
neutral,stinkenden,1
neutral,morast,2
neutral,jammernd,1
neutral,susanne,4
neutral,überlegt,2
neutral,tiefen,23
neutral,königskind,2
neutral,helfen.,4
neutral,heraufzuholen,1
neutral,spielkamerad,1
neutral,becher,16
neutral,bedingungen,6
neutral,sowohl,1
neutral,philipp,3
neutral,bastelt,1
neutral,aufsetzt,2
neutral,einzufordern,1
neutral,herrschaftlichen,1
neutral,zimmer,20
neutral,jüngste,35
neutral,zunächst,15
neutral,zögert,2
neutral,einhalten,2
neutral,sicher,13
neutral,verwahrt,3
neutral,einlöst,1
neutral,küsst,6
neutral,neun,2
neutral,tagen,10
neutral,kündigt,1
neutral,herrn,27
neutral,zurückkehrt,4
neutral,stattfinden,1
neutral,band,18
neutral,bänder,4
neutral,schmieden,5
neutral,hofrats,1
neutral,schmerz,5
neutral,verlust,1
neutral,aushalten,4
neutral,vergisst,5
neutral,ganze,50
neutral,zweimal,2
neutral,dieners,3
neutral,freigibt,1
neutral,eigentlich,5
neutral,begehrt,3
neutral,niemals,22
neutral,männlein,17
neutral,hochhinaus,1
neutral,siebengescheit,1
neutral,waldmann,1
neutral,brüdern,8
neutral,genannt,12
neutral,wesentlich,1
neutral,hilfsbereiter,1
neutral,waldmännchen,1
neutral,belohnt,2
neutral,geraden,1
neutral,neugierigen,1
neutral,kleb,2
neutral,haften,2
neutral,kleben,5
neutral,bäcker,12
neutral,torte,1
neutral,kaminkehrer,1
neutral,wirtin,2
neutral,tischler,1
neutral,schar,4
neutral,jubelnd,1
neutral,hinterdreinlaufen,1
neutral,festgeklebten,1
neutral,-zug,1
neutral,lass,6
neutral,gemäß,2
neutral,beschluss,1
neutral,wort,29
neutral,wehrt,1
neutral,erfüllen,10
neutral,tapferen,3
neutral,schmied,3
neutral,schmiede,8
neutral,flackernden,1
neutral,feuers,3
neutral,erklingt,2
neutral,komm,24
neutral,kühlen,3
neutral,schatten,27
neutral,lege,5
neutral,unterhalb,1
neutral,berges,1
neutral,dörfchen,1
neutral,bellt,1
neutral,berg,21
neutral,wetterleuchten,1
neutral,bäume,12
neutral,träumen,5
neutral,schweigen,12
neutral,mußt,7
neutral,lust,9
neutral,anzusehen,4
neutral,fröhlich,6
neutral,hell,7
neutral,flackert,1
neutral,tau,3
neutral,vergießt,1
neutral,tränen,12
neutral,gras,16
neutral,amboss,2
neutral,dröhnt,1
neutral,blasebalg,1
neutral,feuerdürstende,1
neutral,esse,1
neutral,glühen,3
neutral,eisen,10
neutral,geschmiedet,2
neutral,mikeš,60
neutral,hinauszuziehen,4
neutral,schweren,18
neutral,zauberknittel,2
neutral,großvater,3
neutral,schmiedete,4
neutral,vermag,4
neutral,schmiedegeselle,1
neutral,liebevollen,1
neutral,besorgten,1
neutral,ratschlägen,3
neutral,jakubs,1
neutral,knittel,3
neutral,schulter,11
neutral,stark,10
neutral,windräder,2
neutral,mühle,32
neutral,anschieben,1
neutral,meister,16
neutral,matěj,16
neutral,bereit,11
neutral,wanderschaft,5
neutral,wenige,2
neutral,schritte,10
neutral,burschen,9
neutral,ondřej,15
neutral,eisenkeule,2
neutral,stärkste,2
neutral,kameraden,5
neutral,pfeift,2
neutral,fröhliches,2
neutral,fröhlichkeit,1
neutral,verbieten,1
neutral,entschluss,9
neutral,unsanft,4
neutral,stroh,21
neutral,geweckt,7
neutral,audienz,4
neutral,starken,9
neutral,zugeben,3
neutral,burlesker,1
neutral,vorangeht,1
neutral,gemälde,2
neutral,durchsichtigem,1
neutral,schwarzen,14
neutral,tüll,1
neutral,umschleiert,1
neutral,barsch,1
neutral,anspricht,1
neutral,gegenwart,1
neutral,unterstellung,1
neutral,spielen,14
neutral,aufrecht,2
neutral,mitleid,4
neutral,erfragen,1
neutral,wandersmann,1
neutral,rat,19
neutral,muß,10
neutral,raten,1
neutral,herzens,3
neutral,überraschung,1
neutral,zurückliegender,1
neutral,siegreicher,1
neutral,bewirtung,2
neutral,zusagt,1
neutral,schwierige,1
neutral,schlimmste,1
neutral,unwägbarkeiten,1
neutral,erregt,3
neutral,unmut,1
neutral,sumpf,1
neutral,wildnis,3
neutral,verdeutlichen,1
neutral,schwächen,1
neutral,willfährig,1
neutral,braten,16
neutral,würsten,2
neutral,leckereien,1
neutral,ondřejs,1
neutral,silber,24
neutral,widerstehen,5
neutral,magischen,8
neutral,drei-wege-gabelung,1
neutral,traum,16
neutral,tapfer,2
neutral,dornenreichen,1
neutral,pfad,3
neutral,einschlägt,1
neutral,bequemen,1
neutral,gier,6
neutral,leiten,1
neutral,verführerische,1
neutral,schein,6
neutral,zerrinnt,1
neutral,nichtigkeiten,1
neutral,seltsames,6
neutral,unheimliches,1
neutral,brei,2
neutral,essbarem,1
neutral,hergeben,3
neutral,zauberfuchs,1
neutral,spanferkel,2
neutral,fuchs,42
neutral,ohnmacht,2
neutral,ergeht,1
neutral,mickrigen,1
neutral,fanges,1
neutral,verführt,2
neutral,zubereitet,2
neutral,allerlei,8
neutral,betören,1
neutral,wesen,6
neutral,nunmehr,1
neutral,knorrige,1
neutral,fuchsbart,1
neutral,streicht,2
neutral,auskunft,2
neutral,erfahren,15
neutral,seil,8
neutral,trockenen,4
neutral,herablässt,1
neutral,oben,35
neutral,brunnenrand,2
neutral,hinab,28
neutral,unterirdische,2
neutral,kämpft,4
neutral,ziel,4
neutral,haarbüschel,1
neutral,zauberlicht,2
neutral,tore,5
neutral,gebrauchen,3
neutral,verwirkt,2
neutral,drachentor,2
neutral,bezwingt,2
neutral,sprüchlein,2
neutral,brenne,4
neutral,lichtlein,3
neutral,helle,3
neutral,schaff,2
neutral,zugang,5
neutral,labyrinth,1
neutral,surrealen,1
neutral,schlosswelt,1
neutral,liebste,8
neutral,brunnenschacht,1
neutral,herauf,8
neutral,hinauf,29
neutral,vertrauen,5
neutral,hinaufziehen,1
neutral,schielen,1
neutral,vorteil,2
neutral,prinzessin.,1
neutral,eimer,2
neutral,anschlag,2
neutral,gilt,1
neutral,wahres,4
neutral,zuwendet,1
neutral,deutlich,3
neutral,schien,29
neutral,entstellenden,1
neutral,hexen-maske,1
neutral,erzwunger,1
neutral,trug,77
neutral,rosenförmigen,1
neutral,erkennungsring,1
neutral,tückischen,2
neutral,vertraut,9
neutral,bissiger,1
neutral,höhnenden,1
neutral,forttreiben,1
neutral,raubvogel,3
neutral,armbrust,3
neutral,zuwirft,1
neutral,pfeil,4
neutral,einhalt,2
neutral,ruhm,4
neutral,vision,1
neutral,mühevollen,1
neutral,verlorenen,4
neutral,ablauf,2
neutral,frist,1
neutral,rosenring,4
neutral,betrügerischen,1
neutral,entlarven,1
neutral,müller,29
neutral,strafe,12
neutral,undankbaren,1
neutral,zurückgeschickt,3
neutral,miška,2
neutral,gerne,16
neutral,märchens,4
neutral,fröhliche,2
neutral,königlichem,2
neutral,geschlecht,1
neutral,aufrichtigen,1
neutral,gemahl,16
neutral,unserer,3
neutral,mord,3
neutral,unschuldigen,1
neutral,übers,9
neutral,dunkel,6
neutral,irrt,1
neutral,angst,16
neutral,kreise,1
neutral,hinweise,3
neutral,ordnung,9
neutral,hausputz,1
neutral,vernachlässigt,2
neutral,eifrig,3
neutral,vordermann,1
neutral,beenden,3
neutral,edelsteinmine,1
neutral,bergen,5
neutral,quer,1
neutral,erschreckt,2
neutral,wecken,3
neutral,freundet,3
neutral,wohnen,6
neutral,verschafft,2
neutral,magie,8
neutral,aussehen,4
neutral,ahnungslose,2
neutral,empfängt,2
neutral,leblos,2
neutral,inmitten,2
neutral,gewitters,2
neutral,gebirge,1
neutral,abhang,1
neutral,blitz,3
neutral,tiefe,11
neutral,sarg,15
neutral,elviras,3
neutral,rebekka,8
neutral,agnes,4
neutral,otto,2
neutral,geheiratet,6
neutral,kamen,83
neutral,anfangs,7
neutral,ottos,1
neutral,hinterlassen,2
neutral,bank,5
neutral,beschlagnahmt,1
neutral,vermögen,4
neutral,elvira,10
neutral,aufmerksamkeit,5
neutral,erregen,2
neutral,begehrtesten,1
neutral,junggesellen,1
neutral,königreichs,4
neutral,kommenden,3
neutral,damen,2
neutral,region,1
neutral,ball,26
neutral,eingeladen,9
neutral,braut,49
neutral,auswählen,1
neutral,titel,2
neutral,verdrehen,1
neutral,umgestaltung,1
neutral,quacksalber,2
neutral,schönheitschirurgen,1
neutral,dr.,3
neutral,esthétique,2
neutral,zähne,3
neutral,korrigieren,1
neutral,zahnspange,2
neutral,meißel,2
neutral,nasenbein,2
neutral,zertrümmern,1
neutral,neu,9
neutral,richten,2
neutral,näht,3
neutral,wimpern,2
neutral,augenlider,1
neutral,bohdanka,38
neutral,verflucht,11
neutral,elemente,1
neutral,irre,6
neutral,letztlich,1
neutral,leitet,2
neutral,verfallenen,2
neutral,felle,2
neutral,hemden,20
neutral,leinen,2
neutral,nähen,11
neutral,garn,4
neutral,weben,6
neutral,brennnesselfäden,1
neutral,gesponnen,3
neutral,herstellung,3
neutral,vratislav,5
neutral,spinnrad,5
neutral,milada,7
neutral,stumm,5
neutral,eifersüchtige,1
neutral,frisch,8
neutral,vermählte,5
neutral,intrigiert,1
neutral,bohdankas,3
neutral,neugeborenes,1
neutral,vertauscht,2
neutral,miladas,1
neutral,tasso,4
neutral,ausgesetzt,3
neutral,mordes,2
neutral,dienerin,1
neutral,geschickter,2
neutral,täuschung,3
neutral,scheiterhaufen,11
neutral,verurteilt,8
neutral,nesselhemd,1
neutral,fertig,27
neutral,ausgesetzten,1
neutral,sperren,6
neutral,ammenried,2
neutral,glückshaube,2
neutral,geboren,27
neutral,hebamme,2
neutral,prophezeit,3
neutral,kleinbauern,1
neutral,verbreitet,2
neutral,kunde,2
neutral,glückskind,9
neutral,ottokar,13
neutral,forschungen,2
neutral,gebiet,1
neutral,alchemie,1
neutral,beschäftigt,1
neutral,besessen,1
neutral,herzustellen,1
neutral,trachtet,1
neutral,erziehung,2
neutral,spielkameraden,1
neutral,isabell,16
neutral,felix,33
neutral,buch,4
neutral,alchimisten,1
neutral,mönchen,2
neutral,kloster,2
neutral,morbach,2
neutral,dorfschenke,1
neutral,lebensgeschichte,2
neutral,überlebt,1
neutral,hinterhältigen,1
neutral,tricks,1
neutral,tode,18
neutral,verirrt,7
neutral,aufständische,1
neutral,volkes,1
neutral,sinnlosen,1
neutral,verschwendet,1
neutral,aufständischen,2
neutral,ermordung,1
neutral,glückskinds,1
neutral,unmittelbar,1
neutral,befohlen,5
neutral,auszutricksen,1
neutral,gefälschten,3
neutral,überbringer,4
neutral,briefes,3
neutral,hereingelegt,1
neutral,altes,15
neutral,1,2
neutral,jahrtausend,1
neutral,mitgebracht,6
neutral,nächtlichem,1
neutral,geigenspiel,2
neutral,verzaubert,7
neutral,jordan,7
neutral,ersparen,2
neutral,proviant,1
neutral,gesteht,5
neutral,gemeinsamen,3
neutral,füllkrug,5
neutral,heimgesucht,5
neutral,spendete,1
neutral,versiegt,6
neutral,ort,13
neutral,früchte,10
neutral,eiche,3
neutral,kreuzen,1
neutral,baumspalte,2
neutral,lebenden,2
neutral,trennt,3
neutral,gesetzt,8
neutral,philosophiert,1
neutral,entgegenzustellen,1
neutral,begleitung,3
neutral,schwimmen,2
neutral,geheimnisse,5
neutral,entlocken,3
neutral,boden,35
neutral,brunnens,8
neutral,platziert,2
neutral,müssten,6
neutral,hinuntersteigen,1
neutral,herausholen,2
neutral,umhacken,1
neutral,passagier,2
neutral,stange,6
neutral,fährmanns,3
neutral,drücken,2
neutral,eingeschlafen,10
neutral,verhilft,1
neutral,wahrhaft,2
neutral,lieben,9
neutral,ruder,4
neutral,verdammt,4
neutral,amt,2
neutral,bewohnern,1
neutral,ostens,1
neutral,ausgerissen,2
neutral,fliegen,26
neutral,zeichen,10
neutral,handlung,3
neutral,schwarzweißfilms,1
neutral,eng,3
neutral,vorgabe,1
neutral,grimmschen,2
neutral,fleißige,1
neutral,müllerbursche,3
neutral,weite,7
neutral,heimreise,1
neutral,betrügern,1
neutral,mitsamt,4
neutral,einfachen,5
neutral,feldstein,3
neutral,schluss,2
neutral,steine,27
neutral,last,6
neutral,zaubermännchen,2
neutral,müllersbursche,1
neutral,kunz,6
neutral,verbringt,3
neutral,prahlen,1
neutral,faulenzen,2
neutral,schatzmeister,2
neutral,ordnet,4
neutral,müllerstochter,6
neutral,fähigkeit,3
neutral,scheiterns,1
neutral,geworfen,8
neutral,weggenommen,3
neutral,werk,10
neutral,männchen,46
neutral,gegenleistung,4
neutral,dreifache,2
neutral,menge,7
neutral,herzugeben,1
neutral,behalten,13
neutral,ungewöhnlichen,1
neutral,errät,1
neutral,sammelt,4
neutral,ungewöhnliche,3
neutral,vornamen,1
neutral,richtige,5
neutral,geholfen,6
neutral,wiederkommen,5
neutral,forderung,1
neutral,forschen,1
neutral,gebeten,2
neutral,hingeht,1
neutral,feuerstelle,1
neutral,herumtanzt,1
neutral,heute,27
neutral,back,2
neutral,brau,2
neutral,hol,14
neutral,wünscht,5
neutral,lügen,5
neutral,einfältige,1
neutral,nachbar,7
neutral,berater,4
neutral,königspaares,2
neutral,ernannt,1
neutral,schusterjunge,1
neutral,klaus,9
neutral,franz,1
neutral,schusterwerkstatt,1
neutral,verstorbenen,9
neutral,geerbt,1
neutral,verrichten,6
neutral,fällen,3
neutral,mütterchen,10
neutral,kuchens,1
neutral,abgibt,1
neutral,lies,1
neutral,gret,1
neutral,personen,4
neutral,idee,6
neutral,besuchen,5
neutral,schlössern,1
neutral,störenfried,1
neutral,spießgesellen,1
neutral,achtung,3
neutral,verdient,6
neutral,problem,2
neutral,wirtschaft,3
neutral,meinung,4
neutral,unsinn,2
neutral,raubritter,7
neutral,kumpanen,3
neutral,konfrontation,1
neutral,ritter,21
neutral,trick,8
neutral,beute,9
neutral,einnahmen,2
neutral,abspenstig,1
neutral,glauben,15
neutral,helden,6
neutral,begeisterung,1
neutral,stürmisch,1
neutral,mächtige,6
neutral,bedarf,1
neutral,kürze,1
neutral,enttäuschen,1
neutral,betäubt,2
neutral,geliebte,1
neutral,mächtigen,5
neutral,kraftfeld,3
neutral,durchschaut,3
neutral,verspürt,1
neutral,rachegedanken,1
neutral,brach,23
neutral,seitdem,1
neutral,strebt,2
neutral,zauberblume,6
neutral,kritischen,1
neutral,situationen,1
neutral,nutzt,6
neutral,verschaffen,2
neutral,einsatz,1
neutral,blume,17
neutral,besitzer,3
neutral,teuer,3
neutral,eingesetzt,1
neutral,verbraucht,2
neutral,teil,12
neutral,lebenszeit,3
neutral,erschleicht,3
neutral,ritters,2
neutral,verfolgt,3
neutral,waldstück,3
neutral,gauklerstochter,3
neutral,lande,7
neutral,geflogen,6
neutral,betrachten,1
neutral,bestätigt,4
neutral,vergessen,13
neutral,gewitter,2
neutral,aufziehen,2
neutral,abreise,1
neutral,zelt,1
neutral,innere,1
neutral,eulenfeder,2
neutral,entführung,4
neutral,identifizieren,1
neutral,schworen,1
neutral,ergreift,2
neutral,zauberhand,2
neutral,vogelkäfige,2
neutral,innenhof,1
neutral,wandeln,2
neutral,landet,5
neutral,hase,45
neutral,igel,13
neutral,freundlichen,1
neutral,begrüßung,2
neutral,igels,4
neutral,schiefen,3
neutral,wettrennen,1
neutral,herausfordert,2
neutral,herausforderung,4
neutral,späteren,1
neutral,durchführung,1
neutral,rennens,1
neutral,acker,7
neutral,start,2
neutral,ackerfurche,2
neutral,verwechseln,1
neutral,sehende,1
neutral,siegesgewisse,1
neutral,heranstürmt,1
neutral,erhebt,2
neutral,74,1
neutral,geißlein,20
neutral,hütchen,9
neutral,geißenmutter,5
neutral,lebte,28
neutral,färbten,1
neutral,kam,229
neutral,suchte,31
neutral,gucki,5
neutral,frühere,2
neutral,waldmannes,1
neutral,richtet,2
neutral,häuslich,1
neutral,kurze,5
neutral,schule,3
neutral,mitkommen,2
neutral,zusehen,9
neutral,stunde,22
neutral,beste,3
neutral,wann,8
neutral,nasses,1
neutral,schädlich,1
neutral,ärgsten,1
neutral,lehrer,2
neutral,schärft,1
neutral,niemanden,5
neutral,einzulassen,3
neutral,verriegeln,2
neutral,guckis,2
neutral,räumen,2
neutral,genießen,3
neutral,freizeit,1
neutral,mitten,19
neutral,klopfen,4
neutral,aufgeschreckt,1
neutral,einlass,4
neutral,einsteigen,2
neutral,bewerfen,1
neutral,holzscheiten,1
neutral,aufgibt,1
neutral,frisst,7
neutral,packung,1
neutral,kreide,4
neutral,hoher,3
neutral,erzwingen,4
neutral,einmehlen,2
neutral,prüfungen,7
neutral,eingelassen,1
neutral,fressen,10
neutral,siebente,6
neutral,uhrenkasten,2
neutral,durstig,3
neutral,verbindet,1
neutral,tadel,1
neutral,unvorsichtigen,1
neutral,handelns,1
neutral,generellen,1
neutral,warnung,5
neutral,sollten,27
neutral,mitgehen,6
neutral,schmeicheln,1
neutral,locken,4
neutral,versprechungen,1
neutral,trauen,2
neutral,aschenputtel,24
neutral,festes,3
neutral,tanzt,6
neutral,ausgelassen,2
neutral,zusammenbricht,4
neutral,vergangen,5
neutral,geschäftsreise,2
neutral,bemüht,2
neutral,dermaßen,1
neutral,verblendet,3
neutral,eingreift,1
neutral,therese,7
neutral,clothilde,11
neutral,degradiert,1
neutral,magd,19
neutral,liese,2
neutral,vertraute,7
neutral,auseinandersetzung,1
neutral,entlassen,2
neutral,anstehenden,1
neutral,stiefschwester,4
neutral,mitbringen,3
neutral,besonderen,4
neutral,stoff,5
neutral,haselnussbaum,3
neutral,sodann,4
neutral,grab,10
neutral,pflanzt,1
neutral,prächtig,6
neutral,groß,26
neutral,minderjährigen,1
neutral,alfons,3
neutral,regierungsgeschäfte,1
neutral,spleenige,1
neutral,karpfen,3
neutral,wohlergehen,2
neutral,weit,37
neutral,lieblingskarpfen,1
neutral,krönen,1
neutral,verhindern,7
neutral,passende,1
neutral,hofbälle,2
neutral,veranstaltet,4
neutral,persönlich,3
neutral,blitzblank,1
neutral,putzen,2
neutral,schüttet,2
neutral,geschafft,3
neutral,linsen,8
neutral,asche,25
neutral,herauslesen,1
neutral,rechtzeitig,5
neutral,schaffe,1
neutral,tatkräftig,1
neutral,unterstützt,1
neutral,gurrt,1
neutral,blau-weißes,1
neutral,ballkleid,2
neutral,passenden,1
neutral,schuhen,3
neutral,passender,1
neutral,maske,2
neutral,ermahnt,1
neutral,abrupt,1
neutral,längst,15
neutral,bezaubert,1
neutral,ratlos,1
neutral,ballabend,1
neutral,schafft,5
neutral,vorsichtshalber,2
neutral,eingeschlossen,3
neutral,worte,13
neutral,bäumchen,8
neutral,rüttel,5
neutral,schüttel,9
neutral,wirf,5
neutral,geheimnisvolle,5
neutral,tanzte,16
neutral,abend,41
neutral,zukünftige,2
neutral,vorstellen,3
neutral,hastig,3
neutral,gestrichene,1
neutral,hinabeilt,1
neutral,verliert,8
neutral,schuh,39
neutral,erlässt,1
neutral,entsprechendes,1
neutral,dekret,1
neutral,trägerin,2
neutral,schuhs,1
neutral,ermitteln,2
neutral,vorsorglich,1
neutral,verleugnet,1
neutral,scheut,1
neutral,davor,5
neutral,ferse,5
neutral,abzuhacken,1
neutral,clothildes,1
neutral,fuß,24
neutral,passt,7
neutral,gurren,2
neutral,rucke,10
neutral,guh,4
neutral,rechte,18
neutral,daheim.,4
neutral,maß,1
neutral,aschenputtels,1
neutral,holzschuh,2
neutral,achtlos,1
neutral,offene,2
neutral,stürmt,2
neutral,brennende,1
neutral,draußen,24
neutral,pflege,1
neutral,heißgeliebten,2
neutral,schrulligen,1
neutral,kümmern,5
neutral,rotkäppchen,104
neutral,annemarie,2
neutral,schneiderin,3
neutral,gehänselt,1
neutral,gerissenes,2
neutral,huhn,7
neutral,waldrand,3
neutral,vermuten,1
neutral,wölfe,4
neutral,gegend,5
neutral,bedrohlich,1
neutral,umherläuft,1
neutral,bürgermeisterin,2
neutral,losgeschickt,1
neutral,kranken,16
neutral,kuchen,26
neutral,unbekümmert,1
neutral,frohgemut,1
neutral,fortsetzt,2
neutral,schmiedet,4
neutral,heimtückischen,1
neutral,anschluss,1
neutral,geschickt,8
neutral,gewinnen,4
neutral,setzt,17
neutral,haube,3
neutral,nachthemd,2
neutral,füllt,5
neutral,müllerbursch,1
neutral,kätzchen,14
neutral,windmühle,3
neutral,hinaus,83
neutral,schönes,7
neutral,schönste,12
neutral,zurückbringt,1
neutral,erben,5
neutral,glühwürmchen,8
neutral,leuchtet,1
neutral,schönst,1
neutral,besorgen,2
neutral,übernachtet,3
neutral,ganzes,5
neutral,rudel,1
neutral,katzen,2
neutral,silbernen,5
neutral,spalten,3
neutral,sense,4
neutral,mähen,1
neutral,dach,13
neutral,bauen,2
neutral,glühwürmchens,1
neutral,vorführen,1
neutral,klapprig,1
neutral,bursche,7
neutral,verzichtet,2
neutral,auswahl,1
neutral,falk,35
neutral,kämpferische,1
neutral,egoistische,1
neutral,machtbesessene,1
neutral,lennard,27
neutral,respekt,1
neutral,behandelt,3
neutral,zermartert,1
neutral,leibarzt,3
neutral,ersinnt,1
neutral,ungewöhnlichere,1
neutral,methoden,1
neutral,gewünschten,1
neutral,erfolg,1
neutral,mutigere,1
neutral,düsterwald,1
neutral,salwa,4
neutral,probe,6
neutral,kreuzer,1
neutral,arrogant,1
neutral,heraufziehenden,1
neutral,nebel,10
neutral,schlucht,7
neutral,liegen,19
neutral,mächten,3
neutral,stammt,1
neutral,prüfung,6
neutral,hilfestellungen,1
neutral,bestehen,6
neutral,schlafende,2
neutral,friederike,7
neutral,erweckt,2
neutral,zwölften,3
neutral,glockenschlag,1
neutral,gleichung,1
neutral,friederikes,2
neutral,ermutigung,1
neutral,salwas,2
neutral,gedächtnis,1
neutral,versteckte,11
neutral,beben,1
neutral,mauern,3
neutral,drohen,2
neutral,einzustürzen,2
neutral,kombinationsgabe,1
neutral,hinweisen,1
neutral,trugbild,1
neutral,genesenen,1
neutral,mitteilen,1
neutral,bereits,14
neutral,bestanden,2
neutral,gekrönt,8
neutral,stößt,10
neutral,geschöpfe,1
neutral,mächte,3
neutral,schlossbrunnen,1
neutral,enthält,1
neutral,bestandenen,1
neutral,wiederzukommen,2
neutral,glockenschlage,1
neutral,aufgehoben,1
neutral,erwachen,6
neutral,neuem,9
neutral,bewusstlosen,1
neutral,verletzten,3
neutral,diesseits,1
neutral,zurückholt,1
neutral,wasserflasche,1
neutral,brackwasser,1
neutral,lennards,2
neutral,wasserbeutel,1
neutral,verunreinigte,1
neutral,wahre,15
neutral,fieber,2
neutral,sinkt,2
neutral,beteuerungen,1
neutral,heilende,1
neutral,betrug,13
neutral,umbringen,4
neutral,angeblichen,3
neutral,attentatsplänen,1
neutral,baldur,2
neutral,fasanen,1
neutral,ausführen,3
neutral,zuhörte,1
neutral,ermutigt,1
neutral,aufzugeben,1
neutral,getarnt,1
neutral,krönung,2
neutral,vorbereitet,2
neutral,hofe,4
neutral,abwarten,1
neutral,königssohn,34
neutral,held,2
neutral,falks,1
neutral,bestrafung,2
neutral,hervor,32
neutral,vergebung,3
neutral,zuteilwird,1
neutral,ernennt,3
neutral,amtshandlung,2
neutral,begnadigt,1
neutral,stallbursche,1
neutral,persönlichen,1
neutral,augenhöhe,1
neutral,weissagung,3
neutral,zufolge,1
neutral,ungeheuer,6
neutral,steigen,11
neutral,flut,1
neutral,überschwemmen,1
neutral,königstöchter,1
neutral,reihenfolge,1
neutral,abstand,1
neutral,monden,1
neutral,traualtar,1
neutral,schreiten,2
neutral,vermählung,4
neutral,zweitgeborenen,1
neutral,anlass,1
neutral,zahlreiche,3
neutral,adelige,1
neutral,gäste,8
neutral,darunter,10
neutral,mehreren,2
neutral,interessiert,1
neutral,wünschen,2
neutral,erzieher,1
neutral,hippolytus,1
neutral,strengen,3
neutral,erziehungsplan,1
neutral,erstellen,1
neutral,königspaar,4
neutral,nachsichtig,1
neutral,hochzeitsballs,1
neutral,zofe,9
neutral,spaß,4
neutral,beschreibt,1
neutral,hässliches,3
neutral,wuchs,15
neutral,schielenden,1
neutral,übler,1
neutral,laune,1
neutral,hinkendem,1
neutral,jagdgesellschaft,1
neutral,königspaars,1
neutral,nebeneinanderher,1
neutral,ohrfeige,3
neutral,wasserfall,2
neutral,gespeist,1
neutral,einschläft,1
neutral,träne,1
neutral,geweint,2
neutral,empört,2
neutral,folge,3
neutral,ausgewechselt,1
neutral,hochzeitsball,2
neutral,garten,19
neutral,reißaus,2
neutral,tags,6
neutral,angestachelt,1
neutral,bemerkungen,1
neutral,verfällt,1
neutral,frauenheld,1
neutral,komtess,2
neutral,trinkt,14
neutral,schubst,1
neutral,augenblicklich,6
neutral,vorwürfe,3
neutral,schroff,1
neutral,abgewiesen,3
neutral,zurückkommen,1
neutral,monde,4
neutral,oft,16
neutral,versehentlich,5
neutral,weinen,11
neutral,grund,10
neutral,speisen,10
neutral,blinder,1
neutral,vorüber,3
neutral,fackeln,3
neutral,heugabeln,2
neutral,zwingen,1
neutral,geweissagte,1
neutral,unheil,4
neutral,abzuwenden,1
neutral,taucht,5
neutral,adel,1
neutral,einzulösen,1
neutral,geleitet,1
neutral,blitzt,1
neutral,haaren,10
neutral,gefolge,1
neutral,reiches,8
neutral,einzutreiben,2
neutral,abgelegenen,5
neutral,neugeborenen,2
neutral,kürzlich,1
neutral,frieselfieber,1
neutral,geborene,2
neutral,häubchen,2
neutral,mutterleib,1
neutral,heimweg,9
neutral,alleine,3
neutral,weidenkörbchen,2
neutral,treibt,6
neutral,körbchen,4
neutral,entlang,3
neutral,müllerin,3
neutral,knaben,7
neutral,17,1
neutral,herangewachsene,1
neutral,knabe,8
neutral,lichtung,3
neutral,durchgegangen,3
neutral,beiläufig,1
neutral,schlafplatz,2
neutral,spitzel,3
neutral,eins,37
neutral,auswischen,1
neutral,verfassen,1
neutral,umgehend,2
neutral,unwissenden,1
neutral,ausgetauschten,1
neutral,willibald,9
neutral,eigentlichen,3
neutral,mitzureisen,1
neutral,verlobt,2
neutral,folgetag,1
neutral,verlobung,2
neutral,gefälscht,1
neutral,hinrichten,1
neutral,loszuwerden,4
neutral,abzuschneiden,2
neutral,kenne,4
neutral,herauszubekommen,1
neutral,wieso,1
neutral,gasthaus,6
neutral,trocken,4
neutral,wässrig,1
neutral,ertrag,1
neutral,wisse,4
neutral,rätsels,1
neutral,lösung,4
neutral,wortkargen,1
neutral,ablösung,1
neutral,aufhören,2
neutral,problems,1
neutral,mitzubringen,3
neutral,mutigen,2
neutral,fliege,3
neutral,fangen,12
neutral,rätsel,5
neutral,essens,1
neutral,halbschlaf,2
neutral,entlockt,1
neutral,überfahren,5
neutral,stab,3
neutral,gaststätte,1
neutral,leuten,7
neutral,wurzeln,10
neutral,baumes,2
neutral,mäusen,3
neutral,angenagt,2
neutral,mäuse,10
neutral,isabella,11
neutral,kammerdiener,4
neutral,angereist,1
neutral,ausgetrocknet,3
neutral,geplanten,2
neutral,jagt,2
neutral,überlisten,4
neutral,abschütteln,1
neutral,edlen,1
neutral,idiot,2
neutral,pflichtet,1
neutral,rand,6
neutral,gebirgswaldes,2
neutral,menschenleer,1
neutral,sogenannten,1
neutral,amalienstollen,1
neutral,böser,2
neutral,berggeist,10
neutral,haust,1
neutral,matthias,2
neutral,geblieben,7
neutral,wären,24
neutral,stollen,4
neutral,bekämpfen,3
neutral,andreas,4
neutral,verschlossene,1
neutral,kinderspielzeug,1
neutral,gewebtes,2
neutral,kauf,1
neutral,anbieten,1
neutral,verlieben,1
neutral,gesamte,3
neutral,ware,5
neutral,selbstgebautes,1
neutral,modell,1
neutral,amalienstollens,1
neutral,vorhaben,2
neutral,großvaters,2
neutral,männern,10
neutral,begehen,1
neutral,erklären,4
neutral,berggeistes,3
neutral,lichter,4
neutral,teile,3
neutral,gesteins,1
neutral,erschöpft,2
neutral,gestein,1
neutral,braunbären,1
neutral,triumphiert,2
neutral,verlauten,2
neutral,jetzigen,1
neutral,jägern,6
neutral,ausreiten,1
neutral,nichtsahnend,1
neutral,menschengestalt,1
neutral,erscheinenden,1
neutral,anstiften,1
neutral,versorgt,2
neutral,größeren,1
neutral,abständen,1
neutral,mensch,22
neutral,auftretenden,1
neutral,äußerst,1
neutral,lagen,18
neutral,fischnetz,1
neutral,gebüsch,3
neutral,abschneiden,2
neutral,ernten,2
neutral,schwindet,1
neutral,aufeinandertreffen,1
neutral,lockt,5
neutral,beschreibung,1
neutral,höhlenreich,1
neutral,falke,2
neutral,bartabschneiden,1
neutral,unsichtbar,5
neutral,letzterer,1
neutral,zauberstab,3
neutral,entmachtet,2
neutral,herabfallenden,1
neutral,felsbrocken,1
neutral,tiergestalt,1
neutral,hochzeiten,4
neutral,paare,1
neutral,ehren,3
neutral,rauschendes,2
neutral,jindrich,6
neutral,prophezeiung,2
neutral,bewahrheitet,1
neutral,zwillingssöhne,1
neutral,zwillingsbrüder,1
neutral,jaromír,23
neutral,jaroslav,17
neutral,überschnell,1
neutral,siebenjährige,1
neutral,vierzehnjährige,1
neutral,erwachsen,1
neutral,zwillinge,5
neutral,ausziehen,4
neutral,herrschen,3
neutral,existenz,1
neutral,bruders,5
neutral,zigeunermädchen,2
neutral,bild,7
neutral,lebe,2
neutral,tauschen,5
neutral,schwerter,3
neutral,rosten,2
neutral,schwebt,1
neutral,ferne,13
neutral,milena,15
neutral,abweist,1
neutral,billig,1
neutral,wappengeschmücktes,1
neutral,wams,1
neutral,jaromir,1
neutral,schafherde,1
neutral,hüten,6
neutral,herde,7
neutral,eintausend,1
neutral,schafen,2
neutral,schafe,3
neutral,schwarzgelockte,3
neutral,aufs,24
neutral,haar,32
neutral,gleicht,2
neutral,schaf,6
neutral,erschrickt,2
neutral,aufhalten,1
neutral,schäfchen,2
neutral,erblickt,5
neutral,glitzernde,3
neutral,klamm,2
neutral,versteinern,1
neutral,jaroslavs,1
neutral,glänzendes,1
neutral,jaromírs,3
neutral,unglück,7
neutral,sichtbar,4
neutral,braucht,6
neutral,diamantenfelsen,1
neutral,schwarzgelockten,3
neutral,beiseite,1
neutral,jacke,1
neutral,bewusstsein,1
neutral,weckt,1
neutral,überglücklich,1
neutral,koppel,1
neutral,alias,1
neutral,fortlassen,1
neutral,sorgfältig,2
neutral,týna,3
neutral,hütet,3
neutral,erfolgreich,2
neutral,einhundert,3
neutral,wettrennens,1
neutral,unterscheidbar,1
neutral,siegt,1
neutral,zwillingsschwester,3
neutral,gefeiert,20
neutral,felsenprinzessin,1
neutral,brautschau,3
neutral,jeher,1
neutral,nördlichen,1
neutral,wälder,12
neutral,gemieden,1
neutral,monster,2
neutral,geister,7
neutral,hexen,22
neutral,stefan,13
neutral,rande,6
neutral,dunklen,19
neutral,fristen,3
neutral,karges,1
neutral,lebensunterhalt,2
neutral,gehackte,1
neutral,weiterverkauft,1
neutral,vereinbarten,2
neutral,vorenthält,1
neutral,bruchteil,1
neutral,ausbezahlt,1
neutral,hartherziger,3
neutral,arroganter,1
neutral,angewiesen,1
neutral,tütchen,2
neutral,kuchenkrümeln,1
neutral,komplett,1
neutral,einzustreichen,1
neutral,ebendiesem,1
neutral,krug,18
neutral,korb,10
neutral,vorbeizubringen,1
neutral,guter,10
neutral,backt,1
neutral,eiern,1
neutral,eiercremekuchen,1
neutral,beeren,7
neutral,füttert,1
neutral,verschlag,1
neutral,esels,2
neutral,nebenraum,1
neutral,milchkrug,1
neutral,herunterwirft,1
neutral,just,4
neutral,beerensammeln,1
neutral,wütend,4
neutral,tatsache,1
neutral,ruiniert,1
neutral,pflücken,5
neutral,streng,6
neutral,verärgert,1
neutral,zurückzukommen,1
neutral,sonnenlicht,6
neutral,blättern,2
neutral,brotkrumen,4
neutral,hungrigen,4
neutral,gefressen,6
neutral,hindurch,6
neutral,zucker,3
neutral,naschereien,1
neutral,zuckerberg,1
neutral,wach,6
neutral,stimmen,4
neutral,keller,10
neutral,griselda,3
neutral,bindet,2
neutral,haken,3
neutral,schieben,2
neutral,zaubert,1
neutral,reserviert,2
neutral,missfällt,1
neutral,begrüßen,1
neutral,ausrede,2
neutral,privatzimmer,1
neutral,befragt,2
neutral,erhoffte,1
neutral,ausgeführt,1
neutral,leber,8
neutral,gehorchen,3
neutral,angesichts,1
neutral,entfernen,1
neutral,frischling,2
neutral,grausamen,3
neutral,gedeckten,3
neutral,probiert,2
neutral,tellerchen,6
neutral,kurzen,2
neutral,gebet,3
neutral,bettchen,3
neutral,durcheinander,2
neutral,stühlchen,2
neutral,gesessen,4
neutral,brötchen,1
neutral,gemüschen,1
neutral,gäbelchen,1
neutral,gestochen,3
neutral,messerchen,1
neutral,geschnitten,1
neutral,becherchen,5
neutral,getrunken,7
neutral,gelegen,3
neutral,tönt,1
neutral,kehlen,1
neutral,berichten,2
neutral,gelandet,1
neutral,insoweit,1
neutral,warnen,3
neutral,eindringlich,1
neutral,niemandem,2
neutral,tausendmal,1
neutral,weis,1
neutral,korsett,2
neutral,brauche,2
neutral,schnüren,2
neutral,atmen,3
neutral,ohnmächtig,3
neutral,heimkommen,1
neutral,liegend,1
neutral,geschnürte,1
neutral,kurzer,4
neutral,sterben.,4
neutral,präpariert,1
neutral,apfelhälfte,1
neutral,gift,6
neutral,marktfrau,1
neutral,rote,9
neutral,zaudert,1
neutral,vollendet,1
neutral,wache,12
neutral,liest,1
neutral,schild,1
neutral,ruht,3
neutral,transport,1
neutral,sarges,1
neutral,stolpert,2
neutral,ruck,1
neutral,bewirkt,1
neutral,vergiftete,2
neutral,apfelstück,3
neutral,ausspuckt,1
neutral,male,4
neutral,märchenwald,1
neutral,goldgierigen,1
neutral,goldhaar,5
neutral,rittersporn,4
neutral,knappe,1
neutral,knickebein,1
neutral,pilzesammeln,1
neutral,undankbar,2
neutral,hausarbeit,3
neutral,ausflug,1
neutral,jagenden,1
neutral,zahmheit,1
neutral,karren,2
neutral,fischen,4
neutral,reißenden,1
neutral,bach,4
neutral,loszetert,1
neutral,gestohlene,1
neutral,originalgetreu,1
neutral,zusätzliche,1
neutral,szenen.,1
neutral,robert,21
neutral,heran,26
neutral,einfaches,2
neutral,kartoffelgericht,2
neutral,weggelaufener,1
neutral,schwangeren,1
neutral,ehefrau,3
neutral,hoffe,2
neutral,milde,6
neutral,patensohn,1
neutral,diebesgut,1
neutral,entnervt,1
neutral,bewachtes,2
neutral,betttuch,3
neutral,ehering,2
neutral,küster,12
neutral,kirche,15
neutral,betäubungsmittel,1
neutral,pferdes,4
neutral,schaltet,1
neutral,sicherheitsvorkehrungen,1
neutral,u.,1
neutral,a.,1
neutral,vogelscheuche,2
neutral,3,1
neutral,zimmers,1
neutral,list,11
neutral,kämen,2
neutral,zollt,1
neutral,soldat,65
neutral,sold,3
neutral,wertlosen,1
neutral,orden,4
neutral,verleiht,2
neutral,ziehend,1
neutral,duft,4
neutral,waldhäuschen,3
neutral,gelockt,1
neutral,nachtlager,4
neutral,wunden,6
neutral,kriegseinsatz,1
neutral,hexenantlitz,1
neutral,täuschen,4
neutral,spüren,1
neutral,weiterziehen,2
neutral,blaues,2
neutral,ausgetrockneten,2
neutral,beinen,7
neutral,zündet,3
neutral,lämpchen,1
neutral,entzücken,1
neutral,frische,2
neutral,versieht,1
neutral,regeln,2
neutral,zustehenden,1
neutral,mietet,1
neutral,gasthof,5
neutral,lampe,1
neutral,wertvollsten,2
neutral,prompt,2
neutral,womit,5
neutral,unschlüssig,1
neutral,spazieren,4
neutral,unbeschwertheit,1
neutral,augustine,5
neutral,dorfgesindel,1
neutral,abgegeben,2
neutral,ehrlich,2
neutral,bevorstehende,1
neutral,nachbarreiches,1
neutral,vergrößerung,1
neutral,stecken,5
neutral,hingerichtet,4
neutral,vermählt,5
neutral,gewähren,3
neutral,anzünden,4
neutral,gewährt,6
neutral,wunschgemäß,1
neutral,bestraft,1
neutral,böses,8
neutral,letztendlich,2
neutral,venedig,1
neutral,henriette,12
neutral,goldkugel,4
neutral,widerwillen,1
neutral,einzuhalten,1
neutral,protestes,1
neutral,verbannung,2
neutral,henriettes,2
neutral,zitadelle,2
neutral,verbannt,4
neutral,kellermeister,3
neutral,goldkette,3
neutral,servieren,3
neutral,schöpft,1
neutral,verdacht,5
neutral,test,3
neutral,erbsen,6
neutral,kellertreppe,1
neutral,ausstreuen,1
neutral,ausrutscht,1
neutral,schmerzen,5
neutral,haarreif,3
neutral,auftragen,2
neutral,schürt,1
neutral,waffenkammer,2
neutral,testen,1
neutral,waffen,6
neutral,anrühren,1
neutral,vertreibt,2
neutral,kämmerer,2
neutral,weise,13
neutral,schlafzimmer,1
neutral,testet,1
neutral,posten,1
neutral,kutschers,1
neutral,aufträgt,2
neutral,blaue,12
neutral,überfallen,11
neutral,friedlicher,2
neutral,kanone,1
neutral,reparieren,1
neutral,einsames,2
neutral,obdach,3
neutral,getaner,2
neutral,zurecht,4
neutral,misstrauisch,4
neutral,hintergehen,1
neutral,behält,5
neutral,vielfacettiger,1
neutral,kristall,2
neutral,tabakspfeife,1
neutral,entzünden,2
neutral,lichts,5
neutral,zutraut,1
neutral,beschafft,1
neutral,männchens,2
neutral,freundliche,2
neutral,kellnerin,1
neutral,anne,2
neutral,kennenlernt,1
neutral,freundschaftlich,1
neutral,mutig,8
neutral,verlangen,4
neutral,eigenhändig,2
neutral,erwürgen,1
neutral,genau,7
neutral,eingebildete,1
neutral,gasthofes,1
neutral,haushaltsdienste,1
neutral,leisten,2
neutral,beispielsweise,2
neutral,auszuziehen,4
neutral,frühen,1
neutral,häscher,1
neutral,schliche,2
neutral,wilden,12
neutral,verfolgungsjagd,1
neutral,schlossdorf,1
neutral,unerklärliche,1
neutral,general,1
neutral,gefängniswärter,1
neutral,abgepresste,1
neutral,gulden,1
neutral,ranzen,1
neutral,lichtkristall,1
neutral,letzter,2
neutral,hinrichtung,3
neutral,rauchen,3
neutral,versetzt,1
neutral,kämpferisches,1
neutral,gepaart,1
neutral,heftigem,1
neutral,schwerem,3
neutral,sturmwind,3
neutral,anwesenden,5
neutral,blankes,2
neutral,schleunigst,1
neutral,ergreifen,3
neutral,versehen,4
neutral,abgegebene,1
neutral,kanonenschuss,1
neutral,räubers,1
neutral,vorbereiteten,1
neutral,vollständig,1
neutral,ahnungsvoller,1
neutral,todesfurcht,1
neutral,anbiederung,1
neutral,kalt,3
neutral,begleitet,8
neutral,dannen,2
neutral,rapunzel,56
neutral,verföhnt,1
neutral,gothel,20
neutral,regelmäßig,1
neutral,verjüngt,1
neutral,heiltrank,1
neutral,todkranke,1
neutral,schwangere,1
neutral,hergestellt,1
neutral,verjüngungskraft,1
neutral,wirkung,3
neutral,einsamen,4
neutral,turm,17
neutral,verjüngende,1
neutral,nutzen,2
neutral,dieb,15
neutral,flynn,3
neutral,rider,16
neutral,stabbington,1
neutral,verschwundenen,2
neutral,betrügt,1
neutral,kumpane,2
neutral,palastwache,2
neutral,rapunzels,10
neutral,17-jährigen,1
neutral,eindringling,1
neutral,überwältigen,1
neutral,verstecken,6
neutral,ergründung,1
neutral,himmelsphänomens,1
neutral,wofür,2
neutral,bedeutung,2
neutral,unbekannt,2
neutral,zwischendurch,1
neutral,drei-tages-reise,1
neutral,chamäleon,2
neutral,pascal,2
neutral,maximus,2
neutral,eher,8
neutral,verhält,2
neutral,himmelsphänomen,1
neutral,himmelslaternen,1
neutral,jährlich,1
neutral,geburtstag,9
neutral,steigengelassen,1
neutral,zweck,1
neutral,zwielichtiges,1
neutral,auftauchen,3
neutral,geheimtunnel,1
neutral,heilkraft,1
neutral,steckbrief,1
neutral,flynns,1
neutral,stabbington-brüder,2
neutral,rächen,5
neutral,gewahrsam,1
neutral,überprüfen,1
neutral,laternen,1
neutral,ufer,12
neutral,zurückgeben,2
neutral,wartet,6
neutral,segelboot,1
neutral,steg,3
neutral,zutreiben,1
neutral,beschreiben,1
neutral,riders,1
neutral,zwielichtigen,1
neutral,gestalten,1
neutral,besuchten,2
neutral,verschiedener,1
neutral,gesammelt,2
neutral,schließt,8
neutral,gesuchte,1
neutral,fesselt,1
neutral,zulässt,1
neutral,sterbende,1
neutral,weint,2
neutral,geheilte,1
neutral,prozession,1
neutral,gebratenen,2
neutral,truthähnen,1
neutral,träumt,3
neutral,truthahn,10
neutral,wahr,13
neutral,besorgte,3
neutral,macario,13
neutral,berge,13
neutral,feinen,2
neutral,teilen,1
neutral,mittel,6
neutral,``,148
neutral,auftauchst,1
neutral,'macario,1
neutral,brauchen,5
neutral,geheilt,5
neutral,freundschaft,4
neutral,jahrelang,1
neutral,starren,1
neutral,deutet,3
neutral,heilt,2
neutral,wunderheiler,1
neutral,aufsehen,1
neutral,ketzerei,1
neutral,vizekönig,1
neutral,dienste,6
neutral,heilung,3
neutral,anspruch,2
neutral,verbrannt,8
neutral,kerzen,4
neutral,gefüllt,6
neutral,tausende,1
neutral,wachses,1
neutral,bestimmten,3
neutral,macarios,1
neutral,löscht,1
neutral,vizekönigs,1
neutral,friedlich,5
neutral,hälften,2
neutral,geteilt,1
neutral,unberührt,1
neutral,verwirklichen,1
neutral,brüderchen,32
neutral,schwesterchen,46
neutral,streichen,1
neutral,aufgelegt,1
neutral,kinderfrau,5
neutral,valentine,2
neutral,animiert,1
neutral,streiche,2
neutral,arg,3
neutral,usa,20
neutral,bereich,1
neutral,kräuter,5
neutral,gewürze,1
neutral,einäugige,1
neutral,sule,4
neutral,springen,7
neutral,beseelt,1
neutral,fensterbrett,1
neutral,passiere,1
neutral,mondenschein,1
neutral,schleicht,2
neutral,zaubereien,1
neutral,hofarztes,1
neutral,protestiert,1
neutral,zustimmung,1
neutral,gebraute,1
neutral,verabreicht,1
neutral,gekostet,3
neutral,schaut,4
neutral,beschwörend,1
neutral,musst,26
neutral,gesteuert,1
neutral,dornenbusch,2
neutral,bugsiert,1
neutral,gesagt,22
neutral,vorläufig,1
neutral,nimmerwiedersehen,1
neutral,unterbindet,2
neutral,folgezeit,1
neutral,besuche,1
neutral,schlafe,4
neutral,verbracht,1
neutral,durst,15
neutral,wolf.,3
neutral,brünnlein,3
neutral,beugt,1
neutral,reh,15
neutral,versichert,1
neutral,strumpfband,1
neutral,bleibe,5
neutral,rosenstrauch,2
neutral,blühen,1
neutral,anfängt,1
neutral,einrichten,1
neutral,rehlein,8
neutral,jagdhörner,1
neutral,vernimmt,2
neutral,wiederkomme,3
neutral,anklopfen,1
neutral,schwesterlein,5
neutral,herein.,4
neutral,bimbo,2
neutral,bambo,2
neutral,einfangen,1
neutral,jagdhorn,1
neutral,halsband,10
neutral,hereingebeten,1
neutral,spürt,3
neutral,befinden,2
neutral,geist,19
neutral,rosenbusch,1
neutral,sorge,7
neutral,stärker,5
neutral,bosheiten,1
neutral,händen,15
neutral,flüstert,2
neutral,nimmermehr.,4
neutral,wacht,1
neutral,leibarztes,1
neutral,ferkel,9
neutral,usas,1
neutral,schweine,2
neutral,allerleirauh,22
neutral,verwitwete,1
neutral,tobald,2
neutral,bilder,2
neutral,heiratsfähigen,1
neutral,kategorisch,1
neutral,gleiche,4
neutral,hofstaat,6
neutral,anmut,4
neutral,ansinnen,1
neutral,gottes,5
neutral,gesetz,1
neutral,beruft,1
neutral,scheinbar,6
neutral,unerfüllbaren,1
neutral,kleider,35
neutral,silbern,10
neutral,mond,23
neutral,glänzend,11
neutral,sterne,9
neutral,mantel,16
neutral,tausenderlei,7
neutral,pelz-,2
neutral,rauhwerk,6
neutral,zusammengesetzt,3
neutral,dazugeben,2
neutral,jungfern,3
neutral,mondlicht,9
neutral,stoffe,2
neutral,knechte,3
neutral,sternschnuppen,2
neutral,eingewoben,2
neutral,tierart,1
neutral,fertiggestellt,2
neutral,handhabe,1
neutral,verweigern,1
neutral,beschmiert,1
neutral,ruß,4
neutral,fellmantel,3
neutral,gewollt,2
neutral,auftrage,1
neutral,haspel,7
neutral,angelangt,9
neutral,pelzgeschöpf,2
neutral,lebendig,11
neutral,erwidert,2
neutral,zögernd,2
neutral,angesehen,6
neutral,versteht,3
neutral,verzeihung,2
neutral,rasmus,1
neutral,einzuladen,1
neutral,sonnenlichtgarn,1
neutral,entflieht,2
neutral,kämmerchen,1
neutral,pelzmantel,3
neutral,rauhtierchen,5
neutral,unwissend,2
neutral,allerleihrauh,5
neutral,silberne,4
neutral,gewobenem,1
neutral,wirklichen,2
neutral,lotte,8
neutral,kocht,1
neutral,spinnrädchen,4
neutral,mathis,3
neutral,redet,4
neutral,lieb,9
neutral,spinnrads,1
neutral,fäden,2
neutral,spinnt,1
neutral,allerleirauhs,2
neutral,verbietet,2
neutral,inständig,2
neutral,pelz,8
neutral,abzulegen,1
neutral,sternenkleid,5
neutral,tanz,11
neutral,serviert,1
neutral,kleiner,8
neutral,gegenstand,1
neutral,gesponnenen,1
neutral,aufwickeln,1
neutral,vereint,2
neutral,erschießen,1
neutral,rocktasche,2
neutral,waschen,10
neutral,nägel,7
neutral,verschrieben,1
neutral,christoffel,14
neutral,wochenlang,2
neutral,lösbare,1
neutral,entledigt,1
neutral,gestank,2
neutral,leere,2
neutral,ausgegeben,1
neutral,mitgefangenen,2
neutral,badezuber,1
neutral,herrichten,1
neutral,badet,2
neutral,eingesperrten,2
neutral,goldschmieds,3
neutral,erscheinung,2
neutral,feld,12
neutral,rock,13
neutral,vertragsworte,1
neutral,frisieren,1
neutral,reinwaschen,1
neutral,gepflegter,1
neutral,katharina,3
neutral,lady,6
neutral,lilliana,22
neutral,hoffman,7
neutral,hochschwanger,1
neutral,frederick,4
neutral,kutschreise,1
neutral,antritt,1
neutral,kaiserschnitt,1
neutral,durchzuführen,1
neutral,verfärbt,1
neutral,lord,1
neutral,claudia,30
neutral,schrank,14
neutral,form,1
neutral,weiblichen,1
neutral,vogelkäfig,1
neutral,stummen,2
neutral,einzieht,1
neutral,lilly,9
neutral,türen,6
neutral,schwanger,3
neutral,hocherfreut,2
neutral,erinnerung,3
neutral,auslöschen,1
neutral,wunderbares,1
neutral,gebannt,2
neutral,zuhören,1
neutral,verspätet,2
neutral,vorgeschlagene,1
neutral,anzuziehen,1
neutral,herumstöbert,1
neutral,kleidertruhe,1
neutral,entnimmt,1
neutral,anzieht,1
neutral,betritt,3
neutral,festsaal,1
neutral,lillys,2
neutral,abgelenkt,2
neutral,entbunden,1
neutral,gutenberg,4
neutral,paris,1
neutral,zurückkehrte,6
neutral,zofen,5
neutral,tote,2
neutral,qual,1
neutral,fehlgeburt,1
neutral,kniet,1
neutral,geschnitzten,1
neutral,zwiesprache,1
neutral,nennt,3
neutral,zuschauer,3
neutral,spiegelbild,1
neutral,entschuldigt,1
neutral,vergangenes,1
neutral,stritt,1
neutral,konzentriert,1
neutral,claudias,3
neutral,hass,1
neutral,zeitpunkt,2
neutral,gemüt,1
neutral,geradezu,5
neutral,diabolisch,1
neutral,normaler,1
neutral,ruhiger,3
neutral,oberfläche,2
neutral,ausritts,1
neutral,verlobungskuss,1
neutral,boten,8
neutral,gerufen,11
neutral,verletzung,1
neutral,erschlägt,1
neutral,innereien,1
neutral,vorzubereiten,1
neutral,sturm,5
neutral,aufgetragen,3
neutral,genussvoll,1
neutral,löffel,1
neutral,platzt,1
neutral,lillianas,1
neutral,nächtlichen,2
neutral,aufbrechen,2
neutral,zuflucht,6
neutral,verlassenen,2
neutral,rollt,2
neutral,eigenem,1
neutral,hustet,1
neutral,schützenden,1
neutral,kirchenruine,1
neutral,bande,2
neutral,ausgestoßenen,1
neutral,angesicht,3
neutral,gegenübertreten,1
neutral,zwischenzeit,2
neutral,ego,2
neutral,gekleidete,1
neutral,selbstmord,1
neutral,weiterer,1
neutral,mordplan,1
neutral,fehlschlägt,1
neutral,apfelverkäuferin,2
neutral,ausführt,1
neutral,obst,1
neutral,koma,1
neutral,gläsernen,9
neutral,gebettet,1
neutral,aufgebahrt,1
neutral,todesstarre,1
neutral,herum,34
neutral,mitbekommt,1
neutral,planen,3
neutral,beerdigung,1
neutral,wahn,2
neutral,horrorkabinett,1
neutral,partner,1
neutral,sprechende,1
neutral,samen,2
neutral,totes,1
neutral,erwecken,1
neutral,beerdigt,1
neutral,schaufeln,2
neutral,glaswand,1
neutral,holt,3
neutral,passierte,1
neutral,entschließt,2
neutral,entgegenzutreten,1
neutral,flüche,2
neutral,stürzte,12
neutral,zerbirst,1
neutral,glassplitter,1
neutral,bohren,1
neutral,habgierig,1
neutral,hirschjagd,2
neutral,engelbert,5
neutral,aufgeben,5
neutral,hingegen,7
neutral,gutes,10
neutral,rosenbäumchen,4
neutral,vorzutäuschen,1
neutral,anzunehmen,2
neutral,diethelm,4
neutral,wett-,1
neutral,spielfreudigen,1
neutral,wilbur,7
neutral,kenntnis,1
neutral,verbindung,2
neutral,standesgründen,1
neutral,jasper,24
neutral,spielt,6
neutral,erkunden,1
neutral,rothaarige,2
neutral,flora,6
neutral,lukas,6
neutral,gitter,2
neutral,herauszureißen,1
neutral,schnellen,1
neutral,läufer,17
neutral,markus,17
neutral,lisa,4
neutral,maßnahmen,1
neutral,lektion,4
neutral,sechst,2
neutral,wettlauf,6
neutral,erkannt,3
neutral,siegprämie,1
neutral,siegessicher,1
neutral,riesigen,3
neutral,vorsprung,1
neutral,hinreißen,1
neutral,pause,1
neutral,einzulegen,1
neutral,beunruhigt,1
neutral,benjamin,3
neutral,schlafend,2
neutral,kanzler,2
neutral,fremdling,2
neutral,raum,7
neutral,entfachen,1
neutral,atemzügen,2
neutral,eiseskälte,2
neutral,gefrieren,1
neutral,verfroren,1
neutral,soviel,3
neutral,absehe,2
neutral,starke,14
neutral,schatzkammer,2
neutral,quasi,1
neutral,leergeräumt,1
neutral,ehrlichen,2
neutral,ella,20
neutral,versenkt,1
neutral,tatenlos,1
neutral,besitztümer,1
neutral,übernimmt,2
neutral,verzweifelten,1
neutral,überhand,1
neutral,belegt,2
neutral,verlockende,1
neutral,wilde,3
neutral,sobald,7
neutral,amme,2
neutral,dampfbad,2
neutral,verschließt,1
neutral,erstickt,1
neutral,kinderbett,2
neutral,simuliert,1
neutral,verdecktem,1
neutral,ansteckende,1
neutral,krankheit,2
neutral,schwindel,1
neutral,sonnenkönigs,2
neutral,treibjagd,1
neutral,befindend,1
neutral,svetoslav,4
neutral,verläuft,1
neutral,köhlerhütte,4
neutral,köhler,7
neutral,nachtstätte,1
neutral,schicksalsgöttin,5
neutral,vorhersagt,1
neutral,düstere,1
neutral,astrologen,3
neutral,seele,16
neutral,vorhersage,2
neutral,bestätigen,1
neutral,köhlersohn,6
neutral,besteigen,1
neutral,ertränkung,1
neutral,astrologe,3
neutral,ermorden,2
neutral,holztruhe,1
neutral,verdunkelt,2
neutral,müllers,4
neutral,schwemmling,15
neutral,bekam,15
neutral,ahnend,3
neutral,umgesetzt,1
neutral,julienka,2
neutral,darauffolgende,1
neutral,heimkehrenden,1
neutral,jäh,1
neutral,wendling,17
neutral,gesandt,2
neutral,sterblicher,2
neutral,wendlings,2
neutral,zauberer,23
neutral,recken,2
neutral,grenze,6
neutral,befragen,3
neutral,düsteren,2
neutral,einheimischer,2
neutral,seuche,2
neutral,landes,11
neutral,hortet,1
neutral,wunderbaum,1
neutral,verdorrt,1
neutral,erwirken,1
neutral,trockene,2
neutral,unendliche,1
neutral,ebene,2
neutral,schleppen,1
neutral,entfacht,2
neutral,dunkle,9
neutral,steppenbrand,1
neutral,hetzt,2
neutral,horde,1
neutral,wildpferde,1
neutral,stoppen,1
neutral,aufzuspringen,1
neutral,pferdekönigs,4
neutral,reichsten,1
neutral,könige,4
neutral,dürre,1
neutral,leidet,2
neutral,bestellen,1
neutral,wirt,28
neutral,beschuldigen,1
neutral,betrugs,2
neutral,belangen,1
neutral,eintrifft,1
neutral,fremdlinge,1
neutral,beschwert,2
neutral,krieger,1
neutral,verlauf,3
neutral,unterliegen,2
neutral,worauf,3
neutral,pferdekönig,2
neutral,gebietet,2
neutral,einlädt,1
neutral,feuerzauberer,1
neutral,feuerbällen,2
neutral,finte,1
neutral,gekränkte,1
neutral,schwört,3
neutral,fleht,2
neutral,urgewalten,1
neutral,dämonen,3
neutral,eindringlingen,1
neutral,versperren,1
neutral,grünen,9
neutral,bergländchen,1
neutral,taverne,5
neutral,recke,3
neutral,einkehren,1
neutral,gefährte,3
neutral,strapazen,1
neutral,rauferei,1
neutral,infolgedessen,1
neutral,innen,1
neutral,bestellt,1
neutral,mahlzeit,5
neutral,geldstück,1
neutral,unweigerliche,1
neutral,höllenfeiern,1
neutral,klettert,1
neutral,eisige,2
neutral,gefilde,1
neutral,himmelsreich,2
neutral,angekommene,1
neutral,einschlafen,3
neutral,krault,1
neutral,aufgehört,1
neutral,wundertätige,1
neutral,mürrisch,1
neutral,wunder,5
neutral,versiegen,1
neutral,quält,1
neutral,ausgerissenen,1
neutral,sonnenlächeln,1
neutral,beglückt,1
neutral,trog,3
neutral,abstieg,1
neutral,zeche,2
neutral,sonnenhaare,1
neutral,vernichtet,1
neutral,haares,1
neutral,quellen,2
neutral,sprudeln,2
neutral,verdorrten,3
neutral,schlangenungeheuer,2
neutral,garaus,1
neutral,erblüht,1
neutral,heimgekehrt,2
neutral,abstecher,1
neutral,müllershaus,1
neutral,leeren,5
neutral,erstrahlen,1
neutral,rotes,7
neutral,mützchen,1
neutral,vorliebe,2
neutral,überall,7
neutral,rotkäppchens,9
neutral,enkelin,2
neutral,angeln,3
neutral,teig,3
neutral,gebackenen,1
neutral,flasche,13
neutral,verstaut,1
neutral,gesellschaft,4
neutral,nachgehen,3
neutral,holzfällen,1
neutral,nachfrage,1
neutral,vorschlag,2
neutral,strikt,1
neutral,untersagt,1
neutral,abzuweichen,1
neutral,schönere,2
neutral,verschlingt,1
neutral,gepflückt,1
neutral,hast,69
neutral,besser,21
neutral,kann.,9
neutral,packen,3
neutral,klingt,1
neutral,drohend,1
neutral,wollten,37
neutral,rest,2
neutral,heimwegs,1
neutral,nachthaube,1
neutral,schwere,8
neutral,wackersteine,3
neutral,zuzunähen,1
neutral,klagend,1
neutral,verendet,1
neutral,erlebt,2
neutral,erwidern,1
neutral,sonntag,2
neutral,buben,1
neutral,ewigkeit,1
neutral,gesehen.,4
neutral,verlegen,1
neutral,sophia,12
neutral,holzfällers,2
neutral,ärztin,2
neutral,dorfarzt,3
neutral,malick,7
neutral,praktikum,3
neutral,medizinschrank,1
neutral,medikamentenkammer,3
neutral,glasflasche,9
neutral,mercurius,10
neutral,rauszulassen,1
neutral,ungläubig,1
neutral,betrachtet,1
neutral,gebieter,2
neutral,gutsherr,2
neutral,veith,6
neutral,erwartet,4
neutral,20,1
neutral,kräuterfrau,3
neutral,eda,6
neutral,mühen,2
neutral,einzusperren,3
neutral,unterjocht,1
neutral,gequält,2
neutral,gehilfe,2
neutral,unschädlich,1
neutral,toren,5
neutral,willenlosen,1
neutral,sklaven,1
neutral,ertönen,1
neutral,traurige,2
neutral,lieder,1
neutral,räte,5
neutral,ansicht,1
neutral,trauern,1
neutral,staatsgeschäfte,1
neutral,vertrauten,4
neutral,reden,12
neutral,ansprechen,1
neutral,hofbeamten,1
neutral,präsentieren,1
neutral,verschiedene,2
neutral,auswählt,1
neutral,beschenkt,1
neutral,mitgenommen,6
neutral,aussuchen,3
neutral,kompliment,1
neutral,schneider,4
neutral,alsbald,18
neutral,gewänder,2
neutral,auserwählten,1
neutral,fell,13
neutral,schlüpft,1
neutral,pelzgewand,2
neutral,schwärzt,1
neutral,ungesehen,2
neutral,komisches,1
neutral,pelztier,1
neutral,wagen,19
neutral,einverstanden,2
neutral,entschwindet,1
neutral,pelzkleid,3
neutral,sprechend,1
neutral,nett,1
neutral,rauchtier,1
neutral,frech,2
neutral,blicken,2
neutral,unbekannte,1
neutral,wisst,1
neutral,räte.,1
neutral,streift,1
neutral,cinderella,30
neutral,geliebter,1
neutral,'',150
neutral,vivian,6
neutral,malvolia,1
neutral,narissa,1
neutral,familienmitglied,1
neutral,wachablösungszeremonie,1
neutral,bürgerlicher,1
neutral,wiedertrifft,1
neutral,geschneiderten,1
neutral,kauft,1
neutral,wichtige,1
neutral,könnten,4
neutral,wochen,5
neutral,stattfindet,1
neutral,balles,1
neutral,teilnahme,1
neutral,gemüsehändler,1
neutral,sicherzugehen,1
neutral,tinte,2
neutral,ellas,3
neutral,pantoffeln,4
neutral,besuch,3
neutral,gekommene,1
neutral,begleiten,8
neutral,marktplatz,1
neutral,gekaufte,1
neutral,gwen,2
neutral,karriere,1
neutral,vorantreiben,1
neutral,schlag,11
neutral,saal,18
neutral,fab,1
neutral,g.,1
neutral,erlischt,1
neutral,akzeptieren,2
neutral,rowan,2
neutral,bürgerliche,1
neutral,duldet,1
neutral,beatrice,1
neutral,umstimmen,1
neutral,gestehen,3
neutral,entwürfe,1
neutral,informiert,1
neutral,bereisen,2
neutral,thronbesteigung,1
neutral,zunichtemachen,1
neutral,nachfolgerin,1
neutral,unverrichteter,2
neutral,häschen,7
neutral,schnupfpulver,2
neutral,abzukommen,2
neutral,aufpassen,1
neutral,milchvorräte,1
neutral,hermacht,1
neutral,umkehren,2
neutral,nachschub,1
neutral,vorrat,2
neutral,pilze,2
neutral,kreidepulver,1
neutral,wolfs,2
neutral,aussieht,3
neutral,schleichen,2
neutral,mund,12
neutral,gesperrt,4
neutral,abzugehen,2
neutral,ernst,3
neutral,planschen,1
neutral,einander,33
neutral,kindes,9
neutral,mögen,6
neutral,schwäne,18
neutral,18.,2
neutral,damaligen,1
neutral,gealtert,3
neutral,schweigt,2
neutral,brennnesseln,10
neutral,webt,1
neutral,dolchstoß,1
neutral,schwänen,1
neutral,reue,5
neutral,geplagten,1
neutral,abschiedswort,2
neutral,zurückgezogen,1
neutral,aufgestöbert,1
neutral,stumme,1
neutral,missfallen,1
neutral,abbringen,1
neutral,schweigens,1
neutral,constanzes,5
neutral,davonläuft,1
neutral,quälen,3
neutral,schwanenbraten,2
neutral,schwiegertochter,3
neutral,beunruhigung,1
neutral,dienerschaft,2
neutral,nächtliches,1
neutral,lügengeschichten,1
neutral,verhasste,1
neutral,weitläufig,1
neutral,ausreißen,1
neutral,abschießen,2
neutral,verzweiflung,3
neutral,aufzuhören,1
neutral,kreisen,1
neutral,geplagt,1
neutral,schüren,1
neutral,gerüchte,2
neutral,versöhnt,2
neutral,endgültig,2
neutral,entledigen,1
neutral,anschuldigungen,1
neutral,schweigegelübde,1
neutral,flammen,7
neutral,unversehrten,1
neutral,weggebracht,1
neutral,bewiesen,1
neutral,lüge,5
neutral,überführte,1
neutral,öfter,2
neutral,sehnen,1
neutral,gelegentlich,1
neutral,sehnsüchte,1
neutral,generationen,2
neutral,verhältnis,1
neutral,märchenfilm,1
neutral,mäntelchen,5
neutral,schokoladenkuchen,2
neutral,gebacken,3
neutral,kräftige,3
neutral,besserung,2
neutral,rehkitz,4
neutral,schluchzend,1
neutral,entschuldigung,1
neutral,mut,31
neutral,dankbarkeit,2
neutral,pfeifen,2
neutral,davonfliegt,1
neutral,falls,2
neutral,ausdrücklich,1
neutral,biberfamilie,2
neutral,selbstgebackenen,1
neutral,drück,2
neutral,klinke,3
neutral,schwach,4
neutral,aufstehen.,2
neutral,verkleidete,8
neutral,tee,2
neutral,hindert,1
neutral,mitgebrachte,1
neutral,begründen,1
neutral,beklommen,1
neutral,kreis,2
neutral,hinterherlaufenden,1
neutral,schwummrig,1
neutral,schwingt,1
neutral,schaukel,3
neutral,anlauf,1
neutral,vögeln,5
neutral,achtet,1
neutral,gespannt,2
neutral,bogen,1
neutral,mündet,1
neutral,umarmt,2
neutral,zärtlich,1
neutral,waldhexe,9
neutral,verfluchte,1
neutral,herumtollenden,1
neutral,weiterzuleben,1
neutral,genaue,2
neutral,anweisungen,3
neutral,unterscheidet,2
neutral,nacktem,1
neutral,oberkörper,1
neutral,höheren,2
neutral,erlösung,2
neutral,brennnesselfasern,2
neutral,fertigen,2
neutral,zusätzlich,1
neutral,fertigstellung,1
neutral,äußern,1
neutral,waldlichtung,2
neutral,grüne,3
neutral,dient,2
neutral,rabennest,2
neutral,fasern,1
neutral,bequemes,1
neutral,jagdausflug,1
neutral,norbert,3
neutral,bartolomäus,16
neutral,frohe,1
neutral,stunden,10
neutral,decke,2
neutral,nötigen,1
neutral,birgt,1
neutral,kranke,4
neutral,väter,2
neutral,resolut,1
neutral,stottern,1
neutral,idylle,1
neutral,perfekt,1
neutral,alexandra,8
neutral,zugetan,2
neutral,schwagern,2
neutral,niederkunft,1
neutral,schlossmauer,2
neutral,rabengestalt,1
neutral,verständigt,1
neutral,bewahren,3
neutral,zauberkamm,2
neutral,erinnerungen,3
neutral,darstellen,1
neutral,eigentliche,1
neutral,ansprache,1
neutral,empfang,1
neutral,vergnügt,19
neutral,attraktiven,1
neutral,nachbarland,4
neutral,rodgers,1
neutral,hammersteins,1
neutral,musicalversion,1
neutral,verwaiste,1
neutral,minerva,2
neutral,calliope,2
neutral,abfinden,2
neutral,hübsch,3
neutral,heiratsfähige,3
neutral,kirchturmuhr,2
neutral,derjenigen,2
neutral,jawort,3
neutral,anprobieren,6
neutral,selbstverständlich,2
neutral,waise,1
neutral,arbeitsscheuen,1
neutral,anastasia,1
neutral,drizella,1
neutral,zählen,1
neutral,jaques,2
neutral,karli,2
neutral,stiefschwestern,6
neutral,wunderschönen,1
neutral,reißen,5
neutral,fetzen,2
neutral,verriet,7
neutral,verträumt,1
neutral,sang,19
neutral,beobachtete,2
neutral,eindeutig,1
neutral,bein,12
neutral,tasche,15
neutral,maleficent,51
neutral,finsternis,5
neutral,regierte,4
neutral,aurora,53
neutral,moore,16
neutral,wächterin,1
neutral,beschützerin,1
neutral,dienstes,1
neutral,benachbarte,1
neutral,ulstead,2
neutral,heimat,1
neutral,phillip,12
neutral,bösewicht,3
neutral,philipps,3
neutral,john,5
neutral,frieden,14
neutral,ingrith,16
neutral,verborgenen,4
neutral,bereichen,1
neutral,arbeiter,1
neutral,munition,1
neutral,feen,32
neutral,tödlich,4
neutral,diaval,7
neutral,maleficents,10
neutral,vertrauter,2
neutral,veranstalten,1
neutral,intimes,1
neutral,gelassenheit,1
neutral,ungenaue,1
neutral,schlafendem,1
neutral,jemals,3
neutral,bereitschaft,1
neutral,aufzuheben,2
neutral,stefans,4
neutral,wilderer,2
neutral,zuletzt,10
neutral,kälte,3
neutral,mütterliche,2
neutral,bindung,1
neutral,abtut,1
neutral,ausbruch,1
neutral,energie,1
neutral,freisetzt,1
neutral,schreit,2
neutral,schwacher,1
neutral,scheitert,1
neutral,ingriths,3
neutral,gerda,3
neutral,eisernen,3
neutral,verwundet,6
neutral,ozean,2
neutral,geflügelten,2
neutral,kreatur,4
neutral,conall,3
neutral,anführer,2
neutral,borra,4
neutral,kriegerische,1
neutral,konflikte,1
neutral,bevorzugt,1
neutral,phönix,8
neutral,unterdrückung,1
neutral,ausgestorben,1
neutral,nachkomme,1
neutral,vorfahren,2
neutral,mächtig,3
neutral,beitragen,2
neutral,konflikt,1
neutral,entweder,1
neutral,zusehends,1
neutral,ernüchtert,1
neutral,ulstead-adlige,1
neutral,angriffs,1
neutral,veranlasst,3
neutral,verfluchter,1
neutral,moorwesen,3
neutral,hasst,1
neutral,wohlstand,1
neutral,gelitten,2
neutral,bitter,2
neutral,missgönnt,1
neutral,verantwortlich,2
neutral,waldwesen,1
neutral,eisenwaffen,2
neutral,purpurroten,1
neutral,pulver,4
neutral,auszurotten,1
neutral,lickspittle,2
neutral,entflügelten,1
neutral,moorbewohner,1
neutral,ankommen,1
neutral,schlosskapelle,1
neutral,tödliche,1
neutral,purpurrote,1
neutral,orgel,4
neutral,kapelle,1
neutral,flittle,2
neutral,selbstlos,1
neutral,unspielbar,1
neutral,knotgrass,1
neutral,thistlewit,1
neutral,starten,2
neutral,palastsoldaten,1
neutral,massakrieren,1
neutral,phönixkraft,1
neutral,kanalisiert,1
neutral,schlacht,1
neutral,anschließt,1
neutral,appelliert,1
neutral,menschlichkeit,1
neutral,schonen,1
neutral,trauert,1
neutral,auroras,7
neutral,wiedergeboren,2
neutral,ulstead-soldaten,1
neutral,feenform,1
neutral,zusammengehören,1
neutral,gestoppt,2
neutral,verbrechen,2
neutral,ziege,1
neutral,völkern,1
neutral,philip,2
neutral,taufe,3
neutral,zukünftiges,2
neutral,bajaja,12
neutral,verlassene,3
neutral,elterliche,1
neutral,vorhabe,1
neutral,paradies,1
neutral,steil,2
neutral,bequem,3
neutral,dreiköpfigen,1
neutral,drachen,29
neutral,schwarzer,6
neutral,schimmel,1
neutral,peitsche,1
neutral,zähmen,1
neutral,aufsitzen,3
neutral,überzahl,1
neutral,jünglingen,1
neutral,vorzustellen,1
neutral,jedenfalls,1
neutral,zusätzliches,1
neutral,nämlich,4
neutral,erkennungszeichen,2
neutral,tuch,22
neutral,struwelhaar,1
neutral,augenklappe,1
neutral,verkleiden,1
neutral,anzubieten,1
neutral,gestammel,1
neutral,umwerben,1
neutral,drache,9
neutral,slavěna,7
neutral,sechsgespann,1
neutral,drachennest,1
neutral,köpfe,6
neutral,sadistische,1
neutral,versteck,1
neutral,geschehen,15
neutral,rüstung,3
neutral,wiedererkennungszeichen,1
neutral,davongeritten,1
neutral,räuberbande,2
neutral,umzingelt,3
neutral,retter,2
neutral,hinauszuzögern,1
neutral,apfelwerfen,1
neutral,belustigung,1
neutral,narrenkostüm,1
neutral,geschmack,1
neutral,ritterturnier,1
neutral,burghof,1
neutral,sieg,5
neutral,turnier,1
neutral,burgwachen,1
neutral,unerkannt,3
neutral,davonreiten,1
neutral,slavěnas,1
neutral,pantomimisch,1
neutral,szenen,1
neutral,blinde-kuh-szene,1
neutral,drachenkampf,1
neutral,apfelprobe,1
neutral,rollen,2
neutral,seiten,7
neutral,wesens,2
neutral,umzukleiden,2
neutral,früh,12
neutral,glänzende,1
neutral,hufeisen,1
neutral,geranien,3
neutral,verbotenen,4
neutral,verfeindeten,2
neutral,womöglich,1
neutral,neckischen,1
neutral,dialog,1
neutral,aufgetaucht,1
neutral,kurzzeitig,2
neutral,zukehrt,1
neutral,angezogen,2
neutral,verweilt,1
neutral,unvermittelt,1
neutral,bezeichnet,1
neutral,mücken,2
neutral,seerose,2
neutral,kleidermacher,2
neutral,einzukleiden,1
neutral,august,2
neutral,maximiliane,1
neutral,verweist,3
neutral,untereinander,2
neutral,verfeindet,2
neutral,schutz,2
neutral,hängt,2
neutral,gescheiterten,1
neutral,fluchtversuch,2
neutral,fenstermast,1
neutral,festgeknoteten,1
neutral,geflochtenen,1
neutral,geladenen,1
neutral,vorfall,1
neutral,mitbekommen,1
neutral,eigenwilligen,2
neutral,edelmänner,3
neutral,fremde,19
neutral,bartwuchses,2
neutral,herausstellt,3
neutral,begonien,2
neutral,-bettler,1
neutral,widerborstigen,1
neutral,gewöhnen,2
neutral,werktags,1
neutral,verwöhnen,1
neutral,richard,5
neutral,fühlenden,1
neutral,beutel,5
neutral,gepflegt,2
neutral,süße,1
neutral,krapfen,1
neutral,gesprochen,8
neutral,bittere,3
neutral,isabellas,1
neutral,aussage,1
neutral,wirken,1
neutral,zwischenzeitlich,1
neutral,gedenkt,1
neutral,aufzuklären,1
neutral,situation,2
neutral,ansieht,1
neutral,händlerin,1
neutral,umgeht,1
neutral,verwirft,1
neutral,einwand,1
neutral,marktes,3
neutral,marktleuten,1
neutral,abzuheben,2
neutral,durchrasender,1
neutral,reiter,10
neutral,verdutzte,1
neutral,täuschungsmanöver,2
neutral,hochzeitsfest,3
neutral,zertanzt,3
neutral,hungernder,1
neutral,vorgeführt,1
neutral,schlossgarten,5
neutral,erlassen,1
neutral,gemach,4
neutral,tanzsaal,1
neutral,zugleich,6
neutral,eröffnen,1
neutral,partnern,1
neutral,ehemänner,1
neutral,verbindungen,1
neutral,machtbereich,1
neutral,vergrößern,1
neutral,bekennen,2
neutral,befreundete,1
neutral,hubert,1
neutral,gratulanten,1
neutral,fauna,1
neutral,sonnenschein,2
neutral,gabe,5
neutral,mitgeben,1
neutral,aussprechen,1
neutral,malefiz,5
neutral,untergeht,1
neutral,stechen,5
neutral,machenschaften,1
neutral,schützen,1
neutral,findelkind,4
neutral,farbe,1
neutral,kleides,1
neutral,kreuzfeuer,1
neutral,zaubersprüchen,1
neutral,ausartet,1
neutral,weithin,2
neutral,glühende,2
neutral,funken,6
neutral,späher,1
neutral,spektakel,1
neutral,vermissten,1
neutral,aufgeklärt,2
neutral,kummer,5
neutral,augenblick,17
neutral,alleingelassen,1
neutral,hypnose,4
neutral,eingreifen,1
neutral,schlaf,19
neutral,neugierig,1
neutral,wartenden,1
neutral,leid,10
neutral,versetzen,1
neutral,zufallsbegegnung,1
neutral,hinterhalt,1
neutral,dunkles,1
neutral,fernzuhalten,2
neutral,rettungsaktion,1
neutral,dichten,2
neutral,dornenwald,2
neutral,abgeschottet,1
neutral,geäst,1
neutral,stich,3
neutral,spazierfahrt,1
neutral,roswitha,10
neutral,radbruch,1
neutral,erleidet,1
neutral,fremder,4
neutral,hochmütigen,3
neutral,erfolgter,1
neutral,reparatur,1
neutral,verspätung,1
neutral,löwenzahn,3
neutral,ehegatten,1
neutral,erwählen,3
neutral,wenzel,1
neutral,weinreich,1
neutral,dreizehnte,3
neutral,junker,1
neutral,balduin,1
neutral,backenstreich,1
neutral,zacharias,1
neutral,zackenschwert,1
neutral,adolar,1
neutral,antenpfiff,1
neutral,kasimir,1
neutral,eitelfritz,1
neutral,supp,1
neutral,favorit,1
neutral,heinz,3
neutral,eduard,8
neutral,anwesend,1
neutral,verschmähten,1
neutral,zaudernden,1
neutral,protestierenden,1
neutral,erteilt,1
neutral,erfüllung,2
neutral,erwerbsarbeit,1
neutral,versuche,1
neutral,spielmanns,1
neutral,korbflechten,1
neutral,beizubringen,1
neutral,geringen,2
neutral,ausdauer,1
neutral,fehl,2
neutral,marktfrauen,1
neutral,rücksichtsloser,1
neutral,küchenjunge,2
neutral,wegzulaufen,1
neutral,unternehmen,2
neutral,kutschfahrt,1
neutral,spieglein,4
neutral,entfernten,1
neutral,clementianna,20
neutral,liebestrank,3
neutral,erobern,2
neutral,rechtmäßige,4
neutral,thronfolgerin,2
neutral,hässlichen,1
neutral,naheliegenden,1
neutral,verhext,1
neutral,ewiger,1
neutral,herrscht,3
neutral,beutet,1
neutral,bevölkerung,2
neutral,begreift,1
neutral,lebendschach,1
neutral,aneinandergerät,1
neutral,bankrott,2
neutral,stehe,3
neutral,alcott,14
neutral,thronnachfolger,1
neutral,valencia,3
neutral,nahegelegenen,1
neutral,kursiert,1
neutral,gerücht,3
neutral,bestie,8
neutral,unwesen,2
neutral,treibe,1
neutral,angebliche,2
neutral,napoleon,2
neutral,pint,2
neutral,fraß,9
neutral,grimm,3
neutral,fleischer,2
neutral,gluckser,2
neutral,frechen,1
neutral,auftretens,1
neutral,unterliegt,1
neutral,leibwächter,1
neutral,halbnackt,4
neutral,kopfüber,3
neutral,spaziert,1
neutral,herabbaumelnden,1
neutral,aufhält,2
neutral,fährt,3
neutral,brighton,10
neutral,bildschöne,1
neutral,gedenken,4
neutral,gerecht,5
neutral,lebend,1
neutral,obhut,1
neutral,eintreibt,1
neutral,ausgeraubt,2
neutral,lager,6
neutral,angeeignet,1
neutral,gewissen,3
neutral,goldtaler,1
neutral,verdienst,1
neutral,dringend,1
neutral,benötigte,1
neutral,zurückerhalten,1
neutral,schreibt,3
neutral,fühlen,1
neutral,geschmeichelt,1
neutral,gemeinschaft,3
neutral,berauben,1
neutral,zurückzugeben,2
neutral,tieftraurig,1
neutral,aufrichtig,1
neutral,liebte,6
neutral,ausgeraubte,1
neutral,aufgeregt,2
neutral,widerfahren,1
neutral,zusammenhänge,1
neutral,fechtkampf,2
neutral,aufruhr,2
neutral,hintergründen,1
neutral,schabe,1
neutral,hunde,6
neutral,alcotts,1
neutral,belebten,2
neutral,hölzernen,2
neutral,kämpfern,2
neutral,behausung,2
neutral,vorsah,1
neutral,jemanden,2
neutral,hochzeitstag,1
neutral,eingekleidet,1
neutral,hochzeitsgäste,1
neutral,rauben,2
neutral,teilnehmer,1
neutral,hinzugeeilten,1
neutral,halbmondkette,2
neutral,durchtrennt,1
neutral,kette,4
neutral,dolch,3
neutral,verhängt,1
neutral,menschlicher,1
neutral,gealterte,1
neutral,küss,2
neutral,new,4
neutral,orleans,4
neutral,1926,1
neutral,tiana,29
neutral,unterschicht,1
neutral,restaurant,3
neutral,anzusparen,1
neutral,naveen,16
neutral,fiktiven,1
neutral,maldonia,1
neutral,hafen,1
neutral,vorsatz,1
neutral,finanzielle,1
neutral,verbessern,1
neutral,big,2
neutral,daddy,2
neutral,eli,1
neutral,la,2
neutral,bouff,2
neutral,tianas,4
neutral,kindheitsfreundin,1
neutral,charlotte,8
neutral,maskenball,1
neutral,naveens,1
neutral,beignets,1
neutral,bezahlung,1
neutral,zuckermühle,1
neutral,lawrence,2
neutral,facilier,7
neutral,voodoo-hexendoktor,1
neutral,träume,4
neutral,beabsichtigt,1
neutral,wonach,2
neutral,beanspruchen,2
neutral,bieter,1
neutral,kostüm,1
neutral,prinzessinnenkostüm,1
neutral,tiara,1
neutral,party,1
neutral,abendstern,2
neutral,sitzend,2
neutral,vorzufinden,1
neutral,faciliers,1
neutral,überbieten,1
neutral,bieters,1
neutral,benötigt,1
neutral,sümpfe,3
neutral,bayou,1
neutral,louis,4
neutral,trompete,2
neutral,spielenden,1
neutral,alligator,2
neutral,ray,7
neutral,cajun-glühwürmchen,1
neutral,funkelnden,1
neutral,evangeline,3
neutral,sehnt,2
neutral,frösche,4
neutral,voodoo-priesterin,1
neutral,mama,5
neutral,odie,5
neutral,aufheben,4
neutral,entwickeln,1
neutral,voodoogeistern,1
neutral,seelen,4
neutral,fröschen,1
neutral,mardi-gras-parade,1
neutral,herausfindet,1
neutral,friedhof,1
neutral,echten,2
neutral,voodoozauber,1
neutral,amulett,4
neutral,begraben,6
neutral,stern,5
neutral,zusammenlebend,1
neutral,getraut,2
neutral,beginn,2
neutral,voice-over-kommentar,1
neutral,handlungsgegend,1
neutral,zauberwesen,3
neutral,einklang,1
neutral,menschenkönigreich,2
neutral,zwietracht,1
neutral,neid,11
neutral,ständeordnung,1
neutral,gehörnte,1
neutral,körpergroßen,1
neutral,drachenartigen,1
neutral,befiederten,1
neutral,flügeln,4
neutral,rede,7
neutral,edelsteines,1
neutral,ertappt,1
neutral,zurückfordert,1
neutral,eisenring,1
neutral,verbrennt,6
neutral,höhere,2
neutral,gesellschaftliche,1
neutral,stellung,1
neutral,verteidigerin,1
neutral,abgefangen,1
neutral,truppen,1
neutral,führung,1
neutral,verwundete,2
neutral,krankenbett,1
neutral,lügt,2
neutral,trank,19
neutral,überwinden,1
neutral,flügel,16
neutral,ewige,1
neutral,belieben,2
neutral,umhören,1
neutral,bereiten,3
neutral,16.,2
neutral,todesähnlichen,1
neutral,bitten,11
neutral,ändert,1
neutral,dahingehend,1
neutral,spinnräder,1
neutral,tiefsten,3
neutral,abseits,1
neutral,blumenfeen,3
neutral,aufwachsen,1
neutral,überfordert,1
neutral,gewalt,10
neutral,sterbenskrank,1
neutral,weggesperrten,1
neutral,15,1
neutral,zusatzes,1
neutral,erden,3
neutral,tanten,1
neutral,informieren,1
neutral,voneinander,1
neutral,schlachtplan,1
neutral,vertieft,1
neutral,wegsperren,1
neutral,geheimtür,1
neutral,einzudringen,1
neutral,eisenvorrichtungen,1
neutral,gefallene,1
neutral,aufzuwecken,1
neutral,aufgeweckt,1
neutral,wirkt,1
neutral,enttäuscht,1
neutral,traurig,4
neutral,zustand,1
neutral,schlimmes,2
neutral,eisennetz,1
neutral,scheinen,2
neutral,aussichtsloser,1
neutral,verbinden,2
neutral,burgzinne,1
neutral,beisein,1
neutral,phillips,1
neutral,beider,1
neutral,blüht,1
neutral,niederreißen,1
neutral,dornenhecke,4
neutral,erzählerin,1
neutral,dornröschen,9
neutral,wenngleich,1
neutral,vs,2
neutral,ereignissen,1
neutral,films,1
neutral,mason,5
neutral,candlewood,5
neutral,ladenschluss,2
neutral,kuchenladen,1
neutral,bäckerei,11
neutral,circe,9
neutral,kikimora,5
neutral,morai,5
neutral,hohepriesterin,4
neutral,cthonia,10
neutral,masons,2
neutral,jacob,7
neutral,mitbewohnerin,2
neutral,willy,22
neutral,theorie,2
neutral,liliths,3
neutral,übernommen,2
neutral,besessene,1
neutral,schießen,5
neutral,schießerei,1
neutral,gefangenschaft,1
neutral,erschießt,1
neutral,obdachlose,1
neutral,hexenmal,2
neutral,stirn,4
neutral,konfrontiert,2
neutral,lilith,11
neutral,deal,1
neutral,austausch,1
neutral,hänsels,3
neutral,dürfte,5
neutral,töte,1
neutral,sms,1
neutral,geiselbildern,1
neutral,graffito,1
neutral,hintergrund,2
neutral,bildern,2
neutral,lagerhaus,2
neutral,bewusstlose,2
neutral,blendenden,2
neutral,ernährt,3
neutral,kikimoras,4
neutral,leiche,2
neutral,hypnotischen,1
neutral,umbringt,1
neutral,wendet,1
neutral,hypnotisieren,2
neutral,homosexualität,2
neutral,paket,2
neutral,jacobs,4
neutral,makabre,2
neutral,schnitzeljagd,2
neutral,bestehend,1
neutral,restlichen,1
neutral,körperteilen,1
neutral,handele,1
neutral,notizen,1
neutral,morais,2
neutral,oma,1
neutral,zeugen,2
neutral,überlässt,1
neutral,zirkel,1
neutral,örtlichen,1
neutral,tierfriedhof,2
neutral,genügend,1
neutral,auferstehungszauber,2
neutral,kehle,4
neutral,regenerieren,1
neutral,gegeneinander,2
neutral,gewillt,1
neutral,polizeiautos,1
neutral,niederlage,1
neutral,unvergesslichkeit,1
neutral,marschälle,2
neutral,hölzerne,3
neutral,puppen,2
neutral,bedenkt,1
neutral,heller,9
neutral,aufbegehrt,1
neutral,monarchen,1
neutral,anfasst,1
neutral,grundsätzlich,1
neutral,bruch,1
neutral,niesen,2
neutral,schleudert,1
neutral,druck,1
neutral,zerstörten,1
neutral,fiedler,3
neutral,musik,14
neutral,schnelligkeit,2
neutral,reisenden,5
neutral,wanderern,1
neutral,ebenso,7
neutral,präziser,1
neutral,entfernung,1
neutral,vorschriften,1
neutral,sonnenblumenfeld,3
neutral,gestoßen,2
neutral,anschließen,2
neutral,zettel,2
neutral,mitzunehmen,4
neutral,schultert,1
neutral,oberhofmeister,2
neutral,herausforderer,1
neutral,meldet,1
neutral,gelassen,7
neutral,eilen,3
neutral,duell,1
neutral,ablenken,2
neutral,ständig,1
neutral,essenspausen,1
neutral,unweit,1
neutral,leuchtturms,1
neutral,gefüllten,2
neutral,wasserkrug,2
neutral,wegzuschießen,1
neutral,eilig,6
neutral,verlobungsmahl,2
neutral,wände,3
neutral,glüht,1
neutral,vermeintliche,1
neutral,schiefhütchen,6
neutral,hitze,5
neutral,frost,7
neutral,sämtlichen,1
neutral,wertgegenständen,1
neutral,königskrone,1
neutral,hochzeitskleid,2
neutral,zahlreichen,1
neutral,königsfamilie,1
neutral,keinerlei,2
neutral,dagelassen,1
neutral,verschenken,1
neutral,wertvollen,1
neutral,gegenstände,1
neutral,spiegeln,2
neutral,teppichen,1
neutral,lampen,3
neutral,wirklichkeit,1
neutral,melodie,3
neutral,sämtliche,1
neutral,angreifer,2
neutral,getrennte,1
neutral,verabschieden,1
neutral,jägermeister,9
neutral,fischerhütte,3
neutral,bespricht,1
neutral,traumbild,1
neutral,fischer,7
neutral,froschmaul,1
neutral,prahlt,1
neutral,pfauenfeder,3
neutral,plaudern,1
neutral,geschwommen,3
neutral,landeskönig,1
neutral,dämmert,1
neutral,ahnung,1
neutral,hörten,14
neutral,schicksalsfrauen,4
neutral,hierauf,3
neutral,umzubringen,2
neutral,verschonte,2
neutral,setzte,63
neutral,tyrann,1
neutral,ocik,10
neutral,gehnichtunter,17
neutral,bote,7
neutral,köpfen,1
neutral,ärgste,1
neutral,rastet,1
neutral,vertauschen,1
neutral,aussehenden,1
neutral,siegel,1
neutral,pfauenprinzessin,1
neutral,ersehntes,2
neutral,königliche,13
neutral,zornig,9
neutral,vereitelt,1
neutral,glückliche,1
neutral,glücklichen,2
neutral,sinnt,1
neutral,verderben,6
neutral,köhlersohns,1
neutral,amaryllis,8
neutral,unmögliche,3
neutral,vogels,3
neutral,goldhaupt,4
neutral,erringen,1
neutral,abgrund,2
neutral,weitergetragen,1
neutral,mitwisser,1
neutral,erpressen,1
neutral,klippenreiche,1
neutral,rätselhaften,1
neutral,steilküste,1
neutral,himmeloffener,1
neutral,tempelartiger,1
neutral,sonnenhaften,1
neutral,sonnenmacht,1
neutral,eile,8
neutral,hässliche,1
neutral,enge,2
neutral,rettend,1
neutral,grenzen,1
neutral,herrschaft,2
neutral,verantwortung,1
neutral,königsmacht,1
neutral,abgedankte,1
neutral,wiederversöhnten,1
neutral,durchreiten,1
neutral,sigismunds,1
neutral,leopold,6
neutral,herzkranke,1
neutral,strapaziös,1
neutral,magdalena,15
neutral,blutfleck,1
neutral,blutflecken,1
neutral,vergeblichen,1
neutral,magdalenas,1
neutral,elisabeths,3
neutral,rollentausch,1
neutral,blutstropfen,7
neutral,färbt,1
neutral,gänsemagd,3
neutral,gänsehirt,2
neutral,kürdchen,18
neutral,leopolds,3
neutral,gänse,7
neutral,harfe,5
neutral,falada,20
neutral,schinder,3
neutral,wundern,1
neutral,befehlen,1
neutral,zerstreut,2
neutral,erwischt,1
neutral,reaktion,1
neutral,derart,1
neutral,betrügen,3
neutral,gemeint,1
neutral,harte,4
neutral,denjenigen,1
neutral,nägeln,4
neutral,beschlagenen,1
neutral,schleifen,3
neutral,ankommt,2
neutral,margarethe,2
neutral,annamühle,2
neutral,erblicken,1
neutral,motto,1
neutral,nutz,1
neutral,glück.,1
neutral,freundlicher,3
neutral,frühstück,1
neutral,aufsteht,2
neutral,starker,3
neutral,schluckauf,5
neutral,geschlossen,3
neutral,hätten,18
neutral,vergangenen,1
neutral,müllermeister,2
neutral,redlich,2
neutral,nachfolge,1
neutral,antreten,2
neutral,ruhe,20
neutral,rot-weißes,1
neutral,wiederbringen,1
neutral,irgendwann,1
neutral,gerissenen,1
neutral,pferdehändler,1
neutral,erstanden,2
neutral,verhandlungsgespräch,1
neutral,versuchten,4
neutral,ohr,5
neutral,hauen,4
neutral,sausewind,4
neutral,heiße,2
neutral,gleite,1
neutral,wolke,2
neutral,dahin,14
neutral,meinte,25
neutral,verschlagene,1
neutral,müht,1
neutral,grapsch,3
neutral,klau,3
neutral,steileren,1
neutral,waldweg,1
neutral,hinunterkugeln,1
neutral,morastigen,1
neutral,uferbereich,2
neutral,teiches,2
neutral,herauszufischen,1
neutral,wittert,1
neutral,geschäft,4
neutral,nassen,2
neutral,goldschmied,7
neutral,bekäme,2
neutral,schlechtes,1
neutral,schrecklich,1
neutral,herumplagen,1
neutral,schnellste,1
neutral,brüllend,1
neutral,umtanzen,1
neutral,goldschatz,1
neutral,kirchenglocken,1
neutral,läuten,1
neutral,nachschauen,1
neutral,wahlspruch,1
neutral,tarantel,1
neutral,hochzeitsgesellschaft,2
neutral,erschrocken,10
neutral,auseinanderstiebt,1
neutral,tohuwabohu,1
neutral,gendarm,6
neutral,gänsedieb,1
neutral,abgeworfen,2
neutral,feldweg,1
neutral,direkt,2
neutral,knechtes,2
neutral,bäuerin,2
neutral,30,2
neutral,dukaten,3
neutral,vorwärts,2
neutral,melken,3
neutral,schweiß,2
neutral,abwischen,2
neutral,überwiegend,1
neutral,aggressiv,1
neutral,davonzurennen,1
neutral,weiher,2
neutral,metzger,6
neutral,ratschläge,1
neutral,herauskomme,1
neutral,tauschgeschäften,2
neutral,rosigen,1
neutral,schmackhaft,1
neutral,glücksschwein,2
neutral,wandert,1
neutral,heuschober,2
neutral,ausfindig,2
neutral,fridolin,3
neutral,tauschgeschichte,1
neutral,sogenannte,1
neutral,naivität,1
neutral,richtungen,1
neutral,vorsichtig,2
neutral,bunten,1
neutral,bauernmarkt,1
neutral,kunststückchen,1
neutral,aufgeführt,1
neutral,zubrot,1
neutral,bekomme,1
neutral,krumme,3
neutral,geradeschlagen,1
neutral,papagei,2
neutral,scherenschleifers,1
neutral,dazwischen,1
neutral,betrüger.,1
neutral,blauen,4
neutral,wahrheitsgemäß,1
neutral,verweisen,1
neutral,schwerer,6
neutral,weggegebene,1
neutral,heimatbrunnen,2
neutral,sichtet,1
neutral,behälter,1
neutral,hochkurbeln,1
neutral,festklammern,1
neutral,hochhievt,1
neutral,abgelegte,1
neutral,lautem,1
neutral,plumpsen,1
neutral,verdutzt,1
neutral,einkriegen,1
neutral,gesellenprüfung,1
neutral,dastehe,1
neutral,erkenn,1
neutral,gütig,2
neutral,mutters,1
neutral,runde,2
neutral,vereinte,1
neutral,zusammensitzt,1
neutral,vorher,5
neutral,sehnsüchtig,1
neutral,dachte,70
neutral,nachzutragen,1
neutral,aneinandergerieten,1
neutral,beanspruchte,1
neutral,rollte,3
neutral,landete,4
neutral,gewässer,1
neutral,augsburg,2
neutral,amtsrichter,4
neutral,mina,8
neutral,angeheuert,1
neutral,verschwundener,1
neutral,oberhexe,1
neutral,muriel,14
neutral,explodiert,1
neutral,verhören,1
neutral,ritual,3
neutral,benötigen,1
neutral,verschiedenen,2
neutral,monaten,2
neutral,april,2
neutral,geborenes,1
neutral,einzigen,4
neutral,besen,6
neutral,abgeschüttelt,1
neutral,ben,10
neutral,sicherheit,2
neutral,hängend,2
neutral,angegriffen,1
neutral,misshandelt,1
neutral,geschehnisse,1
neutral,troll,3
neutral,handlanger,1
neutral,trolle,1
neutral,adrianna,3
neutral,zutat,1
neutral,immun,1
neutral,sorgte,1
neutral,verbreitung,1
neutral,gerüchts,1
neutral,mob,2
neutral,aufgehängt,1
neutral,attackieren,1
neutral,versammlung,2
neutral,schusswaffen,1
neutral,entführten,3
neutral,geschossen,1
neutral,hexenhaus,2
neutral,schaufel,2
neutral,enthauptet,1
neutral,anderswo,1
neutral,traf,27
neutral,sagte,222
neutral,spinnen.,1
neutral,sprach,488
neutral,kunst,4
neutral,sagst,4
neutral,bring,9
neutral,stellen.,3
neutral,ward,99
neutral,gab,103
neutral,rad,1
neutral,versponnen,2
neutral,blieb,60
neutral,ging,235
neutral,türe,45
neutral,trat,55
neutral,jungfer,8
neutral,antwortete,120
neutral,verstehe,1
neutral,nicht.,12
neutral,gibst,6
neutral,dirs,15
neutral,spinne,4
neutral,nahm,123
neutral,rädchen,1
neutral,schnurr,6
neutral,spule,7
neutral,gings,3
neutral,spulen,1
neutral,ließ,148
neutral,befahl,19
neutral,wusste,49
neutral,weinte,23
neutral,erschien,38
neutral,fing,42
neutral,schnurren,1
neutral,rade,1
neutral,glänzendem,1
neutral,freute,4
neutral,maßen,2
neutral,anblick,2
neutral,größere,1
neutral,verspinnen,1
neutral,sollst,39
neutral,gemahlin,16
neutral,werden.,12
neutral,wenns,7
neutral,reichere,1
neutral,finde,4
neutral,drittenmal,7
neutral,versprich,1
neutral,kind.,2
neutral,weiss,27
neutral,versprach,33
neutral,verlangte,21
neutral,spann,3
neutral,brachte,65
neutral,gib,11
neutral,hast.,4
neutral,erschrak,29
neutral,bot,14
neutral,lebendes,1
neutral,schätze,6
neutral,welt.,2
neutral,mitleiden,3
neutral,weisst,6
neutral,behalten.,4
neutral,besann,4
neutral,schickte,24
neutral,erkundigen,1
neutral,breit,3
neutral,gäbe,2
neutral,caspar,1
neutral,melchior,1
neutral,balzer,1
neutral,heiss,7
neutral,nachbarschaft,1
neutral,herumfragen,1
neutral,ungewöhnlichsten,1
neutral,seltsamsten,1
neutral,heisst,3
neutral,vielleicht,13
neutral,rippenbiest,1
neutral,hammelswade,1
neutral,schnürbein,1
neutral,erzählte,53
neutral,waldecke,1
neutral,has,4
neutral,brannte,7
neutral,sprang,49
neutral,lächerliches,1
neutral,hüpfte,5
neutral,schrie,13
neutral,übermorgen,1
neutral,rumpelstilzchen,3
neutral,hörte,52
neutral,hernach,14
neutral,fragte,67
neutral,heißest,2
neutral,nein.,2
neutral,etwa,3
neutral,stieß,22
neutral,hineinfuhr,1
neutral,packte,11
neutral,wut,8
neutral,linken,3
neutral,riss,21
neutral,entzwei,7
neutral,machte,88
neutral,nachteule,2
neutral,ordentlich,5
neutral,gestaltet,2
neutral,herbei,20
neutral,schlachtete,2
neutral,kochte,9
neutral,briet,1
neutral,hundert,9
neutral,stille,4
neutral,bewegen,4
neutral,keusche,1
neutral,kreiss,1
neutral,sperrte,6
neutral,tausend,14
neutral,raren,1
neutral,schlosse,7
neutral,einsmalen,1
neutral,gingen,40
neutral,zuweilen,2
neutral,klagte,6
neutral,bestürzt,2
neutral,sahen,32
neutral,wussten,8
neutral,wohin,7
neutral,mauer,4
neutral,totbang,1
neutral,vöglein,8
neutral,leide,4
neutral,täubelein,1
neutral,lei–,1
neutral,zucküt,1
neutral,zicküt,2
neutral,zicküt.,2
neutral,glühenden,3
neutral,flog,18
neutral,schu,1
neutral,hu,7
neutral,hu.,1
neutral,regen,3
neutral,strauch,1
neutral,gelb,1
neutral,mager,2
neutral,reichte,14
neutral,murmelte,6
neutral,weib,6
neutral,knie,3
neutral,bat,47
neutral,rief,124
neutral,jammerte,3
neutral,umsonst,4
neutral,uu,1
neutral,fremdes,2
neutral,hütete,5
neutral,rund,1
neutral,berührte,8
neutral,zauberei,1
neutral,träumte,4
neutral,morgens,16
neutral,erwachte,26
neutral,fände,1
neutral,neunten,1
neutral,blutrote,1
neutral,schritt,7
neutral,pforte,1
neutral,horchte,6
neutral,vernähme,1
neutral,ers,5
neutral,fütterte,1
neutral,körben,1
neutral,kehrte,36
neutral,besah,2
neutral,nachtigallen,1
neutral,zusah,3
neutral,wegnahm,2
neutral,jungfrauen,4
neutral,lebten,25
neutral,schenkte,17
neutral,käppchen,5
neutral,rotem,4
neutral,sammet,1
neutral,hieß,28
neutral,laben,3
neutral,mach,14
neutral,kommst,9
neutral,geh,31
neutral,sittsam,1
neutral,fällst,1
neutral,zerbrichst,1
neutral,stube,19
neutral,vergiss,2
neutral,guck,7
neutral,herum.,1
neutral,wohnte,9
neutral,großmutter.,1
neutral,trägst,2
neutral,schürze,2
neutral,gestern,4
neutral,schwache,2
neutral,stärken.,1
neutral,viertelstunde,3
neutral,eichbäumen,1
neutral,unten,14
neutral,nusshecken,1
neutral,zarte,4
neutral,ding,5
neutral,fetter,1
neutral,bissen,7
neutral,schmecken,2
neutral,listig,4
neutral,erschnappst.,1
neutral,weilchen,10
neutral,sieh,5
neutral,rings,5
neutral,umher,8
neutral,guckst,3
neutral,stände,4
neutral,lief,34
neutral,darnach,3
neutral,tiefer,10
neutral,geradeswegs,2
neutral,klopfte,19
neutral,auf.,11
neutral,drückte,6
neutral,verschluckte,2
neutral,legte,62
neutral,zog,71
neutral,vorhänge,2
neutral,gelaufen,14
neutral,ohren,5
neutral,entsetzlich,1
neutral,satz,3
neutral,bette,10
neutral,verschlang,4
neutral,gelüsten,2
neutral,gestillt,3
neutral,schlief,27
neutral,überlaut,1
neutral,schnarchen,3
neutral,eben,15
neutral,schnarcht,1
neutral,fehlt.,1
neutral,sünder,4
neutral,gesucht.,1
neutral,büchse,6
neutral,aufzuschneiden,1
neutral,holte,26
neutral,geschwind,15
neutral,füllten,4
neutral,aufwachte,4
neutral,fortspringen,2
neutral,niedersank,1
neutral,aß,24
neutral,erholte,2
neutral,lebtag,6
neutral,hat.,6
neutral,gebackenes,1
neutral,zugesprochen,1
neutral,ableiten,1
neutral,wegs,5
neutral,bös,3
neutral,geguckt,1
neutral,offner,1
neutral,straße,6
neutral,gefressen.,1
neutral,verschließen,3
neutral,gebackenes.,1
neutral,schwiegen,1
neutral,still,33
neutral,machten,15
neutral,schlich,14
neutral,graukopf,1
neutral,etlichemal,1
neutral,ginge,4
neutral,nachschleichen,2
neutral,wollts,1
neutral,dunkelheit,7
neutral,steintrog,1
neutral,nimm,11
neutral,würste,2
neutral,trag,3
neutral,worin,8
neutral,trog.,1
neutral,stieg,38
neutral,geruch,2
neutral,schnupperte,1
neutral,guckte,5
neutral,anfing,5
neutral,rutschen,1
neutral,rutschte,2
neutral,ertrank,1
neutral,rosenroth,1
neutral,einsam,3
neutral,hüttchen,2
neutral,standen,24
neutral,rosen,1
neutral,glichen,1
neutral,fromm,5
neutral,arbeitsam,1
neutral,unverdrossen,2
neutral,stiller,2
neutral,sanfter,3
neutral,wiesen,4
neutral,feldern,2
neutral,sommervögel,1
neutral,saß,47
neutral,daheim,10
neutral,half,26
neutral,hauswesen,1
neutral,las,3
neutral,unfall,3
neutral,walde,18
neutral,überfiel,2
neutral,legten,19
neutral,nebeneinander,2
neutral,moos,3
neutral,schliefen,15
neutral,ihrentwegen,1
neutral,morgenrot,1
neutral,aufweckte,2
neutral,glänzenden,3
neutral,kleidchen,1
neutral,sitzen,20
neutral,blickte,11
neutral,umsahen,1
neutral,abgrunde,1
neutral,geschlafen,5
neutral,gewiss,5
neutral,engel,3
neutral,bewache,1
neutral,blumenstrauß,1
neutral,vors,1
neutral,zündete,5
neutral,hing,9
neutral,kessel,4
neutral,feuerhaken,1
neutral,messing,1
neutral,glänzte,7
neutral,rein,11
neutral,gescheuert,1
neutral,flocken,1
neutral,fielen,19
neutral,schieb,2
neutral,riegel,5
neutral,setzten,19
neutral,herd,7
neutral,brille,1
neutral,buche,1
neutral,saßen,12
neutral,spannen,1
neutral,lämmchen,3
neutral,täubchen,15
neutral,wanderer,2
neutral,sucht.,1
neutral,schob,7
neutral,dicken,4
neutral,streckte,9
neutral,blöckte,1
neutral,flatterte,2
neutral,tue,2
neutral,erfroren,1
neutral,wärmen.,1
neutral,leg,2
neutral,brennt.,1
neutral,meints,1
neutral,ehrlich.,1
neutral,näherten,2
neutral,pelzwerk,1
neutral,holten,8
neutral,kehrten,9
neutral,brummte,4
neutral,behaglich,2
neutral,trieben,5
neutral,mutwillen,1
neutral,unbeholfenen,1
neutral,gast,3
neutral,zausten,1
neutral,füßchen,1
neutral,walgerten,1
neutral,nahmen,22
neutral,haselrute,1
neutral,schlugen,5
neutral,lachten,8
neutral,sichs,9
neutral,sies,6
neutral,lasst,17
neutral,schlägst,4
neutral,tot.,4
neutral,schlafenszeit,2
neutral,kannst,39
neutral,wetter,3
neutral,geschützt.,1
neutral,graute,2
neutral,ließen,25
neutral,trabte,4
neutral,erlaubte,6
neutral,kurzweil,1
neutral,gewöhnt,3
neutral,zugeriegelt,1
neutral,gesell,1
neutral,frühjahr,2
neutral,herangekommen,1
neutral,grün,3
neutral,kommen.,12
neutral,gehst,1
neutral,bäumen,8
neutral,reisig,3
neutral,fanden,38
neutral,unterscheiden,1
neutral,verwelkten,1
neutral,ellenlangen,1
neutral,schneeweißen,1
neutral,spalte,2
neutral,baums,3
neutral,eingeklemmt,1
neutral,hündchen,3
neutral,dumme,4
neutral,neugierige,1
neutral,klötzen,1
neutral,bisschen,4
neutral,speise,5
neutral,schlingt,1
neutral,grobes,2
neutral,gieriges,1
neutral,wahnsinnige,1
neutral,schafsköpfe,1
neutral,schnarrte,1
neutral,herbeirufen,2
neutral,seid,8
neutral,ungeduldig,1
neutral,schaffen,6
neutral,scherchen,2
neutral,schnitt,19
neutral,fühlte,10
neutral,griff,8
neutral,hob,23
neutral,ungehobeltes,1
neutral,stolzen,2
neutral,barte,1
neutral,lohns,1
neutral,guckuck,1
neutral,schwang,9
neutral,gericht,5
neutral,fische,6
neutral,heuschrecke,1
neutral,liefen,11
neutral,erkannten,6
neutral,solch,1
neutral,narr,5
neutral,seht,9
neutral,verwünschte,5
neutral,geangelt,1
neutral,unglücklicher,1
neutral,angelschnur,1
neutral,verflochten,1
neutral,anbiss,1
neutral,fehlten,1
neutral,schwachen,1
neutral,geschöpf,2
neutral,herauszuziehen,1
neutral,behielt,4
neutral,oberhand,1
neutral,hielt,50
neutral,halmen,1
neutral,binsen,1
neutral,bewegungen,1
neutral,fisches,1
neutral,beständiger,1
neutral,rechter,4
neutral,hielten,9
neutral,schnur,4
neutral,loszumachen,1
neutral,vergebens,2
neutral,verwirrt,1
neutral,abgestutzt,1
neutral,habt,20
neutral,meinigen,1
neutral,müßtet,1
neutral,schuhsohlen,1
neutral,hättet,2
neutral,perlen,6
neutral,schilfe,1
neutral,schleppte,3
neutral,verschwand,18
neutral,zwirn,2
neutral,nadeln,1
neutral,schnüre,1
neutral,einzukaufen,1
neutral,heide,4
neutral,felsenstücke,1
neutral,schweben,2
neutral,kreiste,2
neutral,senkte,2
neutral,niederstieß,1
neutral,durchdringenden,1
neutral,jämmerlichen,3
neutral,schrei,2
neutral,erholt,2
neutral,kreischenden,1
neutral,konntet,1
neutral,säuberlicher,1
neutral,undank,1
neutral,verrichteten,1
neutral,abendsonne,1
neutral,schimmerten,4
neutral,leuchteten,5
neutral,farben,2
neutral,stehenblieben,1
neutral,betrachteten,1
neutral,maulaffen,1
neutral,feil,8
neutral,aschgraues,1
neutral,zinnoberrot,1
neutral,scheltworten,2
neutral,fortfahren,1
neutral,lautes,2
neutral,brummen,4
neutral,schlupfwinkel,1
neutral,zähnen,2
neutral,gottlosen,3
neutral,fett,7
neutral,wachteln,1
neutral,freßt,1
neutral,namen.,1
neutral,kümmerte,1
neutral,boshaften,1
neutral,tatze,2
neutral,regte,8
neutral,verwünscht,4
neutral,wilder,4
neutral,wohlverdiente,1
neutral,empfangen.,1
neutral,teilten,6
neutral,getragen,10
neutral,sneewittchen,23
neutral,schneeflocken,3
neutral,schwarzem,5
neutral,ebenholz,3
neutral,nähte,8
neutral,aufblickte,1
neutral,stach,11
neutral,nadel,2
neutral,tropfen,12
neutral,starb,9
neutral,stund,1
neutral,erblickte,6
neutral,leibe,5
neutral,haßte,1
neutral,wuchsen,3
neutral,unkraut,1
neutral,höher,3
neutral,wills,5
neutral,lunge,3
neutral,wahrzeichen,6
neutral,mitbringen.,2
neutral,gehorchte,3
neutral,hirschfänger,1
neutral,sneewittchens,3
neutral,unschuldiges,2
neutral,durchbohren,1
neutral,laß,46
neutral,nimmermehr,4
neutral,schön,11
neutral,armes,4
neutral,wars,6
neutral,gewälzt,1
neutral,brauchte,7
neutral,gesprungen,3
neutral,boshafte,1
neutral,spitzen,4
neutral,dornen,3
neutral,sprangen,12
neutral,taten,11
neutral,füße,6
neutral,gedecktes,1
neutral,tischlein,1
neutral,tellern,1
neutral,tellerlein,4
neutral,löffelein,1
neutral,messerlein,2
neutral,gäblein,1
neutral,becherlein,2
neutral,wand,10
neutral,bettlein,4
neutral,aufgestellt,1
neutral,schneeweiße,2
neutral,laken,2
neutral,gemüs,2
neutral,wegnehmen,2
neutral,keins,4
neutral,paßte,2
neutral,zündeten,1
neutral,häuslein,3
neutral,fragten,1
neutral,unsern,2
neutral,stricken,1
neutral,reinlich,1
neutral,fehlen.,2
neutral,suchten,10
neutral,erz,1
neutral,sann,4
neutral,färbte,5
neutral,kleidete,2
neutral,krämerin,1
neutral,unkenntlich,3
neutral,ehrliche,2
neutral,riegelte,1
neutral,kaufte,5
neutral,hübschen,2
neutral,schnürriemen,4
neutral,aussiehst,1
neutral,schnüren.,1
neutral,schnürte,3
neutral,atem,7
neutral,verging,3
neutral,hinfiel,1
neutral,eilte,12
neutral,abendzeit,2
neutral,erschraken,5
neutral,liebes,5
neutral,bewegte,2
neutral,hoben,4
neutral,höhe,16
neutral,geschnürt,1
neutral,schnitten,2
neutral,aussinnen,2
neutral,grunde,3
neutral,hexenkünsten,1
neutral,giftigen,6
neutral,kamm,5
neutral,schaute,7
neutral,hereinlassen.,1
neutral,kaufs,1
neutral,kämmen.,1
neutral,wirkte,3
neutral,besinnung,2
neutral,niederfiel,1
neutral,herausgezogen,1
neutral,vorgegangen,1
neutral,warnten,1
neutral,eignes,1
neutral,kostet.,1
neutral,verborgene,4
neutral,einsame,1
neutral,hinkam,2
neutral,bauersfrau,1
neutral,einlassen,3
neutral,mirs,7
neutral,verboten.,1
neutral,bäurin,2
neutral,schenken.,1
neutral,annehmen.,1
neutral,fürchtest,4
neutral,siehst,10
neutral,schneide,2
neutral,iss,2
neutral,essen.,5
neutral,künstlich,1
neutral,lusterte,1
neutral,giftige,2
neutral,zwerglein,5
neutral,bahre,1
neutral,siebene,3
neutral,beweinten,2
neutral,weinten,2
neutral,durchsichtigen,1
neutral,schrieben,2
neutral,buchstaben,1
neutral,bewachte,1
neutral,verweste,1
neutral,schliefe,3
neutral,schwarzhaarig,1
neutral,geschah,20
neutral,zwergenhaus,2
neutral,übernachten,5
neutral,wollt.,1
neutral,antworteten,14
neutral,hochachten,1
neutral,liebstes.,1
neutral,empfanden,2
neutral,gaben,17
neutral,schultern,5
neutral,forttragen,2
neutral,öffnete,24
neutral,deckel,2
neutral,richtete,5
neutral,zugetragen,3
neutral,pracht,4
neutral,herrlichkeit,1
neutral,angeordnet,1
neutral,gottlose,1
neutral,kohlenfeuer,1
neutral,zangen,1
neutral,hingestellt,1
neutral,rothglühenden,1
neutral,hinterhaus,1
neutral,daraus,13
neutral,umgeben,4
neutral,wagte,6
neutral,gefürchtet,2
neutral,blaß,2
neutral,elend,4
neutral,rapunzeln,5
neutral,unserm,1
neutral,kriege,1
neutral,sterbe,1
neutral,ich.,1
neutral,eh,8
neutral,lässest,1
neutral,holst,1
neutral,mag,8
neutral,kosten,4
neutral,will.,2
neutral,abenddämmerung,2
neutral,herabgeklettert,1
neutral,gewaltig,5
neutral,schlecht,4
neutral,bekommen.,2
neutral,gnade,9
neutral,ergehen,2
neutral,entschlossen,1
neutral,bekäme.,1
neutral,zorne,2
neutral,gestatten,1
neutral,mutter.,2
neutral,kinde,3
neutral,fensterchen,1
neutral,herunter.,6
neutral,prächtige,7
neutral,fein,6
neutral,vernahm,12
neutral,zöpfe,1
neutral,wickelte,7
neutral,fensterhaken,2
neutral,zwanzig,5
neutral,ellen,1
neutral,herunter,9
neutral,ritt,31
neutral,lieblich,3
neutral,haarflechten,1
neutral,versuchen.,2
neutral,turme,1
neutral,bewegt,1
neutral,jedesmal,6
neutral,strang,1
neutral,seide,3
neutral,flechten,6
neutral,steige,2
neutral,nimmst,2
neutral,pferd.,1
neutral,verabredeten,3
neutral,merkte,15
neutral,heraufzuziehen,1
neutral,mir.,3
neutral,gottloses,1
neutral,geschieden,1
neutral,schlug,28
neutral,linke,3
neutral,ritsch,1
neutral,ratsch,1
neutral,abgeschnitten,1
neutral,verstoßen,2
neutral,abgeschnittenen,1
neutral,ansah,4
neutral,aha,1
neutral,höhnisch,4
neutral,nest,6
neutral,auskratzen,1
neutral,wanderte,18
neutral,wüstenei,1
neutral,zwillingen,1
neutral,kümmerlich,1
neutral,däuchte,4
neutral,erkannte,29
neutral,benetzten,1
neutral,geordnet,1
neutral,herzöge,2
neutral,freiherrn,1
neutral,reihen,2
neutral,schwank,2
neutral,vierte,2
neutral,fünfte,2
neutral,zinshahn,1
neutral,sechste,2
neutral,gerad,7
neutral,krumm,4
neutral,gewachsen,5
neutral,hub,5
neutral,geringes,1
neutral,laßt,1
neutral,heraufkommen,1
neutral,schmutzigen,2
neutral,verlumpten,1
neutral,kleidern,3
neutral,eid,2
neutral,einrede,1
neutral,mußte,17
neutral,bettelweib,1
neutral,iänger,1
neutral,bleibst,2
neutral,manne,1
neutral,fortziehen,2
neutral,hättst,3
neutral,du'n,3
neutral,wünschest,1
neutral,bücken,2
neutral,niedrigen,1
neutral,hineinkam,2
neutral,stell,1
neutral,kochst,1
neutral,feueranmachen,1
neutral,leidlich,1
neutral,schmale,1
neutral,kost,2
neutral,verzehrt,3
neutral,trieb,7
neutral,zehrten,1
neutral,gehts,8
neutral,zehren,1
neutral,weiden,3
neutral,harten,4
neutral,stachen,1
neutral,zarten,1
neutral,wund,2
neutral,sehe,11
neutral,spinn,1
neutral,versuchte,12
neutral,faden,2
neutral,herunterlief,1
neutral,ichs,9
neutral,töpfen,1
neutral,irdenem,1
neutral,verspotten,1
neutral,fügen,1
neutral,hungers,3
neutral,erstemal,2
neutral,kauften,3
neutral,bezahlten,1
neutral,forderte,6
neutral,töpfe,5
neutral,erworbenen,1
neutral,dauerte,10
neutral,handelte,2
neutral,trunkener,1
neutral,husar,1
neutral,dahergejagt,1
neutral,scherben,2
neutral,zersprang,2
neutral,ordentlichen,1
neutral,gefragt,2
neutral,bekommst,2
neutral,freies,1
neutral,sauerste,1
neutral,töpfchen,4
neutral,übriggebliebenen,1
neutral,zuteil,1
neutral,nährten,1
neutral,ältesten,12
neutral,königssohnes,1
neutral,saaltüre,2
neutral,köstlichen,2
neutral,ein-,3
neutral,ausgetragen,1
neutral,aufstieg,1
neutral,warfen,3
neutral,manchmal,13
neutral,brocken,3
neutral,heimtragen,1
neutral,ergriff,4
neutral,weigerte,6
neutral,gefreit,1
neutral,spott,3
neutral,sträuben,1
neutral,zerriß,1
neutral,hingen,5
neutral,umhersprangen,1
neutral,entfliehen,4
neutral,verriegelte,1
neutral,aufschloß,1
neutral,herausbringen,1
neutral,zugegangen,6
neutral,ausrufen,1
neutral,wers,3
neutral,tanzten,10
neutral,meldete,6
neutral,herausbrächte,1
neutral,erbot,3
neutral,wagnis,1
neutral,schlafsaal,1
neutral,aufgeschlagen,1
neutral,hingingen,1
neutral,hinausgingen,1
neutral,fiels,3
neutral,blei,1
neutral,zwölfe,3
neutral,sohlen,1
neutral,haupt,3
neutral,barmherzigkeit,3
neutral,abgeschlagen,2
neutral,meldeten,1
neutral,wagestück,1
neutral,mußten,5
neutral,befand,3
neutral,'das,2
neutral,'du,3
neutral,wärst,1
neutral,'wenn,1
neutral,umhängst,1
neutral,zwölfen,2
neutral,vorzimmer,1
neutral,schwamm,3
neutral,hineinlaufen,1
neutral,öffneten,5
neutral,schränke,1
neutral,kisten,2
neutral,kasten,3
neutral,putzten,2
neutral,freuten,3
neutral,schlaftrunk,4
neutral,lümmel,1
neutral,aufgewacht,2
neutral,rührte,3
neutral,glaubten,6
neutral,äiteste,1
neutral,sank,16
neutral,stiegen,7
neutral,öffnung,3
neutral,de,1
neutral,r,2
neutral,zauderte,2
neutral,'was,1
neutral,'sei,1
neutral,einfältig,2
neutral,vollends,1
neutral,wunderprächtigen,1
neutral,baumgang,2
neutral,glänzten,5
neutral,fuhr,15
neutral,gewaltiger,5
neutral,krach,1
neutral,baume,2
neutral,'es,1
neutral,knall,2
neutral,freudenschüsse,2
neutral,klarer,1
neutral,demant,1
neutral,krachte,2
neutral,zusammenfuhr,1
neutral,schifflein,2
neutral,'ich,3
neutral,kräften,3
neutral,fortbringen,1
neutral,'wovon,1
neutral,'als,1
neutral,warmen,3
neutral,heiß,3
neutral,zumut,1
neutral,ruderten,1
neutral,hinüber,8
neutral,traten,3
neutral,leer,12
neutral,durchgetanzt,1
neutral,fuhren,10
neutral,vornen,2
neutral,versprachen,5
neutral,voraus,6
neutral,heraufgetrippelt,1
neutral,schnarchte,5
neutral,'vor,1
neutral,brachten,9
neutral,stellten,4
neutral,drittemal,2
neutral,horchten,1
neutral,'mit,1
neutral,unterirdischen,3
neutral,berichtete,3
neutral,leugnen,1
neutral,eingestehen,1
neutral,e,1
neutral,jung,3
neutral,gebt,8
neutral,selbigen,1
neutral,nächte,2
neutral,eilends,2
neutral,taufwasser,1
neutral,schöpfen,3
neutral,getraute,6
neutral,durften,1
neutral,verschweigen,1
neutral,sagten,24
neutral,himmels,2
neutral,verhängnis,2
neutral,unschuldige,1
neutral,anlaß,1
neutral,glaubte,17
neutral,aufmachte,6
neutral,irgendwo,4
neutral,aufzuspüren,1
neutral,andenken,1
neutral,laib,2
neutral,krüglein,1
neutral,müdigkeit,7
neutral,morgenstern,1
neutral,hinkelbeinchen,1
neutral,beinchen,4
neutral,glasberg,4
neutral,aufschließen,1
neutral,brüder.,1
neutral,tüchlein,4
neutral,verschlossen,6
neutral,erretten,1
neutral,fingerchen,1
neutral,suchst,3
neutral,herren,3
neutral,ein.,2
neutral,bröckchen,1
neutral,schlückchen,1
neutral,geschwirr,1
neutral,geweh,1
neutral,geflogen.,1
neutral,gewesen.,2
neutral,bechers,1
neutral,vermählen,3
neutral,versprechen.,1
neutral,trösten,1
neutral,haben.,12
neutral,umhergeschickt,1
neutral,käme,11
neutral,gehabt,8
neutral,räten,1
neutral,ebenbild,1
neutral,gleicht.,1
neutral,heirate,1
neutral,sünde,1
neutral,entspringen,1
neutral,gezogen.,2
neutral,hoffte,3
neutral,abzubringen,1
neutral,erfülle,3
neutral,verlange,3
neutral,euerm,2
neutral,geben.,6
neutral,anzuschaffen,1
neutral,ab.,4
neutral,geschicktesten,1
neutral,mussten,18
neutral,abziehen,1
neutral,breitete,2
neutral,sein.,15
neutral,umzuwenden,1
neutral,fasste,13
neutral,kostbarkeiten,1
neutral,dreierlei,1
neutral,haspelchen,1
neutral,sternen,1
neutral,nussschale,1
neutral,schwarz,6
neutral,hohlen,3
neutral,jagte,15
neutral,schnupperten,1
neutral,bellten,1
neutral,folgten,11
neutral,wunderliches,1
neutral,schläft.,3
neutral,ihrs,3
neutral,bindets,1
neutral,nehmts,1
neutral,mit.,3
neutral,anfassten,1
neutral,erbarmt,1
neutral,nehmt,4
neutral,zusammenkehren.,1
neutral,ställchen,9
neutral,tageslicht,1
neutral,schlafen.,3
neutral,schürte,3
neutral,rupfte,3
neutral,federvieh,1
neutral,belas,1
neutral,armselig,1
neutral,außen,2
neutral,halben,6
neutral,zusammentragen.,1
neutral,öllämpchen,2
neutral,pelzrock,1
neutral,wusch,6
neutral,volle,2
neutral,nuss,4
neutral,kannte,8
neutral,meinten,7
neutral,ausgefragt,1
neutral,ausgezogen,3
neutral,umgetan,1
neutral,zusammenkehren,1
neutral,koche,2
neutral,zugucken,1
neutral,hineinfallen,2
neutral,kriegst,5
neutral,brotsuppe,4
neutral,angerichtet,3
neutral,schmeckte,4
neutral,bessere,2
neutral,schläge.,1
neutral,gekocht.,1
neutral,sonst.,2
neutral,rauhtierchen.,1
neutral,wozu,4
neutral,stiefeln,2
neutral,nichts.,8
neutral,fortschicken,2
neutral,vorigesmal,1
neutral,isst.,11
neutral,hinging,1
neutral,vorigemal,4
neutral,wüßte,14
neutral,anstellte,3
neutral,vorigemale,2
neutral,tust,6
neutral,schmeckt,3
neutral,bestimmte,2
neutral,hingehen,4
neutral,währen,1
neutral,warf,36
neutral,rußig,2
neutral,tanze,3
neutral,angesteckt,2
neutral,losmachen,2
neutral,schimmerte,4
neutral,verbergen,1
neutral,lügenhaft,1
neutral,jungens,1
neutral,pflegte,5
neutral,sonntagmorgen,2
neutral,herbstzeit,1
neutral,buchweizen,2
neutral,blühte,1
neutral,aufgegangen,3
neutral,morgenwind,2
neutral,warm,5
neutral,stoppeln,1
neutral,lerchen,1
neutral,sangen,2
neutral,bienen,1
neutral,summten,1
neutral,sonntagsstaat,1
neutral,swinegel,32
neutral,übereinander,1
neutral,summte,1
neutral,liedchen,1
neutral,hinsang,1
neutral,wüsche,1
neutral,anzöge,1
neutral,bißchen,3
neutral,steckrüben,2
neutral,dicht,4
neutral,seinigen,1
neutral,felde,4
neutral,schlehenbusch,1
neutral,steckrübenacker,1
neutral,abbiegen,1
neutral,ähnlichen,1
neutral,geschäften,1
neutral,ausgegangen,2
neutral,kohl,1
neutral,besehen,2
neutral,verdroß,1
neutral,ertragen,3
neutral,schief,3
neutral,bildest,1
neutral,hasen,15
neutral,denke,1
neutral,vorbeilaufe,1
neutral,louisdor,3
neutral,buddel,3
neutral,branntwein,3
neutral,angenommen,1
neutral,losgehen,2
neutral,nüchtern,1
neutral,frühstücken,1
neutral,verläßt,1
neutral,kriegen,5
neutral,vornehmer,1
neutral,dummer,2
neutral,kerl,2
neutral,ankam,9
neutral,gewettet,2
neutral,o,18
neutral,gescheit,2
neutral,halt,6
neutral,'s,5
neutral,marsch,1
neutral,mochte,5
neutral,paß,1
neutral,furche,5
neutral,rufst,1
neutral,wies,12
neutral,jawohl,1
neutral,zählte,2
neutral,ungefähr,1
neutral,duckte,2
neutral,ruhig,12
neutral,vollem,3
neutral,stutzte,1
neutral,verwunderte,2
neutral,zurief,1
neutral,bekanntlich,1
neutral,dingen,3
neutral,nochmal,1
neutral,flogen,13
neutral,ärger,2
neutral,meinetwegen,2
neutral,sooft,2
neutral,dreiundsiebzigmal,1
neutral,vierundsiebzigsten,2
neutral,halse,2
neutral,platze,1
neutral,gewonnenen,1
neutral,begab,7
neutral,buxtehuder,2
neutral,totlief,1
neutral,einfallen,1
neutral,erstens,1
neutral,vornehm,1
neutral,dünkt,1
neutral,zweitens,1
neutral,freit,1
neutral,stande,2
neutral,geradeso,1
neutral,friede,2
neutral,erhielt,13
neutral,hauptmann,3
neutral,hartherzig,2
neutral,durchschlägst.,1
neutral,gewehr,2
neutral,kriegshandwerk,1
neutral,verhungern.,1
neutral,brausen,1
neutral,umblickte,1
neutral,unbekannter,1
neutral,stattlich,1
neutral,aussah,3
neutral,pferdefuß,1
neutral,durchbringen,1
neutral,ausgebe.,1
neutral,paßt,1
neutral,wohlan,3
neutral,schau,4
neutral,dich.,5
neutral,brummend,1
neutral,zutrabte,1
neutral,oho,2
neutral,kitzeln,1
neutral,vergehen,1
neutral,schnauze,1
neutral,zusammenfiel,2
neutral,erfüllen.,1
neutral,seligkeit,2
neutral,schadet,1
neutral,wen,3
neutral,grünrock,1
neutral,darfst,5
neutral,kämmen,3
neutral,vaterunser,1
neutral,beten,1
neutral,greifst,1
neutral,richtigkeit,1
neutral,bärenhaut,1
neutral,unterließ,1
neutral,gelde,1
neutral,wehe,1
neutral,orten,2
neutral,beteten,2
neutral,stürbe,1
neutral,bezahlte,5
neutral,herberge,3
neutral,bärenhäuter,12
neutral,ducaten,1
neutral,herausholte,2
neutral,erweichen,1
neutral,hintergebäude,1
neutral,ruf,2
neutral,freundliches,1
neutral,zureden,1
neutral,ursache,2
neutral,kummers,1
neutral,offenbarte,12
neutral,genug.,1
neutral,herbeikommen,1
neutral,unglücklichen,1
neutral,freilich,3
neutral,bringen.,5
neutral,gefiel,3
neutral,schrieb,4
neutral,reichst,1
neutral,darauf.,1
neutral,hüte,3
neutral,süßigkeit,1
neutral,gefällst,1
neutral,brummen.,1
neutral,gut.,2
neutral,schwieg,5
neutral,reichlich,3
neutral,anbrach,4
neutral,sauste,1
neutral,verdrießlich,3
neutral,reinigen.,1
neutral,abwaschen,2
neutral,abgezogen,2
neutral,ums,5
neutral,sammetrock,1
neutral,schimmeln,1
neutral,bespannt,3
neutral,vornehmen,2
neutral,feldobrist,1
neutral,niederlassen,1
neutral,schenkten,2
neutral,schönern,1
neutral,kleide,1
neutral,anziehen,3
neutral,bildete,1
neutral,zeigte,23
neutral,vollkommen,2
neutral,paßten,1
neutral,putz,1
neutral,ersäufte,1
neutral,erhenkte,1
neutral,eine.,1
neutral,verachtet,1
neutral,zurückgesetzt,1
neutral,eierkuchen,4
neutral,litte,1
neutral,graues,2
neutral,schluck,2
neutral,durstig.,2
neutral,kluge,2
neutral,geb,4
neutral,pack,2
neutral,behauen,1
neutral,hieb,8
neutral,heimgehen,1
neutral,grauen,6
neutral,gleichfalls,4
neutral,graue,5
neutral,trunk,3
neutral,verständig,1
neutral,hiebe,1
neutral,hauen.,1
neutral,schaden,4
neutral,verstehst,2
neutral,davon.,1
neutral,klug,5
neutral,saueres,2
neutral,grüßte,2
neutral,aschenkuchen,2
neutral,sauere,1
neutral,hau,3
neutral,finden.,7
neutral,blieben,11
neutral,festhängen,2
neutral,angerührt,4
neutral,gleicher,3
neutral,absicht,2
neutral,schrien,3
neutral,bleib,5
neutral,himmelswillen,1
neutral,weg.,2
neutral,begriff,1
neutral,wegbleiben,1
neutral,herzu,2
neutral,zubringen,2
neutral,bekümmerte,1
neutral,drein,5
neutral,links,6
neutral,rechts,6
neutral,folgte,22
neutral,vergeßt,1
neutral,kindtaufe,1
neutral,ermel,2
neutral,trabten,1
neutral,möchten,1
neutral,nachliefen,1
neutral,schwiegersohn,1
neutral,einwendungen,1
neutral,austrinken,1
neutral,abgehauen,2
neutral,betrübtes,1
neutral,löschen,2
neutral,kalte,2
neutral,vertrage,1
neutral,ausgeleert,1
neutral,fässer,1
neutral,hüften,1
neutral,weh,10
neutral,ausgetrunken,1
neutral,riemen,1
neutral,grämliches,1
neutral,raspelbrot,1
neutral,magen,6
neutral,zuschnüren,1
neutral,soll.,3
neutral,mehl,2
neutral,zusammenfahren,1
neutral,ungeheuern,1
neutral,ausflucht,1
neutral,angesegelt,1
neutral,gerades,2
neutral,tu,1
neutral,barmherzig,2
neutral,bist.,4
neutral,vorenthalten,1
neutral,erbte,1
neutral,säcke,6
neutral,untauglicher,1
neutral,futter,5
neutral,wehte,6
neutral,stadtmusikant,3
neutral,fortgegangen,3
neutral,jagdhund,1
neutral,jappte,1
neutral,jappst,1
neutral,packan,1
neutral,schwächer,1
neutral,annehmen,1
neutral,spiele,1
neutral,laute,2
neutral,pauken.,1
neutral,regenwetter,1
neutral,bartputzer,1
neutral,kragen,3
neutral,stumpf,2
neutral,sitze,1
neutral,jage,1
neutral,ersäufen,1
neutral,fortgemacht,1
neutral,nachtmusik,1
neutral,landesflüchtigen,1
neutral,haushahn,1
neutral,leibeskräften,1
neutral,schreist,2
neutral,mark,2
neutral,christkindlein,1
neutral,hemdchen,5
neutral,gewaschen,1
neutral,trocknen,1
neutral,hausfrau,2
neutral,erbarmen,2
neutral,heut,3
neutral,äste,3
neutral,sichersten,1
neutral,einschlief,5
neutral,sähe,2
neutral,fünkchen,1
neutral,brennen,1
neutral,scheine,1
neutral,aufmachen,1
neutral,schlecht.,1
neutral,knochen,2
neutral,dran,4
neutral,täten,1
neutral,schimmern,1
neutral,erleuchtetes,1
neutral,näherte,6
neutral,ratschlagten,2
neutral,vorderfüßen,1
neutral,klettern,1
neutral,fingen,13
neutral,insgesamt,1
neutral,bellte,3
neutral,miaute,3
neutral,krähte,2
neutral,stürzten,3
neutral,scheiben,2
neutral,klirrten,1
neutral,vorlieb,1
neutral,aßen,7
neutral,spielleute,1
neutral,löschten,1
neutral,schlafstätte,1
neutral,bequemlichkeit,1
neutral,mist,1
neutral,warme,1
neutral,hahnenbalken,1
neutral,weitem,4
neutral,bockshorn,1
neutral,abgeschickte,1
neutral,anzuzünden,1
neutral,feurigen,1
neutral,lebendige,1
neutral,kohlen,1
neutral,schwefelhölzchen,1
neutral,spie,1
neutral,kratzte,5
neutral,hintertüre,3
neutral,miste,1
neutral,rannte,6
neutral,tüchtigen,2
neutral,hinterfuß,1
neutral,lärmen,1
neutral,munter,3
neutral,balken,3
neutral,gräuliche,1
neutral,angehaucht,1
neutral,zerkratzt,1
neutral,schwarzes,3
neutral,ungetüm,4
neutral,holzkeule,1
neutral,losgeschlagen,1
neutral,dache,7
neutral,richter,2
neutral,fortkam.,1
neutral,getrauten,1
neutral,musikanten,1
neutral,gefiels,1
neutral,lohn.,1
neutral,seyn,3
neutral,hansens,1
neutral,muntern,1
neutral,stuhl,5
neutral,spart,1
neutral,laufst,1
neutral,schulter.,1
neutral,weißt,2
neutral,klumpen.,1
neutral,müßt,2
neutral,schleppen.,1
neutral,zügel,1
neutral,schnalzen,2
neutral,hopp,4
neutral,rufen.,1
neutral,seelenfroh,1
neutral,frank,1
neutral,ueber,1
neutral,trab,1
neutral,versah,4
neutral,graben,3
neutral,aecker,1
neutral,landstraße,2
neutral,aufgehalten,1
neutral,glieder,3
neutral,mähre,1
neutral,geräth,1
neutral,herabwirft,1
neutral,setze,4
neutral,gäb,1
neutral,drum,2
neutral,vertauschen.,1
neutral,willigte,11
neutral,freuden,5
neutral,bedachte,1
neutral,fehlen,2
neutral,s,5
neutral,beliebt,2
neutral,butter,1
neutral,käse,2
neutral,melk,1
neutral,trinke,1
neutral,verlangst,3
neutral,wirthshaus,1
neutral,freud,1
neutral,mittags-,1
neutral,abendbrot,2
neutral,halbes,6
neutral,einschenken,2
neutral,dorfe,2
neutral,drückender,1
neutral,gaumen,1
neutral,klebte,7
neutral,dürren,5
neutral,leder-mütze,1
neutral,abmühte,1
neutral,vorschein,1
neutral,ungeduldige,1
neutral,thier,2
neutral,hinterfüße,1
neutral,taumelte,2
neutral,zeitlang,3
neutral,besinnen,1
neutral,glücklicher,1
neutral,schubkarren,1
neutral,vorgefallen,1
neutral,höchstens,1
neutral,schlachten.,1
neutral,strich,6
neutral,gedacht,1
neutral,kuhfleisch,1
neutral,saftig,1
neutral,lassen.,3
neutral,übergab,8
neutral,schweinchen,1
neutral,karrn,1
neutral,strick,3
neutral,woran,1
neutral,überdachte,1
neutral,verdrießlichkeit,1
neutral,gesellte,1
neutral,bursch,3
neutral,vortheilhaft,1
neutral,getauscht,1
neutral,kindtaufsschmaus,1
neutral,hebt,3
neutral,genudelt,1
neutral,wog,2
neutral,gewicht,2
neutral,sau.,1
neutral,indessen,4
neutral,bedenklich,1
neutral,schüttelte,12
neutral,mags,1
neutral,schulzen,1
neutral,überlege,1
neutral,vortheil,1
neutral,erstlich,1
neutral,herausträufeln,1
neutral,gänsfettbrot,1
neutral,viertel,2
neutral,kopfkissen,4
neutral,ungewiegt,1
neutral,scheerenschleifer,2
neutral,schnurrenden,1
neutral,schleife,1
neutral,scheere,1
neutral,drehe,1
neutral,hänge,1
neutral,redete,1
neutral,seyd.,1
neutral,güldenen,1
neutral,schleifer,6
neutral,gekauft,3
neutral,eingetauscht.,1
neutral,gekriegt.,1
neutral,gegeben.,1
neutral,dienst.,1
neutral,jederzeit,1
neutral,gewußt,1
neutral,gemacht.,1
neutral,wetzstein,3
neutral,gewöhnlichen,2
neutral,läßt,6
neutral,lud,5
neutral,vergnügtem,1
neutral,glückshaut,3
neutral,sonntagskind.,1
neutral,tagesanbruch,1
neutral,begann,24
neutral,müd,1
neutral,plagte,1
neutral,vorrath,1
neutral,erhandelte,1
neutral,aufgezehrt,2
neutral,mühe,9
neutral,drückten,2
neutral,erbärmlich,1
neutral,gedankens,1
neutral,erwehren,1
neutral,schnecke,1
neutral,feldbrunnen,1
neutral,geschlichen,2
neutral,frischen,1
neutral,niedersitzen,1
neutral,beschädigte,1
neutral,bedächtig,1
neutral,drehte,3
neutral,plumpten,1
neutral,sechse,6
neutral,künste,1
neutral,diente,3
neutral,brav,1
neutral,zehrgeld,1
neutral,wellchen,1
neutral,heimbringen,1
neutral,welle,1
neutral,knien,1
neutral,angelegt,1
neutral,zielte,1
neutral,meilen,5
neutral,eichbaums,1
neutral,auge,7
neutral,schießen.,1
neutral,windmühlen,3
neutral,blättchen,2
neutral,regt,1
neutral,lüftchen,1
neutral,nasenloch,2
neutral,blies,9
neutral,blase,1
neutral,laufen.,1
neutral,bläser,3
neutral,abgeschnallt,2
neutral,ausruhen.,1
neutral,laufer,7
neutral,springe,2
neutral,laufe,1
neutral,geschwinder,1
neutral,fliegt.,1
neutral,begegneten,10
neutral,manierlich,2
neutral,häng,1
neutral,narr.,1
neutral,darfs,2
neutral,setz,1
neutral,erfrieren,1
neutral,erde.,1
neutral,trüge,1
neutral,verlöre,1
neutral,pfand,1
neutral,haften.,1
neutral,verabredet,1
neutral,schnallte,3
neutral,hurtig,1
neutral,hilf,4
neutral,siegen.,1
neutral,brächte,2
neutral,sieger,1
neutral,gesaust,1
neutral,langte,2
neutral,schöpfte,3
neutral,überkam,1
neutral,pferdeschädel,2
neutral,läge,2
neutral,gewöhnlicher,1
neutral,leerte,1
neutral,aufkommen,1
neutral,wegschoß,1
neutral,verlor,12
neutral,minuten,1
neutral,bang,1
neutral,sollt,9
neutral,stäben,1
neutral,besetzt,2
neutral,laßts,1
neutral,darinnen,1
neutral,glühend,1
neutral,sechsen,2
neutral,merkten,1
neutral,sinne,2
neutral,ersticken,4
neutral,gelingen,1
neutral,schämen,1
neutral,verkriechen,1
neutral,alsobald,1
neutral,schüsseln,7
neutral,anfingen,1
neutral,frieren,2
neutral,verschmachtet,1
neutral,aufging,4
neutral,wärmen,2
neutral,frören,1
neutral,willst.,2
neutral,vierzehn,3
neutral,holen.,3
neutral,ausrupfen,1
neutral,hausgroßen,1
neutral,ballen,1
neutral,leinewand,1
neutral,wegschleppen,1
neutral,tonne,1
neutral,herbringen,1
neutral,sechzehn,2
neutral,stärksten,1
neutral,deckt,1
neutral,boden.,1
neutral,herbeitragen,1
neutral,siebentausend,1
neutral,vorgespannten,1
neutral,wird.,3
neutral,stack,1
neutral,ist.,4
neutral,huckte,1
neutral,forttrug,1
neutral,reiterei,2
neutral,nachjagen,1
neutral,abzunehmen,2
neutral,regimenter,2
neutral,riefen,16
neutral,werdet,10
neutral,zusammengehauen.,1
neutral,sämtlich,1
neutral,herumtanzen,1
neutral,hierhin,1
neutral,blasen.,1
neutral,bescheid,3
neutral,kerle,1
neutral,sich.,1
neutral,krystallkugel,2
neutral,brüderlich,1
neutral,liebten,4
neutral,traute,3
neutral,adler,2
neutral,felsengebirge,1
neutral,hausen,1
neutral,kreißen,1
neutral,wallfisch,2
neutral,wasserstrahl,1
neutral,fürchtete,5
neutral,reißendes,1
neutral,säße,2
neutral,harrte,1
neutral,jünglinge,2
neutral,aufzusuchen,1
neutral,ausgang,2
neutral,eigenschaften,1
neutral,wünschhut,1
neutral,hinwünschen,1
neutral,dort.,1
neutral,rufe,1
neutral,lauft,2
neutral,gehören.,1
neutral,seufzte,5
neutral,herzensgrund,1
neutral,lippen,4
neutral,scheue,1
neutral,gefahr.,1
neutral,krystallne,2
neutral,kehre,2
neutral,jammerst,1
neutral,gefährlichkeiten,1
neutral,begibst.,1
neutral,abhalten,1
neutral,sage,6
neutral,muss.,2
neutral,hinabgehst,1
neutral,auerochs,1
neutral,glückt,1
neutral,feuriger,1
neutral,erheben,2
neutral,glühendes,1
neutral,dotter,1
neutral,eis,2
neutral,zerschmilzt,1
neutral,auerochse,1
neutral,schnaubte,1
neutral,anbrüllte,1
neutral,langem,2
neutral,erhob,9
neutral,feuervogel,1
neutral,wolken,4
neutral,bedrängnis,1
neutral,aufgehen,2
neutral,erhoben,3
neutral,haushohe,1
neutral,wellen,1
neutral,strömten,1
neutral,bezwangen,1
neutral,getrieben,3
neutral,vorhielt,1
neutral,glanz,5
neutral,wechselten,1
neutral,ringe,2
neutral,weisheit,5
neutral,berühmt,1
neutral,verborgensten,1
neutral,abgetragen,1
neutral,zugegen,1
neutral,zugedeckt,1
neutral,deckte,3
neutral,zurückhalten,1
neutral,sperlinge,1
neutral,erzählten,7
neutral,genuß,1
neutral,verliehen,1
neutral,schönster,1
neutral,drohte,6
neutral,heftigen,1
neutral,täter,1
neutral,gerichtet,4
neutral,beteuerte,1
neutral,bessern,1
neutral,fließenden,1
neutral,ruhten,1
neutral,schnäbeln,1
neutral,glatt,2
neutral,vertrauliches,1
neutral,herumgewackelt,1
neutral,geschluckt.,1
neutral,schlachte,1
neutral,genährt.,1
neutral,gescheut,1
neutral,gebraten,1
neutral,ausgenommen,1
neutral,auszubitten,1
neutral,ehrenstelle,1
neutral,wünschte,2
neutral,teich,3
neutral,bemerkte,8
neutral,rohr,1
neutral,schnappten,1
neutral,obgleich,5
neutral,klage,1
neutral,umkommen,1
neutral,zappelten,1
neutral,streckten,1
neutral,vergelten,1
neutral,errettet,2
neutral,ameisenkönig,3
neutral,hufen,2
neutral,lenkte,4
neutral,seitenweg,1
neutral,vergelten.,2
neutral,rabenvater,1
neutral,rabenmutter,1
neutral,galgenschwengel,1
neutral,ernähren.,1
neutral,flatterten,2
neutral,fittichen,2
neutral,hilflosen,1
neutral,ernähren,4
neutral,herbeigehüpft,1
neutral,sättigten,1
neutral,lärm,4
neutral,gedränge,1
neutral,straßen,6
neutral,vollbringen,2
neutral,verwirkt.,1
neutral,überlegte,1
neutral,mittelste,1
neutral,muschel,1
neutral,munde,3
neutral,strand,1
neutral,hinlegte,1
neutral,aufhob,1
neutral,stolze,2
neutral,ebenbürtig,1
neutral,verschmähte,1
neutral,streute,2
neutral,hirsen,2
neutral,sonnenstrahlen,1
neutral,körnchen,1
neutral,fehlte,4
neutral,ameisen,1
neutral,dankbaren,1
neutral,emsigkeit,1
neutral,gelesen,1
neutral,stolzes,1
neutral,trügen,1
neutral,königreiche,3
neutral,gewandert,1
neutral,ästen,1
neutral,geräusch,1
neutral,goldner,1
neutral,hungertod,1
neutral,suchtest,1
neutral,geholt.,1
neutral,totenbett,1
neutral,liege.,1
neutral,getreuen,2
neutral,liebster,3
neutral,lebelang,1
neutral,grabe,3
neutral,sterbelager,1
neutral,gewisslich,1
neutral,kosten.,1
neutral,trauer,6
neutral,erbe,3
neutral,väterliches,1
neutral,zeigen.,2
neutral,kammern,2
neutral,gefährliche,2
neutral,vorüberging,1
neutral,schließest,1
neutral,erschrickst.,1
neutral,ausschlagen.,1
neutral,hineinkomme,1
neutral,ists,2
neutral,sicheres,1
neutral,aufgeschlossen,1
neutral,vielem,1
neutral,seufzen,2
neutral,bund,1
neutral,stärkte,1
neutral,getreuster,1
neutral,beistehen.,1
neutral,anzufangen,1
neutral,tische,1
neutral,stühle,2
neutral,näpfe,1
neutral,hausgerät,1
neutral,schatze,1
neutral,tonnen,1
neutral,goldschmieden,1
neutral,reichs,1
neutral,allerhand,2
neutral,gefäßen,1
neutral,gerätschaften,1
neutral,gewild,1
neutral,wunderbaren,3
neutral,hinfahren,1
neutral,goldschmiede,1
neutral,herrlichsten,1
neutral,kaufmannskleider,1
neutral,gleiches,1
neutral,schiffe,2
neutral,zurückbleiben,1
neutral,goldgefäße,1
neutral,aufstellen,1
neutral,ausschmücken.,1
neutral,schürzchen,4
neutral,goldsachen,2
neutral,hineinschauen,1
neutral,abkauft.,1
neutral,kammerjungfer,8
neutral,kaufmanns,1
neutral,geringer,1
neutral,übergroßer,1
neutral,meere,4
neutral,vorn,1
neutral,heim.,4
neutral,schiffe.,1
neutral,fuchsrotes,1
neutral,entgegenspringen,1
neutral,aufschwingen,1
neutral,sprengt,1
neutral,nimmer,1
neutral,sieht.,1
neutral,aufsitzt,1
neutral,feuergewehr,1
neutral,halftern,2
neutral,sagts,1
neutral,fußzehen,1
neutral,knie.,1
neutral,gemachtes,1
neutral,brautemd,3
neutral,wärs,1
neutral,gewebt,2
neutral,schwefel,1
neutral,antut,1
neutral,knochen.,1
neutral,handschuhen,2
neutral,hemd,3
neutral,hilfts,1
neutral,leibes,2
neutral,herzen.,2
neutral,anhebt,1
neutral,erbleichen,1
neutral,hinfallen,1
neutral,speit,1
neutral,wirbel,2
neutral,fußzehe.,1
neutral,verschwieg,1
neutral,entdeckte,9
neutral,hingeben,2
neutral,gehen.,5
neutral,sprengte,2
neutral,prächtiger,2
neutral,fuchsroter,1
neutral,gaul,6
neutral,aufsetzen,2
neutral,schändlich,1
neutral,getreuester,3
neutral,gemachte,1
neutral,murren,1
neutral,brautemd.,1
neutral,johannes.,2
neutral,antlitz,2
neutral,erbleichte,3
neutral,kniete,2
neutral,sog,1
neutral,speite,1
neutral,atmete,2
neutral,werft,1
neutral,gefängnis.,1
neutral,vergönnt,1
neutral,treuester,1
neutral,geredet,1
neutral,lebloß,1
neutral,herabgefallen,1
neutral,gebar,8
neutral,söhnlein,2
neutral,blute,1
neutral,bestrichen,1
neutral,unbelohnt,1
neutral,häupter,3
neutral,bestrich,4
neutral,heil,2
neutral,spielten,3
neutral,dunkler,3
neutral,linde,1
neutral,langeweile,2
neutral,liebstes,2
neutral,spielwerk,2
neutral,händchen,1
neutral,möchte.,1
neutral,woher,3
neutral,häßlichen,2
neutral,bists,1
neutral,wasserpatscher,1
neutral,weine,4
neutral,heraufhole,1
neutral,warte,3
neutral,du.,2
neutral,quak,2
neutral,nachschrie,1
neutral,hofleuten,1
neutral,plitsch,2
neutral,platsch,2
neutral,marmortreppe,1
neutral,gekrochen,1
neutral,riese,3
neutral,garstiger,1
neutral,frosch.,1
neutral,spielte,5
neutral,heraufgeholt,1
neutral,durchaus,2
neutral,geselle,2
neutral,zweitenmal,4
neutral,fuße,2
neutral,heb,1
neutral,bisslein,1
neutral,kämmerlein,1
neutral,seiden,1
neutral,legen.,1
neutral,kalten,2
neutral,anzurühren,1
neutral,reinen,2
neutral,verachten.,1
neutral,pferden,5
neutral,straußfedern,1
neutral,hinten,3
neutral,betrübt,5
neutral,traurigkeit,1
neutral,zerspränge,1
neutral,zerbrochen,3
neutral,geweissagt,1
neutral,vierzehnten,2
neutral,unternimmt,1
neutral,ärgerte,1
neutral,überlasst,1
neutral,versorgen.,1
neutral,weigerten,1
neutral,schweres,2
neutral,dachten,4
neutral,ausschlagen,2
neutral,willigten,1
neutral,schachtel,6
neutral,unerwarteten,1
neutral,geholfen.,1
neutral,schiffchen,2
neutral,drang,2
neutral,tröpfchen,1
neutral,hauptstadt,1
neutral,wehr,2
neutral,mahlbursche,2
neutral,glücklicherweise,1
neutral,müllersleuten,2
neutral,beschert.,1
neutral,pflegten,2
neutral,fündling,2
neutral,tugenden,1
neutral,müllersleute,1
neutral,goldstücke,4
neutral,hießen,1
neutral,zurückkomme.,1
neutral,briefe,1
neutral,verirrte,3
neutral,gelangte,14
neutral,übernachten.,1
neutral,um.,2
neutral,fürchte,4
neutral,erbrachen,1
neutral,lasen,6
neutral,ankäme,2
neutral,hartherzigen,1
neutral,zerriss,1
neutral,zeigten,3
neutral,erteilt.,1
neutral,habe.,3
neutral,haupte,2
neutral,bringst,1
neutral,ausfragte,1
neutral,gewerbe,2
neutral,verstände,2
neutral,marktbrunnen,1
neutral,quoll,3
neutral,gibt.,1
neutral,wiederkomme.,2
neutral,torwächter,1
neutral,gewerb,2
neutral,verstünde,1
neutral,treibt.,1
neutral,abgelöst,2
neutral,werde.,2
neutral,ellermutter,6
neutral,breiten,2
neutral,sorgenstuhl,1
neutral,dauerst,1
neutral,ameise,2
neutral,kriech,2
neutral,rockfalten,1
neutral,sicher.,1
neutral,möcht,2
neutral,laub,4
neutral,herüber,1
neutral,halte,3
neutral,ausziehe.,1
neutral,einbrach,3
neutral,schalt,6
neutral,gekehrt,1
neutral,wirfst,3
neutral,menschenfleisch,1
neutral,abendbrot.,1
neutral,lausen,1
neutral,schlummerte,2
neutral,autsch,1
neutral,gefasst.,1
neutral,geträumt,2
neutral,nimms,1
neutral,übel,4
neutral,getan.,2
neutral,störst,1
neutral,ohrfeige.,1
neutral,lauste,1
neutral,he,1
neutral,dummbart,1
neutral,frei.,1
neutral,fortgezogen,1
neutral,rockfalte,1
neutral,versprochene,1
neutral,fahr,1
neutral,jenseitigen,1
neutral,übergefahren,1
neutral,hand.,1
neutral,unfruchtbare,1
neutral,golde,2
neutral,drüben,4
neutral,füllen.,1
neutral,habsüchtige,1
neutral,winkte,1
neutral,übersetzen,1
neutral,jenseitige,1
neutral,ruderstange,1
neutral,sünden,1
neutral,abgenommen,1
neutral,häßliche,1
neutral,faule,4
neutral,blutig,2
neutral,bückte,3
neutral,heftig,3
neutral,unbarmherzig,1
neutral,hinunterfallen,1
neutral,herauf.,1
neutral,herzensangst,1
neutral,verbrenn,2
neutral,ausgebacken.,2
neutral,brotschieber,1
neutral,reif.,2
neutral,regneten,1
neutral,haufen,3
neutral,zusammengelegt,1
neutral,fortlaufen,1
neutral,machst,3
neutral,aufschüttelst,1
neutral,holle.,1
neutral,zusprach,1
neutral,jammer,3
neutral,kriegt,2
neutral,meinigen.,1
neutral,aufgetan,3
neutral,goldregen,2
neutral,bedeckt,2
neutral,hie.,1
neutral,dornhecke,2
neutral,pfade,1
neutral,schmutzig,2
neutral,aufstehen,2
neutral,gebührte,1
neutral,aufflogen,1
neutral,ausgeschüttet,1
neutral,mahlen,1
neutral,getreide,1
neutral,wegfangen,1
neutral,erbschaft,1
neutral,pelzhandschuhe,1
neutral,hör,3
neutral,brauchst,6
neutral,handschuhe,1
neutral,ausgehen,3
neutral,korn,6
neutral,zuziehen,1
neutral,rebhühner,3
neutral,wußte,3
neutral,gedachte,1
neutral,besserzumachen,1
neutral,auseinander,3
neutral,leitete,1
neutral,anzahl,1
neutral,drinnen,2
neutral,geradewegs,1
neutral,kurzweg,1
neutral,müllersohn,1
neutral,stützte,2
neutral,weggegeben,1
neutral,auszog,2
neutral,ziehe,1
neutral,gestiefelt,1
neutral,fang,2
neutral,durfte,9
neutral,karten,1
neutral,spazierenfahren,1
neutral,bade,1
neutral,splitternackt,2
neutral,baden,2
neutral,erkälten,1
neutral,zurückjagen,1
neutral,ohnehin,1
neutral,gewogen,2
neutral,vorausgegangen,1
neutral,heu,2
neutral,vorbeifahren,3
neutral,kornfeld,2
neutral,übersehen,1
neutral,zweihundert,2
neutral,dreihundert,2
neutral,fällten,1
neutral,eichen,1
neutral,keck,3
neutral,verächtlich,1
neutral,verbeugte,1
neutral,könntest,1
neutral,betrifft,1
neutral,elefant,2
neutral,kleinigkeit,1
neutral,löwe,29
neutral,gewiß,1
neutral,irgendein,1
neutral,maus,2
neutral,spazierengefahren,1
neutral,ehre,2
neutral,minister,1
neutral,leistet.,1
neutral,verschmachte,1
neutral,verlaufenen,1
neutral,aufnehmen,1
neutral,verlange.,1
neutral,umgräbst.,1
neutral,arbeitete,10
neutral,fuder,1
neutral,machen.,4
neutral,verlangst.,1
neutral,brunnen.,2
neutral,zusammengebracht,1
neutral,bind,1
neutral,führe,1
neutral,gericht.,1
neutral,furchtbarem,1
neutral,geschrei,4
neutral,geritten,5
neutral,ausgerichtet,2
neutral,galgen.,1
neutral,befiehlst,2
neutral,rufe.,1
neutral,nötig,3
neutral,anzündest,1
neutral,möglich,6
neutral,einzurichten,1
neutral,bezogen,1
neutral,nehmen.,1
neutral,kehr,1
neutral,stube.,1
neutral,sessel,1
neutral,widerstreben,1
neutral,halbgeschlossenen,1
neutral,hahnschrei,1
neutral,aufgestanden,3
neutral,wunderlichen,1
neutral,blitzesschnelle,1
neutral,fortgetragen,2
neutral,aufwarten,2
neutral,gemeine,1
neutral,einzelne,1
neutral,listige,1
neutral,hahnenschrei,1
neutral,mägdedienste,1
neutral,geregnet.,1
neutral,behalt,1
neutral,legst,1
neutral,kehrst,1
neutral,verstecke,1
neutral,riet,4
neutral,schlimm,1
neutral,erwiderte,3
neutral,zurückgetragen,1
neutral,eingeholt,1
neutral,belastet,1
neutral,gefängnisses,1
neutral,vorbeigehen,2
neutral,scheibe,1
neutral,herbeikam,1
neutral,bündelchen,1
neutral,dukaten.,1
neutral,kamerad,1
neutral,hinführen,1
neutral,verurteilte,3
neutral,netz,1
neutral,auswarf,1
neutral,herauszog,1
neutral,verwunderung,1
neutral,betrachtete,3
neutral,schloss.,1
neutral,goldfisch,2
neutral,gesorgt,1
neutral,aufschließest,1
neutral,wünschest.,1
neutral,tun.,7
neutral,entdeckst,1
neutral,sprichst,1
neutral,vorbei.,1
neutral,gestanden,1
neutral,geputzt,1
neutral,entdecke,1
neutral,dahin.,1
neutral,begehr,1
neutral,wissen.,2
neutral,quälte,1
neutral,stachelte,1
neutral,ungeduld,2
neutral,dus,1
neutral,hungertuch,1
neutral,nagen.,1
neutral,ruhe.,1
neutral,zerschneid,1
neutral,stücke,5
neutral,stücken,2
neutral,lilien,2
neutral,aufwuchsen,1
neutral,fischers,1
neutral,rosse,1
neutral,ausziehen.,1
neutral,fortzieht,1
neutral,welk,1
neutral,ritten,12
neutral,goldkinder,2
neutral,erblickten,3
neutral,spotten,1
neutral,durchreitet,1
neutral,euere,1
neutral,schlagen.,1
neutral,hindurch.,1
neutral,bärenfelle,1
neutral,überzog,1
neutral,getrost,4
neutral,fortgeritten,2
neutral,gebüschen,1
neutral,rauschen,3
neutral,riefs,2
neutral,kahl,2
neutral,kirchenmaus,1
neutral,goldkind,2
neutral,kams,1
neutral,aufstand,1
neutral,gemeiner,1
neutral,verlumpter,1
neutral,hirsch,4
neutral,gebüsche,1
neutral,umsah,1
neutral,kenn,1
neutral,hündlein,2
neutral,berücken,1
neutral,schieße,2
neutral,machst.,1
neutral,ungerne,1
neutral,menschliches,1
neutral,wiedersahen,1
neutral,küssten,2
neutral,herzten,3
neutral,hattest,1
neutral,lilie,1
neutral,fortgeblüht.,1
neutral,ziehet,1
neutral,ziehen.,2
neutral,inwendig,3
neutral,hutzelbein,2
neutral,hutzelbeins,2
neutral,hutzel,2
neutral,wär.,1
neutral,dicke,3
neutral,itschen,1
neutral,begehren,2
neutral,teppich.,1
neutral,her.,1
neutral,albern,2
neutral,aufbringen,1
neutral,schäfersweib,1
neutral,groben,2
neutral,tücher,1
neutral,trugen,4
neutral,erstaunte,1
neutral,königreich.,1
neutral,baten,1
neutral,zogen,14
neutral,erdtüre,1
neutral,wagenring,1
neutral,vorzeigte,1
neutral,reich.,2
neutral,ausspruch,1
neutral,heimbrächte,1
neutral,nochmals,2
neutral,ausgehölte,1
neutral,gelbe,1
neutral,rübe,1
neutral,mäuschen,1
neutral,küsste,8
neutral,bauernweiber,3
neutral,tod.,1
neutral,betäubten,1
neutral,könnens,1
neutral,verlangten,1
neutral,vorzug,1
neutral,fräulein,1
neutral,plump,1
neutral,brachen,3
neutral,geherrscht,1
neutral,zeiten,5
neutral,kriegten,1
neutral,ladete,1
neutral,bloß,3
neutral,verwandte,1
neutral,hold,1
neutral,dreizehn,2
neutral,grüßen,2
neutral,funfzehnten,1
neutral,hinfallen.,1
neutral,verließ,7
neutral,zwölfte,1
neutral,mildern,1
neutral,hundertjähriger,1
neutral,fällt.,1
neutral,spindeln,1
neutral,funfzehn,1
neutral,zurückblieb,2
neutral,stuben,1
neutral,wendeltreppe,1
neutral,verrosteter,1
neutral,umdrehte,1
neutral,stübchen,1
neutral,emsig,1
neutral,flachs,1
neutral,empfand,2
neutral,verbreitete,5
neutral,getreten,1
neutral,einzuschlafen,1
neutral,flackerte,5
neutral,brutzeln,2
neutral,küchenjungen,1
neutral,umzog,1
neutral,fahne,1
neutral,königssöhne,1
neutral,dringen,1
neutral,starben,2
neutral,dahinter,1
neutral,wunderschöne,1
neutral,verflossen,2
neutral,unbeschädigt,1
neutral,scheckigen,1
neutral,jagdhunde,2
neutral,köpfchen,4
neutral,anpacken,1
neutral,gerupft,1
neutral,saale,2
neutral,throne,1
neutral,rüttelten,1
neutral,wedelten,1
neutral,unterm,2
neutral,wänden,1
neutral,krochen,4
neutral,königssohns,1
neutral,müllerburschen,2
neutral,dienten,2
neutral,etliche,2
neutral,verpflegen,1
neutral,kleinknecht,1
neutral,gönnten,1
neutral,albernen,1
neutral,warteten,5
neutral,hänschen,1
neutral,dahinging,1
neutral,buntes,1
neutral,baß,1
neutral,geige,1
neutral,weggetragen,1
neutral,miezekatze,1
neutral,leuchtete,3
neutral,schlafkammer,2
neutral,strümpfe,2
neutral,halfen,4
neutral,strumpfbänder,2
neutral,trocknete,1
neutral,schwanz,5
neutral,sanft,3
neutral,kleinmachen,1
neutral,kriegte,1
neutral,keile,1
neutral,säge,1
neutral,schläger,1
neutral,kupfer,1
neutral,mähe,2
neutral,geheißen,1
neutral,vollbrachter,1
neutral,einerlei,1
neutral,bauholz,1
neutral,zimmeraxt,1
neutral,winkeleisen,1
neutral,baue,1
neutral,baute,1
neutral,herumgegangen,1
neutral,lumpiges,1
neutral,kittelchen,4
neutral,heimkam,2
neutral,seins,2
neutral,blind,2
neutral,lahm,2
neutral,nachkommen,1
neutral,herkriegen,1
neutral,rechtes,2
neutral,gänseställchen,1
neutral,hartes,1
neutral,bunte,1
neutral,verrissen,1
neutral,gänsestall,1
neutral,zusammenpacken,1
neutral,bediente,1
neutral,mahlburschen,1
neutral,bedienten,1
neutral,mahlbursch,1
neutral,werkzeug,1
neutral,gebaut,4
neutral,herabgezogen,1
neutral,küchenmagd.,1
neutral,kittel,1
neutral,aufstehn,1
neutral,anmachen,2
neutral,obendrein,1
neutral,ersinnliche,1
neutral,herzeleid,1
neutral,verspotteten,5
neutral,schütteten,1
neutral,auslesen,1
neutral,gearbeitet,1
neutral,messe,1
neutral,stieftöchter,1
neutral,reis,3
neutral,brecht,1
neutral,busch,2
neutral,streifte,3
neutral,haselreis,1
neutral,stieftöchtern,1
neutral,haselbusch,1
neutral,betete,1
neutral,allemal,1
neutral,aussprach,1
neutral,dauern,2
neutral,staub,6
neutral,schmutz,2
neutral,anhielt,3
neutral,geschüttet,2
neutral,ausgelesen,1
neutral,mitgehen.,2
neutral,zahmen,2
neutral,turteltäubchen,4
neutral,helft,2
neutral,schlechten,4
neutral,kröpfchen.,2
neutral,küchenfenster,2
neutral,schwirrten,2
neutral,schwärmten,2
neutral,nickten,2
neutral,pik,16
neutral,übrigen,2
neutral,körnlein,1
neutral,ausgelacht.,1
neutral,körner,1
neutral,haselbaum,2
neutral,mich.,5
neutral,ausgestickte,1
neutral,aufzufordern,1
neutral,tänzerin.,3
neutral,begleite,1
neutral,angehörte,2
neutral,entwischte,1
neutral,taubenhaus,4
neutral,wartete,5
neutral,trübes,1
neutral,schornstein,3
neutral,haselbäumchen,5
neutral,anhub,1
neutral,stolzeres,1
neutral,vorigen,2
neutral,aufforderten,1
neutral,entwischt,1
neutral,birnbaum,1
neutral,gesprungen.,1
neutral,herabgesprungen,1
neutral,aufforderte,1
neutral,entsprang,1
neutral,zierlich,1
neutral,zehe,3
neutral,hineinkommen,1
neutral,zwängte,2
neutral,verbiss,2
neutral,di,6
neutral,schuck,6
neutral,herausquoll,1
neutral,wendete,3
neutral,vorbeikamen,1
neutral,strümpfen,1
neutral,heraufgestiegen,1
neutral,verbuttetes,1
neutral,heraufschicken,1
neutral,neigte,4
neutral,schemel,1
neutral,pantoffel,1
neutral,angegossen,1
neutral,einschmeicheln,1
neutral,brautleute,1
neutral,pickten,4
neutral,müsst,1
neutral,gehoben,1
neutral,königliches,3
neutral,knäuel,4
neutral,wunderbarer,1
neutral,eigenschaft,1
neutral,hinwarf,1
neutral,verrieten,1
neutral,herausgebracht,1
neutral,aufbewahrte,1
neutral,weißseidene,1
neutral,hexenkünste,1
neutral,nähete,2
neutral,stiefkinder,1
neutral,zurückgelassen,1
neutral,fensterlein,1
neutral,weggeflogen,1
neutral,aufgelesen,1
neutral,trauerte,1
neutral,vollbracht,3
neutral,geraubt,3
neutral,fortnehmen,1
neutral,wildhütte,2
neutral,kroch,5
neutral,untergehen,1
neutral,hereingeflogen,1
neutral,bliesen,2
neutral,schwanenhaut,2
neutral,weniger,3
neutral,dauer,1
neutral,bleibens,1
neutral,verwandelt.,2
neutral,sternenblumen,1
neutral,zusammennähen,1
neutral,verloren.,1
neutral,sammelte,4
neutral,sternblumen,1
neutral,zugebracht,1
neutral,bedrängten,2
neutral,gürtel,2
neutral,anhatte,1
neutral,entbehren,1
neutral,hemdlein,1
neutral,abweisen,1
neutral,führten,4
neutral,litt,1
neutral,antat,1
neutral,beständig,1
neutral,achtete,3
neutral,nächstemal,1
neutral,übte,2
neutral,schwiegermutter,2
neutral,entschließen,1
neutral,beizumessen,1
neutral,verteidigen,2
neutral,neugeborne,1
neutral,raubte,2
neutral,anklagte,1
neutral,vertheidigung,1
neutral,vorbrachte,1
neutral,erleiden,1
neutral,angezündet,2
neutral,unschuldig,2
neutral,fälschlich,1
neutral,angeklagt,1
neutral,herbeigeholt,1
neutral,nährte,2
neutral,erhielten,2
neutral,abfall,1
neutral,steinchen,1
neutral,birkenbaum,1
neutral,abhauen,1
neutral,nachsuchte,1
neutral,goldvogel,3
neutral,forthelfen,1
neutral,spieß,2
neutral,nothwendig,1
neutral,besenbinders,2
neutral,hereinliefen,1
neutral,paarmal,1
neutral,herumdrehten,1
neutral,stücklein,2
neutral,pfanne,1
neutral,herabfielen,1
neutral,bischen,1
neutral,wirds,3
neutral,merken.,1
neutral,herausgefallen,1
neutral,vermisste,1
neutral,hähnchen,1
neutral,verzehrte,1
neutral,goldstück,4
neutral,aufstanden,1
neutral,klingelte,1
neutral,aufhoben,1
neutral,warens,1
neutral,dulde,1
neutral,traurigem,1
neutral,verirrten,1
neutral,rechtschaffen,2
neutral,legt.,1
neutral,gefielen,2
neutral,lernten,2
neutral,jägerei,1
neutral,herangewachsen,1
neutral,pflegevater,5
neutral,euern,1
neutral,probeschuß,3
neutral,anstand,1
neutral,schneegänsen,1
neutral,dreiecks,1
neutral,schieß,3
neutral,herab.,1
neutral,tats,1
neutral,vollbrachte,1
neutral,angeflogen,1
neutral,ziffer,1
neutral,herunterholen,1
neutral,gelang,7
neutral,spreche,1
neutral,ausgelernte,1
neutral,jäger.,1
neutral,niedergesetzt,1
neutral,habt.,1
neutral,ausgelernt,1
neutral,wandern.,1
neutral,brave,1
neutral,ergehen.,1
neutral,tranken,4
neutral,gesparten,1
neutral,goldstücken,3
neutral,begleitete,2
neutral,stoßt,1
neutral,scheideweg,1
neutral,abwesenden,1
neutral,ergangen,1
neutral,rostet,1
neutral,blank.,1
neutral,jägertasche,1
neutral,leiden,1
neutral,behielten,1
neutral,niederschießen,1
neutral,füchslein,2
neutral,mochten,2
neutral,dickicht,1
neutral,herumtraben,1
neutral,mähnen,1
neutral,zielten,1
neutral,füchse,1
neutral,nachzogen,1
neutral,füchsen,1
neutral,schleicher,1
neutral,verschlagen.,1
neutral,trennen.,1
neutral,brüderliche,1
neutral,stießen,2
neutral,flor,3
neutral,überzogen,2
neutral,herbergen,1
neutral,loch,3
neutral,kohlhaupt,1
neutral,hinbringen,1
neutral,rasen,1
neutral,fraßen,2
neutral,reine,3
neutral,verwüstet,1
neutral,hingegeben,1
neutral,überliefert,1
neutral,geschehen.,2
neutral,habens,1
neutral,eingebüßt,1
neutral,erben.,3
neutral,drachenberg,4
neutral,altar,1
neutral,gefüllte,1
neutral,schrift,1
neutral,austrinkt,1
neutral,türschwelle,1
neutral,vergraben,1
neutral,liegt.,2
neutral,vermochte,3
neutral,aufzunehmen,1
neutral,ausgeliefert,2
neutral,marschall,13
neutral,hofleute,2
neutral,erwartete,2
neutral,hinaufgehen,1
neutral,trost,3
neutral,verschloss,3
neutral,gebraus,1
neutral,siebenköpfige,1
neutral,trockne,1
neutral,glut,3
neutral,dampf,1
neutral,herbeigelaufen,1
neutral,matt,3
neutral,schweif,1
neutral,zerrissen,5
neutral,aufschlug,2
neutral,zerrissenen,1
neutral,taschentuch,2
neutral,name,6
neutral,drachenköpfen,1
neutral,zungen,4
neutral,verwahrte,1
neutral,überfällt,1
neutral,wecke,4
neutral,zuschauen,1
neutral,fortfliegen,2
neutral,zerstückt,1
neutral,versunken,2
neutral,hats,1
neutral,zwang,3
neutral,fordere,1
neutral,zugesagt,1
neutral,hummel,2
neutral,wischte,2
neutral,weckte,4
neutral,hangen,1
neutral,herfallen,1
neutral,hier.,1
neutral,fügte,2
neutral,abgeschlagenem,1
neutral,lebenswurzel,2
neutral,eil,1
neutral,verkehrt,2
neutral,fehler,1
neutral,heilte,3
neutral,jahres,2
neutral,scharlach,3
neutral,vorm,3
neutral,unsers,1
neutral,gekämpft,1
neutral,ausgehängt.,1
neutral,mittagszeit,1
neutral,springer,1
neutral,häslein,2
neutral,geringste,1
neutral,metzgerhunde,2
neutral,flicken,1
neutral,flüchtete,2
neutral,schilderhaus,1
neutral,gewahr,1
neutral,heraushaben,1
neutral,kolben,1
neutral,schreiend,1
neutral,heulend,1
neutral,fortliefen,1
neutral,hintragen,1
neutral,wirtsstube,1
neutral,hinterbeine,2
neutral,vorderpfoten,1
neutral,rotfuchs,1
neutral,winkel,2
neutral,anrichten,1
neutral,wedelte,1
neutral,zugemüs,6
neutral,zupfte,1
neutral,umschauen,1
neutral,zuckerwerk,5
neutral,leckst,1
neutral,süßes,2
neutral,flinten,1
neutral,tatzen,1
neutral,ohrfeigen,1
neutral,rückwärts,2
neutral,gehn,1
neutral,zuckerbäcker,1
neutral,leckte,1
neutral,zuckererbsen,1
neutral,heruntergerollt,1
neutral,trinkt.,3
neutral,trinkst,1
neutral,rausch,1
neutral,brüllte,2
neutral,halsbande,1
neutral,mundschenk,6
neutral,tränke,1
neutral,kriege.,1
neutral,zapfen,1
neutral,zapfte,3
neutral,maaß,3
neutral,schluckte,2
neutral,rechte.,2
neutral,dummes,1
neutral,vieh,1
neutral,aufgemacht,2
neutral,stillschweigens,1
neutral,flaschen,1
neutral,freie,1
neutral,schwankte,1
neutral,trunken,1
neutral,henkelkorb,1
neutral,heiraten.,2
neutral,zugehen,1
neutral,untiers,1
neutral,eingewickelt,1
neutral,halte.,1
neutral,setzen.,1
neutral,dagegen.,1
neutral,einladen,2
neutral,lasse,1
neutral,aufwarten.,1
neutral,abgeholt,1
neutral,drachenzungen,2
neutral,gemahlin.,1
neutral,rachen,4
neutral,bleich,4
neutral,zungen.,1
neutral,lügner,1
neutral,siegers,1
neutral,gestickt,1
neutral,getier,1
neutral,verteilt,1
neutral,halfen.,1
neutral,geruht,1
neutral,vorgegeben,1
neutral,gelogen,1
neutral,beweise,1
neutral,halsband.,1
neutral,wunderbare,1
neutral,herumgezogen,2
neutral,hierher,2
neutral,marschalls,2
neutral,erzählung,1
neutral,wirtes,1
neutral,schandtat,1
neutral,zutun,1
neutral,abgezwungen,1
neutral,ausgehalten,1
neutral,ratsherrn,1
neutral,urteilten,1
neutral,ernannte,2
neutral,statthalter,1
neutral,mein.,1
neutral,rechten.,1
neutral,gnaden,2
neutral,schenke,3
neutral,dazu.,1
neutral,geheuer,1
neutral,käm,1
neutral,hirschkuh,4
neutral,haltet,1
neutral,zauberwald,3
neutral,nachgejagt,1
neutral,gekommen.,1
neutral,besorgnis,1
neutral,nachgeritten,1
neutral,einholen,3
neutral,schußrecht,1
neutral,ächzen,1
neutral,friert,2
neutral,steig,3
neutral,wärme,3
neutral,friert.,2
neutral,beißen,4
neutral,rute,6
neutral,herabwerfen,1
neutral,rütlein,1
neutral,trennung,2
neutral,gen,3
neutral,gewandelt,1
neutral,verrostet,1
neutral,blank,1
neutral,nemlich,1
neutral,leichter,3
neutral,erretten.,1
neutral,zweischneidiges,1
neutral,erforschte,1
neutral,jagen.,1
neutral,ausreden,1
neutral,bestand,7
neutral,erging,3
neutral,hinabwerfen,1
neutral,kugeln,1
neutral,bleikugeln,1
neutral,lachte,7
neutral,gellte,1
neutral,treffen.,1
neutral,knöpfe,1
neutral,losdrückte,1
neutral,griffen,2
neutral,banden,2
neutral,schicksale,1
neutral,gemerkt,1
neutral,abschlug,1
neutral,entgegengesetzten,1
neutral,anlangen.,1
neutral,einander.,1
neutral,kanns,3
neutral,schlößchen,1
neutral,nachfolgt,1
neutral,gemahl.,1
neutral,ausruhen,2
neutral,rappen,1
neutral,bespannter,1
neutral,herbeigefahren,1
neutral,reichgekleideter,1
neutral,ländliches,1
neutral,kartoffeln,1
neutral,reiben,1
neutral,klöße,1
neutral,einstweilen,1
neutral,hausgarten,1
neutral,gegraben,1
neutral,einsetzen,1
neutral,pfahl,3
neutral,hineingeschaufelt,1
neutral,festgestampft,1
neutral,strohseil,1
neutral,lächelte,9
neutral,gärtnerei,1
neutral,verknorzt,1
neutral,fortgelaufen,1
neutral,knorzig,1
neutral,schwerlich,1
neutral,muttermal,1
neutral,bohne,2
neutral,entblößte,1
neutral,überfluß,1
neutral,gelüstet,1
neutral,nehme,1
neutral,gewandtheit,1
neutral,rühre,1
neutral,flossen,1
neutral,ströme,1
neutral,treibst,1
neutral,wiegt,1
neutral,taufstein,1
neutral,galgenstrick,1
neutral,schaukeln,1
neutral,empfing,7
neutral,artigkeit,1
neutral,rühmst,1
neutral,bestehst,1
neutral,seilers,1
neutral,gekrächze,1
neutral,löse,1
neutral,augenblicke,2
neutral,leibpferd,2
neutral,stalle,1
neutral,bettuch,2
neutral,wirs,1
neutral,merken,1
neutral,trauring,2
neutral,wegstehlen,1
neutral,merke,1
neutral,bauerfrau,1
neutral,braun,1
neutral,malte,1
neutral,runzeln,1
neutral,wiedererkannt,1
neutral,füllte,4
neutral,fäßchen,3
neutral,altem,2
neutral,ungarwein,1
neutral,gemischt,1
neutral,kötze,2
neutral,bedächtigen,1
neutral,schwankenden,1
neutral,schritten,3
neutral,findest,1
neutral,trippelte,1
neutral,heben,3
neutral,trink,1
neutral,beispiel,1
neutral,heda,1
neutral,wärmt,1
neutral,gesattelte,1
neutral,zaum,2
neutral,dritter,2
neutral,gepackt,1
neutral,versiegte,1
neutral,sattel,5
neutral,bog,1
neutral,schmiedebalg,1
neutral,regten,1
neutral,geglückt,1
neutral,zaums,1
neutral,strohwisch,1
neutral,herunterwerfen,1
neutral,sattelgurt,1
neutral,knüpfte,1
neutral,seile,2
neutral,ringen,1
neutral,pfosten,1
neutral,losgebunden,1
neutral,steinerne,1
neutral,pflaster,3
neutral,hofs,1
neutral,umwickelte,1
neutral,lappen,2
neutral,angebrochen,1
neutral,gestohlenen,2
neutral,daliegen,1
neutral,hinaufzusteigen,1
neutral,lauerte,5
neutral,herabfallen,1
neutral,erhellt,1
neutral,herabkam,1
neutral,günstige,1
neutral,behende,1
neutral,anbricht,1
neutral,ruchbar,1
neutral,anwandlung,1
neutral,großmut,1
neutral,unglückliche,1
neutral,gewagt,1
neutral,ungern,2
neutral,totengräberarbeit,1
neutral,langes,3
neutral,ausführlich,1
neutral,zugestehen,1
neutral,gescheiter,1
neutral,listiger,1
neutral,eingebrochen,1
neutral,laterne,1
neutral,krebse,2
neutral,wachslichter,1
neutral,gottesacker,2
neutral,krebs,2
neutral,wachslichtchen,1
neutral,lichtchen,1
neutral,sacke,1
neutral,mönchskutte,1
neutral,turmuhr,2
neutral,verklungen,2
neutral,gellender,1
neutral,sündigen,1
neutral,krieche,1
neutral,himmelstüre,1
neutral,gestorbenen,1
neutral,gebeine,1
neutral,predigt,1
neutral,benutzten,1
neutral,einbruch,2
neutral,leichte,2
neutral,bausch,1
neutral,schleifte,1
neutral,kanzeltreppe,1
neutral,stufen,1
neutral,aufschlugen,1
neutral,pfützen,1
neutral,schloßtreppe,1
neutral,hinaufzog,1
neutral,himmelstreppe,1
neutral,vorhof,1
neutral,taubenschlag,2
neutral,freuen,2
neutral,weggeführt,1
neutral,überzeugte,1
neutral,erzdieb,2
neutral,heiler,1
neutral,fortkommst,1
neutral,erhöhung,1
neutral,rechnen,1
neutral,späte,1
neutral,zusammengespart,1
neutral,saurem,1
neutral,schweiss,1
neutral,erworben,2
neutral,unterricht,1
neutral,anwenden,1
neutral,lernst,1
neutral,rechtschaffenes,1
neutral,steif,1
neutral,hohe,2
neutral,lernte,6
neutral,rühmten,1
neutral,schulen,1
neutral,durchgelernt,1
neutral,teuern,1
neutral,brot.,1
neutral,wille,1
neutral,schicken.,1
neutral,malterholz,1
neutral,zuhauen,1
neutral,aufrichten,1
neutral,beschwerlich,1
neutral,hältst,1
neutral,kaufen.,1
neutral,leiht,1
neutral,borgte,1
neutral,anbruch,1
neutral,rasten,1
neutral,abgehen,1
neutral,vogelnester,1
neutral,suchen.,1
neutral,geck,1
neutral,umspannt,1
neutral,dumpfen,1
neutral,ton,1
neutral,heraus.,3
neutral,stecke,1
neutral,eichwurzeln,2
neutral,schüler,13
neutral,aufzuräumen,1
neutral,höhlung,1
neutral,pfropfen,3
neutral,denkst,1
neutral,großmächtige,1
neutral,merkurius,1
neutral,losläßt,1
neutral,brechen.,2
neutral,sachte,1
neutral,magst,2
neutral,geringe,1
neutral,abgezogenen,1
neutral,zurückgehen,1
neutral,kläglich,1
neutral,zweitenmale,1
neutral,gestrebt,1
neutral,würdest,2
neutral,betriegen,1
neutral,erstemal.,1
neutral,verscherzest,1
neutral,belohnen.,1
neutral,anhaben,1
neutral,dehnte,1
neutral,bestreichst,2
neutral,stahl,9
neutral,ritzte,1
neutral,rinde,1
neutral,pflasters,1
neutral,würdest.,1
neutral,nachholen.,1
neutral,nachholen,1
neutral,art.,1
neutral,umhauen,1
neutral,krachen,1
neutral,gewaltigen,2
neutral,geworden.,1
neutral,studentenkniffe,1
neutral,verstand.,1
neutral,feierabend,1
neutral,meinst,1
neutral,packen.,1
neutral,erstenmal,1
neutral,bereden,2
neutral,verkauf,1
neutral,verschändete,1
neutral,übrige,2
neutral,bezahlen.,1
neutral,probierte,1
neutral,wage,1
neutral,vierhundert,1
neutral,taler,5
neutral,bar.,1
neutral,borgen.,1
neutral,schuldig,2
neutral,groschen.,1
neutral,groschen,1
neutral,doppelte,1
neutral,überfluss,1
neutral,bequemlichkeit.,1
neutral,pate,4
neutral,kraut,4
neutral,patengeschenk,1
neutral,steh,3
neutral,häupten,2
neutral,wolltest,2
neutral,genesen,1
neutral,erkrankte,4
neutral,berufen,1
neutral,genesung,1
neutral,wagen.,1
neutral,erblindeten,1
neutral,errettete,1
neutral,betörten,1
neutral,zornige,1
neutral,blicke,1
neutral,zuwarf,1
neutral,faust,1
neutral,röteten,1
neutral,wangen,1
neutral,eigentum,2
neutral,eiskalten,1
neutral,unübersehbaren,1
neutral,brannten,4
neutral,halbgroß,1
neutral,verloschen,1
neutral,flämmchen,1
neutral,beständigem,1
neutral,wechsel,1
neutral,hüpfen,1
neutral,schienen,4
neutral,lebenslichter,1
neutral,halbgroßen,1
neutral,eheleuten,1
neutral,greisen,1
neutral,lichtchen.,1
neutral,lebenslicht,1
neutral,deutete,1
neutral,endchen,1
neutral,auszugehen,1
neutral,es.,1
neutral,erschrockene,1
neutral,königstochter.,2
neutral,verlöschen,1
neutral,anbrennt.,1
neutral,fortbrennt,1
neutral,frisches,1
neutral,umstecken,1
neutral,verlosch,1
neutral,verstellt,1
neutral,rauhen,2
neutral,erkennen.,1
neutral,geislein,6
neutral,fortgehen.,1
neutral,meckerte,1
neutral,mitgebracht.,1
neutral,geiserchen,2
neutral,feine,4
neutral,liebliche,1
neutral,rauh,1
neutral,krämer,1
neutral,hereinkam,1
neutral,waschschüssel,2
neutral,wanduhr,1
neutral,federlesen,1
neutral,uhrkasten,1
neutral,gebüßt,1
neutral,trollte,1
neutral,geis,1
neutral,haustüre,1
neutral,sperrweit,1
neutral,bänke,1
neutral,umgeworfen,1
neutral,nirgend,1
neutral,zitterten,3
neutral,angefüllten,1
neutral,zappelte,1
neutral,gewürgt,1
neutral,wanst,1
neutral,geschluckt,1
neutral,hüpften,1
neutral,schleppten,1
neutral,steckten,1
neutral,geschwindigkeit,1
neutral,ausgeschlafen,1
neutral,erregten,1
neutral,aneinander,3
neutral,rappelten,1
neutral,sinds,1
neutral,wackerstein.,1
neutral,jämmerlich,1
neutral,ersaufen,1
neutral,erwuchs,1
neutral,mitreiten,1
neutral,bräutigams,1
neutral,überliefern,1
neutral,abschiedsstunde,1
neutral,bluteten,1
neutral,läppchen,3
neutral,verwahre,1
neutral,unterweges,1
neutral,betrübten,1
neutral,busen,2
neutral,schöpfe,1
neutral,bache,1
neutral,trinken.,1
neutral,goldnen,1
neutral,tät,6
neutral,zerspringen.,6
neutral,königsbraut,1
neutral,demütig,2
neutral,durstete,1
neutral,wasserfluss,1
neutral,goldbecher,1
neutral,hochmütiger,1
neutral,hernieder,1
neutral,fließende,1
neutral,überlehnte,1
neutral,kammerfrau,5
neutral,gehör,2
neutral,gehörst,1
neutral,anzulegen,1
neutral,freiem,1
neutral,verschwören,1
neutral,abgelegt,1
neutral,nahms,1
neutral,roß,1
neutral,eintrafen,1
neutral,müßig,1
neutral,steht.,1
neutral,conrädchen,1
neutral,erwiese,1
neutral,finsteres,2
neutral,gänsen,2
neutral,finstere,6
neutral,hinnageln,1
neutral,könnte.,1
neutral,schindersknecht,1
neutral,nagelte,1
neutral,hangest,4
neutral,gangest,3
neutral,windchen,3
neutral,geflochten,3
neutral,geschnatzt,3
neutral,aufgesatzt.,3
neutral,nachlaufen,3
neutral,finstern,3
neutral,auszukämmen,1
neutral,greifen,2
neutral,erwischen,1
neutral,hüteten,2
neutral,hüten.,1
neutral,durchkommen,1
neutral,gaulskopf,1
neutral,königsjungfer,1
neutral,gänsewiese,1
neutral,geschähe,1
neutral,winde,2
neutral,barg,2
neutral,gänsejunge,1
neutral,losflocht,1
neutral,strahlten,2
neutral,windstoß,1
neutral,kürdchens,1
neutral,kämmte,1
neutral,flocht,1
neutral,klag,1
neutral,eisenofen,1
neutral,ofenröhre,1
neutral,kammermädchen,1
neutral,gewesene,1
neutral,obenan,1
neutral,muts,1
neutral,urteils,1
neutral,würdig,1
neutral,beschlagen,1
neutral,vorgespannt,1
neutral,gasse,2
neutral,schleifen.,1
neutral,eigen,4
neutral,wiederfahren.,1
neutral,beherrschten,1
neutral,bübchen,1
neutral,grethel,30
neutral,teuerung,1
neutral,wälzte,1
neutral,dicksten,1
neutral,gräme,1
neutral,röcklein,1
neutral,untertüre,1
neutral,batzen,2
neutral,rocktäschlein,1
neutral,faulenzer,1
neutral,essts,1
neutral,ade,2
neutral,sagen.,2
neutral,morgensonne,2
neutral,scheint.,2
neutral,blanken,2
neutral,kieselsteinen,2
neutral,flamme,1
neutral,schläge,1
neutral,holzaxt,2
neutral,erwachten,2
neutral,tröstete,4
neutral,wart,2
neutral,aufgestiegen,1
neutral,geschlagene,1
neutral,anbrechendem,1
neutral,klopften,1
neutral,geglaubt,2
neutral,wolltet,1
neutral,hineinführen,1
neutral,uns.,1
neutral,teiltest.,1
neutral,a,1
neutral,b,1
neutral,nachgegeben,1
neutral,auflesen,1
neutral,bröckelte,1
neutral,bröcklein,3
neutral,stehst,1
neutral,wege.,1
neutral,angemacht,2
neutral,teilte,8
neutral,gestreut,2
neutral,brotbröcklein,1
neutral,ausgestreut,1
neutral,haus.,1
neutral,weggepickt,1
neutral,gerieten,2
neutral,verschmachten,1
neutral,schneeweißes,1
neutral,zuhörten,1
neutral,gelangten,8
neutral,hellem,1
neutral,gesegnete,1
neutral,süß.,1
neutral,knuperte,1
neutral,knuper,2
neutral,kneischen,1
neutral,knupert,1
neutral,fensterscheibe,1
neutral,steinalte,1
neutral,krücke,1
neutral,wackelte,1
neutral,kopfe,1
neutral,leid.,1
neutral,festtag,1
neutral,witterung,1
neutral,merkens,1
neutral,boshaft,1
neutral,entwischen.,1
neutral,vollen,1
neutral,gittertüre,1
neutral,schreien,1
neutral,rüttelte,1
neutral,faulenzerin,1
neutral,streck,1
neutral,fühle,1
neutral,knöchlein,1
neutral,trübe,2
neutral,übernahm,2
neutral,gestorben.,1
neutral,spar,1
neutral,geblärre,1
neutral,aufhängen,1
neutral,eingeheizt,2
neutral,geknätet.,1
neutral,feuerflammen,1
neutral,hineinschießen,1
neutral,können.,3
neutral,zumachen,1
neutral,aufessen,1
neutral,krappelte,1
neutral,stoß,2
neutral,schnurstracks,1
neutral,fürchten,2
neutral,brauchten,1
neutral,edelsteinen,2
neutral,hexenwald,1
neutral,herauskommen.,1
neutral,brücke.,1
neutral,hinüber.,1
neutral,entchen,4
neutral,rücken.,1
neutral,tierchen,3
neutral,fortgingen,1
neutral,bekannter,2
neutral,schüttete,1
neutral,herumsprangen,1
neutral,handvoll,1
neutral,pelzkappe,1
neutral,erlauben,1
neutral,einwilligte,2
neutral,knirps,2
neutral,bergschlucht,2
neutral,enger,1
neutral,wenden,1
neutral,zu.,1
neutral,eingeschlagen,1
neutral,umzusehen,1
neutral,ausblieb,1
neutral,sterbenskrank.,1
neutral,betragen,1
neutral,geziemt,1
neutral,übermütig,1
neutral,gelangst,1
neutral,quillt,1
neutral,verwünschten,1
neutral,dringst,1
neutral,laiberchen,1
neutral,aufspringen,1
neutral,aufsperren,1
neutral,eingesperrt.,1
neutral,dankte,5
neutral,anlangte,2
neutral,rutenschlag,1
neutral,gesänftigt,1
neutral,lebenswasser,1
neutral,schlüge,1
neutral,frischgedecktes,1
neutral,fortkam,1
neutral,schlugs,1
neutral,heere,2
neutral,all.,1
neutral,speiste,1
neutral,sättigte,1
neutral,länder,5
neutral,herrschten,1
neutral,königen,2
neutral,gebührt,1
neutral,wegnehmen.,1
neutral,rachsüchtig,1
neutral,gossen,2
neutral,bitteres,1
neutral,meerwasser,1
neutral,ankamen,1
neutral,klagten,2
neutral,vergiften,1
neutral,brächten,1
neutral,reichten,1
neutral,klüger,2
neutral,aufbehalten,1
neutral,versammeln,1
neutral,erschossen,1
neutral,vermutete,2
neutral,doch.,1
neutral,verzeihen.,1
neutral,totschießen,1
neutral,befohlen.,1
neutral,schlechtes.,1
neutral,tauschten,3
neutral,dankbar,2
neutral,bezeigen,1
neutral,verkündigen,1
neutral,erlöser,1
neutral,ausgeben,1
neutral,jammerschade,2
neutral,rittest,1
neutral,nebenher,2
neutral,abtreten,1
neutral,entboten,1
neutral,verziehen,1
neutral,geschwiegen,1
neutral,brotkrusten,1
neutral,erbarm,1
neutral,regnete,3
neutral,einschliefen,1
neutral,aufwachten,1
neutral,dürstet,1
neutral,tränk,1
neutral,rauschen.,1
neutral,nachgeschlichen,1
neutral,wohnen.,1
neutral,rehchen,6
neutral,nüsse,1
neutral,zartes,3
neutral,rehkälbchens,1
neutral,ruhete,1
neutral,hüfthorn,1
neutral,ho,2
neutral,hinaus.,1
neutral,jagten,6
neutral,behend,1
neutral,währte,1
neutral,hinken,1
neutral,fortlief,1
neutral,zugeschlossen,1
neutral,rehkälbchen,1
neutral,wirst.,1
neutral,gering,2
neutral,spürte,4
neutral,verlaß,1
neutral,hereingesprungen,1
neutral,binsenseil,1
neutral,mißgunst,1
neutral,rege,1
neutral,häßlich,1
neutral,gebührt.,1
neutral,gerückt,1
neutral,knäblein,2
neutral,bad,1
neutral,wohltun,1
neutral,badstube,2
neutral,wanne,1
neutral,schlossen,3
neutral,höllenfeuer,1
neutral,verlorene,1
neutral,kinderstube,2
neutral,wiege,2
neutral,wachte,5
neutral,kisschen,1
neutral,deckbettchen,1
neutral,streichelte,1
neutral,stillschweigend,1
neutral,wachen.,1
neutral,gewöhnlich,1
neutral,anzureden,1
neutral,frevel,1
neutral,verübt,1
neutral,jammervoll,1
neutral,singende,2
neutral,springende,2
neutral,lerche,2
neutral,prächtiges,2
neutral,zitterte,1
neutral,fresse,1
neutral,gewusst,1
neutral,loskaufen,1
neutral,leben.,3
neutral,versprichst,1
neutral,obendrein.,1
neutral,komme.,2
neutral,eintrat,1
neutral,herzte,1
neutral,zerreißen,1
neutral,besänftigen,1
neutral,verzauberter,1
neutral,natürliche,1
neutral,wachten,4
neutral,hinzugehen,1
neutral,hinführen.,1
neutral,wiedersehen,1
neutral,heiratete,6
neutral,gefährlich,4
neutral,strahl,4
neutral,durchdringen,3
neutral,hochzeitslichter,1
neutral,frischem,2
neutral,ritz,1
neutral,zurückkam,1
neutral,lichtern,1
neutral,haarbreiter,1
neutral,folgst,1
neutral,erlösen.,2
neutral,blutströpfchen,2
neutral,federchen,2
neutral,fortging,1
neutral,scheinst,2
neutral,ritzen,2
neutral,schenk,2
neutral,zerbrich,1
neutral,nachtwind,4
neutral,anblies,1
neutral,wehst,1
neutral,ostwind,1
neutral,westwind,1
neutral,südwind,1
neutral,lindwurm,6
neutral,ruten,2
neutral,zähle,1
neutral,eilfte,2
neutral,schneid,1
neutral,greif,3
neutral,schwing,1
neutral,nussbaum,2
neutral,ausruht,1
neutral,fallen.,1
neutral,bezwang,2
neutral,ermutigte,2
neutral,weht,1
neutral,finde.,1
neutral,blut.,1
neutral,nachgefolgt,1
neutral,vorkam,1
neutral,rauschte,3
neutral,tannenbäumen,1
neutral,hinausgeführt,1
neutral,glucke,1
neutral,küchlein,2
neutral,piepten,1
neutral,schöneres,1
neutral,murmeln,2
neutral,ruhte,1
neutral,kunstmärchen,1
neutral,stil,1
neutral,filmadaption,1
neutral,1960,1
neutral,erschienen,3
neutral,schlicht,3
neutral,mahl,1
neutral,fußende,1
neutral,menschenleben,1
neutral,wenigstens,2
neutral,ahnte,7
neutral,heimlicher,1
neutral,ersann,3
neutral,marthas,1
neutral,allemal.,1
neutral,nickte,4
neutral,schnurrte,1
neutral,zustimmend,1
neutral,schwor,3
neutral,wiederzufinden,1
neutral,eilten,1
neutral,hinterher,3
neutral,einholte,1
neutral,vereinter,1
neutral,wanderns,1
neutral,hausten,1
neutral,fassten,3
neutral,kühnen,1
neutral,kreischte,1
neutral,schornsteinen,1
neutral,erzittern,1
neutral,davonliefen,1
neutral,zurückließen,2
neutral,löste,5
neutral,fahlen,1
neutral,zurückgekehrten,1
neutral,stimmkräftiger,1
neutral,erfreute,1
neutral,stadtmauern,1
neutral,hinaustrug,1
neutral,allzu,1
neutral,tiefgrünen,1
neutral,moores,1
neutral,sternenstaub,1
neutral,thronte,1
neutral,wintersonne,1
neutral,feenkönigin,1
neutral,herzschmerz,1
neutral,größerer,1
neutral,herrschte,5
neutral,dornenkönigin,6
neutral,schwan,1
neutral,menschengerede,1
neutral,herbstlaub,1
neutral,jenseits,1
neutral,moorgrenze,1
neutral,grause,1
neutral,geschichten,7
neutral,erschreckte,2
neutral,abendmahl,1
neutral,atemzug,2
neutral,gesprungener,1
neutral,angeblicher,1
neutral,bosheit,3
neutral,zweifelte,2
neutral,poesie,1
neutral,verletzter,1
neutral,floh,18
neutral,vergessenes,1
neutral,ihresgleichen,1
neutral,ungelegte,1
neutral,ausgelöscht,1
neutral,menschenhand,1
neutral,menschenkönigin,1
neutral,süß,1
neutral,schreckliches,1
neutral,purpurnes,1
neutral,zerfallen,1
neutral,vertrocknen,1
neutral,blüte,2
neutral,glocken,3
neutral,klang,3
neutral,momentan,1
neutral,schattenflammen,1
neutral,überschattet,1
neutral,innehalten,1
neutral,herzschlag,2
neutral,genügte,2
neutral,schoss,8
neutral,zerfiel,2
neutral,morgentau,1
neutral,sanken,1
neutral,aufgefangen,1
neutral,stolperte,3
neutral,beibrachte,1
neutral,goldstaub,1
neutral,lehrjahre,1
neutral,brotgeruch,1
neutral,mühlbach,1
neutral,weiterzulaufen,1
neutral,himmel—ganz,1
neutral,an—ich,1
neutral,tut.,1
neutral,hilfreicher,1
neutral,tauschte,8
neutral,buckelte,1
neutral,frecher,1
neutral,neckte,2
neutral,hüa,1
neutral,zappelige,1
neutral,zehnmal,1
neutral,wert.,1
neutral,vernünftig,1
neutral,junge.,1
neutral,schnatterte,1
neutral,wandernder,2
neutral,grau,3
neutral,weide,1
neutral,schleifstein—der,1
neutral,verdienen.,1
neutral,einfacher,1
neutral,dazu—doppelte,1
neutral,gebeugter,1
neutral,kürzer,1
neutral,abgesetzt,1
neutral,rollten,1
neutral,bösewichter,1
neutral,rand—plumps,1
neutral,—und,1
neutral,verschwanden,3
neutral,starrte,1
neutral,fühlten,1
neutral,flüsterte,10
neutral,sanfte,1
neutral,mutterhand,1
neutral,tausches,1
neutral,federleicht,1
neutral,irgendeinem,1
neutral,verlieren.,1
neutral,geheimnisvoll,1
neutral,waldfeen,1
neutral,menschengedenken,2
neutral,frohmuts,1
neutral,verlieh,2
neutral,kalter,1
neutral,gebrochener,1
neutral,sechzehnten,2
neutral,entgleiten.,1
neutral,röschen,5
neutral,kennten,1
neutral,kindertagen,2
neutral,wiederzutreffen,1
neutral,kund,1
neutral,flüsternde,1
neutral,zurückweichen,1
neutral,wehklagen,1
neutral,verfiel,4
neutral,sanften,3
neutral,schlummer,1
neutral,sinken,2
neutral,öden,1
neutral,scheuten,1
neutral,lösten,1
neutral,königsschloss,1
neutral,erreichte,9
neutral,stechenden,1
neutral,rauch,3
neutral,zerbarst,1
neutral,jubel,1
neutral,erfüllte,7
neutral,hallen,3
neutral,jorik,8
neutral,leibeigener,1
neutral,stillen,6
neutral,aufgewachsen,1
neutral,hellen,1
neutral,vergingen,5
neutral,pochte,3
neutral,bauernsohnes,1
neutral,schelmischen,1
neutral,stehle,1
neutral,besitzen.,1
neutral,donner,1
neutral,thronk,1
neutral,hochgezogener,1
neutral,braue,1
neutral,küssen.,1
neutral,höflich,2
neutral,glitzerte,1
neutral,sternlicht,1
neutral,dächer,1
neutral,humpelte,1
neutral,fässchen,1
neutral,greisin,1
neutral,prächtigsten,1
neutral,mähne,1
neutral,banner,1
neutral,heulte,1
neutral,erklomm,1
neutral,gehüllt,3
neutral,donnernder,1
neutral,heiligen,1
neutral,flackerten,1
neutral,sichern,2
neutral,drin,1
neutral,sonderbarer,1
neutral,erfolgreicher,1
neutral,strohpuppe,1
neutral,rosa,1
neutral,irrtum,1
neutral,überreife,1
neutral,pflaumen,1
neutral,feuerte,1
neutral,geschaffen,1
neutral,verneigte,1
neutral,truhen,2
neutral,cinderlind,8
neutral,treppen,1
neutral,leise,13
neutral,äuglein,1
neutral,trösteten,1
neutral,gefiepse,1
neutral,mühte,1
neutral,bleiben.,2
neutral,kürbis,2
neutral,schuf,1
neutral,silbrigem,1
neutral,entfloh,2
neutral,größter,2
neutral,erfuhr,14
neutral,stahlen,2
neutral,befreiten,6
neutral,gläserne,1
neutral,noch.,1
neutral,angewachsen,1
neutral,passte,4
neutral,frühlings,1
neutral,warmer,1
neutral,hofes,1
neutral,gelebt,1
neutral,belegte,1
neutral,gebeugt,2
neutral,fernes,2
neutral,echo,1
neutral,hinwegzusehen,1
neutral,ärzte,1
neutral,gelehrten,1
neutral,schüttelten,1
neutral,fluches,1
neutral,lösen.,1
neutral,prahlend,1
neutral,büchern,1
neutral,endloser,1
neutral,drehten,1
neutral,beobachten,1
neutral,formel,1
neutral,logik,1
neutral,muster,1
neutral,—,112
neutral,pfadstück,1
neutral,leuchtend,1
neutral,kelch,2
neutral,selbst.,1
neutral,zögerte,2
neutral,richteten,1
neutral,lasteten,1
neutral,glitten,1
neutral,enthielten,1
neutral,bibliothek,1
neutral,gewoben,2
neutral,liebreizende,1
neutral,maid,3
neutral,glitzert,1
neutral,zaghaft,3
neutral,kämpfte,4
neutral,nannten,8
neutral,leuchtenden,1
neutral,ungemach,1
neutral,neider,1
neutral,stoffresten,1
neutral,narben,1
neutral,geschichten.,1
neutral,irrten,3
neutral,winternacht,1
neutral,erwachsenen,1
neutral,fordernden,1
neutral,spiegelten,1
neutral,wildheit,1
neutral,entlockte,3
neutral,unterholz,1
neutral,lautlos,1
neutral,klammert,1
neutral,schlüpfte,3
neutral,aufzustellen,1
neutral,hineingeriet,1
neutral,müder,1
neutral,befreite,9
neutral,benommen,1
neutral,lasten,1
neutral,zugefügt,1
neutral,erfand,2
neutral,fernhalten,1
neutral,leuchtendes,1
neutral,wandelte,1
neutral,sanftschimmernden,1
neutral,hügeln,1
neutral,mahlte,1
neutral,prahlte,2
neutral,klirren,1
neutral,zahlungen,1
neutral,schuldete,1
neutral,musterte,5
neutral,erwarte,2
neutral,erbarmen.,1
neutral,gefangener,1
neutral,palastes,1
neutral,leiser,2
neutral,wispern,1
neutral,verwittertes,1
neutral,funkelten,3
neutral,morgenlicht,5
neutral,geküsst,2
neutral,vergolde,1
neutral,habseligkeiten,1
neutral,versprachst.,1
neutral,flehte,2
neutral,winterlicher,2
neutral,errätst,1
neutral,seltenen,1
neutral,durchsuchen,1
neutral,notierten,1
neutral,seltsame,4
neutral,silben,1
neutral,zusammengetragen,1
neutral,hindurchtraute,1
neutral,versteckten,1
neutral,einforderte,1
neutral,fester,2
neutral,bebte,1
neutral,stillzustehen,1
neutral,besaß,8
neutral,heer,1
neutral,begreifen,1
neutral,zerschlissen,1
neutral,scheiterten,1
neutral,verbitterung,1
neutral,hageren,1
neutral,neuanfang,1
neutral,bestrafen,1
neutral,besitzt.,1
neutral,sehen.,1
neutral,unscheinbare,1
neutral,steinplatte,1
neutral,gewölbe,1
neutral,unterirdischer,1
neutral,wirkten,1
neutral,glitzerten,1
neutral,gesichter,2
neutral,kronen,2
neutral,zerging,1
neutral,saales,1
neutral,spürten,2
neutral,verbarg,3
neutral,verrätst,1
neutral,mittlere,1
neutral,wintersee,1
neutral,wagt,1
neutral,sprechen.,1
neutral,tragen.,1
neutral,menschlich,1
neutral,vorbeiging,1
neutral,sälen,1
neutral,zerstörerisch,1
neutral,﻿maleficent,1
neutral,kostbares,2
neutral,wogen,1
neutral,sperrten,1
neutral,feenkind,1
neutral,malfina,12
neutral,schwans,1
neutral,stevan,4
neutral,gegriffen,2
neutral,moortief,1
neutral,offenem,1
neutral,gezählt,1
neutral,verkündete,4
neutral,besiege,2
neutral,schlafkraut,1
neutral,nannte,23
neutral,anvertraute,2
neutral,herrlichen,1
neutral,stillsteht,1
neutral,bauernhand,1
neutral,rettete,6
neutral,menschenwelt,1
neutral,umhüllt,1
neutral,anvertraut,1
neutral,menschenkindern,1
neutral,stevans,1
neutral,benagen,1
neutral,zurücknehmen,1
neutral,älter,1
neutral,siehe,3
neutral,atmet,1
neutral,gefügt,1
neutral,miterlebt,1
neutral,vorspielte,1
neutral,vergangener,3
neutral,verliert.,1
neutral,anzusprechen,1
neutral,ja…,1
neutral,freiwillig,2
neutral,besitze,1
neutral,funkelnd,2
neutral,sterne.,1
neutral,wundervollen,1
neutral,viertes,1
neutral,schwärzte,1
neutral,silbernem,1
neutral,bestickt,1
neutral,pelzwesen,1
neutral,küchenhilfe,1
neutral,unscheinbar,1
neutral,pelzgewandes,1
neutral,abfiel,1
neutral,erbitten,1
neutral,erklärte,5
neutral,wiedererkennen,1
neutral,funkelte,1
neutral,sternenhimmel,1
neutral,grobe,2
neutral,läuteten,1
neutral,schneefall,1
neutral,winters,2
neutral,mild,2
neutral,stilles,3
neutral,beschattet,1
neutral,befragte,1
neutral,neides,1
neutral,sandte,2
neutral,dort…,1
neutral,schützen.,1
neutral,kreisten,2
neutral,mooskissen,1
neutral,übermannte,2
neutral,ungeordnet,1
neutral,wirbelwinde,1
neutral,polierter,1
neutral,bernstein,1
neutral,empfingen,1
neutral,offenen,1
neutral,warmes,2
neutral,weicher,1
neutral,erzitterte,1
neutral,vergiftung,1
neutral,verdächtigen,1
neutral,gefällter,1
neutral,erstarrt,1
neutral,lebendiges,1
neutral,verfolgten,2
neutral,herausfordern,1
neutral,gerechter,2
neutral,spaltete,2
neutral,schweigend,5
neutral,beugte,3
neutral,innern,1
neutral,schneeflocke,1
neutral,fortzog,1
neutral,leises,3
neutral,gedicht,1
neutral,uralten,1
neutral,ärmliches,1
neutral,winterwind,1
neutral,seufzten,1
neutral,hannes,10
neutral,greta,10
neutral,holzhauer,1
neutral,gesungen,1
neutral,verstummt,1
neutral,ungeölte,2
neutral,türangeln,1
neutral,knurrenden,1
neutral,mägen,1
neutral,zweier,1
neutral,blauer,1
neutral,sickerte,1
neutral,überredete,4
neutral,zurückzulassen,1
neutral,silbrig,1
neutral,führen.,1
neutral,kiesel,2
neutral,umarmte,1
neutral,zitternden,2
neutral,schürzte,1
neutral,finster,2
neutral,kieseln,1
neutral,silbersteine,1
neutral,retteten,3
neutral,heimfanden,1
neutral,sonderbares,1
neutral,entdeckten,2
neutral,hoffnungsträgern,1
neutral,einsperrte,1
neutral,schuften,1
neutral,geschlummert,1
neutral,samenkorn,1
neutral,wintererde,1
neutral,prüfen,3
neutral,gähnende,1
neutral,funkenregen,1
neutral,explodierten,1
neutral,geschmolzener,1
neutral,morgenröte,1
neutral,entschuldigen,1
neutral,irreführung,1
neutral,groll,1
neutral,stimmten,2
neutral,gassen,2
neutral,fenstern,1
neutral,flimmerten,1
neutral,fleißiges,1
neutral,reines,1
neutral,standhaftes,1
neutral,fernen,4
neutral,landen,1
neutral,edles,1
neutral,entzogen,1
neutral,reichste,1
neutral,bestellte,1
neutral,gebäck,1
neutral,launisch,2
neutral,rückte,3
neutral,kreuzte,1
neutral,finsterer,1
neutral,geistern,2
neutral,froschgestalt,1
neutral,annahm,2
neutral,geliehenes,1
neutral,küsstest,1
neutral,belohnt.,1
neutral,fröhlichen,2
neutral,winzigen,2
neutral,himmelsflamme,1
neutral,bootsschale,1
neutral,bann,9
neutral,schattenwesen,1
neutral,packten,1
neutral,ehelichte,1
neutral,mutiger,1
neutral,größe,1
neutral,zauberamulett,1
neutral,enthüllte,2
neutral,zerschlug,1
neutral,schattenwelt,1
neutral,sümpfen,1
neutral,strahlte,2
neutral,eröffneten,1
neutral,willkommen,2
neutral,feines,1
neutral,blutes,1
neutral,nahen.,1
neutral,bäumte,1
neutral,glühte,1
neutral,flohen,7
neutral,verblichen,1
neutral,entriss,1
neutral,scharfen,3
neutral,dunkelrot,1
neutral,hirtenbuben,1
neutral,vorbeikam,1
neutral,trauriger,1
neutral,wandelst,1
neutral,ort.,1
neutral,wunderte,1
neutral,belauschte,2
neutral,instrument,1
neutral,beschuldigte,3
neutral,frevels,1
neutral,hochzeitstage,1
neutral,gerechte,1
neutral,herrin,1
neutral,schuldigen,1
neutral,eisernes,2
neutral,eintracht,1
neutral,versank,3
neutral,sonnenuntergang,2
neutral,übermäßig,1
neutral,ängstlichen,2
neutral,brummigen,1
neutral,pfoten,1
neutral,knetete,1
neutral,gesenktem,1
neutral,gepresster,1
neutral,nachgeben,1
neutral,morgenstrahl,1
neutral,misslungenen,1
neutral,entschied,1
neutral,hasenhäschen,1
neutral,flink,2
neutral,gedanke,2
neutral,freundes,3
neutral,beschloss,8
neutral,heimzukehren,1
neutral,verlockend,1
neutral,duftete,1
neutral,beherrschen,1
neutral,ersannen,1
neutral,pilzen,1
neutral,bestreute,1
neutral,schrecklichen,1
neutral,vollendete,2
neutral,betrat,1
neutral,ungewöhnlich,1
neutral,geöffnet,2
neutral,blickst,1
neutral,verschlingen,1
neutral,endete,4
neutral,flüstern,1
neutral,entschlossenheit,1
neutral,zerlumpt,2
neutral,erkenntnis,2
neutral,nachdenken,1
neutral,leichtfüßig,1
neutral,unbelehrbar,1
neutral,entzog,1
neutral,rechenschaft,1
neutral,weiter.,1
neutral,arbeiteten,1
neutral,brummig,1
neutral,schmaler,1
neutral,fröhlicher,1
neutral,knarrende,1
neutral,mühlentür,1
neutral,dreien,1
neutral,heiterkeit,1
neutral,klangen,1
neutral,winziges,1
neutral,schwirrte,1
neutral,sollen.,1
neutral,grüner,1
neutral,pfötchen,1
neutral,tautropfen,1
neutral,erweisen.,1
neutral,wimmelte,1
neutral,gesprenkelte,1
neutral,gestreifte,1
neutral,tintenflecke,1
neutral,winterwälder,1
neutral,schnurrten,1
neutral,schlaflied,1
neutral,fallender,1
neutral,überreichte,1
neutral,unendlich,1
neutral,errichten,1
neutral,grünfellig,1
neutral,richtung.,1
neutral,knurrend,1
neutral,pony,1
neutral,klapprigen,1
neutral,silberpfotiges,1
neutral,behalte,1
neutral,gefunden.,1
neutral,einzelnes,1
neutral,schwebte,2
neutral,steter,1
neutral,begleiter,1
neutral,kesselhaken,1
neutral,trankkrämer,1
neutral,höhnte,3
neutral,dulden,1
neutral,zornesglut,1
neutral,schlossbrücke,1
neutral,annabeths,1
neutral,überschritt,1
neutral,schwerfällig,1
neutral,täler,1
neutral,flüsse,1
neutral,standhielt,1
neutral,verkaufte,1
neutral,strömung,1
neutral,stofffetzen,1
neutral,heimkehren,1
neutral,töricht,1
neutral,annabeth,3
neutral,geduldig,1
neutral,begehrte,1
neutral,flüchtige,1
neutral,erinnerte,8
neutral,käfig.,1
neutral,türchen,1
neutral,davonfliegen,1
neutral,bettler.,1
neutral,mühsal,1
neutral,schmach,1
neutral,bitterlich,3
neutral,heimfahren.,1
neutral,schlitten,1
neutral,helles,1
neutral,klagen,1
neutral,glitt,1
neutral,wassers,2
neutral,gehüpft,1
neutral,‍,1
neutral,raupe,2
neutral,warmem,1
neutral,fegen,4
neutral,hindurchtrat,1
neutral,himmeln,1
neutral,verachtete,1
neutral,murrte,1
neutral,aussendet,1
neutral,dickes,1
neutral,zähes,1
neutral,beschämt,1
neutral,davonlief,1
neutral,holles,1
neutral,widerfahren.,1
neutral,feinem,1
neutral,leder,1
neutral,breitkrempigen,1
neutral,unruhig,2
neutral,flüsterten,1
neutral,erstmals,1
neutral,wüchsen,1
neutral,gehörten,1
neutral,ruchlosen,2
neutral,gaunerpaares,1
neutral,unvermeidlich,1
neutral,gewandt,1
neutral,verstummte,2
neutral,diebin,1
neutral,tilgen,1
neutral,lastete,1
neutral,waisen,1
neutral,verschworen,1
neutral,verstrickt,1
neutral,fortgejagt,1
neutral,stimmte,1
neutral,vereinten,1
neutral,pflanzten,1
neutral,gewaltige,1
neutral,erklommen,1
neutral,entkamen,3
neutral,feierten,3
neutral,schmerzlich,1
neutral,gauner,1
neutral,zusammengetan,1
neutral,zelle,1
neutral,hinabkommen,1
neutral,überzeugten,1
neutral,getrennt,2
neutral,schwingen,1
neutral,krummen,3
neutral,weiten,2
neutral,ackers,1
neutral,halme,1
neutral,maulwurfshügel,1
neutral,braune,1
neutral,hügel,2
neutral,spottgelächter,1
neutral,widerhallen,1
neutral,kränken,1
neutral,glomm,1
neutral,funkeln,1
neutral,überheblich,1
neutral,verwechselte,1
neutral,schmunzelte,1
neutral,hinauswollte,1
neutral,unterschied,1
neutral,startlinie,1
neutral,erwartung,1
neutral,vibrierend,1
neutral,bachbett,1
neutral,igelin,1
neutral,stacheln,1
neutral,keuchend,1
neutral,heranstürmte,1
neutral,verblüfft,1
neutral,revanche,1
neutral,wichtigste,1
neutral,gleichgewicht,1
neutral,hüterin,1
neutral,gebraut,1
neutral,kostete,3
neutral,gesponnenes,1
neutral,heuchelte,1
neutral,galt,1
neutral,leuchten,1
neutral,strähnen,1
neutral,heilten,1
neutral,siebzehn,1
neutral,kletterte,3
neutral,verließen,3
neutral,treuem,1
neutral,unfreiwilligem,1
neutral,ahnungslos,1
neutral,warnte,4
neutral,behauptete,3
neutral,edelstein,1
neutral,zweifel,1
neutral,erreichten,6
neutral,himmelslichter,1
neutral,aufsteigen,1
neutral,rechtmäßigen,1
neutral,besitzern,1
neutral,zurückbringen,2
neutral,paktiert,1
neutral,erschlug,2
neutral,retterin,1
neutral,dar,1
neutral,flehentlich,1
neutral,gierig,4
neutral,haarsträhne,1
neutral,entglitten,1
neutral,verwehte,1
neutral,heirateten,4
neutral,immerdar,1
neutral,zugrunde,1
neutral,mürrischen,1
neutral,verfing,2
neutral,menschenkindes,1
neutral,wort.,1
neutral,treuer,2
neutral,heimfahrt,1
neutral,arznei,1
neutral,innig,1
neutral,bannte,1
neutral,mondnacht,1
neutral,trachtete,1
neutral,geschieht.,1
neutral,beisammen,2
neutral,wacht.,1
neutral,waldmännlein,1
neutral,geradeaus,1
neutral,hintereinander,1
neutral,entstand,3
neutral,makel,2
neutral,demut,3
neutral,lernest.,1
neutral,zerlumptem,1
neutral,kennst,1
neutral,verspottetest,1
neutral,stand.,1
neutral,demut.,1
neutral,schusterei,1
neutral,ganzer,1
neutral,klugheit,2
neutral,verzieh,1
neutral,verderben.,1
neutral,sprechendes,1
neutral,glänzender,1
neutral,falscher,1
neutral,rühmte,1
neutral,narrenkluft,1
neutral,regierten,2
neutral,morgendunst,1
neutral,gewannen,1
neutral,umfiel,1
neutral,diene,1
neutral,heraufziehen,1
neutral,pfeifchen,1
neutral,brauste,1
neutral,spreu,1
neutral,gabt,1
neutral,keine.,1
neutral,umging,1
neutral,schmiedsgeselle,1
neutral,hammer,1
neutral,mancherlei,1
neutral,wirren,1
neutral,loswerden,1
neutral,verlierst,1
neutral,schlimmer,1
neutral,dörfer,3
neutral,versiegten,1
neutral,schnarchend,2
neutral,nöten,1
neutral,reichem,1
neutral,überlistete,2
neutral,stärke,4
neutral,verwundeten,1
neutral,lockte,7
neutral,mächtigem,1
neutral,krallen,1
neutral,tierhäute,1
neutral,königsöhne,1
neutral,lebkuchenhaus,1
neutral,niedergelassen,1
neutral,laden,1
neutral,fassbare,1
neutral,vermutlich,1
neutral,versammelten,3
neutral,eingenommen,1
neutral,angreiferin,1
neutral,erschoss,1
neutral,verhört,1
neutral,gestand,2
neutral,tötete,8
neutral,entführte,2
neutral,gefangenen,2
neutral,blendendem,1
neutral,nutzte,2
neutral,beschwor,1
neutral,scheiterte,1
neutral,stärken,1
neutral,durchschnitt,1
neutral,kämpften,2
neutral,polizeisirenen,1
neutral,erklangen,2
neutral,herbstlichen,1
neutral,munteren,1
neutral,herabstieg,1
neutral,winterquartier,1
neutral,lauschte,2
neutral,lehrers,1
neutral,mahnte,2
neutral,verstellen,1
neutral,entkam,7
neutral,heimkehrte,1
neutral,unversehrt,3
neutral,wackersteinen,1
neutral,nähten,1
neutral,vorsichtiger,1
neutral,impulsiv,1
neutral,leidenschaftlich,1
neutral,ideen,1
neutral,bedacht,1
neutral,präzise,1
neutral,modezar,2
neutral,rollstuhl,2
neutral,label,1
neutral,anzutreten,1
neutral,jury‑vorsitzende,1
neutral,extravagante,1
neutral,petits,2
neutral,verliebte,2
neutral,verursacht,1
neutral,kannten,1
neutral,intrigen,2
neutral,modewelt,1
neutral,gezielt,1
neutral,befragten,1
neutral,beobachteten,1
neutral,verschwundene,1
neutral,sabotieren,1
neutral,leons,1
neutral,gewann,5
neutral,wettbewerb,1
neutral,fernab,1
neutral,falschem,1
neutral,angebot,2
neutral,behängte,1
neutral,nicken,1
neutral,schmückte,1
neutral,vergossen,1
neutral,mühelos,2
neutral,sprengen,1
neutral,zerbrach,5
neutral,gemäuer,1
neutral,hinausgeschleudert,1
neutral,trafen,8
neutral,bemerkten,1
neutral,genauigkeit,1
neutral,vorschrift,1
neutral,schulterte,1
neutral,verliere,2
neutral,leuchtturm,1
neutral,besiegte,2
neutral,glühten,1
neutral,eisig,1
neutral,teppiche,1
neutral,zurückzuholen,1
neutral,lehrzeit,2
neutral,zwitscherten,1
neutral,reisten,1
neutral,anhieb,1
neutral,kreuzten,2
neutral,staunte,1
neutral,erfundenen,1
neutral,gestohlenes,1
neutral,pries,1
neutral,eingefunden,1
neutral,freiherren,1
neutral,spöttischem,1
neutral,vierten,2
neutral,sechsten,1
neutral,siebten,2
neutral,dein.,1
neutral,rindern,1
neutral,gütern,1
neutral,misslang,2
neutral,ungenießbar,1
neutral,verhöhntest,1
neutral,scham,2
neutral,makellos,1
neutral,glänzen,1
neutral,jemandem,1
neutral,irgendeine,1
neutral,besiegelte,1
neutral,mitgefühl,1
neutral,hofmusiker,1
neutral,spieler,1
neutral,wettfreund,1
neutral,lehnte,3
neutral,eitelkeit,1
neutral,gesprächs,1
neutral,musiker,1
neutral,schnellsten,1
neutral,geheimnisvolles,1
neutral,verkleidung,2
neutral,übermut,1
neutral,auszurichten,1
neutral,festmahl,2
neutral,einschließen,1
neutral,entstehen,1
neutral,erstarren,1
neutral,vereist,1
neutral,erblasste,1
neutral,versenkte,1
neutral,bäckerstochter,1
neutral,stritten,1
neutral,schimpften,2
neutral,äußere,1
neutral,erntete,1
neutral,tagsüber,2
neutral,bauten,1
neutral,zweigen,1
neutral,weich,1
neutral,schossen,1
neutral,stotterte,1
neutral,bedeckten,1
neutral,zwangen,1
neutral,waldfrau,1
neutral,misstrauen,1
neutral,vorgab,1
neutral,neugeborene,1
neutral,loderten,2
neutral,stürmte,2
neutral,vergnügte,1
neutral,zutraute,1
neutral,leibdiener,1
neutral,entlarvte,1
neutral,pflichten,1
neutral,gewissenhaft,1
neutral,unerbittlich,1
neutral,leonoras,1
neutral,fürsprache,1
neutral,gackern,1
neutral,schützend,1
neutral,geblendet,2
neutral,zottigen,1
neutral,halle,1
neutral,herzögen,1
neutral,zugedacht,1
neutral,klopft.,1
neutral,erinnerten,1
neutral,ärmliche,1
neutral,versorgen,1
neutral,krüge,1
neutral,bemalen,1
neutral,irrte,3
neutral,erkennst.,1
neutral,scharfes,1
neutral,the,1
neutral,ugly,1
neutral,stepsister,1
neutral,swedlandia,2
neutral,gesichert,1
neutral,beschlagnahmte,1
neutral,begehrteste,1
neutral,junggeselle,1
neutral,umzugestalten,1
neutral,berüchtigten,1
neutral,schönheitschirurg,1
neutral,zertrümmerte,1
neutral,lider,1
neutral,birnenförmige,1
neutral,figur,1
neutral,bandwurm,1
neutral,schlucken,1
neutral,abscheulicher,1
neutral,neigen,1
neutral,kopfes,1
neutral,bemühte,1
neutral,desto,1
neutral,balls,1
neutral,geformt,1
neutral,geplant,1
neutral,diejenige,1
neutral,unbeschriebenes,1
neutral,wohnten,2
neutral,lebensmittel,1
neutral,bereitete,1
neutral,sophias,1
neutral,schmeichelnd,1
neutral,fremd,1
neutral,flehe,1
neutral,an.,1
neutral,gutsherrn,1
neutral,tyrannisiert,1
neutral,versklavt,1
neutral,erklärten,1
neutral,zurückerlangt,1
neutral,unterwerfen,1
neutral,willenlos,1
neutral,verstummten,1
neutral,spuren,1
neutral,geistes,1
neutral,bannen,1
neutral,bewundern,1
neutral,gelehrt,1
neutral,beraubt,1
neutral,tapferkeit,1
neutral,behandelten,1
neutral,selbstgenähtes,1
neutral,feilbot,1
neutral,verbot,1
neutral,verdarb,1
neutral,zauber.,1
neutral,erbin,1
neutral,reiste,2
neutral,königinnen,1
neutral,meisterin,1
neutral,schicksals,1
neutral,ansgar,1
neutral,verfluchten,1
neutral,erweckte,1
neutral,überstehen,1
neutral,trugbildern,1
neutral,verstieß,1
neutral,offenbar,1
neutral,vergab,1
neutral,strafte,1
neutral,einfache,1
neutral,lerne,1
neutral,fortlief.,1
neutral,staunten,1
neutral,wagst,1
neutral,schandtaten,1
neutral,standhaft,2
neutral,stirbst,1
neutral,lautete,1
neutral,stallwachen,1
neutral,schlafmittel,1
neutral,lauere,1
neutral,entwendete,1
neutral,leichtgläubig,1
neutral,gleich.,1
neutral,wählte,1
neutral,verband,1
neutral,schatzkeller,1
neutral,mietete,1
neutral,spazierten,1
neutral,quaken,1
neutral,bestrafte,1
neutral,königlicher,1
neutral,hoffen,1
neutral,zeit.,1
neutral,gießen.,1
neutral,schwung,1
neutral,zauberstabs,1
neutral,cinderellas,1
neutral,zerschlissenes,1
neutral,vergaßen,1
neutral,drängten,1
neutral,verweigerte,1
neutral,treuesten,1
neutral,stein.,1
neutral,blindem,1
neutral,vorausgesagt,1
neutral,badete,1
neutral,feindlichen,1
neutral,tauchte,2
neutral,spöttisch,1
neutral,sees,1
neutral,einzelnen,1
neutral,gästen,1
neutral,scheute,1
neutral,blüten,1
neutral,wärmten,1
neutral,bedroht,1
neutral,zögern,2
neutral,schimpfte,1
neutral,knurrte,1
neutral,entkräftet,1
neutral,dastand,1
neutral,mieden,1
neutral,vorenthielt,1
neutral,kuchenkrümel,1
neutral,buk,2
neutral,chaos,1
neutral,hereinbat,1
neutral,schleuderte,1
neutral,lauffeuer,1
neutral,großzuziehen,1
neutral,wasserfällen,1
neutral,zerschmettert,1
neutral,alchemistisches,1
neutral,ersetzten,1
neutral,verwöhnt,1
neutral,wehrte,1
neutral,schlosspriester,1
neutral,vollzog,1
neutral,östlich,1
neutral,übergesetzt,1
neutral,vergifte,1
neutral,trage,2
neutral,umhacke,1
neutral,übergebe,1
neutral,überqueren,1
neutral,erfüllten,1
neutral,hackten,1
neutral,wich,2
neutral,winterlichen,1
neutral,heulten,1
neutral,ringsum,1
neutral,stummer,1
neutral,seltsamen,1
neutral,wandten,1
neutral,tunnel,1
neutral,schweins,1
neutral,hustete,1
neutral,versagt.,1
neutral,ausgestoßener,1
neutral,wahnsinn,1
neutral,todesähnliche,1
neutral,starre,1
neutral,entfernte,1
neutral,gelenkt,1
neutral,umgestürzten,1
neutral,leuchter,1
neutral,entflammt,1
neutral,seherin,1
neutral,glücks.,1
neutral,vertauschte,1
neutral,auszuwischen,1
neutral,heimgeschickt,1
neutral,gegebenes,2
neutral,warum.,1
neutral,verfallen,1
neutral,unablässig,2
neutral,sprudelte,1
neutral,wirtsleuten,1
neutral,rosenblatt,1
neutral,köchelte,1
neutral,beides,1
neutral,sprich,1
neutral,fremden.,1
neutral,wanken,1
neutral,strauß,1
neutral,flug,1
neutral,jägerkleidung,1
neutral,schwindelig,1
neutral,pfiff,1
neutral,schwarm,2
neutral,wenigsten,1
neutral,pflanzte,2
neutral,verabschiedete,1
neutral,ausgab,1
neutral,freizuräumen,1
neutral,gepflanzt,1
neutral,beschimpfte,1
neutral,verbissen,1
neutral,bärenfalle,1
neutral,tobte,2
neutral,fegten,1
neutral,heimatlos,1
neutral,verwüstete,1
neutral,wanderung,1
neutral,ruinen,1
neutral,ahne,1
neutral,winden…,1
neutral,ernsten,1
neutral,weißgekleidete,1
neutral,ungewiss,1
neutral,mordgierige,1
neutral,angelockt,1
neutral,festlichen,1
neutral,ruine,1
neutral,erkenne,1
neutral,plünderten,1
neutral,bedrohten,1
neutral,inne,1
neutral,hervorströmten,1
neutral,wiederzubringen,1
neutral,gestattete,1
neutral,erschlich,1
neutral,kutscher,1
neutral,erfüllt.,2
neutral,feierte,1
neutral,besungen,1
neutral,bogenschießen,1
neutral,schallende,1
neutral,gekränkt,1
neutral,gebrochenes,1
neutral,erhellte,1
neutral,regierung,1
neutral,vertrieb,1
neutral,hässlich,1
neutral,presste,1
neutral,münzen,1
neutral,achtzehnten,1
neutral,entpuppte,1
neutral,überrumpelten,1
neutral,hängten,1
neutral,erhöhte,1
neutral,finanzieren,1
neutral,eifersucht,1
neutral,gerührt,1
neutral,bestehlen,1
neutral,besiegten,1
neutral,magisch,1
neutral,überlebten,1
neutral,überfielen,1
neutral,raubten,3
neutral,zahlen,1
neutral,gewährte,2
neutral,durchschaute,3
neutral,jakub,1
neutral,kräftigen,1
neutral,gutherzigen,1
neutral,erledigte,1
neutral,schleudern,1
neutral,müllersburschen,1
neutral,bloßen,1
neutral,drehen,1
neutral,ausriss,1
neutral,blau,1
neutral,trauernden,1
neutral,prüften,1
neutral,gezeigt,1
neutral,bereitstanden,1
neutral,zauberischer,1
neutral,verführte,1
neutral,betört,1
neutral,erfuhren,2
neutral,hinabsteigen,1
neutral,gänge,1
neutral,erlosch,1
neutral,stelle.,1
neutral,überwand,1
neutral,hinaufsteigen,1
neutral,felsigem,1
neutral,aufschub,1
neutral,entlarvten,1
neutral,erklang,1
neutral,geschickten,1
neutral,betäubte,1
neutral,abgeschworen,1
neutral,üben,1
neutral,beeindruckt,1
neutral,reichtümern,1
neutral,eulengestalt,1
neutral,unzählige,1
neutral,unverändert,1
neutral,steinernen,1
neutral,erstarrte,1
neutral,spotteten,1
neutral,bestimmen,1
neutral,einzukehren,1
neutral,ring.,1
neutral,barfuß,1
neutral,schwarz‑weißen,1
neutral,überredeten,1
neutral,braut.,1
neutral,gewöhnliche,1
neutral,bauerntöchtern,1
neutral,schlechtzumachen,1
neutral,düster,1
neutral,gewitterhimmel,1
neutral,wurde.,1
neutral,bestätigte,1
neutral,verdunkelte,1
neutral,schreiende,1
neutral,sonnenkönig,1
neutral,kostbar,1
neutral,verschont,1
neutral,bergland,1
neutral,eintauschte,1
neutral,höhen,1
neutral,greis,1
neutral,kraulte,1
neutral,geiz,1
neutral,liege,1
neutral,svetoslavs,1
neutral,heimbringe,1
neutral,vernichtete,1
neutral,erblühte,1
neutral,begrüßte,1
neutral,kostbare,1
neutral,thereses,1
neutral,grausam,1
neutral,verreiste,1
neutral,haselnusszweig,1
neutral,21.,1
neutral,ausgerufen,1
neutral,überbrachten,1
neutral,einladungen,1
neutral,hindernisse,1
neutral,raschelte,1
neutral,blau‑weißes,1
neutral,schimmerndem,1
neutral,gurrte,1
neutral,hereinbrach,1
neutral,ersetzen,1
neutral,aussetzen,1
neutral,getäuscht,1
neutral,siebte,1
neutral,versöhnten,2
neutral,friedlichen,1
neutral,bekamen,1
neutral,trockenes,1
neutral,zauberkunst,1
neutral,tiger,1
neutral,widerstand,3
neutral,lockten,1
neutral,heißes,1
neutral,schwesterchens,1
neutral,flüsternd,1
neutral,bitteren,1
neutral,listigem,1
neutral,seife,1
neutral,auskommen,1
neutral,bräche,1
neutral,ungewaschen,1
neutral,einsamkeit,1
neutral,kartenspiel,1
neutral,verschenkte,1
neutral,unerträglich,1
neutral,zuber,1
neutral,bereitgestellt,1
neutral,gütige,1
neutral,vollenden,2
neutral,verstrichen,1
neutral,vertrag,1
neutral,knirschte,1
neutral,teufelslisten,1
neutral,dumm,1
neutral,entfernt,1
neutral,melancholie,1
neutral,regiment,1
neutral,grob,1
neutral,geizig,1
neutral,abrutschen,1
neutral,köstliche,1
neutral,fällte,1
neutral,berührt.,1
neutral,zugriffen,1
neutral,werdenden,1
neutral,geplante,1
neutral,zappelnden,1
neutral,stolperten,1
neutral,drängte,1
neutral,schwermut,1
neutral,schranken,1
neutral,watschelte,1
neutral,fleck,1
neutral,kündigte,1
neutral,rot‑weißes,1
neutral,mühlstein,1
neutral,hang,1
neutral,hinunterrollen,1
neutral,bewunderte,2
neutral,erspäht,1
neutral,schwärmte,1
neutral,störrisch,1
neutral,reagierte,1
neutral,wütender,1
neutral,stier,1
neutral,ambossstein,1
neutral,krächzte,1
neutral,betrüger,1
neutral,plumpsten,1
neutral,rot‑weiße,1
neutral,quälten,1
neutral,aufsuchen,1
neutral,gleiten,1
neutral,traumort,1
neutral,prahlerisch,1
neutral,vertauschten,1
neutral,todesbefehls,1
neutral,pläne,1
neutral,erpresste,1
neutral,geläutert,1
neutral,brand,1
neutral,wehen,1
neutral,nottaufe,1
neutral,planschten,1
neutral,ungeborenen,1
neutral,überlebte,1
neutral,behütet,1
neutral,spräche,1
neutral,stieße,1
neutral,webte,1
neutral,fasziniert,1
neutral,misstraute,1
neutral,versöhnte,1
neutral,lüften,1
neutral,herausfände,1
neutral,herausfand,1
neutral,ablehnen,1
neutral,gelüftet,1
neutral,liebt.,1
neutral,gewahrt,1
neutral,verhinderten,1
neutral,mächtigste,1
neutral,plante,1
neutral,niedergeschlagen,1
neutral,hexenjäger,1
neutral,feuerwaffen,1
neutral,enthaupteten,1
neutral,ländern,1
neutral,ältester,1
neutral,hinausgezogen,1
neutral,herangereift,1
neutral,seen,1
neutral,rosteten,1
neutral,träger,1
neutral,verzauberten,2
neutral,glitzern,1
neutral,sturz,1
neutral,leichtigkeit,1
neutral,milenas,1
neutral,verwechselt,1
neutral,siegte,1
neutral,red,1
neutral,riding,1
neutral,hood,1
neutral,opferten,1
neutral,vollmond,1
neutral,brüchiger,1
neutral,kindheit,1
neutral,echter,1
neutral,verwandle,1
neutral,paters,1
neutral,verhallten,1
neutral,ungehört,1
neutral,zueinander,1
neutral,kommando,1
neutral,versuchs,1
neutral,spurlos,1
neutral,anflehte,1
neutral,weitergegeben,1
neutral,werwolfkräfte,1
neutral,cesaires,1
neutral,versenkten,1
neutral,gefährden,1
neutral,alltag,1
neutral,fürstentöchtern,1
neutral,verdrehte,1
neutral,gesetz.,1
neutral,berief,1
neutral,widersprechen,1
neutral,unerfüllbar,1
neutral,mondschein,1
neutral,mägdekleid,1
neutral,beschmierte,1
neutral,walnuss,2
neutral,allerleihaut,2
neutral,ertrug,1
neutral,entwich,1
neutral,mondlichtkleid,1
neutral,sternenglanz,1
neutral,schande,1
neutral,floh.,1
annoyance,fähigkeiten,1
annoyance,jüngeren,1
annoyance,bruders,1
annoyance,gustav,1
annoyance,halten,2
annoyance,überschütten,1
annoyance,spott,1
annoyance,schimpfen,1
annoyance,„,41
annoyance,dummling,7
annoyance,“,47
annoyance,danach,2
annoyance,entpuppt,1
annoyance,königin,1
annoyance,eitle,1
annoyance,böse,4
annoyance,seele,2
annoyance,warum,2
annoyance,ärgern,1
annoyance,plagen,1
annoyance,hemmt,1
annoyance,leuchtet,1
annoyance,elisabeth,1
annoyance,versuchen,1
annoyance,raubgierig,1
annoyance,familie,1
annoyance,bahnen,1
annoyance,eule,1
annoyance,wechselt,1
annoyance,gestalt,2
annoyance,erscheint,2
annoyance,ernst,2
annoyance,blickende,1
annoyance,frau,6
annoyance,jakob,1
annoyance,hingegen,1
annoyance,schicken,1
annoyance,teufel,2
annoyance,ungeschicktheit,1
annoyance,verrückt,2
annoyance,macht,1
annoyance,paar,2
annoyance,gerade,1
annoyance,vermählt,1
annoyance,könig,26
annoyance,wütend,3
annoyance,zeremonie,1
annoyance,stoppt,1
annoyance,zeit,2
annoyance,später,1
annoyance,nutzt,1
annoyance,gretel,1
annoyance,gelegenheit,1
annoyance,hexe,3
annoyance,ofen,1
annoyance,schieben,1
annoyance,jedoch,2
annoyance,magische,2
annoyance,kräfte,1
annoyance,verwandelt,2
annoyance,prinzen,2
annoyance,bären,1
annoyance,gestiefelte,1
annoyance,kater,1
annoyance,verfolgt,1
annoyance,gegner,1
annoyance,ganze,2
annoyance,stadt,2
annoyance,unterschlupf,1
annoyance,könntest,1
annoyance,wärst,2
annoyance,nähm,1
annoyance,trotzdem,1
annoyance,drosselbart.,1
annoyance,erzürnt,2
annoyance,tochter,5
annoyance,edlen,1
annoyance,männer,1
annoyance,verschmäht,1
annoyance,beleidigt,1
annoyance,schwört,1
annoyance,bischof,2
annoyance,strafe,1
annoyance,hochmut,1
annoyance,erstbesten,1
annoyance,bettler,2
annoyance,schlosstür,1
annoyance,trete,1
annoyance,mann,11
annoyance,geben,2
annoyance,unbedingt,1
annoyance,menschen,3
annoyance,bärenfell,1
annoyance,grimmschen,1
annoyance,version,1
annoyance,zwerge,1
annoyance,allerdings,1
annoyance,leidlich,1
annoyance,ordentlich,2
annoyance,–,2
annoyance,schneewittchen,1
annoyance,braucht,1
annoyance,hausarbeit,1
annoyance,kümmern,1
annoyance,schmied,1
annoyance,schon,3
annoyance,lange,1
annoyance,vergeblich,1
annoyance,kind,4
annoyance,gewünscht,1
annoyance,sehen,1
annoyance,zeichen,1
annoyance,gottes,1
annoyance,ziehen,2
annoyance,hasen,1
annoyance,niederlage,1
annoyance,unbegreiflich,1
annoyance,verlangt,1
annoyance,revanche,1
annoyance,führt,1
annoyance,insgesamt,1
annoyance,73,1
annoyance,läufe,1
annoyance,stets,1
annoyance,ergebnis,1
annoyance,sieben,1
annoyance,verstecken,1
annoyance,panisch,1
annoyance,rotkäppchens,1
annoyance,großmutter,1
annoyance,lebt,1
annoyance,kleinen,3
annoyance,hütte,1
annoyance,wald,4
annoyance,erfinderisch,1
annoyance,prinz,3
annoyance,erwacht,1
annoyance,glaubt,3
annoyance,schlecht,2
annoyance,geträumt,1
annoyance,nimmt,2
annoyance,daher,3
annoyance,worte,1
annoyance,fee,4
annoyance,weist,1
annoyance,ab,2
annoyance,potentieller,1
annoyance,gatte,1
annoyance,präsentiert,1
annoyance,sache,1
annoyance,lohn,1
annoyance,wiederholt,1
annoyance,reagiert,1
annoyance,ehefrau,1
annoyance,wirft,1
annoyance,einfältig,1
annoyance,dumm,1
annoyance,gothel,1
annoyance,altert,1
annoyance,gerät,1
annoyance,dabei,1
annoyance,außer,2
annoyance,fenster,1
annoyance,turmes,1
annoyance,stürzt,1
annoyance,stirbt,1
annoyance,ersten,3
annoyance,brünnlein,1
annoyance,spricht,1
annoyance,wer,5
annoyance,trinkt,1
annoyance,tiger.,1
annoyance,schwesterchen,2
annoyance,bittet,1
annoyance,brüderchen,2
annoyance,daraus,1
annoyance,trinken,1
annoyance,wilden,2
annoyance,tier,1
annoyance,zerreiße,1
annoyance,claudia,2
annoyance,sichtlich,1
annoyance,irritiert,1
annoyance,bühne,1
annoyance,herabsteigt,1
annoyance,setzen,1
annoyance,plötzlich,3
annoyance,wehen,1
annoyance,wahnsinn,1
annoyance,hass,1
annoyance,immer,2
annoyance,seltsamere,1
annoyance,formen,1
annoyance,langsam,1
annoyance,verhalten,1
annoyance,gegenüber,1
annoyance,bediensteten,1
annoyance,burg,1
annoyance,herrischer,1
annoyance,prinzessin,2
annoyance,ella,2
annoyance,darüber,1
annoyance,überaus,1
annoyance,empört,2
annoyance,erkennt,1
annoyance,jasper,3
annoyance,verkleidung,1
annoyance,obwohl,1
annoyance,verschwunden,1
annoyance,dennoch,1
annoyance,heiraten,1
annoyance,beiden,2
annoyance,bösen,4
annoyance,frauen,2
annoyance,kommen,2
annoyance,flucht,1
annoyance,tode,1
annoyance,menschliche,1
annoyance,annehmen,1
annoyance,betrug,1
annoyance,verbietet,1
annoyance,lachen,3
annoyance,ganzen,4
annoyance,reich,2
annoyance,baum,1
annoyance,früchte,1
annoyance,heilkräfte,1
annoyance,besaßen,1
annoyance,verdorrt,1
annoyance,seitdem,1
annoyance,leidet,1
annoyance,hiesige,1
annoyance,volk,1
annoyance,unbezahlbar,1
annoyance,müsste,2
annoyance,hölle,1
annoyance,hinab,2
annoyance,fahren,1
annoyance,düstere,1
annoyance,erhellt,1
annoyance,krönt,1
annoyance,schwemmling,1
annoyance,neuen,1
annoyance,neue,3
annoyance,ära,1
annoyance,beginnt,1
annoyance,sollst,3
annoyance,kleider,1
annoyance,erwidert,1
annoyance,bär,1
annoyance,fuchs,1
annoyance,lügen,1
annoyance,bestrafen,1
annoyance,feststellen,1
annoyance,entkommen,1
annoyance,demütigen,2
annoyance,drücken,2
annoyance,unangemessen,2
annoyance,arbeit,3
annoyance,maleficent,2
annoyance,bestreitet,1
annoyance,verflucht,1
annoyance,aurora,1
annoyance,zerstört,1
annoyance,spindel,2
annoyance,fluch,2
annoyance,weckt,1
annoyance,john,1
annoyance,schlaf,2
annoyance,geld,2
annoyance,wirtsleute,1
annoyance,haus,3
annoyance,befindende,1
annoyance,schneider,1
annoyance,neues,1
annoyance,kleid,1
annoyance,feinster,1
annoyance,chinesischer,1
annoyance,seide,1
annoyance,schuhe,1
annoyance,italienischem,1
annoyance,kalbsleder,1
annoyance,bestellt,1
annoyance,mehr,3
annoyance,verärgert,1
annoyance,dritte,2
annoyance,zauber,1
annoyance,ausgesprochen,2
annoyance,schwächt,1
annoyance,verärgerten,1
annoyance,geister,1
annoyance,fordern,1
annoyance,facilier,1
annoyance,gegenleistung,1
annoyance,welt,3
annoyance,angestellten,1
annoyance,hofes,1
annoyance,zünden,1
annoyance,feuer,1
annoyance,zimmer,1
annoyance,bald,2
annoyance,glühen,1
annoyance,wände,1
annoyance,hitze,1
annoyance,jägermeister,1
annoyance,erschrickt,1
annoyance,mal,1
annoyance,begleiten,1
annoyance,gehnichtunter,1
annoyance,besinnung,1
annoyance,kommt,1
annoyance,findet,1
annoyance,goldener,1
annoyance,rüstung,1
annoyance,beschenkt,1
annoyance,drei,2
annoyance,goldenen,1
annoyance,federn,1
annoyance,mutter,2
annoyance,meint,1
annoyance,jung,1
annoyance,stark,2
annoyance,sei,1
annoyance,solle,2
annoyance,stellt,1
annoyance,heraus,4
annoyance,weiße,1
annoyance,könnt,3
annoyance,herbei,1
annoyance,gehen,1
annoyance,beistand,1
annoyance,leisten,1
annoyance,hast,2
annoyance,angefangen,1
annoyance,kleines,1
annoyance,männchen,4
annoyance,fragte,5
annoyance,rosenrot,1
annoyance,weinte,1
annoyance,bitterlich,1
annoyance,sagte,7
annoyance,``,1
annoyance,großes,1
annoyance,unrecht,1
annoyance,gehabt,1
annoyance,wert,1
annoyance,'',2
annoyance,aßen,1
annoyance,tranken,1
annoyance,sprach,11
annoyance,männlein,1
annoyance,gutes,1
annoyance,herz,2
annoyance,deinigen,1
annoyance,gerne,1
annoyance,mitteilst,1
annoyance,glück,1
annoyance,bescheren,1
annoyance,kam,4
annoyance,darauf,1
annoyance,herrschte,1
annoyance,ernsthaft,1
annoyance,niemand,1
annoyance,bringen,2
annoyance,konnte,1
annoyance,herzen,1
annoyance,nähme,2
annoyance,verlangte,1
annoyance,abermals,1
annoyance,braut,1
annoyance,ärgerte,1
annoyance,schlechter,1
annoyance,bursch,1
annoyance,jedermann,1
annoyance,nannte,1
annoyance,davon,3
annoyance,tragen,2
annoyance,machte,2
annoyance,bedingungen,1
annoyance,erst,2
annoyance,schaffen,1
annoyance,berg,1
annoyance,voll,3
annoyance,brot,2
annoyance,aufessen,1
annoyance,wenig,2
annoyance,schadhaft,1
annoyance,dafür,1
annoyance,sollt,2
annoyance,gans,2
annoyance,wollt,1
annoyance,fragen,1
annoyance,antwortete,3
annoyance,hans,1
annoyance,ja,2
annoyance,glücklichsten,1
annoyance,erden,1
annoyance,oft,1
annoyance,tasche,1
annoyance,greife,1
annoyance,brauche,1
annoyance,sorgen,1
annoyance,reichte,1
annoyance,wart,1
annoyance,laß,1
annoyance,gefallen,1
annoyance,finde,1
annoyance,rechten,1
annoyance,leute,1
annoyance,schätze,2
annoyance,landes,2
annoyance,geben.,2
annoyance,ging,4
annoyance,zorn,3
annoyance,sah,2
annoyance,darin,1
annoyance,stehen,1
annoyance,sechs,3
annoyance,bäume,1
annoyance,ausgerupft,1
annoyance,wärens,1
annoyance,kornhalme,1
annoyance,seht,1
annoyance,beine,1
annoyance,aufgehoben,1
annoyance,vorher,1
annoyance,wars,1
annoyance,gar,2
annoyance,laufen,1
annoyance,nennen.,1
annoyance,kränkte,1
annoyance,gemeiner,2
annoyance,abgedankter,1
annoyance,soldat,2
annoyance,ratschlagten,1
annoyance,einander,1
annoyance,samt,1
annoyance,gesellen,1
annoyance,los,1
annoyance,koch,1
annoyance,schalt,1
annoyance,getan,3
annoyance,hätte,1
annoyance,wäre,2
annoyance,befohlen,1
annoyance,worden,1
annoyance,erblickte,1
annoyance,ferne,1
annoyance,zwei,5
annoyance,riesen,1
annoyance,winkten,1
annoyance,hand,2
annoyance,sprachen,1
annoyance,streiten,2
annoyance,hut,2
annoyance,wem,1
annoyance,zugehören,1
annoyance,beide,1
annoyance,gleich,2
annoyance,überwältigen,1
annoyance,klüger,1
annoyance,entscheidung,1
annoyance,überlassen.,1
annoyance,alten,3
annoyance,jüngling,1
annoyance,holle,1
annoyance,witwe,1
annoyance,töchter,2
annoyance,schön,1
annoyance,fleißig,2
annoyance,häßlich,1
annoyance,faul,3
annoyance,pfeife,2
annoyance,rauchen,2
annoyance,darf.,1
annoyance,kannst,2
annoyance,glaube,1
annoyance,leben,1
annoyance,schenke.,1
annoyance,zog,2
annoyance,zündete,1
annoyance,blauen,1
annoyance,licht,1
annoyance,ringel,1
annoyance,rauch,1
annoyance,aufgestiegen,1
annoyance,stand,3
annoyance,knüppel,2
annoyance,befiehlt,1
annoyance,herr,1
annoyance,schlag,1
annoyance,falschen,1
annoyance,richter,1
annoyance,häscher,1
annoyance,boden,2
annoyance,verschone,1
annoyance,behandelt,1
annoyance,hat.,1
annoyance,fuhr,1
annoyance,blitz,1
annoyance,zickzack,1
annoyance,her,1
annoyance,wen,1
annoyance,anrührte,1
annoyance,fiel,1
annoyance,getraute,1
annoyance,regen,1
annoyance,schwieg,1
annoyance,zeitlang,1
annoyance,still,1
annoyance,endlich,1
annoyance,ärgerlich,1
annoyance,herausplatzte,1
annoyance,geheimnis,1
annoyance,verriet,1
annoyance,vater,1
annoyance,zornig,4
annoyance,nimmermehr,1
annoyance,bärenhäuter,1
annoyance,ermorden,1
annoyance,fest,1
annoyance,ward,4
annoyance,pracht,1
annoyance,gefeiert,1
annoyance,ende,2
annoyance,beschenkten,1
annoyance,weisen,1
annoyance,wundergaben,1
annoyance,tugend,1
annoyance,schönheit,1
annoyance,reichtum,1
annoyance,wünschen,1
annoyance,elfe,1
annoyance,sprüche,1
annoyance,eben,1
annoyance,trat,1
annoyance,dreizehnte,1
annoyance,herein,1
annoyance,guten,1
annoyance,tag,1
annoyance,altes,1
annoyance,mütterchen,1
annoyance,königstochter,1
annoyance,machst,1
annoyance,spinne,1
annoyance,alte,5
annoyance,nickte,1
annoyance,kopf,1
annoyance,darum,1
annoyance,sagen,1
annoyance,albern,1
annoyance,deshalb,1
annoyance,rechtes,1
annoyance,könne,1
annoyance,königssohn,1
annoyance,list,1
annoyance,gebraucht,1
annoyance,treppe,1
annoyance,pech,1
annoyance,bestreichen,1
annoyance,lassen,3
annoyance,hinabsprang,1
annoyance,linke,1
annoyance,pantoffel,1
annoyance,mädchens,1
annoyance,hängen,1
annoyance,geblieben,1
annoyance,klagte,1
annoyance,menschenfresserin,1
annoyance,brüder,3
annoyance,reicher,1
annoyance,armer,1
annoyance,stehle,1
annoyance,dieb,3
annoyance,nehme,1
annoyance,überfluß,1
annoyance,reichen,2
annoyance,warne,1
annoyance,begegnest,1
annoyance,behandle,1
annoyance,willst,1
annoyance,paten,1
annoyance,kindes,1
annoyance,nehmen,1
annoyance,gold,1
annoyance,hülle,1
annoyance,fülle,1
annoyance,lust,1
annoyance,teufel.,1
annoyance,begehr,1
annoyance,gevatter,2
annoyance,betrügst,1
annoyance,verführst,1
annoyance,menschen.,1
annoyance,dürrbeinige,1
annoyance,tod,4
annoyance,zugeschritten,1
annoyance,nimm,1
annoyance,gevatter.,1
annoyance,macht.,1
annoyance,rechte,1
annoyance,holst,1
annoyance,armen,1
annoyance,unterschied,1
annoyance,gevattersmann,1
annoyance,sein.,1
annoyance,berühmt,1
annoyance,freunde,1
annoyance,kanns,1
annoyance,fehlen.,1
annoyance,künftigen,1
annoyance,sonntag,1
annoyance,taufe,1
annoyance,stelle,1
annoyance,rechter,1
annoyance,ein.,1
annoyance,erschien,1
annoyance,versprochen,1
annoyance,ganz,1
annoyance,kürdchen,1
annoyance,bös,1
annoyance,hüteten,1
annoyance,gänse,1
annoyance,abend,1
annoyance,gingen,1
annoyance,ei,1
annoyance,ärgert,1
annoyance,tag.,1
annoyance,befahl,1
annoyance,erzählen,1
annoyance,wies,1
annoyance,ginge,1
annoyance,finden,1
annoyance,los.,1
annoyance,nein,1
annoyance,tue,1
annoyance,ichs,1
annoyance,übers,1
annoyance,kinder,1
annoyance,walde,1
annoyance,allein,1
annoyance,tiere,1
annoyance,zerreißen.,1
annoyance,o,1
annoyance,narr,2
annoyance,müssen,1
annoyance,viere,1
annoyance,hungers,1
annoyance,sterben,1
annoyance,bretter,1
annoyance,särge,1
annoyance,hobelen,1
annoyance,ließ,4
annoyance,ruhe,1
annoyance,einwilligte,1
annoyance,freundlich,1
annoyance,angestellt,1
annoyance,kindern,1
annoyance,auflauerte,1
annoyance,brothäuslein,1
annoyance,bloß,1
annoyance,gebaut,1
annoyance,herbeizulocken,1
annoyance,kleine,2
annoyance,geworden,2
annoyance,wunsch,2
annoyance,kaum,2
annoyance,bitteren,1
annoyance,meerwasser,1
annoyance,getrunken,1
annoyance,kränker,1
annoyance,zuvor,1
annoyance,strafen,1
annoyance,aufs,1
annoyance,meer,1
annoyance,gesetzt,1
annoyance,fortgeschifft,1
annoyance,kamen,1
annoyance,lebtag,1
annoyance,zerbrach,1
annoyance,unheil,1
annoyance,gebracht,1
annoyance,weckte,1
annoyance,reiter,2
annoyance,goldklumpen,1
annoyance,schimmernden,1
annoyance,augen,1
annoyance,mühst,1
annoyance,schrecklich,1
annoyance,junger,1
annoyance,freund,2
annoyance,vereinbarten,1
annoyance,stunde,1
annoyance,wartete,1
annoyance,geriet,1
annoyance,inzwischen,1
annoyance,gewalt,1
annoyance,dunklen,1
annoyance,führte,1
annoyance,stiefmutter,1
annoyance,natur,1
annoyance,neidisch,1
annoyance,bauern,2
annoyance,wurden,1
annoyance,unzufriedener,1
annoyance,mehl,1
annoyance,knapp,1
annoyance,müller,1
annoyance,wortreich,1
annoyance,tun,1
annoyance,dünn,1
annoyance,schatten,1
annoyance,wasser,1
annoyance,ewig,1
annoyance,trauern,1
annoyance,murmelten,1
annoyance,luise,1
annoyance,missgünstig,1
annoyance,tat,1
annoyance,gern,1
annoyance,loben,1
annoyance,schwester,1
annoyance,schelten,1
annoyance,lass,1
annoyance,herausfinden,1
annoyance,wettrennen,1
annoyance,ackers,1
annoyance,hase,1
annoyance,prustete,1
annoyance,arbeitete,1
annoyance,wunderlichen,1
annoyance,schar,1
annoyance,schloss,5
annoyance,verloren,1
annoyance,wort,3
annoyance,stellte,1
annoyance,schwere,1
annoyance,aufgaben,1
annoyance,pferd,1
annoyance,treuer,1
annoyance,helfer,1
annoyance,riet,1
annoyance,stummer,1
annoyance,verkleiden,1
annoyance,friede,1
annoyance,jagte,1
annoyance,fort,1
annoyance,hund,1
annoyance,gab,1
annoyance,weder,1
annoyance,sold,1
annoyance,geißlein,1
annoyance,verschlang,1
annoyance,gierig,1
annoyance,zogen,1
annoyance,verschenkten,1
annoyance,begegneten,1
annoyance,viele,1
annoyance,wussten,1
annoyance,spiegeln,1
annoyance,teppichen,1
annoyance,anfangen,1
annoyance,sollten,1
annoyance,drosselbart,1
annoyance,wurde,2
annoyance,schwor,1
annoyance,tor,1
annoyance,klopft,1
annoyance,haben.,1
annoyance,gesprochen,1
annoyance,erklang,1
annoyance,gesang,1
annoyance,würdig,1
annoyance,flüsterte,1
annoyance,verkleidet,1
annoyance,kehrte,1
annoyance,zurück,1
annoyance,forderte,1
annoyance,königlichen,1
annoyance,läufer,1
annoyance,wettlauf,1
annoyance,gesetz,1
annoyance,verstoßen,1
annoyance,zerstörte,1
annoyance,scham,1
annoyance,küchenmagd,1
annoyance,ottokars,1
annoyance,—,1
annoyance,wissend,1
annoyance,richards,1
annoyance,zwerg,1
annoyance,rief,1
annoyance,gehöre,1
annoyance,verschwinden,1
annoyance,warnte,1
annoyance,scheinheilig,1
annoyance,weiterziehen,1
annoyance,besser,1
annoyance,fressen,1
annoyance,brüllte,1
annoyance,wolf,1
annoyance,sprang,1
annoyance,bett,1
annoyance,zwingen,1
annoyance,rosenhecke,1
annoyance,zerstören,1
annoyance,gewitter,1
annoyance,aufziehen,1
annoyance,joringel,1
annoyance,weiterreise,1
annoyance,hinderte,1
annoyance,unbedachten,1
annoyance,jungen,2
annoyance,raben,1
annoyance,davongeflogen,1
annoyance,dürfe,1
annoyance,einziges,1
annoyance,sprechen,1
annoyance,verbannte,1
annoyance,treuen,1
annoyance,nahm,1
annoyance,hof,1
annoyance,amtsrichter,1
annoyance,grausamer,1
annoyance,junge,1
annoyance,namens,1
annoyance,mina,1
annoyance,hinrichten,1
annoyance,hexerei,2
annoyance,beschuldigte,2
annoyance,geistig,1
annoyance,behinderten,1
annoyance,festnehmen,1
excitement,nächsten,1
excitement,tag,4
excitement,fürst,2
excitement,gundolfs,1
excitement,60.,1
excitement,geburtstag,2
excitement,gibt,1
excitement,söhnen,1
excitement,neue,1
excitement,aufgabe,2
excitement,schneewittchen,2
excitement,friedlichen,1
excitement,königreich,3
excitement,kommt,1
excitement,schneesturms,1
excitement,prinzessin,2
excitement,welt,4
excitement,erinnerung,1
excitement,namen,1
excitement,erhält,1
excitement,zurück,1
excitement,dorf,2
excitement,kräht,1
excitement,hahn,1
excitement,„,3
excitement,kikeriki,2
excitement,goldene,2
excitement,jungfrau,1
excitement,hie.,1
excitement,“,2
excitement,schauen,2
excitement,staunend,1
excitement,gold,1
excitement,gekleidete,1
excitement,mädchen,3
excitement,tiere,1
excitement,fangen,1
excitement,singen,2
excitement,üben,1
excitement,begeistern,1
excitement,hochzeit,3
excitement,bremen,1
excitement,stattfindet,1
excitement,gäste,1
excitement,lied,1
excitement,geschichte,1
excitement,erzählt,1
excitement,leute,1
excitement,denen,1
excitement,schloss,1
excitement,begegnet,1
excitement,interessiert,1
excitement,federvieh,1
excitement,nahe,1
excitement,gelegenen,1
excitement,feiert,1
excitement,susanne,1
excitement,sechzehnten,1
excitement,wandern,1
excitement,burschen,1
excitement,dritt,1
excitement,–,3
excitement,spaß,1
excitement,kraft,1
excitement,joringel,1
excitement,hingegen,1
excitement,begeistert,1
excitement,umgebung,1
excitement,insbesondere,1
excitement,jorinde,1
excitement,allerlei,1
excitement,zaubertricks,1
excitement,geschicklichkeiten,1
excitement,etwa,1
excitement,jonglieren,1
excitement,triumphierend,1
excitement,stürmt,1
excitement,stiefmutter,4
excitement,hütte,1
excitement,jubelt,1
excitement,lippen,1
excitement,rot,1
excitement,blut,1
excitement,haare,2
excitement,schwarz,1
excitement,ebenholz,1
excitement,haut,1
excitement,weiß,1
excitement,schnee,1
excitement,beim,1
excitement,bestimmten,1
excitement,liedes,1
excitement,beginnen,1
excitement,leuchten,1
excitement,entfalten,1
excitement,wunderkraft,1
excitement,zuvor,1
excitement,blume,1
excitement,bartolomäus,1
excitement,bohdanka,1
excitement,heiraten,1
excitement,erwarten,1
excitement,kind,1
excitement,dornröschen,1
excitement,ganzen,1
excitement,herrscht,1
excitement,aufregung,2
excitement,könig,1
excitement,stefan,1
excitement,frau,1
excitement,tochter,1
excitement,bekommt,1
excitement,16,1
excitement,feen,1
excitement,anlass,1
excitement,aufgeregt,1
excitement,beschäftigt,1
excitement,röschen,1
excitement,aurora,1
excitement,nennen,1
excitement,überraschungen,1
excitement,vorzubereiten,1
excitement,``,1
excitement,ach,1
excitement,mirs,1
excitement,ergehen,1
excitement,'',1
excitement,brachte,1
excitement,schüssel,1
excitement,freute,3
excitement,glaubte,2
excitement,dürfte,2
excitement,gehen,2
excitement,trug,1
excitement,schüsseln,1
excitement,ging,1
excitement,immer,1
excitement,weite,1
excitement,hinein,1
excitement,schaute,1
excitement,ruhte,1
excitement,fast,1
excitement,sieben,1
excitement,jahre,1
excitement,herum,1
excitement,meinte,1
excitement,wären,1
excitement,bald,1
excitement,erlöst,1
excitement,weit,1
excitement,davon,1
excitement,stand,1
excitement,plötzlich,1
excitement,dunkle,1
excitement,fee,1
excitement,drachen,1
excitement,verwandelte,1
excitement,groß,1
excitement,turm,1
excitement,feurig,1
excitement,zorn,1
excitement,schenke,1
excitement,erste,1
excitement,herzen,1
excitement,bringst,1
excitement,sagte,1
excitement,kurz,1
excitement,finalen,1
excitement,leons,1
excitement,abendkleid,1
excitement,verschwand,1
excitement,gerieten,1
excitement,schwestern,1
excitement,aufruhr,1
excitement,zogen,1
excitement,sechs,1
excitement,—,2
excitement,ella,1
excitement,hinaus,1
excitement,bereit,1
excitement,abenteuer,1
excitement,begegnen,1
excitement,minerva,1
excitement,calliope,1
excitement,kreischten,1
excitement,sah,1
excitement,große,1
excitement,chance,1
excitement,gekommen,1
approval,festen,2
approval,überzeugung,1
approval,gustav,1
approval,wald,1
approval,schon,1
approval,ring,1
approval,finden,2
approval,gehen,1
approval,gerhard,1
approval,gebhard,1
approval,wirtshaus,1
approval,tatsächlich,1
approval,gelingt,1
approval,tag,2
approval,besser,1
approval,gestellten,1
approval,aufgaben,1
approval,bewältigen,1
approval,tiere,2
approval,setzen,1
approval,gemeinsam,2
approval,fort,2
approval,verträumt,1
approval,teils,1
approval,kindlicher,1
approval,unbefangenheit,1
approval,sogar,1
approval,sprache,1
approval,verstehen,1
approval,herz,1
approval,gegensatz,1
approval,brüdern,1
approval,rechten,2
approval,fleck,1
approval,widerwillig,1
approval,stimmt,1
approval,verhängt,1
approval,haus,2
approval,eltern,2
approval,spiegel,2
approval,aufmerksamkeit,1
approval,modezaren,1
approval,paul,1
approval,petit,1
approval,erregen,1
approval,lässt,3
approval,label,1
approval,antreten,1
approval,arbeit,1
approval,schnell,2
approval,getan,1
approval,verändert,1
approval,dabei,1
approval,spitze,1
approval,zähne,1
approval,lange,1
approval,zunge,1
approval,grüne,1
approval,blitzende,1
approval,augen,1
approval,frisst,1
approval,besonders,1
approval,gerne,1
approval,junge,1
approval,geißlein,1
approval,bietet,1
approval,müllerburschen,1
approval,ebenfalls,1
approval,schönes,1
approval,pferd,1
approval,verführen,1
approval,versprechen,1
approval,gegenüber,1
approval,kätzchen,1
approval,einhalten,1
approval,wundermittel,1
approval,erdenkliche,1
approval,krankheit,1
approval,heilen,1
approval,düsterwald,1
approval,hilfe,3
approval,liebe,3
approval,schaffen,1
approval,treuen,1
approval,frau,1
approval,vermöge,1
approval,erlösen,2
approval,könig,4
approval,mittlerweile,1
approval,fluss,1
approval,angekommen,1
approval,bekommt,3
approval,fährmann,1
approval,ruder,1
approval,hand,2
approval,gedrückt,1
approval,wodurch,1
approval,freiheit,2
approval,gerechte,1
approval,strafe,1
approval,mutter,3
approval,bereits,1
approval,gemerkt,1
approval,kinder,1
approval,mehr,6
approval,hause,1
approval,kommen,1
approval,erzählt,1
approval,vater,3
approval,königin,1
approval,hoffnungsvoll,1
approval,befragt,1
approval,antwort,2
approval,letzten,1
approval,male,1
approval,kaum,1
approval,schneewittchen,2
approval,abgebissen,1
approval,taumelt,1
approval,fällt,1
approval,boden,1
approval,glück,4
approval,jungen,2
approval,prinzen,1
approval,steht,1
approval,wege,1
approval,zuhause,1
approval,erzählen,1
approval,schwestern,1
approval,erlebnissen,1
approval,männlein,1
approval,sagt,1
approval,wer,4
approval,blaue,1
approval,licht,1
approval,macht,3
approval,tränen,1
approval,enthalten,1
approval,jedoch,1
approval,magischen,1
approval,fähigkeiten,1
approval,trifft,1
approval,riders,1
approval,wange,1
approval,belebt,1
approval,setzt,1
approval,kind,1
approval,lächelnd,1
approval,meint,1
approval,mädchen,3
approval,„,12
approval,braucht,1
approval,räte,1
approval,befragen,1
approval,bin.,1
approval,“,15
approval,nein,1
approval,weiß,1
approval,freudige,1
approval,bauer,1
approval,heinrich,1
approval,sechs,1
approval,söhne,1
approval,unsinn,1
approval,kopf,1
approval,wort,2
approval,gegeben,1
approval,gedenkt,1
approval,brechen,1
approval,erfolglosen,1
approval,versuchen,1
approval,korbflechten,1
approval,dingen,2
approval,versucht,1
approval,spielmann,1
approval,handel,1
approval,töpfen,1
approval,krügen,1
approval,markt,3
approval,prinzessin,2
approval,erste,2
approval,erfolge,2
approval,erzielen,1
approval,wenig,1
approval,später,1
approval,erzielt,1
approval,verkauf,1
approval,bemalter,1
approval,töpfe,1
approval,krüge,1
approval,clementiannas,1
approval,regierung,1
approval,land,1
approval,langsam,1
approval,sicher,1
approval,pleite,1
approval,getrieben,1
approval,geld,1
approval,vorhanden,1
approval,steuern,1
approval,verarmten,1
approval,dorf,1
approval,erneut,1
approval,erhöhen,1
approval,trotz,1
approval,geschehnisse,1
approval,zeigt,1
approval,ray,1
approval,freude,1
approval,frösche,1
approval,bevor,1
approval,stirbt,1
approval,kürdchens,1
approval,erfahren,1
approval,leopold,1
approval,rollentausch,1
approval,wäre,2
approval,beide,1
approval,gutes,2
approval,geschäft,1
approval,rotkäppchen,1
approval,ging,1
approval,fröhlich,1
approval,tat,1
approval,niemand,1
approval,leid,1
approval,stirbst,1
approval,sieben,1
approval,jahren,1
approval,bleibst,1
approval,leben,4
approval,frei,3
approval,reich,2
approval,lebtag.,1
approval,soldat,1
approval,dachte,1
approval,große,1
approval,not,1
approval,befand,1
approval,oft,1
approval,tod,1
approval,gegangen,1
approval,wagen,1
approval,willigte,2
approval,sehe,1
approval,antwortete,6
approval,esel,1
approval,gedeckten,1
approval,tisch,1
approval,schönem,1
approval,essen,1
approval,trinken,1
approval,räuber,1
approval,sitzen,1
approval,daran,1
approval,lassens,1
approval,wohl,1
approval,sein.,1
approval,sprach,1
approval,hahn,1
approval,weiss,3
approval,glückskind,1
approval,``,3
approval,ja,3
approval,'',3
approval,sagte,3
approval,hans,2
approval,fasste,1
approval,entschluss,1
approval,brüder,1
approval,kostete,1
approval,küster,1
approval,herr,1
approval,pfarrer,1
approval,habt,1
approval,vortritt,1
approval,folge,1
approval,menschen,2
approval,faires,1
approval,spiel,1
approval,lernen,1
approval,feuer,1
approval,brot,1
approval,knetet,1
approval,tut,1
approval,kommt,1
approval,zeit,1
approval,schmiedete,1
approval,schwarze,1
approval,usa,1
approval,neuen,1
approval,plan,1
approval,stärker,1
approval,zauber,2
approval,hielt,1
approval,folgen,1
approval,schulden,1
approval,gelassen,1
approval,eigenen,1
approval,gefunden,2
approval,—,5
approval,immer,2
approval,gefunden.,1
approval,elisabeth,1
approval,vielleicht,1
approval,hast,1
approval,denkst.,1
approval,standen,1
approval,meer,1
approval,wind,1
approval,spielte,1
approval,haaren,1
approval,wusste,1
approval,ende,1
approval,reise,1
approval,verloren,1
approval,gewonnen,1
approval,nie,1
approval,gesucht,1
approval,viele,1
approval,edelleute,1
approval,nahen,1
approval,fernen,1
approval,ländern,1
approval,kamen,1
approval,werben,1
approval,ruf,1
approval,weit,1
approval,grenzen,1
approval,reiches,1
approval,hinaus,1
approval,gedrungen,1
approval,wilbur,1
approval,siegessicher,1
approval,damen,1
approval,königreichs,1
approval,eingeladen,1
approval,lehrling,1
approval,sophia,1
approval,gelernt,1
approval,zuzuhören,1
approval,übersahen,1
approval,mut,1
approval,klarem,1
approval,herzen,1
approval,gelang,1
approval,schenke,1
approval,respekt,1
approval,segen.,1
approval,kehrte,1
approval,robert,1
approval,zurück,1
approval,geläutert,1
approval,bereit,1
approval,neues,2
approval,beginnen,1
approval,dieb,1
approval,ehrlicher,1
approval,mann,1
approval,jakob,1
approval,ließ,1
approval,zusammen,1
approval,augustine,1
approval,venedig,1
approval,bringen,1
approval,begannen,1
approval,furcht,1
approval,erkämpft,1
approval,missbraucht,1
approval,verliert,1
approval,teuersten,1
gratitude,dankt,1
gratitude,teppich,1
gratitude,äußert,1
gratitude,wunsch,1
gratitude,ring,1
gratitude,jonathan,1
gratitude,hilfe,1
gratitude,jägers,1
gratitude,kerker,1
gratitude,königin,3
gratitude,entkommen,1
gratitude,kommt,1
gratitude,vorbei,1
gratitude,küsst,1
gratitude,schneewittchen,1
gratitude,dank,11
gratitude,dafür,1
gratitude,glauben,2
gratitude,zukunft,3
gratitude,königreiches,1
gratitude,zurückgegeben,1
gratitude,nachdem,2
gratitude,zeit,2
gratitude,vergangen,1
gratitude,bedankt,8
gratitude,frau,1
gratitude,holle,1
gratitude,marie,2
gratitude,meint,1
gratitude,sei,3
gratitude,frühling,1
gratitude,gesammelten,1
gratitude,wissens,1
gratitude,zauberbohnen,1
gratitude,pflanzen,1
gratitude,drei,3
gratitude,samen,1
gratitude,richtigen,1
gratitude,ort,1
gratitude,erde,1
gratitude,riesenranke,1
gratitude,wächst,1
gratitude,himmel,1
gratitude,beim,3
gratitude,ersten,1
gratitude,bemerkt,1
gratitude,„,9
gratitude,oh,1
gratitude,sieh,1
gratitude,weinfass,1
gratitude,–,2
gratitude,nie.,1
gratitude,“,10
gratitude,zweite,1
gratitude,bemerkung,1
gratitude,lang,1
gratitude,schwank,1
gratitude,gang,1
gratitude,danke,2
gratitude,abgefertigt,1
gratitude,wunder,1
gratitude,wasser,2
gratitude,plötzlich,2
gratitude,wein,2
gratitude,aschekuchen,1
gratitude,verwandelt,3
gratitude,bettlers,1
gratitude,eierkuchen,1
gratitude,daraufhin,1
gratitude,tier,1
gratitude,zurück,3
gratitude,jungen,1
gratitude,prinzen,1
gratitude,dienern,1
gratitude,gut,2
gratitude,beschützt,1
gratitude,alsdann,1
gratitude,könig,5
gratitude,bittet,1
gratitude,hand,1
gratitude,jüngsten,1
gratitude,tochter,2
gratitude,hans,3
gratitude,goldgans,1
gratitude,verdanken,1
gratitude,nächsten,2
gratitude,stattfindenden,1
gratitude,ball,1
gratitude,bekommt,1
gratitude,zauberkraft,1
gratitude,haselnussbaumes,1
gratitude,wiederum,1
gratitude,zauberhaftes,1
gratitude,kleid,1
gratitude,passenden,1
gratitude,schuhen,2
gratitude,kleine,1
gratitude,maus,2
gratitude,mädchen,2
gratitude,leben,1
gratitude,rettete,1
gratitude,mal,1
gratitude,stolzen,1
gratitude,schimmel,1
gratitude,aufnahme,1
gratitude,hackt,1
gratitude,tag,2
gratitude,fuhre,1
gratitude,holz,1
gratitude,überschwänglich,1
gratitude,usa,2
gratitude,ernennt,1
gratitude,dankbarkeit,1
gratitude,kammerfrau,1
gratitude,kümmern,1
gratitude,dürfe,1
gratitude,ahnend,1
gratitude,medizin,1
gratitude,präpariert,1
gratitude,willen,1
gratitude,beeinflussen,1
gratitude,gemeinsam,1
gratitude,pflücken,1
gratitude,schönen,1
gratitude,strauß,1
gratitude,kitz,2
gratitude,rotkäppchen,3
gratitude,springt,1
gratitude,davon,2
gratitude,tieren,3
gratitude,läuft,1
gratitude,schnell,1
gratitude,haus,2
gratitude,großmutter,1
gratitude,suchen,1
gratitude,tarnumhangs,1
gratitude,köchin,1
gratitude,schlosses,1
gratitude,heimlich,1
gratitude,aushändigt,1
gratitude,prinzessinnen,2
gratitude,folgen,2
gratitude,taufe,1
gratitude,kleinen,1
gratitude,blumenfeen,1
gratitude,gerade,1
gratitude,beste,1
gratitude,wünsche,1
gratitude,zauber,1
gratitude,aussprechen,1
gratitude,taucht,1
gratitude,maleficent,1
gratitude,spricht,1
gratitude,fluch,1
gratitude,guten,2
gratitude,sprach,3
gratitude,glück,3
gratitude,bald,1
gratitude,abend,1
gratitude,sieben,1
gratitude,zwerglein,1
gratitude,kamen,1
gratitude,swinegel,1
gratitude,hasen,1
gratitude,sah,2
gratitude,bot,1
gratitude,freundlichen,1
gratitude,morgen,1
gratitude,augen,2
gratitude,tiefe,2
gratitude,versinken,1
gratitude,sehen,1
gratitude,sprang,2
gratitude,freuden,1
gratitude,kniete,1
gratitude,nieder,1
gratitude,dankte,10
gratitude,gott,1
gratitude,thränen,1
gratitude,gnade,1
gratitude,erwiesen,1
gratitude,gute,1
gratitude,art,1
gratitude,steinen,1
gratitude,befreit,1
gratitude,sey,1
gratitude,einzige,1
gratitude,gefehlt,1
gratitude,letzte,1
gratitude,betrachtet,1
gratitude,kaufmann,1
gratitude,heim,2
gratitude,schiffes,1
gratitude,rand,1
gratitude,kam,2
gratitude,fern,1
gratitude,land,2
gratitude,hohem,1
gratitude,meere,1
gratitude,ging,4
gratitude,vollen,1
gratitude,segeln,1
gratitude,forteilte,1
gratitude,sagte,2
gratitude,teufel,2
gratitude,gehört,1
gratitude,tötet,1
gratitude,wurzel,1
gratitude,nagt,1
gratitude,goldene,1
gratitude,äpfel,1
gratitude,tragen.,1
gratitude,wächter,3
gratitude,gab,2
gratitude,belohnung,1
gratitude,zwei,2
gratitude,gold,5
gratitude,beladene,2
gratitude,esel,2
gratitude,mussten,1
gratitude,nachfolgen,1
gratitude,gesprochen,1
gratitude,sitzt,1
gratitude,kröte,1
gratitude,brunnen,1
gratitude,stein,1
gratitude,müsst,1
gratitude,aufsuchen,1
gratitude,töten,1
gratitude,reichlich,1
gratitude,geben.,1
gratitude,ebenfalls,2
gratitude,kater,3
gratitude,machte,1
gratitude,verbeugung,1
gratitude,``,4
gratitude,herr,1
gratitude,graf,1
gratitude,'',4
gratitude,dabei,1
gratitude,nannte,1
gratitude,langen,1
gratitude,vornehmen,1
gratitude,namen,1
gratitude,läßt,2
gratitude,herrn,2
gratitude,empfehlen,1
gratitude,schickt,1
gratitude,rebhühner,2
gratitude,wußte,1
gratitude,freude,1
gratitude,fassen,1
gratitude,befahl,1
gratitude,soviel,1
gratitude,schatzkammer,1
gratitude,sack,2
gratitude,tun,1
gratitude,tragen,1
gratitude,könne,1
gratitude,bringe,1
gratitude,vielmals,1
gratitude,geschenk,2
gratitude,trat,1
gratitude,herein,1
gratitude,warf,1
gratitude,rücken,1
gratitude,schnürte,1
gratitude,schüttete,1
gratitude,müller,1
gratitude,hast,1
gratitude,grüßen,1
gratitude,stieg,1
gratitude,hinauf,1
gratitude,aschenputtel,1
gratitude,mutter,1
gratitude,grab,1
gratitude,pflanzte,1
gratitude,reis,1
gratitude,darauf,2
gratitude,weinte,1
gratitude,tränen,2
gratitude,niederfielen,1
gratitude,begossen,1
gratitude,richtigkeit,1
gratitude,geist,3
gratitude,trennen.,1
gratitude,erlösung,1
gratitude,schüler,1
gratitude,vater,1
gratitude,dankbar,4
gratitude,schlossen,1
gratitude,wer,1
gratitude,reines,1
gratitude,herz,1
gratitude,trägt,1
gratitude,tiere,1
gratitude,gewonnen,1
gratitude,ertauschen,1
gratitude,mut,1
gratitude,last,1
gratitude,gehen,1
gratitude,gibt,1
gratitude,welt,1
gratitude,wahrheit,1
gratitude,kinder,1
gratitude,sollst,1
gratitude,frei,1
gratitude,soldat,2
gratitude,nächten,1
gratitude,herausfindest,1
gratitude,geschieht.,1
gratitude,tief,1
gratitude,zeichen,1
gratitude,ewiger,1
gratitude,freundschaft,1
gratitude,wurde,1
gratitude,bestimmt,1
gratitude,einst,1
gratitude,sigismunds,1
gratitude,elisabeth,1
gratitude,sohn,1
gratitude,gustavs,1
gratitude,prinz,1
gratitude,leopold,1
gratitude,gemahl,1
gratitude,bekommen,1
gratitude,solle,2
gratitude,mensch,1
gratitude,treuem,1
gratitude,herzen,1
gratitude,konnte,1
gratitude,erlösen.,1
gratitude,mühle,2
gratitude,schenken,1
gratitude,junge,1
gratitude,blickte,1
gratitude,gebäude,1
gratitude,klein,1
gratitude,vorkam,1
gratitude,vergleich,1
gratitude,stand,1
gratitude,stadt,1
gratitude,gerettet,1
gratitude,gans,1
gratitude,heiratete,1
gratitude,prinzessin,3
gratitude,regierte,1
gratitude,mild,1
gratitude,wald,1
gratitude,half,2
gratitude,not,1
gratitude,dankten,1
gratitude,versprechen,1
gratitude,verloren,1
gratitude,endres,1
gratitude,unterwegs,1
gratitude,geführt,1
gratitude,wort,1
gratitude,dankes,1
gratitude,erwarten,1
gratitude,kehrten,1
gratitude,liebe,1
gratitude,stärker,1
gratitude,hexerei,1
gratitude,lud,1
gratitude,bedankte,1
gratitude,brachte,1
gratitude,pfeifen,1
gratitude,versprach,1
gratitude,kommen,1
gratitude,gefahr,1
gratitude,schloss,1
gratitude,lag,1
gratitude,dunkler,1
gratitude,schatten,1
gratitude,fee,1
gratitude,geweissagt,1
gratitude,ungeheuer,1
gratitude,steigen,1
gratitude,ganze,1
gratitude,ertränken,1
gratitude,reihenfolge,1
gratitude,geburt,1
gratitude,abstand,1
gratitude,dreizehn,1
gratitude,monden,1
gratitude,heirateten,1
gratitude,unerwartete,1
gratitude,rettung,1
gratitude,nahm,1
gratitude,christoffel,1
gratitude,trotz,1
gratitude,aussehens,1
gratitude,hause,1
gratitude,schenkte,1
gratitude,tarnmantel,1
gratitude,warnte,1
gratitude,abendtrunk,1
gratitude,älteste,1
gratitude,bringen,1
gratitude,trinken,1
admiration,diesmal,4
admiration,schönste,25
admiration,braut,4
admiration,gefunden,2
admiration,böse,3
admiration,königin,36
admiration,stolz,13
admiration,schönheit,22
admiration,erfährt,1
admiration,zauberspiegel,1
admiration,schneewittchen,17
admiration,landes,1
admiration,zwerge,8
admiration,diebe,1
admiration,zivilisten,1
admiration,wachen,1
admiration,kämpfen,1
admiration,sagt,5
admiration,spiegel,25
admiration,schöner,37
admiration,freundlich,9
admiration,gerecht,1
admiration,inzwischen,2
admiration,liebenswerten,1
admiration,hilfsbereiten,2
admiration,jungen,4
admiration,frau,36
admiration,gereift,1
admiration,schloss,8
admiration,gemocht,1
admiration,handelt,1
admiration,hochmütigen,1
admiration,prinzessin,17
admiration,freier,5
admiration,spöttisch,1
admiration,abweist,1
admiration,sei,21
admiration,tapfer,2
admiration,ehrenwert,1
admiration,michael,2
admiration,vorstellen,1
admiration,derart,1
admiration,stolze,1
admiration,verzogene,1
admiration,gibt,3
admiration,schön,57
admiration,überaus,1
admiration,hochmütig,2
admiration,schlechtem,1
admiration,charakter,1
admiration,sofort,3
admiration,fasziniert,1
admiration,vater,5
admiration,erzürnt,1
admiration,marie,6
admiration,wandert,1
admiration,wunderschöne,3
admiration,land,14
admiration,holle,2
admiration,alsbald,2
admiration,kleinen,2
admiration,raupe,2
admiration,hilfe,1
admiration,gebeten,2
admiration,plötzlich,4
admiration,sitzt,1
admiration,pimpinella,1
admiration,kleine,3
admiration,wunderschönen,2
admiration,schmetterling,1
admiration,geworden,4
admiration,maries,2
admiration,arm,3
admiration,steht,2
admiration,mädchen,27
admiration,schon,5
admiration,haus,8
admiration,luise,1
admiration,sieht,4
admiration,schlimm,1
admiration,trost,1
admiration,goldenes,4
admiration,kleid,3
admiration,löst,1
admiration,gold,7
admiration,fluch,2
admiration,gebannt,1
admiration,jüngste,7
admiration,sohn,2
admiration,heiratet,1
admiration,lohn,1
admiration,schöne,24
admiration,liebreizende,1
admiration,viele,5
admiration,jahre,8
admiration,später,3
admiration,beiden,6
admiration,hübschen,1
admiration,frauen,3
admiration,herangewachsen,2
admiration,prinz,7
admiration,schneeweißchen,5
admiration,verliebt,1
admiration,schwarze,1
admiration,schaf,1
admiration,familie,1
admiration,kater,4
admiration,wegen,3
admiration,früheren,1
admiration,verbrechens,1
admiration,san-ricardo-bank,1
admiration,auszurauben,1
admiration,festgenommen,1
admiration,indessen,1
admiration,bewohnern,1
admiration,stadt,1
admiration,held,1
admiration,gefeiert,4
admiration,geistliche,1
admiration,meint,1
admiration,fürchte,2
admiration,wählerisch,1
admiration,heute,1
admiration,wohl,5
admiration,recht,3
admiration,rolle,1
admiration,weitergespielt,1
admiration,stolzen,2
admiration,sinn,2
admiration,beugen,2
admiration,hochmut,2
admiration,bestrafen,1
admiration,verspottet,2
admiration,tieren,2
admiration,gelingt,2
admiration,fürchterlichen,1
admiration,gesang,1
admiration,räuber,1
admiration,flucht,1
admiration,schlagen,1
admiration,henry,2
admiration,ehrenhafter,2
admiration,mann,11
admiration,beschützt,1
admiration,bewohner,3
admiration,daggerhorns,1
admiration,fortan,3
admiration,dunklen,2
admiration,gefahren,1
admiration,belohnung,1
admiration,hilfsbereitschaft,1
admiration,gutmütigkeit,1
admiration,alte,12
admiration,männlein,1
admiration,till,1
admiration,schenken,1
admiration,dadurch,1
admiration,besitzt,1
admiration,allerorts,1
admiration,bekannte,1
admiration,weisheit,2
admiration,weitsicht,1
admiration,erhält,2
admiration,neue,4
admiration,herrschaftliche,1
admiration,kleidung,1
admiration,gans,1
admiration,mikeš,6
admiration,sprich,1
admiration,mikesch,1
admiration,bewundert,2
admiration,starken,2
admiration,alten,5
admiration,gesellen,3
admiration,jakub,2
admiration,glühende,2
admiration,eisen,1
admiration,einschlagen,1
admiration,aufbruch,1
admiration,wächst,3
admiration,schnell,2
admiration,heran,8
admiration,erstaunliche,1
admiration,findet,1
admiration,windstill,1
admiration,begegnet,1
admiration,müllergesellen,1
admiration,matěj,1
admiration,junge,11
admiration,stark,4
admiration,bäume,2
admiration,bloßen,1
admiration,händen,1
admiration,ausreißt,1
admiration,rücken,2
admiration,hause,2
admiration,trägt,4
admiration,trübseligen,1
admiration,schänke,1
admiration,erfahren,1
admiration,näheres,1
admiration,wirtin,2
admiration,berichtet,1
admiration,drei,7
admiration,unglück,1
admiration,königreichs,1
admiration,könig,55
admiration,töchter,8
admiration,jahr,5
admiration,achtzehnten,1
admiration,geburtstag,1
admiration,verschwunden,2
admiration,trotz,1
admiration,größter,1
admiration,anstrengungen,1
admiration,erdboden,1
admiration,verschluckt,1
admiration,bleiben,1
admiration,sternklaren,1
admiration,himmel,1
admiration,erzählt,2
admiration,prinzessinnen,2
admiration,allerschönste,2
admiration,augen,12
admiration,blau,1
admiration,herz,30
admiration,gut,17
admiration,–,12
admiration,traumbild,1
admiration,blauen,1
admiration,blume,4
admiration,bild,4
admiration,schönsten,4
admiration,jüngsten,2
admiration,sieben,9
admiration,dienstmagd,1
admiration,hof,2
admiration,vaters,1
admiration,neidischen,1
admiration,stiefmutter,8
admiration,gedanken,2
admiration,ertragen,1
admiration,stieftochter,1
admiration,immer,9
admiration,erstaunt,3
admiration,finden,2
admiration,wald,7
admiration,sauber,1
admiration,ordentlich,1
admiration,sogar,1
admiration,essen,6
admiration,tisch,1
admiration,the,1
admiration,ugly,1
admiration,stepsister,1
admiration,königreich,7
admiration,swedlandia,1
admiration,kämpft,1
admiration,elvira,2
admiration,darum,3
admiration,unglaublich,2
admiration,schönen,7
admiration,stiefschwester,1
admiration,agnes,2
admiration,konkurrieren,1
admiration,ach,4
admiration,niemand,6
admiration,weiß,3
admiration,rumpelstilzchen,3
admiration,heiß,1
admiration,“,84
admiration,eilt,1
admiration,hans,10
admiration,herausgefunden,1
admiration,tatsächlich,1
admiration,schier,1
admiration,unmögliche,1
admiration,erledigt,1
admiration,aufgabe,1
admiration,innerhalb,1
admiration,therese,2
admiration,vorgegebenen,1
admiration,zeit,5
admiration,obwohl,2
admiration,clothilde,1
admiration,beeindruckt,3
admiration,erfinden,1
admiration,wiederum,2
admiration,ausrede,1
admiration,warum,1
admiration,ball,1
admiration,könne,2
admiration,fehlende,1
admiration,ballkleid,2
admiration,weißes,1
admiration,wunderschönes,1
admiration,schimmernden,1
admiration,fäden,1
admiration,durchwirkt,1
admiration,silberne,1
admiration,schuhe,6
admiration,älteren,1
admiration,burschen,1
admiration,streitlustig,1
admiration,faul,1
admiration,fleißig,4
admiration,gelaunt,1
admiration,ohren,1
admiration,gekommen,3
admiration,besonders,2
admiration,jaromír,1
admiration,entdeckt,3
admiration,gemälde,1
admiration,schwarzgelockten,1
admiration,laufen,1
admiration,dichter,2
admiration,gute,9
admiration,großmutter,3
admiration,griselda,1
admiration,häuschen,4
admiration,lebt,1
admiration,stets,3
admiration,erwidert,1
admiration,„,80
admiration,seid,9
admiration,ganzen,15
admiration,land.,3
admiration,kurz,2
admiration,bevor,1
admiration,erwartet,2
admiration,befragt,2
admiration,zufrieden,3
admiration,antwort,1
admiration,antwortet,1
admiration,tausendmal,9
admiration,siebten,1
admiration,bettchen,1
admiration,entdecken,1
admiration,schauen,2
admiration,andächtig,1
admiration,erwacht,2
admiration,schaut,1
admiration,erstaunten,1
admiration,sterben,2
admiration,war.,1
admiration,schneewittchens,2
admiration,verzaubert,3
admiration,davon,8
admiration,überzeugen,1
admiration,überlassen,1
admiration,müssen,1
admiration,voller,4
admiration,böser,1
admiration,ahnung,1
admiration,hochzeit,7
admiration,kommt,3
admiration,sehen,2
admiration,wer,16
admiration,zwingt,1
admiration,königssohn,3
admiration,schlüpfen,1
admiration,darin,8
admiration,tanzen,1
admiration,amen.,1
admiration,hütte,2
admiration,wispert,1
admiration,rosenstrauch,1
admiration,liebe,4
admiration,kinder,3
admiration,nacht,3
admiration,fürchtet,3
admiration,mutter,4
admiration,wacht.,1
admiration,geschwister,1
admiration,jäger,9
admiration,durchstreifen,1
admiration,wälder,1
admiration,suche,1
admiration,wunderbaren,4
admiration,kleider,5
admiration,verbergen,1
admiration,zauber,2
admiration,walnuss,1
admiration,nimmt,2
admiration,koch,2
admiration,mathis,1
admiration,tauft,1
admiration,allerleirauh,4
admiration,küchenhilfe,1
admiration,tanzt,2
admiration,lässt,2
admiration,eingeladene,1
admiration,königstochter,7
admiration,stehen,4
admiration,daraufhin,1
admiration,davonläuft,1
admiration,erkennt,1
admiration,lange,4
admiration,unerklärliche,1
admiration,weise,1
admiration,hingezogen,1
admiration,fühlte,2
admiration,bewegungen,1
admiration,unbekannte,1
admiration,mehr,6
admiration,echtes,1
admiration,spiegelbild,3
admiration,jüngeres,1
admiration,schöneres,3
admiration,geholfen,2
admiration,schluss,1
admiration,benjamin,2
admiration,größte,6
admiration,schütze,2
admiration,welt,11
admiration,stößt,2
admiration,fähigkeiten,1
admiration,angeln,1
admiration,heben,2
admiration,wetten,1
admiration,gäbe,3
admiration,bedingung,1
admiration,bringe,1
admiration,müsse,1
admiration,ebenso,4
admiration,verstorbene,2
admiration,genauso,1
admiration,wunderbare,2
admiration,dunkle,2
admiration,haare,4
admiration,zusätzlich,1
admiration,geschenke,1
admiration,verlobung,1
admiration,spinnrädchen,1
admiration,krönchen,1
admiration,ring,3
admiration,jägern,2
admiration,spricht,1
admiration,erst,2
admiration,beschließen,1
admiration,küchendienst,1
admiration,taufen,1
admiration,namen,2
admiration,abends,1
admiration,fest,6
admiration,erscheint,1
admiration,maskiert,1
admiration,golden,2
admiration,sonne,8
admiration,hingerissen,1
admiration,seit,1
admiration,letzte,1
admiration,mal,3
admiration,sah,31
admiration,begrüßt,1
admiration,bald,8
admiration,darauf,8
admiration,trifft,1
admiration,drossel,2
admiration,wunderschön,2
admiration,singen,1
admiration,davor,1
admiration,fliegen,2
admiration,waldlichtung,1
admiration,natürlich,1
admiration,slavěna,1
admiration,dreiköpfigen,1
admiration,drachen,2
admiration,versprechen,1
admiration,richard,2
admiration,jedoch,2
admiration,schwärmt,1
admiration,liebreich,1
admiration,brautschau,1
admiration,gehen,4
admiration,halbmondkette,1
admiration,schafft,1
admiration,verhexen,1
admiration,zehn,1
admiration,vergangen,1
admiration,entsteigt,1
admiration,königliche,4
admiration,leibwächter,1
admiration,brighton,1
admiration,verkündet,1
admiration,weitere,1
admiration,erhöhung,1
admiration,steuern,1
admiration,erstaunen,1
admiration,groß,5
admiration,zaubert,1
admiration,riesige,1
admiration,dornenhecke,1
admiration,moore,1
admiration,bestimmt,1
admiration,feenreichs,1
admiration,nennt,1
admiration,maleficent,1
admiration,fee,3
admiration,aurora,1
admiration,gespürt,1
admiration,guter,6
admiration,schatten,3
admiration,kindheit,1
admiration,beschützte,2
admiration,erreicht,1
admiration,ziel,1
admiration,pfauenfeder,1
admiration,jägermeister,1
admiration,jagd,1
admiration,geht,1
admiration,traurige,1
admiration,nachdenkliche,1
admiration,beginnt,1
admiration,märchen,1
admiration,sorgt,1
admiration,amaryllis,2
admiration,blickt,1
admiration,verträumt,1
admiration,besonnen,1
admiration,pferd,7
admiration,kaufmann,2
admiration,wissen,3
admiration,besitzen,1
admiration,beide,2
admiration,morgen,11
admiration,erwachen,1
admiration,ungläubig,1
admiration,müller,3
admiration,tochter,13
admiration,sonnenaufgang,1
admiration,kam,10
admiration,erblickte,7
admiration,erstaunte,2
admiration,freute,5
admiration,ward,19
admiration,goldgieriger,1
admiration,fand,5
admiration,gewünscht,1
admiration,hielt,1
admiration,müllerstochter,1
admiration,jungfrau,4
admiration,hieß,4
admiration,jorinde,2
admiration,hüte,3
admiration,sagte,13
admiration,joringel,2
admiration,nahe,1
admiration,ans,2
admiration,kommst.,1
admiration,abend,2
admiration,schien,5
admiration,stämmen,1
admiration,hell,3
admiration,grün,3
admiration,waldes,3
admiration,turteltaube,1
admiration,sang,2
admiration,kläglich,1
admiration,maibuchen,1
admiration,endlich,4
admiration,weib,5
admiration,dumpfer,1
admiration,stimme,6
admiration,grüß,1
admiration,zachiel,2
admiration,wenns,1
admiration,möndel,1
admiration,körbel,1
admiration,scheint,1
admiration,bind,1
admiration,los,2
admiration,stund.,1
admiration,wurde,13
admiration,träumte,1
admiration,nachts,2
admiration,fände,1
admiration,blutrote,1
admiration,deren,5
admiration,mitte,2
admiration,große,5
admiration,perle,2
admiration,großer,4
admiration,tautropfe,1
admiration,flugs,1
admiration,sprang,5
admiration,hinzu,1
admiration,berührte,1
admiration,körbchen,1
admiration,konnte,8
admiration,zaubern,1
admiration,stand,10
admiration,hals,2
admiration,gefasst,1
admiration,ehemals,1
admiration,ging,10
admiration,bett,3
admiration,zog,3
admiration,vorhänge,1
admiration,zurück,5
admiration,lag,6
admiration,haube,1
admiration,tief,2
admiration,gesicht,8
admiration,gesetzt,1
admiration,wunderlich,1
admiration,rief,10
admiration,herzensangst,1
admiration,lieber,4
admiration,herr,4
admiration,bär,5
admiration,verschont,1
admiration,schätze,2
admiration,geben,3
admiration,sehet,1
admiration,edelsteine,3
admiration,liegen,1
admiration,fortgesprungen,1
admiration,rosenrot,3
admiration,wartet,1
admiration,gehen.,1
admiration,erkannten,1
admiration,blieben,1
admiration,fiel,5
admiration,bärenhaut,1
admiration,ab,3
admiration,ganz,8
admiration,gekleidet,1
admiration,zwei,6
admiration,rosenbäumchen,1
admiration,nahm,4
admiration,standen,2
admiration,fenster,4
admiration,trugen,1
admiration,rosen,2
admiration,weiss,5
admiration,rot,4
admiration,rote,1
admiration,weißen,1
admiration,schnee,5
admiration,aussah,1
admiration,dachte,5
admiration,hätt,2
admiration,kind,5
admiration,blut,3
admiration,schwarz,2
admiration,holz,1
admiration,rahmen.,1
admiration,bekam,4
admiration,töchterlein,2
admiration,schwarzhaarig,1
admiration,ebenholz,1
admiration,sneewittchen,10
admiration,genannt,2
admiration,übermütig,2
admiration,leiden,2
admiration,jemand,2
admiration,übertroffen,1
admiration,trat,7
admiration,beschaute,1
admiration,sprach,25
admiration,spieglein,18
admiration,wand,9
admiration,antwortete,9
admiration,wusste,8
admiration,wahrheit,4
admiration,wuchs,5
admiration,alt,3
admiration,klare,1
admiration,tag,9
admiration,fragte,6
admiration,ihr.,5
admiration,erschrak,3
admiration,gelb,1
admiration,neid,4
admiration,klein,3
admiration,zierlich,1
admiration,reinlich,1
admiration,sagen,1
admiration,ei,5
admiration,gott,1
admiration,riefen,2
admiration,freude,3
admiration,aufweckten,1
admiration,bettlein,1
admiration,fortschlafen,1
admiration,ließen,1
admiration,allein,3
admiration,warnten,1
admiration,guten,6
admiration,zwerglein,1
admiration,sprachen,4
admiration,laß,4
admiration,ja,2
admiration,herein.,2
admiration,nachdem,1
admiration,sneewittchens,1
admiration,lunge,1
admiration,leber,2
admiration,glaubte,2
admiration,gegessen,1
admiration,wäre,4
admiration,erste,3
admiration,bergen,4
admiration,zwergen,3
admiration,unwahrheit,1
admiration,merkte,1
admiration,betrogen,1
admiration,leben,6
admiration,feil,1
admiration,guckte,1
admiration,heraus,2
admiration,habt,2
admiration,verkaufen,1
admiration,ware,3
admiration,schnürriemen,1
admiration,farben,1
admiration,holte,2
admiration,hervor,2
admiration,bunter,1
admiration,seide,2
admiration,geflochten,1
admiration,hörten,2
admiration,geschehen,3
admiration,krämerfrau,1
admiration,gottlose,1
admiration,menschen,7
admiration,herein,2
admiration,sind.,1
admiration,hörte,5
admiration,lief,1
admiration,herzen,10
admiration,lebendig,2
admiration,ausbund,1
admiration,boshafte,1
admiration,ists,1
admiration,fort,5
admiration,stellte,2
admiration,daheim,2
admiration,vorher,2
admiration,reden,1
admiration,zitterte,1
admiration,bebte,1
admiration,zorn,2
admiration,äußerlich,1
admiration,roten,2
admiration,backen,2
admiration,lust,4
admiration,danach,1
admiration,stückchen,1
admiration,aß,3
admiration,erwecken.,1
admiration,befragte,1
admiration,neidisches,2
admiration,ruhe,3
admiration,wollten,1
admiration,begraben,1
admiration,frisch,4
admiration,lebender,1
admiration,mensch,3
admiration,berg,1
admiration,sarg,1
admiration,las,1
admiration,goldenen,5
admiration,buchstaben,1
admiration,geschrieben,1
admiration,kleidern,1
admiration,angetan,3
admiration,stieß,2
admiration,angst,4
admiration,lassen,4
admiration,tags,2
admiration,garten,3
admiration,hinab,2
admiration,beet,1
admiration,rapunzeln,2
admiration,bepflanzt,1
admiration,sahen,1
admiration,lüstern,1
admiration,verlangen,1
admiration,empfand,1
admiration,geschmeckt,1
admiration,dreimal,1
admiration,rapunzel,4
admiration,einsamkeit,1
admiration,vertrieb,1
admiration,süße,2
admiration,erschallen,1
admiration,verlor,2
admiration,manne,1
admiration,nehmen,1
admiration,jung,3
admiration,gothel,1
admiration,legte,2
admiration,hand,4
admiration,drosselbart,4
admiration,maßen,1
admiration,dabei,2
admiration,genug,1
admiration,dick,1
admiration,``,4
admiration,weinfaß,1
admiration,'',6
admiration,lichter,1
admiration,angezündet,1
admiration,hereintrat,1
admiration,voll,2
admiration,pracht,3
admiration,herrlichkeit,1
admiration,betrübtem,1
admiration,schicksal,1
admiration,verwünschte,1
admiration,übermut,1
admiration,erniedrigt,1
admiration,armut,1
admiration,gestürzt,1
admiration,strafen,1
admiration,womit,1
admiration,hast,5
admiration,zertanzten,2
admiration,zwölf,2
admiration,soldat,2
admiration,rat,1
admiration,bekommen,1
admiration,wards,1
admiration,ernst,1
admiration,faßte,1
admiration,meldete,2
admiration,aufgenommen,1
admiration,wurden,8
admiration,eltern,1
admiration,konnten,3
admiration,verwünschung,1
admiration,zurücknehmen,1
admiration,traurig,2
admiration,verlust,1
admiration,söhne,1
admiration,trösteten,1
admiration,einigermaßen,1
admiration,liebes,1
admiration,töchterchen,1
admiration,kräften,2
admiration,tage,3
admiration,haaren,1
admiration,gleichen,1
admiration,erden,2
admiration,gerade,2
admiration,goldene,5
admiration,solls,1
admiration,ruß,1
admiration,asche,2
admiration,gewischt,1
admiration,gesehen,4
admiration,komm,3
admiration,wunder,3
admiration,wähle,1
admiration,hierauf,1
admiration,tapferer,2
admiration,kriegsmann,1
admiration,je,5
admiration,schrei,1
admiration,vollem,1
admiration,lang,2
admiration,kann.,1
admiration,rotkopf,1
admiration,esel,1
admiration,zieh,1
admiration,bremen,1
admiration,besseres,1
admiration,tod,1
admiration,findest,1
admiration,überall,2
admiration,zusammen,3
admiration,musizieren,1
admiration,art,3
admiration,haben.,1
admiration,hahn,1
admiration,ließ,4
admiration,vorschlag,1
admiration,gefallen,1
admiration,gingen,1
admiration,viere,1
admiration,lob,1
admiration,kuh,2
admiration,gemächlichkeit,1
admiration,her,2
admiration,obendrein,1
admiration,milch,4
admiration,butter,1
admiration,käse,1
admiration,gewiß,1
admiration,freilich,1
admiration,thier,1
admiration,abschlachten,1
admiration,gibts,1
admiration,fleisch,2
admiration,feldwebel,1
admiration,gnade,1
admiration,hätte,6
admiration,neun,1
admiration,wunden,2
admiration,braver,1
admiration,kerl,1
admiration,schimpf,1
admiration,verdiente,1
admiration,erwiderte,1
admiration,gestalt,2
admiration,häßlichkeit,1
admiration,erblicken,1
admiration,weisst,1
admiration,aussehe,1
admiration,schau,1
admiration,läßt,1
admiration,irre,1
admiration,zeigt,1
admiration,ist.,1
admiration,gab,5
admiration,abbild,1
admiration,traurigkeit,1
admiration,tränen,1
admiration,wangen,1
admiration,rollten,1
admiration,jüngling,3
admiration,großen,3
admiration,verblendet,1
admiration,gefahr,1
admiration,vergaß,1
admiration,gestellt,1
admiration,türe,1
admiration,aufging,1
admiration,herrlich,4
admiration,gemacht,1
admiration,meinte,2
admiration,leibte,1
admiration,lebte,6
admiration,lieblicheres,1
admiration,bildnis,2
admiration,edelsteinen,3
admiration,glänzte,2
admiration,ohnmächtig,1
admiration,erde,3
admiration,nieder,3
admiration,schlosshof,1
admiration,beim,2
admiration,brunnen,1
admiration,schönes,2
admiration,eimer,2
admiration,schöpfte,1
admiration,goldzeug,1
admiration,setzte,2
admiration,betrachtete,2
admiration,eins,1
admiration,vergnügt,3
admiration,gearbeitet,2
admiration,abkaufen,1
admiration,will.,1
admiration,getreue,3
admiration,johannes,3
admiration,diener,1
admiration,reichen,1
admiration,schiff,4
admiration,künstlichste,1
admiration,köstlichste,1
admiration,worden.,1
admiration,herauf,3
admiration,gebracht,2
admiration,gehören,1
admiration,menge,1
admiration,säle,1
admiration,aufzustellen,1
admiration,raum,1
admiration,dafür,2
admiration,hat.,1
admiration,neugierde,1
admiration,angeregt,1
admiration,führe,1
admiration,hingehen,1
admiration,herrn,1
admiration,betrachten.,1
admiration,führte,5
admiration,schiffe,1
admiration,freudig,1
admiration,größer,2
admiration,dargestellt,1
admiration,zerspringen,1
admiration,stieg,3
admiration,hinein,1
admiration,blieb,6
admiration,steuermann,1
admiration,abstoßen,1
admiration,spannt,1
admiration,segel,1
admiration,fliegt,1
admiration,vogel,5
admiration,luft.,1
admiration,zeigte,1
admiration,drinnen,1
admiration,geschirr,1
admiration,einzeln,1
admiration,schüsseln,1
admiration,becher,1
admiration,näpfe,1
admiration,vögel,2
admiration,gewild,1
admiration,tiere,4
admiration,froschkönig,2
admiration,eiserne,1
admiration,heinrich,1
admiration,zeiten,1
admiration,wünschen,1
admiration,selber,1
admiration,vieles,1
admiration,verwunderte,2
admiration,oft,2
admiration,gekrochen,1
admiration,müde,1
admiration,schlafen,1
admiration,heb,1
admiration,sags,1
admiration,vater.,1
admiration,bitterböse,1
admiration,warf,2
admiration,wider,1
admiration,garstiger,1
admiration,frosch.,1
admiration,herab,2
admiration,frosch,4
admiration,freundlichen,1
admiration,brief,1
admiration,empfangen,1
admiration,gelesen,1
admiration,tat,2
admiration,prächtiges,2
admiration,hochzeitsfest,1
admiration,anstellen,1
admiration,glückskind,1
admiration,vermählt,1
admiration,toll,1
admiration,allergnädigster,1
admiration,bös,1
admiration,darüber,1
admiration,graf,5
admiration,gefiel,2
admiration,erschrocken,1
admiration,unerhört,1
admiration,dergleichen,1
admiration,traume,1
admiration,kommen,1
admiration,wär,1
admiration,kleines,2
admiration,tier,4
admiration,maus,1
admiration,verwandeln,3
admiration,könntest,1
admiration,stück,1
admiration,ländereien,1
admiration,prächtige,1
admiration,gebäude,1
admiration,fast,1
admiration,schloß,1
admiration,treppe,1
admiration,hinauf,1
admiration,saal,1
admiration,flimmerte,1
admiration,wuchsen,4
admiration,lilien,1
admiration,pferde,1
admiration,dorf,3
admiration,hinblickte,1
admiration,herrlichen,1
admiration,bette,1
admiration,abgeworfenen,1
admiration,bärenfelle,1
admiration,lagen,1
admiration,gleich,2
admiration,schachtel,1
admiration,holen,2
admiration,daraus,1
admiration,goldschmied,2
admiration,dummling,3
admiration,weiteres,1
admiration,dicken,1
admiration,itsche,2
admiration,heimbringen.,1
admiration,fräulein,1
admiration,mitgebracht,1
admiration,leicht,1
admiration,hindurch,1
admiration,reh,1
admiration,widerspruch,1
admiration,aufhören,1
admiration,trug,5
admiration,bade,1
admiration,saß,4
admiration,wasser,2
admiration,kroch,2
admiration,wunsch,1
admiration,erfüllt,2
admiration,ehe,1
admiration,vergeht,1
admiration,bringen.,1
admiration,gesagt,1
admiration,geschah,2
admiration,gebar,1
admiration,großes,3
admiration,anstellte,1
admiration,gaben,1
admiration,weisen,2
admiration,sämtlich,1
admiration,sittsam,1
admiration,verständig,1
admiration,jedermann,2
admiration,ansah,1
admiration,lieb,3
admiration,hinaus,1
admiration,dornröschen,2
admiration,sehen.,1
admiration,mochte,1
admiration,abraten,1
admiration,worte,2
admiration,abwenden,1
admiration,bückte,1
admiration,kuss,1
admiration,treuer,1
admiration,knecht,1
admiration,lebtag,1
admiration,wunderliche,2
admiration,katze,2
admiration,wahr,1
admiration,machte,2
admiration,'s,1
admiration,gutes,7
admiration,trinken,2
admiration,bunte,1
admiration,gesinde,1
admiration,aufwacht,1
admiration,herum,2
admiration,kutsche,1
admiration,sechs,1
admiration,pferden,1
admiration,glänzten,2
admiration,bedienter,1
admiration,brachte,4
admiration,siebentes,1
admiration,armen,2
admiration,müllerbursch,1
admiration,angesicht,2
admiration,garstig,1
admiration,perlen,1
admiration,zweite,3
admiration,baum,2
admiration,stiefschwestern,1
admiration,erscheinen,1
admiration,sollten,1
admiration,dinge,2
admiration,aschenputtel,3
admiration,kämm,1
admiration,bürste,1
admiration,mache,2
admiration,schnallen,1
admiration,königs,2
admiration,schloss.,1
admiration,gehorchte,1
admiration,weinte,1
admiration,gern,1
admiration,tanz,1
admiration,mitgegangen,1
admiration,bat,1
admiration,möchte,1
admiration,erlauben,1
admiration,schwestern,4
admiration,kannten,1
admiration,meinten,1
admiration,müsste,1
admiration,fremde,1
admiration,kleide,2
admiration,erschien,5
admiration,herrlichsten,1
admiration,birnen,1
admiration,hingen,1
admiration,kletterte,1
admiration,behend,1
admiration,eichhörnchen,1
admiration,äste,1
admiration,hingekommen,1
admiration,nächsten,4
admiration,gemahlin,3
admiration,fuß,1
admiration,schuh,1
admiration,paßt.,1
admiration,freuten,1
admiration,füße,1
admiration,höhe,1
admiration,richtete,1
admiration,erkannte,2
admiration,getanzt,1
admiration,rechte,1
admiration,erschraken,1
admiration,bleich,1
admiration,ärger,1
admiration,aufs,1
admiration,ritt,1
admiration,könnt,1
admiration,verdient,1
admiration,wollt,1
admiration,zeige,2
admiration,walde.,1
admiration,herzens,2
admiration,willigte,1
admiration,feuer,2
admiration,empfing,1
admiration,heimliches,1
admiration,grausen,1
admiration,ansehen,1
admiration,brüder,2
admiration,reiche,1
admiration,antun,1
admiration,strahlte,2
admiration,helle,1
admiration,wort,2
admiration,herauszubringen,1
admiration,schwäne,1
admiration,rauschten,1
admiration,senkten,1
admiration,hemden,1
admiration,überwerfen,1
admiration,berührt,2
admiration,fielen,1
admiration,schwanenhäute,1
admiration,leibhaftig,1
admiration,fehlte,1
admiration,linke,1
admiration,schwanenflügel,1
admiration,arme,1
admiration,reisig,1
admiration,niemals,1
admiration,klug,5
admiration,listig,1
admiration,brat,1
admiration,goldvogel,1
admiration,sorge,2
admiration,essen.,1
admiration,gewöhnlicher,1
admiration,wunderbarer,1
admiration,goldstück,1
admiration,kopfkissen,1
admiration,alter,1
admiration,hase,3
admiration,daher,1
admiration,gelaufen,1
admiration,geben.,1
admiration,gebüsch,1
admiration,tierlein,1
admiration,spielten,1
admiration,munter,1
admiration,artig,1
admiration,übers,1
admiration,bringen,1
admiration,töten,1
admiration,füchse,1
admiration,wussten,1
admiration,bescheid,1
admiration,gegend,1
admiration,hühnerhöfe,1
admiration,zurecht,1
admiration,liebster,1
admiration,gemahl,2
admiration,demjenigen,1
admiration,versprochen,1
admiration,tötet.,1
admiration,hing,1
admiration,halsband,1
admiration,korallen,1
admiration,verteilte,1
admiration,belohnen,1
admiration,löwe,1
admiration,erhielt,1
admiration,schlößchen,1
admiration,wirt,1
admiration,brot,3
admiration,zugemüs,1
admiration,zuckerwerk,1
admiration,wein,1
admiration,mahlzeit,1
admiration,halten,2
admiration,trank,1
admiration,hasen,1
admiration,fuchs,3
admiration,wolf,1
admiration,löwen,1
admiration,erschreckt,1
admiration,meisterdieb,2
admiration,übrigen,1
admiration,geld,1
admiration,hohe,1
admiration,schule,1
admiration,lernte,2
admiration,pflaster,1
admiration,heilen,1
admiration,berühmteste,1
admiration,doctor,1
admiration,berühmten,1
admiration,arzt,2
admiration,gänsemagd,2
admiration,gestorben,1
admiration,schaute,1
admiration,fein,2
admiration,zart,2
admiration,gar,1
admiration,gemach,1
admiration,unten,1
admiration,hofe,1
admiration,stände,1
admiration,wiese,2
admiration,angekommen,1
admiration,eitel,3
admiration,kürdchen,1
admiration,paar,2
admiration,ausraufen,1
admiration,herzensfroh,1
admiration,tugend,1
admiration,mahl,1
admiration,angestellt,1
admiration,leute,2
admiration,freunde,1
admiration,aufgetragen,1
admiration,pfannekuchen,1
admiration,zucker,1
admiration,äpfel,1
admiration,nüsse,1
admiration,hänsel,1
admiration,beste,2
admiration,gekocht,1
admiration,grethel,1
admiration,krebsschalen,1
admiration,zimmer,1
admiration,küsste,1
admiration,erlöst,1
admiration,ganzes,1
admiration,reich,1
admiration,käme,1
admiration,jagt,1
admiration,leide,1
admiration,tut.,1
admiration,sobald,1
admiration,untergegangen,1
admiration,waldhäuschen.,1
admiration,türlein,1
admiration,klopfte,2
admiration,schwesterlein,1
admiration,tür,2
admiration,keins,1
admiration,lebten,1
admiration,rehlein,1
admiration,gehegt,1
admiration,gepflegt,1
admiration,schlossgarten,1
admiration,macario,1
admiration,berühmt,3
admiration,wohnten,1
admiration,martha,1
admiration,lissi,1
admiration,freundliches,1
admiration,kluges,2
admiration,reinem,1
admiration,erbe,1
admiration,ältesten,1
admiration,feuervögel,1
admiration,gleißend,1
admiration,frei,1
admiration,glück,3
admiration,müllerbursche,1
admiration,namens,4
admiration,schmaler,1
admiration,bursche,3
admiration,offenen,1
admiration,gemahlenes,1
admiration,mehl—leicht,1
admiration,bereit,2
admiration,knetete,1
admiration,begegnung,1
admiration,traf,1
admiration,reiter,1
admiration,prächtigen,1
admiration,mähne,1
admiration,wüsste,1
admiration,wert,1
admiration,weit,4
admiration,überhaupt,1
admiration,—,8
admiration,begab,1
admiration,vielen,1
admiration,jahren,2
admiration,jubel,1
admiration,ausbrach,1
admiration,königspaar,1
admiration,geboren,2
admiration,worden,1
admiration,blütenblatt,1
admiration,frühling,1
admiration,röschen,1
admiration,trällerten,1
admiration,lieder,1
admiration,hirsche,1
admiration,begleiteten,1
admiration,schattigen,1
admiration,pfaden,1
admiration,sehnte,2
admiration,jemandem,1
admiration,träumen,1
admiration,kannte,3
admiration,junger,3
admiration,mildem,1
admiration,blick,3
admiration,kluger,2
admiration,kopf,2
admiration,engen,1
admiration,schrank,1
admiration,floh,2
admiration,jorik,2
admiration,begleitet,1
admiration,wind,3
admiration,felder,1
admiration,strich,1
admiration,wolle,1
admiration,ermutigen,1
admiration,macht,3
admiration,liebte,1
admiration,rufen,1
admiration,cinderlind,1
admiration,dankbarkeit,1
admiration,älteste,1
admiration,krieger,1
admiration,gelehrter,1
admiration,jüngste…,1
admiration,sanft,4
admiration,frühe,1
admiration,morgenglocke,1
admiration,stille,1
admiration,aufsehen,1
admiration,mädchens,1
admiration,klugen,1
admiration,funkelnden,1
admiration,erfinderischer,1
admiration,ideen,1
admiration,neugier,1
admiration,wunderbares,1
admiration,geschenk,2
admiration,umsicht,1
admiration,tragen,1
admiration,name,1
admiration,heißt,1
admiration,rannte,1
admiration,schneller,1
admiration,wittert,1
admiration,küche,1
admiration,schlosses,1
admiration,flüsterte,1
admiration,spät,1
admiration,köchin,1
admiration,ehrliches,1
admiration,dunklem,1
admiration,strahlendem,1
admiration,haar,2
admiration,jemals,1
admiration,werden.,1
admiration,königreiches,1
admiration,zogen,1
admiration,verstorbenen,1
admiration,brust,1
admiration,gedrückt,1
admiration,wirklich,2
admiration,fanden,1
admiration,leuchtete,1
admiration,morgenröte,1
admiration,merkwürdiges,1
admiration,suppe,1
admiration,zweiten,1
admiration,hob,1
admiration,schwere,1
admiration,fell,1
admiration,warmen,1
admiration,licht,3
admiration,morgens,1
admiration,ersten,1
admiration,mutes,1
admiration,selten,1
admiration,glaubten,1
admiration,hütete,1
admiration,kostbares,1
admiration,juwel,1
admiration,tages,4
admiration,vernahm,1
admiration,zuhörer,1
admiration,rauem,1
admiration,gemüt,2
admiration,messer,1
admiration,führten,1
admiration,spielzeug,1
admiration,lächeln,1
admiration,hauses,1
admiration,brachen,1
admiration,laternen,1
admiration,dunkel,1
admiration,erhellten,1
admiration,staunten,1
admiration,schlecht,1
admiration,brüchiges,1
admiration,erbstück,1
admiration,bewahrte,1
admiration,verwandelte,3
admiration,mithilfe,1
admiration,dunkler,1
admiration,künste,1
admiration,gebeugte,1
admiration,hannes,1
admiration,süßem,1
admiration,gebäck,2
admiration,gebaut,1
admiration,verspielter,1
admiration,zuckerwolken,1
admiration,geformt,1
admiration,anblick,1
admiration,verbarg,2
admiration,bittere,1
admiration,funkelten,1
admiration,glut,1
admiration,lockte,1
admiration,warmer,1
admiration,tiefsten,1
admiration,durchwandert,1
admiration,mut,4
admiration,lichts,1
admiration,ausgerichtet,1
admiration,ehren,1
admiration,prinzen,1
admiration,sigismund,1
admiration,breit,3
admiration,rotkäppchen,1
admiration,käppchen,1
admiration,rotem,1
admiration,samt,1
admiration,leuchtend,1
admiration,abendsonne,1
admiration,wenig,2
admiration,blasser,1
admiration,gebe,1
admiration,prächtiger,1
admiration,zischte,1
admiration,strahlend,2
admiration,staunte,1
admiration,einzige,1
admiration,annabeth,1
admiration,züge,1
admiration,streifte,1
admiration,finger,1
admiration,einst,1
admiration,solch,1
admiration,einfache,1
admiration,arbeit,1
admiration,gutherzig,3
admiration,hände,1
admiration,helfen,1
admiration,tiefer,1
admiration,tiefer…,1
admiration,öffnete,1
admiration,blühenden,1
admiration,machten,1
admiration,leichtfüßig,1
admiration,mutig,3
admiration,neuen,1
admiration,abenteuern,1
admiration,igel,1
admiration,friedlicher,1
admiration,geselle,1
admiration,krummen,1
admiration,beinchen,1
admiration,furche,1
admiration,daran,1
admiration,morgennebel,1
admiration,betrachten,1
admiration,schleier,1
admiration,feld,1
admiration,neu,1
admiration,verföhnt,1
admiration,gütiger,1
admiration,herrschte,1
admiration,fern,1
admiration,leuchtendes,1
admiration,heilte,1
admiration,wunde,1
admiration,falk,1
admiration,erwachte,2
admiration,verstand,2
admiration,hießen,1
admiration,hilfsbereit,1
admiration,nahmen,1
admiration,zahm,1
admiration,gutmütig,1
admiration,fällt,1
admiration,morgenstern,6
admiration,turm,1
admiration,stein,1
admiration,regierte,1
admiration,gütig,2
admiration,spöttisches,1
admiration,mund,2
admiration,täglich,1
admiration,blaue,1
admiration,armer,1
admiration,treu,1
admiration,krieg,1
admiration,gedient,1
admiration,frisches,1
admiration,rose,1
admiration,ungetröstet,1
admiration,schwelle,1
admiration,kaum,1
admiration,talent,1
admiration,unbemerkt,1
admiration,leon,1
admiration,charmant,1
admiration,begabt,1
admiration,geheimnis,2
admiration,klarem,1
admiration,erhob,1
admiration,unrecht,1
admiration,fröhlichem,1
admiration,bewunderte,1
admiration,kräftige,1
admiration,tauschte,1
admiration,winter,1
admiration,kalt,4
admiration,demütig,1
admiration,zuvor,3
admiration,bärenfell,1
admiration,marius,1
admiration,eitler,1
admiration,pfau,2
admiration,schließlich,1
admiration,gelangte,1
admiration,endres,2
admiration,zuverlässigkeit,1
admiration,auffiel,1
admiration,scharf,1
admiration,dorn,1
admiration,straße,1
admiration,stehenblieben,1
admiration,anzustarren,1
admiration,hingegen,1
admiration,gewöhnlich,1
admiration,rundlich,1
admiration,vorliebe,1
admiration,anerkennung,1
admiration,eis,3
admiration,schöner.,1
admiration,erfüllte,1
admiration,erneut,1
admiration,gerecht.,1
admiration,schlug,1
admiration,entzwei,1
admiration,auge,1
admiration,ruhiges,1
admiration,händchen,1
admiration,mitgefühl,1
admiration,erinnerte,2
admiration,kräuterfrau,1
admiration,geist,1
admiration,mächtig,1
admiration,bewiesen,1
admiration,ärztin,2
admiration,bleib,1
admiration,lerne,1
admiration,weiter.,1
admiration,sophia,1
admiration,heilkunst,1
admiration,stärker,1
admiration,fab,1
admiration,g.,1
admiration,helfen.,1
admiration,ellas,1
admiration,schlichtes,1
admiration,gewand,1
admiration,gläserne,1
admiration,wunderquell,1
admiration,düsterwald,1
admiration,lebens,1
admiration,vertreibe,1
admiration,beweise,1
admiration,wahrlich,1
admiration,meister,1
admiration,handwerks,1
admiration,füßen,1
admiration,stehe,1
admiration,stunde,1
admiration,gekommen.,1
admiration,berühmter,1
admiration,priesen,1
admiration,frühlingswind,2
admiration,minerva,1
admiration,calliope,1
admiration,laut,1
admiration,besaß,1
admiration,anmut,1
admiration,cinderella,2
admiration,mühe,1
admiration,ausstrahlte,1
admiration,erschöpft,1
admiration,sommerabend,1
admiration,isabella,1
admiration,eigensinniger,1
admiration,veranstaltete,1
admiration,tiefen,1
admiration,umgeben,1
admiration,engelbert,1
admiration,strahlender,1
admiration,nachbar,1
admiration,eier,1
admiration,lobte,1
admiration,holzfäller,1
admiration,felix,1
admiration,sohlbach,1
admiration,geigenspiel,1
admiration,verzauberte,1
admiration,edles,1
admiration,rande,1
admiration,frederick,1
admiration,nannte,2
admiration,lilliana,1
admiration,heiratete,1
admiration,claudia,1
admiration,still,2
admiration,unheimlich,1
admiration,versprach,1
admiration,claudias,1
admiration,verdunkelte,1
admiration,alterte,1
admiration,rasend,1
admiration,zerfiel,1
admiration,zerbarst,1
admiration,bohrten,1
admiration,splitter,1
admiration,siebzehn,1
admiration,kräftiger,1
admiration,gierig,1
admiration,begegnete,1
admiration,traute,1
admiration,vergingen,1
admiration,erklärte,1
admiration,langer,1
admiration,bart,1
admiration,schatz,1
admiration,zwerges,1
admiration,pflegten,1
admiration,gesund,1
admiration,spürten,1
admiration,verband,1
admiration,tiefe,1
admiration,selben,1
admiration,augenblick,1
admiration,fernen,1
admiration,rein,1
admiration,clementianna,1
admiration,kaltes,1
admiration,meisten,1
admiration,fürchtete,1
admiration,tapferen,1
admiration,schmied,1
admiration,fuße,1
admiration,stillen,1
admiration,berges,1
admiration,schmiede,1
admiration,warm,1
admiration,offenbarte,2
admiration,hexe,3
admiration,wahres,1
admiration,schwarzen,1
admiration,nannten,1
admiration,weder,1
admiration,dumm,1
admiration,ungeschickt,1
admiration,untröstlich,1
admiration,verging,1
admiration,wintermorgen,1
admiration,winterwind,1
admiration,brüderchen,1
admiration,folgte,1
admiration,schwesterchen,1
admiration,schmutz,1
admiration,mannes,1
admiration,christoffel,1
admiration,gereinigt,1
admiration,kindliche,1
admiration,unbefangenheit,1
admiration,sprache,1
admiration,arbeitete,1
admiration,anna,1
admiration,liebgewonnen,1
admiration,sonnenlicht,1
admiration,einsam,1
admiration,nachdenklich,1
admiration,schwamm,1
admiration,insel,1
admiration,goldhaupts,1
admiration,heiliger,1
admiration,ort,1
admiration,halb,2
admiration,felsen,1
admiration,tempel,1
admiration,entscheidung,1
admiration,kehrte,1
admiration,gehnichtunter,1
admiration,karl,1
admiration,antons,1
admiration,wahrhaftigkeit,1
admiration,überwältigten,1
admiration,verbrannten,1
admiration,eigenen,1
admiration,ofen,1
admiration,muriel,1
admiration,adrianna,1
admiration,weiße,1
admiration,mächtige,1
admiration,prüfungen,1
admiration,umwoben,1
disappointment,jahre,1
disappointment,später,1
disappointment,leiden,1
disappointment,untertanen,1
disappointment,hohen,1
disappointment,steuern,1
disappointment,herrschen,1
disappointment,elend,1
disappointment,armut,1
disappointment,ungern,1
disappointment,lässt,1
disappointment,händler,1
disappointment,klugen,1
disappointment,jungen,2
disappointment,mann,3
disappointment,gehen,1
disappointment,tausch,1
disappointment,macht,1
disappointment,zufrieden,2
disappointment,schnell,1
disappointment,gewicht,1
disappointment,steins,1
disappointment,lästig,1
disappointment,ebenso,1
disappointment,schwer,3
disappointment,anfangs,1
disappointment,eingetauschte,1
disappointment,goldklumpen,1
disappointment,mordgesellen,1
disappointment,versinkt,1
disappointment,moor,1
disappointment,erde,1
disappointment,komme,1
disappointment,kind,1
disappointment,holen,1
disappointment,großes,2
disappointment,unglück,2
disappointment,geschehen,1
disappointment,verärgert,1
disappointment,königstochter,1
disappointment,vergangenheit,1
disappointment,bewerber,1
disappointment,abgelehnt,1
disappointment,enttäuscht,2
disappointment,wütend,1
disappointment,darüber,2
disappointment,frau,1
disappointment,betrogen,1
disappointment,cesaire,1
disappointment,lucie,1
disappointment,getötet,1
disappointment,verzweiflung,7
disappointment,bittet,2
disappointment,constanze,2
disappointment,mond,1
disappointment,sonne,2
disappointment,hilfe,1
disappointment,erhält,1
disappointment,jeweils,1
disappointment,geschenk,1
disappointment,stunden,1
disappointment,größter,1
disappointment,öffnen,1
disappointment,kommt,1
disappointment,heftigen,1
disappointment,streit,1
disappointment,jorindes,1
disappointment,vater,2
disappointment,woraufhin,1
disappointment,verliebten,1
disappointment,nahegelegenen,1
disappointment,zauberwald,1
disappointment,fliehen,2
disappointment,einsatz,1
disappointment,kostet,1
disappointment,derart,1
disappointment,lebenszeit,1
disappointment,sodass,1
disappointment,innenhof,1
disappointment,alter,2
disappointment,erreicht,1
disappointment,komtess,1
disappointment,gehofft,1
disappointment,prinz,1
disappointment,tanz,1
disappointment,auffordern,1
disappointment,schaut,1
disappointment,beiden,2
disappointment,mädchen,3
disappointment,gelingt,1
disappointment,vorhaben,1
disappointment,abzubringen,1
disappointment,voller,2
disappointment,laufen,1
disappointment,wald,4
disappointment,kinder,2
disappointment,finden,2
disappointment,herein,1
disappointment,gibt,1
disappointment,reichlich,1
disappointment,essen,1
disappointment,henriette,2
disappointment,möchte,1
disappointment,prinzen,1
disappointment,zusammen,1
disappointment,traurig,1
disappointment,gesteht,1
disappointment,erlöst,1
disappointment,versprechen,1
disappointment,gehalten,1
disappointment,zunächst,1
disappointment,versucht,2
disappointment,erfolglos,1
disappointment,rapunzel,1
disappointment,rückkehr,1
disappointment,bewegen,1
disappointment,nimmt,1
disappointment,macario,1
disappointment,kerze,1
disappointment,rennt,1
disappointment,höhle,1
disappointment,rufe,1
disappointment,todes,1
disappointment,hören,1
disappointment,usa,1
disappointment,zauberkraft,1
disappointment,verloren,2
disappointment,ganze,2
disappointment,zeit,2
disappointment,verbirgt,1
disappointment,pelz,1
disappointment,bärenhäuter,1
disappointment,krieg,1
disappointment,ende,1
disappointment,soldat,1
disappointment,christoffel,1
disappointment,zukunftsperspektive,1
disappointment,geld,2
disappointment,regen,1
disappointment,dreck,1
disappointment,abzuspülen,1
disappointment,–,4
disappointment,sichtbaren,1
disappointment,erfolg,1
disappointment,lediglich,1
disappointment,hof,2
disappointment,königs,2
disappointment,weile,1
disappointment,freundlichkeiten,1
disappointment,überhäuft,1
disappointment,lausiger,1
disappointment,kartenspieler,1
disappointment,menge,1
disappointment,könig,2
disappointment,hofstaat,1
disappointment,verliert,1
disappointment,immer,2
disappointment,mehr,2
disappointment,spürt,1
disappointment,lilliana,1
disappointment,zurückzieht,1
disappointment,claudias,1
disappointment,netten,1
disappointment,absichten,1
disappointment,misstraut,1
disappointment,prinzessin,1
disappointment,verlangt,1
disappointment,weiteres,1
disappointment,gewand,1
disappointment,sicher,1
disappointment,wunsch,2
disappointment,erfüllen,1
disappointment,„,7
disappointment,erfüllt,1
disappointment,morgen,2
disappointment,feiern,1
disappointment,hochzeit,1
disappointment,“,7
disappointment,bestimmt,1
disappointment,anmaßende,1
disappointment,königin,1
disappointment,hingegen,1
disappointment,preis,1
disappointment,hexereien,1
disappointment,zauberspiegel,1
disappointment,entrichten,1
disappointment,schlimmste,1
disappointment,treffen,1
disappointment,konnte,2
disappointment,schlag,1
disappointment,alt,1
disappointment,hässlich,1
disappointment,ungünstigerweise,2
disappointment,bekommt,2
disappointment,erwartet,1
disappointment,naveen,2
disappointment,frosch,2
disappointment,lawrence,1
disappointment,voodoozauber,1
disappointment,gestalt,1
disappointment,tiana,1
disappointment,weigert,1
disappointment,zerstört,1
disappointment,amulett,1
disappointment,endet,1
disappointment,mardi,1
disappointment,gras,1
disappointment,uhr,1
disappointment,läutet,1
disappointment,mitternacht,1
disappointment,bevor,1
disappointment,geküsst,1
disappointment,enttäuschung,1
disappointment,flieht,1
disappointment,aurora,1
disappointment,burg,1
disappointment,eltern,1
disappointment,schöne,1
disappointment,tochter,1
disappointment,beachtet,1
disappointment,öden,1
disappointment,rauen,1
disappointment,felsen,1
disappointment,viele,2
disappointment,gescheitert,1
disappointment,schenkt,1
disappointment,leben,1
disappointment,habt,1
disappointment,kleinen,1
disappointment,schmächtigen,1
disappointment,kerl,1
disappointment,königssohn,1
disappointment,hinauf,1
disappointment,steigen,1
disappointment,suchte,2
disappointment,türe,1
disappointment,turms,1
disappointment,``,2
disappointment,siehst,1
disappointment,'',2
disappointment,sprach,2
disappointment,taugst,1
disappointment,arbeit,1
disappointment,schlimm,1
disappointment,angekommen,1
disappointment,wär,1
disappointment,gutem,1
disappointment,glück,2
disappointment,jäger,2
disappointment,scharfen,1
disappointment,augen,1
disappointment,oben,1
disappointment,schloss,1
disappointment,gestanden,1
disappointment,angesehen,1
disappointment,hätte,2
disappointment,geträumt,1
disappointment,königreiche,1
disappointment,ständ,1
disappointment,obstbaum,1
disappointment,goldene,2
disappointment,äpfel,1
disappointment,getragen,1
disappointment,laub,1
disappointment,treiben,1
disappointment,voll,1
disappointment,scheu,1
disappointment,erreichen,1
disappointment,ach,1
disappointment,gott,1
disappointment,bruder,3
disappointment,zugestoßen,1
disappointment,fort,3
disappointment,vielleicht,1
disappointment,errette.,1
disappointment,sagte,1
disappointment,bleib,1
disappointment,verliere,1
disappointment,anfangen,1
disappointment,antwortete,2
disappointment,fort.,1
disappointment,setzte,1
disappointment,goldenes,1
disappointment,pferd,1
disappointment,ritt,1
disappointment,kam,2
disappointment,großen,1
disappointment,lag,2
disappointment,stein,1
disappointment,ungeratener,1
disappointment,junge,1
disappointment,klug,1
disappointment,verschlagen,1
disappointment,lernen,1
disappointment,machte,1
disappointment,lauter,1
disappointment,böse,1
disappointment,streiche,1
disappointment,zuletzt,1
disappointment,lief,1
disappointment,seitdem,1
disappointment,gehört,1
disappointment,rief,1
disappointment,nacheinander,1
disappointment,namen,1
disappointment,niemand,2
disappointment,kranke,1
disappointment,wartete,1
disappointment,lange,1
disappointment,lebten,1
disappointment,vier,1
disappointment,tiere,1
disappointment,esel,1
disappointment,schritte,1
disappointment,geworden,1
disappointment,hund,1
disappointment,kaum,1
disappointment,sah,1
disappointment,katze,1
disappointment,schläfrig,2
disappointment,stolzer,1
disappointment,hahn,1
disappointment,längst,1
disappointment,kraftvoll,1
disappointment,krähte,1
disappointment,jahren,1
disappointment,geschah,1
disappointment,unheil,1
disappointment,einzigen,1
disappointment,sprung,1
disappointment,überwinden,1
disappointment,—,2
disappointment,scheiterte,1
disappointment,munkelte,1
disappointment,schicksal,1
disappointment,fragte,1
disappointment,laut,1
disappointment,tages,1
disappointment,verirrte,1
disappointment,junger,1
disappointment,mensch,1
disappointment,reich,1
disappointment,gothel,1
disappointment,fesselte,1
disappointment,drohte,1
disappointment,schlimmerem,1
disappointment,teufel,1
disappointment,kurzsichtig,1
disappointment,merkte,1
disappointment,öffnete,1
disappointment,endres,1
disappointment,schüssel,1
disappointment,endete,1
disappointment,herrschaft,1
disappointment,alten,1
disappointment,eigenes,1
disappointment,werk,1
disappointment,schaffen.,1
disappointment,glocke,1
disappointment,zwölf,1
disappointment,schlug,1
disappointment,floh,1
disappointment,verlor,2
disappointment,schuh,1
disappointment,nie,1
disappointment,mut,1
disappointment,entsetzt,1
disappointment,glückskind,1
disappointment,lebte,1
disappointment,ersann,1
disappointment,neue,1
disappointment,pläne,1
disappointment,töten,1
disappointment,kniete,1
disappointment,claudia,1
disappointment,schrank,1
disappointment,mutter,1
disappointment,nannte,1
disappointment,halfen,1
disappointment,wurden,1
disappointment,beschimpft,1
disappointment,nächsten,1
disappointment,gastfreundschaft,1
disappointment,verschwunden,1
disappointment,moment,1
disappointment,lang,1
disappointment,zögerte,1
disappointment,baum,1
disappointment,früchte,1
disappointment,heilkräfte,1
disappointment,besaßen,1
disappointment,verdorrt,1
disappointment,überschwänglich,1
disappointment,lobte,1
disappointment,gestand,1
disappointment,karoline,1
disappointment,hieß,1
disappointment,verschwand,1
disappointment,jägermeister,1
disappointment,verschont,1
disappointment,stieß,1
disappointment,markus,1
disappointment,boden,1
disappointment,daran,1
disappointment,hindern,1
disappointment,versuchten,1
disappointment,schliefen,1
disappointment,kehrte,1
disappointment,lebend,1
disappointment,zurück,1
disappointment,gretel,1
disappointment,amtsrichter,1
disappointment,männer,1
disappointment,überfielen,1
disappointment,gaben,1
disappointment,schuld,1
disapproval,schneewittchen,1
disapproval,junge,2
disapproval,frau,2
disapproval,wurde,1
disapproval,küchenmädchen,1
disapproval,degradiert,1
disapproval,misslingt,1
disapproval,ahnen,1
disapproval,bauern,3
disapproval,verfolgt,1
disapproval,sowie,1
disapproval,abdecker,1
disapproval,esel,1
disapproval,wurst,1
disapproval,verarbeiten,1
disapproval,lehnt,1
disapproval,riskante,1
disapproval,angebot,1
disapproval,zunächst,1
disapproval,ab,2
disapproval,einfachen,1
disapproval,menschen,3
disapproval,tochter,1
disapproval,gemahlin,1
disapproval,geben,1
disapproval,meister,1
disapproval,gut,2
disapproval,jahr,2
disapproval,erscheint,1
disapproval,männchen,1
disapproval,fordert,1
disapproval,versprochenen,1
disapproval,lohn,1
disapproval,kind,3
disapproval,aufwächst,1
disapproval,denen,1
disapproval,gold,1
disapproval,wichtigste,1
disapproval,kommt,1
disapproval,dorf,1
disapproval,brunnen,3
disapproval,versiegt,1
disapproval,felder,1
disapproval,verdorren,1
disapproval,„,8
disapproval,“,9
disapproval,brüderchens,1
disapproval,antwort,1
disapproval,nächsten,1
disapproval,brünnlein,1
disapproval,müsse,1
disapproval,trinken,1
disapproval,ebenso,1
disapproval,widersprechen,1
disapproval,berater,1
disapproval,köchin,1
disapproval,könig,3
disapproval,hält,1
disapproval,vernunftehe,1
disapproval,möchte,2
disapproval,liebe,1
disapproval,heiraten,1
disapproval,gar,1
disapproval,volksfest,1
disapproval,mädchen,1
disapproval,tanzen,1
disapproval,schmutzig,1
disapproval,ungepflegt,1
disapproval,aussieht,1
disapproval,offensichtlich,1
disapproval,stinkt,1
disapproval,stimme,2
disapproval,meint,1
disapproval,sohn,1
disapproval,–,1
disapproval,ausgetrocknet,1
disapproval,königs,1
disapproval,geiz,1
disapproval,mutter,1
disapproval,sitzt,1
disapproval,böser,1
disapproval,drache,1
disapproval,quellen,1
disapproval,deshalb,1
disapproval,leer,1
disapproval,stiefschwestern,1
disapproval,minerva,1
disapproval,calliope,1
disapproval,passt,1
disapproval,schuh,1
disapproval,maleficent,1
disapproval,weitergeleitet,1
disapproval,rät,1
disapproval,heirat,1
disapproval,aurora,1
disapproval,besteht,1
disapproval,darauf,1
disapproval,vorbehalte,1
disapproval,falsch,1
disapproval,erweisen,1
disapproval,ursache,1
disapproval,ergründen,1
disapproval,schlafgemach,1
disapproval,abends,1
disapproval,verschlossen,1
disapproval,misch,1
disapproval,männergeschäfte,1
disapproval,schwestern,1
disapproval,ward,1
disapproval,hohn,1
disapproval,spott,1
disapproval,teil,1
disapproval,rieche,2
disapproval,menschenfleisch,1
disapproval,sagte,2
disapproval,richtig.,1
disapproval,guckte,1
disapproval,ecken,1
disapproval,suchte,1
disapproval,konnte,4
disapproval,finden,1
disapproval,wer,1
disapproval,weiss,1
disapproval,dirne,1
disapproval,her,1
disapproval,reden,1
disapproval,würdig.,1
disapproval,königin,1
disapproval,erste,1
disapproval,welt,1
disapproval,brachte,1
disapproval,nahm,2
disapproval,alte,1
disapproval,bestrich,1
disapproval,schlafe,1
disapproval,mund,1
disapproval,blut,1
disapproval,verflucht,1
disapproval,oft,1
disapproval,lauteste,1
disapproval,wort,1
disapproval,falscheste,1
disapproval,niemand,1
disapproval,glaubte,2
disapproval,flieh,1
disapproval,flüsterte,1
disapproval,mannes,1
disapproval,weiß,1
disapproval,unrecht,1
disapproval,vollenden,1
disapproval,darf,1
disapproval,schlimmste,1
disapproval,schmach,1
disapproval,steuereintreiber,1
disapproval,kamen,1
disapproval,fand,1
disapproval,bettler,1
disapproval,leere,2
disapproval,töpfe,1
disapproval,hände,1
disapproval,drückte,1
disapproval,letzten,1
disapproval,heller,1
disapproval,geriet,1
disapproval,land,1
disapproval,not,1
disapproval,musiker,1
disapproval,sei,1
disapproval,standesgemäß,1
disapproval,prinzessin,1
disapproval,senkte,1
disapproval,abgaben,1
disapproval,ließ,1
disapproval,schulen,1
disapproval,errichten,1
disapproval,verfügte,1
disapproval,lesen,1
disapproval,schreiben,1
disapproval,lernen,1
disapproval,dürfe,1
disapproval,vater,1
disapproval,praktikum,1
disapproval,länger,1
disapproval,bezahlen,1
disapproval,wald,2
disapproval,lebte,1
disapproval,kleiner,1
disapproval,zwerg,1
disapproval,seien,1
disapproval,gierig,1
disapproval,neidisch,1
disapproval,ehe,1
disapproval,lösen,1
disapproval,mikeš,1
disapproval,versprach,1
disapproval,mitleid,1
disapproval,handeln,1
disapproval,ehrgeiz,1
disapproval,regen,1
disapproval,dreck,1
disapproval,spülen,1
disapproval,schönes,1
disapproval,gesicht.,1
disapproval,lotte,1
disapproval,floh,1
disapproval,schlief,1
disapproval,bäumen,1
fear,angst,26
fear,leben,4
fear,flieht,2
fear,schneewittchen,2
fear,wald,5
fear,tiere,1
fear,waldes,1
fear,trifft,1
fear,abgelegene,1
fear,hütte,2
fear,führen,1
fear,eröffnung,1
fear,verschreckt,1
fear,junge,3
fear,frau,2
fear,erst,1
fear,obwohl,1
fear,gar,4
fear,daran,1
fear,denkt,1
fear,erweicht,1
fear,weinen,2
fear,prinzessin,3
fear,fürchtet,2
fear,lang,1
fear,erde,1
fear,gefangen,1
fear,allerdings,1
fear,stellt,1
fear,schrecken,5
fear,fest,1
fear,kitty,1
fear,humpty,2
fear,jack,1
fear,jill,1
fear,decke,1
fear,stecken,2
fear,alten,4
fear,freund,1
fear,rächen,1
fear,red,1
fear,riding,1
fear,hood,1
fear,entlegene,1
fear,dorf,3
fear,daggerhorn,1
fear,seit,3
fear,zwei,2
fear,generationen,2
fear,werwolf,2
fear,versetzt,1
fear,fahrt,1
fear,dorthin,1
fear,prinz,1
fear,heftigen,1
fear,geräusch,1
fear,erschreckt,1
fear,sodass,1
fear,ausruft,1
fear,„,38
fear,heinrich,3
fear,wagen,1
fear,bricht,1
fear,“,36
fear,marie,2
fear,reagiert,1
fear,entsetzt,6
fear,prahlereien,1
fear,vaters,1
fear,erfährt,1
fear,fast,1
fear,schafft,1
fear,schornstein,1
fear,haus,3
fear,geißlein,2
fear,gelangen,1
fear,zünden,1
fear,feuer,1
fear,schlagen,1
fear,flucht,1
fear,böser,2
fear,kater,2
fear,grünem,1
fear,fell,1
fear,versucht,1
fear,immer,5
fear,einzujagen,1
fear,arbeit,1
fear,abzuhalten,1
fear,mal,2
fear,schleicht,1
fear,nachts,1
fear,zimmer,2
fear,burschen,1
fear,verwandelt,1
fear,stein,2
fear,sense,1
fear,kaputtgeht,1
fear,erreicht,2
fear,schließlich,1
fear,unheimliche,1
fear,schloss,2
fear,fluch,1
fear,lastet,1
fear,prophezeiung,3
fear,schickt,2
fear,hans,6
fear,brief,2
fear,königin,4
fear,los,1
fear,mitteilen,1
fear,lässt,2
fear,solle,1
fear,umgehend,1
fear,hinrichten,1
fear,lassen,2
fear,gefährlichste,2
fear,dritte,3
fear,aufgabe,2
fear,steht,1
fear,bevor,2
fear,jaroslav,1
fear,milena,1
fear,felsen,2
fear,reiten,1
fear,unheimlich,1
fear,sieht,1
fear,schon,4
fear,verfolgen,1
fear,kampf,1
fear,fliehen,1
fear,stürzt,1
fear,loch,2
fear,waldboden,1
fear,unterirdischen,1
fear,tunnel,1
fear,gelangt,1
fear,panik,1
fear,rennt,2
fear,spiegel,1
fear,ansehen,1
fear,plötzlich,2
fear,rapide,1
fear,altert,1
fear,schönheit,1
fear,verliert,1
fear,sophia,2
fear,möchte,2
fear,gutmachen,1
fear,–,1
fear,bewohner,1
fear,missgeschick,1
fear,großer,3
fear,gefahr,1
fear,schwere,1
fear,geburt,2
fear,schlimmste,1
fear,befürchten,1
fear,jüngsten,1
fear,sohn,1
fear,benjamin,1
fear,wasserkrug,1
fear,see,1
fear,nottaufe,1
fear,vorzubereiten,1
fear,kurz,1
fear,kind,4
fear,großmutter,3
fear,mann,1
fear,angesprochen,1
fear,essen,1
fear,bittet,1
fear,schrecklich,1
fear,hungrig,1
fear,sei,2
fear,letzten,1
fear,frage,1
fear,bekommt,1
fear,rotkäppchen,1
fear,erschreckende,1
fear,antwort,1
fear,besser,1
fear,fressen,1
fear,kann.,1
fear,garten,1
fear,wolf,2
fear,kleidung,1
fear,hinterher,1
fear,darauffolgenden,1
fear,gastmahls,1
fear,dringt,1
fear,entsetzliches,1
fear,geschrei,2
fear,saal,1
fear,fünf,1
fear,männer,1
fear,schiefhütchen,1
fear,niesanfall,1
fear,starken,1
fear,frierend,1
fear,zerstörten,1
fear,kommen,1
fear,könig,5
fear,erschrecken,1
fear,seltsame,1
fear,träume,1
fear,paar,3
fear,schnitte,2
fear,getan,1
fear,sah,3
fear,rote,1
fear,käppchen,1
fear,leuchten,1
fear,sprang,2
fear,mädchen,2
fear,heraus,5
fear,rief,8
fear,ach,2
fear,erschrocken,1
fear,wars,1
fear,dunkel,4
fear,leib,1
fear,kam,7
fear,alte,3
fear,lebendig,3
fear,konnte,2
fear,kaum,2
fear,atmen,1
fear,liefen,1
fear,herzu,1
fear,sahen,2
fear,adler,1
fear,bekannten,1
fear,zwerg,1
fear,gepackt,1
fear,forttragen,1
fear,hineintrat,1
fear,erkannte,1
fear,sneewittchen,1
fear,stand,5
fear,regen,1
fear,fing,3
fear,wußte,1
fear,anfangen,1
fear,'du,1
fear,schneegans,1
fear,sagte,4
fear,älteste,2
fear,'die,1
fear,zurück,2
fear,kamen,1
fear,ward,4
fear,vater,1
fear,ungeduldig,1
fear,sprach,9
fear,gewiss,2
fear,sies,1
fear,spiel,2
fear,vergessen,1
fear,gottlosen,1
fear,jungen.,1
fear,müsste,2
fear,ungetauft,1
fear,verscheiden,1
fear,ärger,1
fear,jungen,1
fear,raben,2
fear,würden.,1
fear,wort,1
fear,ausgeredet,1
fear,hörte,1
fear,geschwirr,1
fear,haupt,1
fear,luft,1
fear,blickte,1
fear,höhe,2
fear,sieben,1
fear,kohlschwarze,1
fear,davon,2
fear,fliegen,1
fear,sonne,1
fear,heiss,1
fear,fürchterlich,2
fear,fraß,1
fear,kleinen,1
fear,kinder,2
fear,stellte,2
fear,furche,1
fear,vierten,1
fear,jahr,1
fear,wirtshaus,1
fear,wirt,1
fear,aufnehmen,1
fear,platz,1
fear,stall,1
fear,anweisen,1
fear,fürchtete,10
fear,pferde,1
fear,scheu,1
fear,erblickte,1
fear,entsetzte,1
fear,gewaltig,1
fear,antlitz,1
fear,aufschrie,1
fear,fort,3
fear,lief,1
fear,räuber,1
fear,fuhren,1
fear,entsetzlichen,1
fear,meinten,1
fear,gespenst,1
fear,käme,1
fear,herein,2
fear,flohen,1
fear,größter,1
fear,furcht,3
fear,hinaus,4
fear,fürchte,2
fear,habts,1
fear,hand,2
fear,wäre,3
fear,schlimmer,1
fear,handel,1
fear,fänden,1
fear,geringste,1
fear,finstere,1
fear,gesteckt,1
fear,werdet.,1
fear,guten,1
fear,bang,1
fear,gott,2
fear,helft,1
fear,noth,1
fear,wißt,1
fear,herum,1
fear,bessern,1
fear,bescheid,1
fear,nehmt,1
fear,schwein,2
fear,laßt,1
fear,gans.,1
fear,muß,1
fear,aufs,1
fear,setzen,1
fear,antwortete,4
fear,bursche,1
fear,schuld,1
fear,seyn,1
fear,unglück,3
fear,gerathet.,1
fear,nahm,3
fear,seil,1
fear,trieb,1
fear,schnell,2
fear,seitenweg,1
fear,gute,1
fear,ging,4
fear,sorgen,1
fear,entledigt,1
fear,gans,3
fear,arm,1
fear,heimath,1
fear,unruhe,1
fear,hinab,1
fear,hof,1
fear,bedachte,1
fear,not,1
fear,helfen,1
fear,könne,4
fear,warf,1
fear,tür,1
fear,hastig,1
fear,setzte,1
fear,tisch,1
fear,ganz,2
fear,fährmann,1
fear,geträumt,2
fear,beklagte,1
fear,her,2
fear,fahren,1
fear,abgelöst,1
fear,holle,1
fear,großen,1
fear,zähnen,1
fear,gehört,1
fear,verdingte,1
fear,gleich,2
fear,leute,4
fear,wunderlich,1
fear,aussah,1
fear,mensch,1
fear,stiefeln,1
fear,daherging,1
fear,fürchteten,2
fear,spät,1
fear,abends,1
fear,königstochter,2
fear,bett,1
fear,liegt,2
fear,bring,1
fear,schlafend,1
fear,hierher,1
fear,mägdedienste,1
fear,tun.,1
fear,männchen,2
fear,leichtes,1
fear,gefährliches,1
fear,ding,1
fear,kommt,1
fear,schlimm,1
fear,ergehen.,1
fear,zwölf,1
fear,geschlagen,1
fear,türe,1
fear,trug,1
fear,dachte,3
fear,gut,2
fear,ists,1
fear,zorn,1
fear,bändigte,1
fear,hätte,3
fear,große,1
fear,missetat,1
fear,begangen.,1
fear,goldkind,1
fear,träumte,1
fear,zöge,1
fear,jagd,1
fear,prächtigen,1
fear,hirsch,2
fear,morgen,1
fear,erwachte,2
fear,braut,2
fear,jagd.,1
fear,bat,3
fear,bleiben,2
fear,leicht,1
fear,großes,2
fear,begegnen,1
fear,fort.,1
fear,zog,2
fear,lange,1
fear,hielt,1
fear,stolzer,1
fear,traume,1
fear,willst,2
fear,schweigen,1
fear,böse,1
fear,kröte,1
fear,schieß,1
fear,tot.,1
fear,hexe,2
fear,zornig,1
fear,hündchen,1
fear,töten,2
fear,verwandelte,1
fear,alsbald,2
fear,lag,1
fear,erwartete,1
fear,umsonst,1
fear,eingetroffen,1
fear,machte,1
fear,schwer,2
fear,herzen,1
fear,lag.,1
fear,daheim,1
fear,bruder,5
fear,goldlilien,1
fear,umfiel,1
fear,stiefmutter,2
fear,behandeln,1
fear,leid,1
fear,antun,1
fear,brachte,1
fear,einsames,1
fear,mitten,1
fear,walde,1
fear,nacht,2
fear,waldschloss,1
fear,dürfte,1
fear,löwe,1
fear,aufwachte,1
fear,jungfrau,1
fear,herr,1
fear,tot,1
fear,brüllen,1
fear,wer,1
fear,vollbracht,1
fear,sorge,1
fear,größer,1
fear,erschrak,1
fear,zugestoßen,1
fear,vielleicht,1
fear,retten,1
fear,hälfte,1
fear,messers,1
fear,blank.,1
fear,tieren,3
fear,gen,1
fear,westen,1
fear,stadttor,1
fear,trat,1
fear,wache,1
fear,entgegen,1
fear,fragte,1
fear,gemahlin,1
fear,melden,1
fear,tagen,1
fear,ausbleiben,1
fear,zauberwald,1
fear,umgekommen,1
fear,fuß,1
fear,gestehst,1
fear,pack,1
fear,beiden,1
fear,händen,1
fear,werfe,1
fear,feuer.,2
fear,gnade,2
fear,versteinert,1
fear,graben.,1
fear,zwang,1
fear,hinzugehen,1
fear,drohte,1
fear,meerkatze,1
fear,machst,1
fear,geschöpfe,1
fear,liegen,1
fear,kommst,1
fear,rute,1
fear,rührte,1
fear,steine,1
fear,wurde,1
fear,viele,1
fear,kaufleute,1
fear,handwerker,1
fear,hirten,1
fear,standen,1
fear,dankten,1
fear,befreiung,1
fear,zogen,1
fear,heim,2
fear,stieg,1
fear,geist,4
fear,wachsen,1
fear,wuchs,1
fear,wenigen,1
fear,augenblicken,1
fear,entsetzlicher,1
fear,kerl,1
fear,groß,1
fear,halbe,1
fear,baum,1
fear,schüler,3
fear,weisst,1
fear,fürchterlichen,1
fear,stimme,1
fear,lohn,2
fear,dafür,2
fear,gelassen,1
fear,hast,1
fear,nein,1
fear,wissen,1
fear,dirs,1
fear,sagen,2
fear,hals,1
fear,brechen.,1
fear,hättest,1
fear,früher,1
fear,sollen,1
fear,kopf,1
fear,wohl,1
fear,feststehen,1
fear,müssen,1
fear,mehr,4
fear,gefragt,1
fear,werden.,1
fear,verdienten,1
fear,sollst,1
fear,dornenkönigin,1
fear,erfuhr,1
fear,bebten,1
fear,flügel,1
fear,unwetter,1
fear,glück,1
fear,tochter,2
fear,licht,1
fear,menschenhänden,1
fear,zerspringen,1
fear,glas,1
fear,graf,1
fear,glaubte,1
fear,jorik,1
fear,wachen,1
fear,pistolen,1
fear,aufhalten,1
fear,ließ,5
fear,eigenen,1
fear,täuschen,1
fear,dorfbewohner,1
fear,erschraken,1
fear,einordnen,1
fear,törichte,1
fear,lüge,1
fear,wind,1
fear,glauben,1
fear,behauptete,1
fear,stroh,1
fear,gold,2
fear,spinnen,1
fear,schützen,2
fear,heiser,1
fear,eingesperrt.,1
fear,ziehen,1
fear,liebte,1
fear,welt,1
fear,weitergegangen,1
fear,einst,2
fear,erschlug,1
fear,furchtbaren,1
fear,drachen,1
fear,rettete,1
fear,freunde,1
fear,gustav,1
fear,bleibt,1
fear,ewig,1
fear,annabeth,1
fear,lebte,1
fear,goldenen,1
fear,eiern,1
fear,bewacht,1
fear,grauenhaften,1
fear,niemandem,1
fear,gewährte,1
fear,berg,1
fear,hauste,1
fear,menschen,3
fear,erschreckte,1
fear,land,1
fear,verödete,1
fear,schreck,2
fear,tablett,1
fear,fallen,2
fear,lachten,1
fear,alexandra,1
fear,gestürzt,1
fear,prinzen,1
fear,stottern,1
fear,zurückgelassen,1
fear,flasche,1
fear,malick,1
fear,versank,1
fear,erschien,1
fear,bauer,2
fear,gibst,1
fear,reichen,1
fear,armen.,1
fear,teufel,1
fear,list,1
fear,lebten,2
fear,macht,1
fear,schwinden,1
fear,bär,1
fear,zuflucht,1
fear,fand,1
fear,zitterten,1
fear,besessen,1
fear,alchemistischen,1
fear,forschungen,1
fear,traum,1
fear,herzustellen,1
fear,glückskind,1
fear,burg,1
fear,albtraum,1
fear,schatten,1
fear,flammen,1
fear,vorwand,1
fear,schickte,1
fear,herz,1
fear,stärker,1
fear,tief,1
fear,bald,1
fear,quälte,1
fear,durst,1
fear,tauschte,1
fear,ferkel,1
fear,damals,1
fear,befohlen,1
fear,kindes,1
fear,ritt,1
fear,suchte,1
sadness,finden,2
sadness,schlafend,1
sadness,betten,1
sadness,mitleid,6
sadness,notlage,1
sadness,erzählt,1
sadness,prinzessin,4
sadness,eigentlich,2
sadness,daran,2
sadness,geglaubt,1
sadness,vater,5
sadness,bettler,1
sadness,vermählen,1
sadness,bestürzt,1
sadness,traurig,27
sadness,ratlos,1
sadness,schnellen,1
sadness,trauung,3
sadness,macht,3
sadness,mann,8
sadness,neuen,1
sadness,heim,4
sadness,wanderung,1
sadness,öde,1
sadness,zerstörte,1
sadness,welt,6
sadness,treffen,1
sadness,niedergebranntes,1
sadness,dorf,4
sadness,leben,10
sadness,mehr,5
sadness,ach,4
sadness,suchte,1
sadness,auge,1
sadness,nein,2
sadness,wehe,3
sadness,…,1
sadness,fänd,1
sadness,verbrennt,1
sadness,herzens,1
sadness,nähe,2
sadness,joringel,1
sadness,fällt,3
sadness,fiebrigen,1
sadness,zustand,1
sadness,traum,1
sadness,wirklichkeit,1
sadness,verschwimmen,1
sadness,lässt,1
sadness,burg,2
sadness,betritt,1
sadness,alte,5
sadness,frau,13
sadness,wittert,1
sadness,gefahr,1
sadness,verzaubert,2
sadness,ruine,1
sadness,–,8
sadness,mädchen,13
sadness,verschwunden,5
sadness,luise,4
sadness,haus,5
sadness,holle,3
sadness,erreicht,1
sadness,freundlich,2
sadness,hereingebeten,1
sadness,zieht,1
sadness,zurück,8
sadness,hört,1
sadness,stimme,3
sadness,„,37
sadness,gute,3
sadness,schlechte,1
sadness,pech,5
sadness,glück,1
sadness,kommt,8
sadness,menschen,2
sadness,sterben,2
sadness,weiß,1
sadness,warum,1
sadness,winkt,1
sadness,hinterher,2
sadness,krieg,2
sadness,neigt,1
sadness,ende,1
sadness,überall,2
sadness,land,2
sadness,herrscht,2
sadness,hungersnot,1
sadness,schneeweißchen,3
sadness,meint,1
sadness,schwester,1
sadness,sehe,1
sadness,weinend,6
sadness,läuft,2
sadness,davon,6
sadness,mutter,14
sadness,früher,1
sadness,unglücklich,2
sadness,adrien,2
sadness,verliebt,1
sadness,betrogen,1
sadness,bann,2
sadness,gebrochen,5
sadness,vermisst,1
sadness,bemerkt,2
sadness,sofort,2
sadness,unmöglich,1
sadness,lächeln,2
sadness,tiefe,2
sadness,traurigkeit,4
sadness,trägt,1
sadness,wurde,11
sadness,geburt,1
sadness,fee,4
sadness,wunsch,1
sadness,erfüllt,2
sadness,verstorbene,1
sadness,hinterließ,1
sadness,schwestern,1
sadness,menge,1
sadness,schulden,2
sadness,versuchen,1
sadness,wettbewerb,1
sadness,nachwuchsdesigner,1
sadness,thronsaal,1
sadness,trauer,5
sadness,drei,4
sadness,immer,6
sadness,hungrig,3
sadness,sehen,3
sadness,vermählung,1
sadness,entgegen,1
sadness,trauernden,1
sadness,zwerge,3
sadness,kehren,1
sadness,bestatten,1
sadness,schneewittchen,5
sadness,gläsernen,1
sadness,sarg,2
sadness,isabell,1
sadness,verwöhnt,1
sadness,hochnäsig,1
sadness,zickig,1
sadness,weigert,1
sadness,zunächst,2
sadness,jedoch,2
sadness,schließlich,1
sadness,schlosspriester,1
sadness,vollzogen,1
sadness,jugend,2
sadness,großen,3
sadness,liebe,7
sadness,enttäuscht,3
sadness,sieht,1
sadness,lebensaufgabe,1
sadness,jungen,1
sadness,schmerzhafte,1
sadness,erfahrung,1
sadness,ersparen,1
sadness,rennen,1
sadness,bricht,1
sadness,erschöpft,1
sadness,zusammen,3
sadness,stirbt,2
sadness,rennfeld,1
sadness,maries,3
sadness,scheint,1
sadness,untröstlich,2
sadness,bleibt,2
sadness,marie,4
sadness,allein,6
sadness,matthias,1
sadness,felsbrocken,1
sadness,getroffen,1
sadness,bewusstlos,2
sadness,michael,1
sadness,andreas,1
sadness,höhle,3
sadness,gebracht,2
sadness,trauernd,1
sadness,bleiben,3
sadness,könig,15
sadness,königin,9
sadness,erklärt,1
sadness,schuld,2
sadness,tod,8
sadness,prinzen,2
sadness,jindrich,1
sadness,gehabt,2
sadness,gestorben,4
sadness,sei,7
sadness,ebenso,2
sadness,erwähnt,1
sadness,wenigen,1
sadness,tagen,1
sadness,erneut,2
sadness,kind,8
sadness,nördlichen,2
sadness,wäldern,1
sadness,vermute,1
sadness,junge,2
sadness,nie,3
sadness,gesehen,3
sadness,diesmal,1
sadness,helfen,3
sadness,stehen,1
sadness,herum,3
sadness,macario,4
sadness,mittelpunkt,1
sadness,geschichte,1
sadness,steht,1
sadness,armer,2
sadness,indigener,1
sadness,holzfäller,1
sadness,kolonialen,1
sadness,mexiko,1
sadness,vorabend,1
sadness,tag,3
sadness,toten,1
sadness,verbittert,1
sadness,arm,3
sadness,wirtschaftliche,1
sadness,lage,1
sadness,bringt,1
sadness,familie,3
sadness,rand,2
sadness,verhungerns,1
sadness,kehrt,1
sadness,hause,3
sadness,findet,1
sadness,sohn,5
sadness,schwer,10
sadness,verletzt,4
sadness,nachdem,1
sadness,brunnen,6
sadness,gefallen,1
sadness,leider,2
sadness,mitnehmen,1
sadness,“,38
sadness,verzweiflung,2
sadness,bettelt,1
sadness,fliehen,3
sadness,versucht,3
sadness,todes,2
sadness,gelangen,1
sadness,dafür,1
sadness,getadelt,1
sadness,geschenk,1
sadness,ware,1
sadness,verwandelt,2
sadness,stets,1
sadness,unzufrieden,1
sadness,mault,1
sadness,obwohl,1
sadness,usa,1
sadness,tut,2
sadness,streit,1
sadness,königskindern,1
sadness,sule,1
sadness,heulend,1
sadness,geht,1
sadness,inzwischen,1
sadness,schlechter,1
sadness,schon,3
sadness,kurzer,1
sadness,zeit,4
sadness,einsam,1
sadness,gemieden,1
sadness,heimweg,3
sadness,unfall,1
sadness,kutsche,5
sadness,umgeworfen,1
sadness,wölfen,1
sadness,bedroht,1
sadness,plötzlich,1
sadness,gibt,2
sadness,zofe,1
sadness,erstickende,1
sadness,laute,1
sadness,schmerzverzerrtem,1
sadness,gesicht,1
sadness,tot,8
sadness,boden,3
sadness,erleidet,1
sadness,fehlgeburt,1
sadness,ersehnte,1
sadness,geboren,3
sadness,freunde,1
sadness,merken,1
sadness,trotzdem,1
sadness,atmet,1
sadness,zeichen,1
sadness,geben,3
sadness,völlig,1
sadness,isoliert,1
sadness,entlässt,1
sadness,gut,1
sadness,bediensteten,1
sadness,stößt,1
sadness,dolch,1
sadness,sprechenden,1
sadness,spiegel,1
sadness,worauf,1
sadness,blut,3
sadness,fließt,1
sadness,claudia,4
sadness,bauch,1
sadness,blutet,1
sadness,schmerzen,3
sadness,stöhnend,1
sadness,fleht,1
sadness,schreiend,1
sadness,gerät,1
sadness,entstellte,1
sadness,feuer,3
sadness,kampf,3
sadness,umgestürzten,1
sadness,leuchter,1
sadness,entfachte,1
sadness,darin,4
sadness,damals,1
sadness,verlor,2
sadness,schöne,1
sadness,liebte,1
sadness,trauriger,1
sadness,begegnet,1
sadness,fab,1
sadness,g,1
sadness,verletzungen,1
sadness,wolf,2
sadness,zugezogen,1
sadness,liege,1
sadness,ebenfalls,1
sadness,beim,3
sadness,spielen,1
sadness,stecken,1
sadness,versehen,1
sadness,hof,2
sadness,brand,2
sadness,löscharbeiten,1
sadness,setzen,2
sadness,heinrichs,1
sadness,schwangerer,1
sadness,wehen,1
sadness,wider,1
sadness,erwarten,1
sadness,kleine,2
sadness,constanze,2
sadness,überlebt,1
sadness,cinderella,2
sadness,unendlich,2
sadness,hilfe,3
sadness,zaubert,2
sadness,neues,2
sadness,kleid,4
sadness,herbei,2
sadness,rechtzeitig,2
sadness,ball,2
sadness,erscheinen,2
sadness,erfährt,1
sadness,bereits,1
sadness,versprochen,1
sadness,begegnung,1
sadness,wald,11
sadness,große,4
sadness,scham,1
sadness,traut,1
sadness,sitzt,1
sadness,hofft,1
sadness,alcott,1
sadness,liebt,1
sadness,verfallen,1
sadness,sodann,1
sadness,worden,2
sadness,naveen,1
sadness,tiana,1
sadness,frosch,3
sadness,besessen,1
sadness,gedanken,2
sadness,geraten,1
sadness,tochter,4
sadness,schutz,1
sadness,tuch,1
sadness,tropfen,3
sadness,blutes,1
sadness,sollen,1
sadness,unglück,8
sadness,bewahren,2
sadness,besonders,1
sadness,anna,1
sadness,hans,2
sadness,gehen,2
sadness,’,2
sadness,schließt,1
sadness,glücklich,2
sadness,arme,13
sadness,saß,6
sadness,müllerstochter,1
sadness,wusste,6
sadness,rat,2
sadness,verstand,1
sadness,gar,2
sadness,stroh,1
sadness,gold,2
sadness,spinnen,2
sadness,konnte,13
sadness,angst,1
sadness,ward,8
sadness,größer,1
sadness,endlich,2
sadness,weinen,6
sadness,anfing,1
sadness,schätze,1
sadness,bösen,1
sadness,zwergen,1
sadness,hüten,1
sadness,winter,1
sadness,erde,2
sadness,hart,2
sadness,gefroren,1
sadness,müssen,3
sadness,wohl,3
sadness,unten,1
sadness,durcharbeiten,1
sadness,sonne,2
sadness,aufgethaut,1
sadness,erwärmt,1
sadness,brechen,1
sadness,steigen,1
sadness,herauf,1
sadness,suchen,1
sadness,stehlen,1
sadness,händen,1
sadness,höhlen,1
sadness,liegt,1
sadness,leicht,1
sadness,tages,1
sadness,licht.,1
sadness,ganz,8
sadness,abschied,2
sadness,türe,2
sadness,aufriegelte,1
sadness,bär,1
sadness,hinaus,4
sadness,drängte,1
sadness,blieb,4
sadness,türhaken,1
sadness,hängen,3
sadness,stück,1
sadness,haut,1
sadness,riss,1
sadness,hätte,1
sadness,durchschimmern,1
sadness,sache,1
sadness,gewiss,1
sadness,hoben,1
sadness,suchten,1
sadness,giftiges,1
sadness,fänden,1
sadness,schnürten,1
sadness,kämmten,1
sadness,haare,1
sadness,wuschen,1
sadness,wasser,6
sadness,wein,1
sadness,half,1
sadness,ritt,1
sadness,gesang,1
sadness,herz,15
sadness,gerührt,1
sadness,ging,8
sadness,zuhörte,1
sadness,rapunzel,1
sadness,verloren,2
sadness,erblicken.,1
sadness,königssohn,2
sadness,geriet,2
sadness,außer,1
sadness,schmerz,5
sadness,sprang,4
sadness,turm,1
sadness,herab,2
sadness,brachte,1
sadness,dornen,1
sadness,fiel,5
sadness,zerstachen,1
sadness,augen,4
sadness,irrte,1
sadness,blind,1
sadness,walde,1
sadness,umher,1
sadness,aß,1
sadness,wurzeln,1
sadness,beeren,1
sadness,tat,3
sadness,jammern,2
sadness,verlust,1
sadness,liebsten,2
sadness,lief,3
sadness,erzählte,5
sadness,lange,4
sadness,geschwister,2
sadness,eltern,6
sadness,hüteten,1
sadness,erwähnen,1
sadness,tags,1
sadness,ungefähr,1
sadness,leute,2
sadness,sprechen,1
sadness,hörte,3
sadness,wäre,4
sadness,schön,1
sadness,sieben,1
sadness,brüder,3
sadness,heimat,1
sadness,brüdern,1
sadness,bat,4
sadness,möchten,1
sadness,unterhalt,1
sadness,anfinge,1
sadness,kam,8
sadness,heide,1
sadness,ring,1
sadness,bäumen,2
sadness,darunter,1
sadness,setzte,8
sadness,nieder,2
sadness,sann,1
sadness,schicksal,2
sadness,mitleidiges,2
sadness,öffnete,1
sadness,erblickte,1
sadness,alten,1
sadness,heftig,1
sadness,weinte,11
sadness,hände,2
sadness,kopf,3
sadness,schlug,1
sadness,vermögen,1
sadness,geschwunden,1
sadness,töchter,1
sadness,mussten,1
sadness,darben,1
sadness,wirt,1
sadness,bezahlen,1
sadness,gefängniss,1
sadness,gesetzt,1
sadness,bitte,1
sadness,gott,2
sadness,erhält.,1
sadness,braut,1
sadness,kleidete,1
sadness,schwarz,1
sadness,bräutigam,2
sadness,dachte,6
sadness,kamen,1
sadness,tränen,3
sadness,stieg,1
sadness,pferde,1
sadness,ab,3
sadness,gefangenen,1
sadness,morgen,4
sadness,eh,1
sadness,hervor,1
sadness,aufgelesen,1
sadness,sprach,15
sadness,darf,1
sadness,körnchen,1
sadness,fehlen.,1
sadness,jüngling,1
sadness,garten,1
sadness,möglich,1
sadness,aufgabe,2
sadness,lösen,1
sadness,ersinnen,1
sadness,erwartete,1
sadness,anbruch,1
sadness,morgens,1
sadness,tode,1
sadness,geführt,1
sadness,kirche,2
sadness,zwei,4
sadness,kinder,6
sadness,saßen,1
sadness,spielten,1
sadness,sah,7
sadness,steinerne,1
sadness,bildnis,1
sadness,voll,1
sadness,seufzte,1
sadness,rief,5
sadness,könnt,1
sadness,lebendig,2
sadness,getreuester,1
sadness,johannes.,1
sadness,fing,6
sadness,stein,3
sadness,reden,1
sadness,ja,2
sadness,kannst,1
sadness,liebstes,2
sadness,wenden,1
sadness,willst.,1
sadness,hingeben.,1
sadness,eigenen,2
sadness,hand,3
sadness,beiden,2
sadness,kindern,3
sadness,abhaust,1
sadness,blute,1
sadness,bestreichst,1
sadness,erhalte,1
sadness,wieder.,1
sadness,erschrak,3
sadness,töten,3
sadness,treue,1
sadness,getreue,1
sadness,johannes,3
sadness,zog,2
sadness,schwert,1
sadness,hieb,1
sadness,eigener,1
sadness,hereintrat,1
sadness,hast,2
sadness,gebetet,1
sadness,antwortete,3
sadness,beständig,1
sadness,treuen,3
sadness,gedacht,2
sadness,geworden,2
sadness,ist.,1
sadness,kostet,1
sadness,söhnlein,2
sadness,opfern.,1
sadness,bleich,1
sadness,herzen,6
sadness,sinds,1
sadness,schuldig,2
sadness,wegen,1
sadness,treue.,1
sadness,freute,1
sadness,schloss,4
sadness,schrank,1
sadness,holte,1
sadness,heraus,1
sadness,gelobt,1
sadness,erlöst,2
sadness,zugetragen,1
sadness,lauter,1
sadness,trösten,1
sadness,drehte,1
sadness,heinrich,2
sadness,wagen,3
sadness,bricht.,1
sadness,herr,2
sadness,band,1
sadness,lag,3
sadness,saßt,1
sadness,fretsche,1
sadness,wast,1
sadness,wart,1
sadness,krachte,1
sadness,meinte,1
sadness,bräche,1
sadness,bande,1
sadness,absprangen,1
sadness,hinein,2
sadness,trat,1
sadness,täglich,1
sadness,straße,1
sadness,fingern,1
sadness,stiefmutter,3
sadness,zeitlang,2
sadness,anfangs,1
sadness,fehlte,1
sadness,merkte,1
sadness,heimweh,1
sadness,gleich,1
sadness,tausendmal,1
sadness,besser,1
sadness,verlangen,1
sadness,dahin,3
sadness,faule,1
sadness,bedeckt,1
sadness,hahn,1
sadness,kikeriki,1
sadness,schmutzige,1
sadness,jungfrau,2
sadness,hie.,1
sadness,fest,1
sadness,lebte,4
sadness,abgehen,1
sadness,``,6
sadness,recht,1
sadness,schlimm,1
sadness,ergangen,1
sadness,ältester,1
sadness,bruder,2
sadness,mahlen,1
sadness,zweiter,1
sadness,esel,2
sadness,reiten,1
sadness,kater,3
sadness,anfangen,2
sadness,kaum,4
sadness,fertig,1
sadness,dahergefahren,1
sadness,sogleich,1
sadness,erbärmlich,1
sadness,lamentieren,1
sadness,soldat,1
sadness,schaden,1
sadness,nehmen,1
sadness,feuchten,1
sadness,blaue,1
sadness,licht,1
sadness,brannte,1
sadness,fort,1
sadness,weile,1
sadness,griff,2
sadness,zufällig,1
sadness,tasche,1
sadness,fand,3
sadness,tabakspfeife,1
sadness,halb,1
sadness,gestopft,1
sadness,goldkinder,1
sadness,hütte,1
sadness,nährten,1
sadness,fischfang,1
sadness,mund,1
sadness,dummling,2
sadness,itsche,1
sadness,setze,1
sadness,kleinen,1
sadness,itschen,1
sadness,hinein.,1
sadness,geratewohl,1
sadness,kreiss,1
sadness,gelbe,1
sadness,wunderschönen,1
sadness,fräulein,1
sadness,rübe,1
sadness,sechs,1
sadness,mäuschen,1
sadness,pferden,1
sadness,großvater,1
sadness,viele,1
sadness,königssöhne,1
sadness,gekommen,1
sadness,wären,2
sadness,hätten,1
sadness,dornenhecke,1
sadness,dringen,1
sadness,geblieben,1
sadness,traurigen,1
sadness,müllerbursch,2
sadness,kätzchen,2
sadness,mühle,2
sadness,alter,4
sadness,müller,2
sadness,schlimme,1
sadness,stiefkind,1
sadness,bleibens,1
sadness,länger,1
sadness,suchen.,1
sadness,nacht,3
sadness,entfloh,1
sadness,gerade,1
sadness,zwillingsbrüder,1
sadness,ähnlich,1
sadness,jäger,3
sadness,ließ,6
sadness,tiere,1
sadness,leuten,2
sadness,tanzen,1
sadness,'',3
sadness,grafen,1
sadness,dieb,1
sadness,pate,1
sadness,schelm,1
sadness,bösewicht,1
sadness,öffentlichen,1
sadness,schande,1
sadness,preisgeben,1
sadness,armen,2
sadness,geschrei,1
sadness,erschallte,1
sadness,ganze,1
sadness,freilich,1
sadness,erwiderte,1
sadness,pfarrer,1
sadness,habt,1
sadness,lust,1
sadness,tanzten,1
sadness,freude,1
sadness,kroch,1
sadness,eisenofen,1
sadness,schüttete,1
sadness,sitze,1
sadness,verlassen,2
sadness,königstochter,1
sadness,falsche,1
sadness,kammerjungfer,1
sadness,gewalt,1
sadness,königlichen,1
sadness,kleider,1
sadness,ablegen,1
sadness,platz,1
sadness,eingenommen,1
sadness,gänsemagd,1
sadness,gemeine,1
sadness,dienste,1
sadness,tun,2
sadness,schliefen,1
sadness,abend,1
sadness,verging,1
sadness,niemand,2
sadness,fett,2
sadness,essen.,1
sadness,grethel,2
sadness,bitterlich,3
sadness,vergeblich,1
sadness,böse,2
sadness,hexe,1
sadness,verlangte,1
sadness,heda,1
sadness,flink,1
sadness,trag,1
sadness,hänsel,3
sadness,mag,1
sadness,mager,1
sadness,schlachten,1
sadness,kochen.,1
sadness,jammerte,2
sadness,schwesterchen,4
sadness,tragen,1
sadness,flossen,1
sadness,backen,1
sadness,herunter,1
sadness,lebens,1
sadness,krank,4
sadness,glaubte,2
sadness,käme,1
sadness,sagten,1
sadness,unschuldig,1
sadness,mirs,1
sadness,leid,5
sadness,lassen.,1
sadness,lebt,1
sadness,übers,1
sadness,bringen,1
sadness,euern,1
sadness,befehl,1
sadness,auszuführen,1
sadness,sagte,4
sadness,zugegangen,1
sadness,verwünschte,1
sadness,brüderchen,1
sadness,rehchen,3
sadness,neben,1
sadness,dauerte,1
sadness,wildnis,1
sadness,jagdlust,1
sadness,draußen,1
sadness,kanns,1
sadness,aushalten,1
sadness,dabei,1
sadness,bald,1
sadness,kriegen.,1
sadness,laß,1
sadness,hinaus.,1
sadness,sterb,1
sadness,betrübnis,1
sadness,hüfthorn,1
sadness,höre,1
sadness,müsst,1
sadness,schuhen,1
sadness,springen,1
sadness,schwerem,1
sadness,tür,1
sadness,gesund,1
sadness,fröhlich,2
sadness,rehlein,1
sadness,herein,2
sadness,goldene,2
sadness,krone,1
sadness,haupt,1
sadness,perlen,1
sadness,diamanten,1
sadness,ältesten,1
sadness,gekauft,1
sadness,singende,1
sadness,springende,1
sadness,löweneckerchen,1
sadness,jüngste,1
sadness,umsonst,1
sadness,orten,1
sadness,gesucht,1
sadness,geholfen,1
sadness,wiese,1
sadness,purpurner,1
sadness,wirbelte,1
sadness,luft,1
sadness,sanfter,1
sadness,fast,2
sadness,zerbrechlicher,1
sadness,geliebte,1
sadness,geschehen,1
sadness,mäuse,1
sadness,vögel,1
sadness,hofes,1
sadness,schlief,1
sadness,nähten,1
sadness,feines,1
sadness,nadel,1
sadness,schnabel,1
sadness,cinderlind,1
sadness,herd,1
sadness,leise,2
sadness,schuhe,2
sadness,zertreten,1
sadness,blass,1
sadness,schweigsam,1
sadness,darüber,1
sadness,moor,1
sadness,verdunkeln,1
sadness,stevan,1
sadness,furcht,1
sadness,schatten,2
sadness,malfina,1
sadness,zornes,1
sadness,allerleirauh,1
sadness,seit,4
sadness,jahren,1
sadness,dunklem,1
sadness,schweigen,3
sadness,nächsten,2
sadness,flucht,1
sadness,berichtete,1
sadness,sank,2
sadness,tiefere,1
sadness,hannes,1
sadness,bebte,1
sadness,falter,1
sadness,gefangen,1
sadness,reise,1
sadness,fernen,1
sadness,begleiten,1
sadness,ritten,1
sadness,magdalena,2
sadness,neid,1
sadness,bitterkeit,1
sadness,trug,1
sadness,fasste,1
sadness,schlimmen,2
sadness,entschluss,1
sadness,großmutter,1
sadness,o,1
sadness,weh,1
sadness,weiten,1
sadness,moores,1
sadness,stand,1
sadness,wind,1
sadness,sang,1
sadness,einsame,1
sadness,geige,1
sadness,hie,1
sadness,‍,1
sadness,luises,1
sadness,all,1
sadness,bitterer,1
sadness,verletzte,1
sadness,absichtlich,1
sadness,spindel,1
sadness,warf,1
sadness,siehe,1
sadness,guten,1
sadness,zuletzt,1
sadness,rein,1
sadness,altes,1
sadness,goldenes,1
sadness,mild,1
sadness,schimmern,1
sadness,begann,2
sadness,kitty,1
sadness,führte,1
sadness,unterschlupf,1
sadness,bekannter,1
sadness,wartete,1
sadness,humpty,1
sadness,alexander,1
sadness,dumpty,1
sadness,ei,1
sadness,menschengestalt,1
sadness,zugleich,1
sadness,freund,1
sadness,größtes,1
sadness,heiler,1
sadness,ganzen,1
sadness,lande,1
sadness,rannen,1
sadness,wangen,1
sadness,antlitz,1
sadness,bestanden,1
sadness,wer,1
sadness,treu,1
sadness,zusammenhält,1
sadness,dunkle,1
sadness,besiegen,1
sadness,verließ,1
sadness,wurden,1
sadness,wund,1
sadness,stolz,1
sadness,zerbrach,3
sadness,dünnes,1
sadness,glas,2
sadness,lernte,1
sadness,arbeiten,1
sadness,weich,1
sadness,laufen,1
sadness,zauberstab,1
sadness,geistes,1
sadness,felsen,1
sadness,stürzten,1
sadness,bevor,2
sadness,eintreten,1
sadness,vermummten,1
sadness,gestalt,1
sadness,ermordet,1
sadness,trugen,1
sadness,gemeinsam,1
sadness,last,1
sadness,hinterlassen,1
sadness,jury,1
sadness,machte,1
sadness,hitze,1
sadness,wich,1
sadness,frost,1
sadness,überzog,1
sadness,wände,1
sadness,niesen,1
sadness,starken,1
sadness,sprengte,1
sadness,zimmer,1
sadness,flehte,1
sadness,bischof,1
sadness,vollzog,1
sadness,floh,1
sadness,spürte,2
sadness,elise,1
sadness,fremden,1
sadness,anderen.,1
sadness,zeigte,1
sadness,hälfte,1
sadness,rings,1
sadness,wilbur,1
sadness,—,3
sadness,schatz,1
sadness,erkenntnis,1
sadness,wetten,1
sadness,gewinnen,1
sadness,warm,1
sadness,zuhause,1
sadness,oft,2
sadness,bemerkte,1
sadness,bohdanka,1
sadness,roswitha,1
sadness,wagte,1
sadness,heimzukehren,1
sadness,armut,1
sadness,sorge,2
sadness,zogen,1
sadness,körper,1
sadness,schmerzte,1
sadness,magen,1
sadness,rebellierte,1
sadness,warnte,1
sadness,sophia,1
sadness,fühlte,1
sadness,ella,1
sadness,heilte,1
sadness,verzeihung,1
sadness,statt,1
sadness,lohn,1
sadness,erhielt,1
sadness,wertlosen,1
sadness,orden,1
sadness,wanderte,1
sadness,verwundet,2
sadness,dunklen,1
sadness,deren,1
sadness,ungebackener,1
sadness,brotteig,1
sadness,zwerg,1
sadness,zauber,1
sadness,reichte,1
sadness,brot,1
sadness,maria,1
sadness,zornig,1
sadness,ungerechtigkeit,1
sadness,nagte,1
sadness,währenddessen,1
sadness,geschah,2
sadness,frei,1
sadness,kuchen,1
sadness,fraß,1
sadness,milchkrug,1
sadness,brach,2
sadness,unheimliches,1
sadness,lachen,2
sadness,hallte,2
sadness,schrei,1
sadness,spielte,1
sadness,lachten,1
sadness,traurigsten,1
sadness,fanden,1
sadness,trost,1
sadness,lady,1
sadness,hoffman,1
sadness,retten,1
sadness,schnee,1
sadness,rot,1
sadness,färbte,1
sadness,starb,1
sadness,eifersucht,1
sadness,floss,1
sadness,schrie,1
sadness,durchbohrte,1
sadness,leib,1
sadness,neugeborenen,1
sadness,enkel,1
sadness,krankheit,1
sadness,litt,1
sadness,hunger,1
sadness,jemand,1
sadness,rosenöl,1
sadness,leisten,1
sadness,herstellte,1
sadness,versprechen,1
sadness,fallen,1
sadness,tauchte,1
sadness,verschwand,1
sadness,widersprach,1
sadness,offen,1
sadness,wanderten,1
sadness,soldaten,1
sadness,fröhlichkeit,1
sadness,verboten,1
sadness,wirtin,1
sadness,königs,1
sadness,prinzessinnen,1
sadness,achtzehnten,1
sadness,geburtstag,1
sadness,jahr,2
sadness,erdboden,1
sadness,verschluckt,1
sadness,beschwerlich,1
sadness,bitter,1
sadness,dennoch,1
sadness,taube,1
sadness,flog,1
sadness,grab,1
sadness,bestrichenen,1
sadness,treppe,1
sadness,holzschuh,1
sadness,geworfen,1
sadness,flammen,1
sadness,griffen,1
sadness,taschen,1
sadness,leer,1
sadness,wohin,1
sadness,tiefer,1
sadness,till,1
sadness,ersten,1
sadness,mal,1
sadness,erkannte,1
sadness,pfauenfeder,1
sadness,königreich,1
sadness,mächtiger,1
sadness,herrschte,1
sadness,unruhig,1
sadness,entsetzt,1
sadness,voller,1
sadness,fuhr,1
sadness,see,1
sadness,endete,1
sadness,fluch,1
sadness,zorn,1
sadness,mut,1
sadness,bürgermeister,1
sadness,gretel,1
sadness,entführt,1
sadness,gestand,1
sadness,valeries,1
sadness,dunkles,1
sadness,geheimnis,1
sadness,lucie,1
sadness,cesaires,1
sadness,schmieds,1
sadness,fehltritt,1
optimism,schneewittchen,3
optimism,neuen,1
optimism,königin,3
optimism,gekrönt,1
optimism,regiert,2
optimism,land,1
optimism,gerechter,1
optimism,hand,1
optimism,schneeweißchen,1
optimism,träumt,1
optimism,inzwischen,2
optimism,prinzen,1
optimism,meint,1
optimism,schwester,1
optimism,vielleicht,2
optimism,ja,1
optimism,bruder,1
optimism,zudem,1
optimism,gefühl,1
optimism,könig,3
optimism,verborgen,1
optimism,bleibt,1
optimism,unrechtes,1
optimism,tut,1
optimism,not,2
optimism,sieht,1
optimism,endres,1
optimism,goldene,1
optimism,schüssel,1
optimism,hofft,2
optimism,weisheit,1
optimism,königs,1
optimism,erlangen,1
optimism,setzt,1
optimism,kind,2
optimism,körbchen,1
optimism,fluss,1
optimism,wasserfällen,1
optimism,umkommt,1
optimism,biber,1
optimism,hoffen,1
optimism,tages,2
optimism,hilfe,1
optimism,kindes,1
optimism,revanchieren,1
optimism,hoffnung,6
optimism,besser,1
optimism,projiziert,1
optimism,bevölkerung,1
optimism,kamen,1
optimism,kammerfrauen,1
optimism,taten,1
optimism,prächtigsten,1
optimism,kleider,1
optimism,vater,1
optimism,kam,1
optimism,ganze,1
optimism,hof,2
optimism,wünschten,1
optimism,glück,2
optimism,vermählung,1
optimism,drosselbart,1
optimism,rechte,1
optimism,freude,1
optimism,fing,1
optimism,erst,2
optimism,menschen,2
optimism,legten,1
optimism,waffen,2
optimism,nieder,1
optimism,phillip,1
optimism,sprach,1
optimism,worte,1
optimism,versöhnung,1
optimism,dornenkönigin,1
optimism,feengestalt,1
optimism,segnete,1
optimism,liebenden,1
optimism,ingrith,1
optimism,jedoch,1
optimism,verwandelte,1
optimism,ziege,1
optimism,–,3
optimism,bosheit,1
optimism,herz,3
optimism,gras,1
optimism,frisst,1
optimism,mehr,1
optimism,endlich,3
optimism,demut,1
optimism,lernt,1
optimism,drei,1
optimism,dinge,1
optimism,sollst,1
optimism,stehlen,1
optimism,lieblingspferd,1
optimism,pastor,1
optimism,gemahlin,1
optimism,ring,1
optimism,finger,1
optimism,samt,1
optimism,laken,1
optimism,leib,1
optimism,ende,1
optimism,welt,1
optimism,naht,1
optimism,cinderlind,1
optimism,hörte,1
optimism,glühte,1
optimism,zweimal,1
optimism,schicksal,1
optimism,verlassen,1
optimism,frau,3
optimism,liebte,1
optimism,schönheit,1
optimism,wiederzufinden,1
optimism,trugen,1
optimism,gläsernen,1
optimism,sarg,1
optimism,glas,1
optimism,zerbricht,1
optimism,leicht,2
optimism,hass,1
optimism,gnade,1
optimism,sei,1
optimism,erstes,1
optimism,werk,1
optimism,künftige,1
optimism,seitdem,1
optimism,weiß,1
optimism,wer,1
optimism,abweicht,1
optimism,fremden,1
optimism,traut,1
optimism,gerät,1
optimism,große,1
optimism,beide,1
optimism,träumten,1
optimism,davon,2
optimism,modedesignerinnen,1
optimism,—,3
optimism,suchten,1
optimism,wettbewerb,1
optimism,nachwuchstalente,1
optimism,glücklich,1
optimism,ritt,1
optimism,pferd,1
optimism,durchging,1
optimism,abwarf,1
optimism,hoffte,2
optimism,tochter,1
optimism,möge,1
optimism,öffnen,1
optimism,kannten,1
optimism,weder,2
optimism,zauber,1
optimism,mut,1
optimism,klugheit,1
optimism,fehler,1
optimism,gutmachen,1
optimism,glaubte,1
optimism,könne,1
optimism,macht,1
optimism,entreißen,1
optimism,claudia,1
optimism,wurde,1
optimism,schwanger,1
optimism,sohn,1
optimism,erinnerung,1
optimism,erste,1
optimism,mannes,1
optimism,auszulöschen,1
optimism,älteste,1
optimism,bereits,1
optimism,vermählt,1
optimism,zweite,1
optimism,bald,1
optimism,folgen,1
optimism,hofften,1
optimism,jungen,1
optimism,herangewachsen,1
optimism,tapfer,1
optimism,gedient,1
optimism,friede,1
optimism,gekommen,1
optimism,fand,1
optimism,arbeit,1
optimism,heim,1
optimism,mutter,1
optimism,gab,1
optimism,abschied,1
optimism,wahlspruch,1
optimism,„,1
optimism,nutz,1
optimism,augenblick,1
optimism,hast,1
optimism,immer,1
optimism,glück.,1
optimism,“,1
optimism,hans,1
optimism,gestellt,1
surprise,elisabeth,1
surprise,verwundert,4
surprise,hans,2
surprise,statt,1
surprise,goldklumpens,1
surprise,kuh,1
surprise,besitzt,1
surprise,offensichtlich,1
surprise,weniger,1
surprise,wert,1
surprise,großer,1
surprise,klumpen,1
surprise,gold,1
surprise,überraschung,3
surprise,könig,9
surprise,matthäus,1
surprise,steht,2
surprise,prinzessin,7
surprise,anna,1
surprise,wort,2
surprise,lässt,1
surprise,zögerlich,1
surprise,bettler,1
surprise,vermählen,1
surprise,wunder,2
surprise,rosensträucher,1
surprise,geöffnet,1
surprise,einlass,1
surprise,begehrte,1
surprise,trifft,3
surprise,zauberin,1
surprise,betrachtet,1
surprise,staunend,1
surprise,große,3
surprise,anzahl,1
surprise,vogelkäfigen,1
surprise,prinz,3
surprise,liebreizenden,1
surprise,erscheinung,1
surprise,entsprechend,1
surprise,überrascht,6
surprise,pfeil,1
surprise,beim,2
surprise,bogenschießen,1
surprise,spaltet,1
surprise,weiteren,1
surprise,tanzprobe,1
surprise,erscheint,2
surprise,erstaunen,1
surprise,weißen,1
surprise,kleid,1
surprise,überraschend,2
surprise,komtess,1
surprise,hält,1
surprise,bereit,1
surprise,überhaupt,1
surprise,gefällt,1
surprise,stellt,3
surprise,tochter,5
surprise,„,18
surprise,schneewittchen,1
surprise,“,15
surprise,wunderschöne,1
surprise,mädchen,3
surprise,dunkler,1
surprise,erde,1
surprise,bedecken,1
surprise,beschließen,1
surprise,glasdeckel,1
surprise,sarg,1
surprise,bauen,1
surprise,schloss,6
surprise,wundert,4
surprise,böse,1
surprise,königin,2
surprise,einladung,1
surprise,hochzeit,1
surprise,königssohns,1
surprise,nimmt,1
surprise,jedoch,1
surprise,unerwartet,2
surprise,diener,1
surprise,lampe,1
surprise,bietet,1
surprise,jakob,1
surprise,dienste,1
surprise,indessen,1
surprise,gute,2
surprise,laune,2
surprise,spioniert,1
surprise,vernehmen,1
surprise,tür,2
surprise,klopft,1
surprise,spricht,1
surprise,schnellen,1
surprise,sinneswandel,1
surprise,richtet,1
surprise,jasper,1
surprise,freunden,1
surprise,festmahl,1
surprise,tages,1
surprise,erhält,1
surprise,malick,1
surprise,brief,1
surprise,sophias,1
surprise,vater,3
surprise,schockiert,1
surprise,liest,1
surprise,praktikum,1
surprise,mehr,3
surprise,bezahlen,1
surprise,rotkäppchen,6
surprise,lauernden,1
surprise,wolf,3
surprise,flucht,1
surprise,schlagen,1
surprise,haus,1
surprise,großmutter,3
surprise,angekommen,1
surprise,warum,3
surprise,ohren,1
surprise,augen,2
surprise,bekommt,1
surprise,constanze,1
surprise,besuch,2
surprise,trotz,1
surprise,grolls,1
surprise,helfen,1
surprise,medizin,1
surprise,prinzen,1
surprise,gibt,1
surprise,alter,2
surprise,mann,4
surprise,schnell,2
surprise,laufen,2
surprise,sieben,2
surprise,raben,1
surprise,junge,2
surprise,bäckerstochter,1
surprise,bohdanka,1
surprise,fragt,1
surprise,weshalb,1
surprise,eltern,1
surprise,immer,1
surprise,traurig,1
surprise,nie,2
surprise,böses,1
surprise,richten,1
surprise,tatsächlich,1
surprise,aufenthaltes,1
surprise,wasser,2
surprise,unerwarteten,1
surprise,isabella,2
surprise,see,1
surprise,richard,1
surprise,veranstaltet,2
surprise,fest,2
surprise,festgemeinschaft,2
surprise,küchenmädchen,2
surprise,schlosses,1
surprise,geranien,2
surprise,anwesenden,1
surprise,frau,1
surprise,schon,1
surprise,zeit,2
surprise,willen,1
surprise,vaters,1
surprise,königs,2
surprise,ehe,2
surprise,eingegangen,1
surprise,sei,1
surprise,hinweis,1
surprise,kochs,1
surprise,überraschten,2
surprise,roswitha,1
surprise,sowie,1
surprise,braut,1
surprise,tanten,1
surprise,erfährt,1
surprise,aurora,1
surprise,tot,1
surprise,maleficent,1
surprise,verflucht,1
surprise,wunderte,7
surprise,türe,1
surprise,aufstand,1
surprise,stube,1
surprise,trat,1
surprise,kam,4
surprise,seltsam,1
surprise,darin,1
surprise,dachte,1
surprise,ei,2
surprise,gott,3
surprise,ängstlich,1
surprise,mirs,1
surprise,heute,1
surprise,mut,2
surprise,gerne,1
surprise,rief,6
surprise,guten,1
surprise,morgen,3
surprise,bekam,1
surprise,antwort,1
surprise,glotzte,1
surprise,roten,1
surprise,feurigen,1
surprise,schrie,1
surprise,heimweg,1
surprise,heide,1
surprise,kamen,2
surprise,zwerg,1
surprise,reinlichen,1
surprise,plätzchen,1
surprise,sack,1
surprise,edelsteinen,1
surprise,ausgeschüttet,1
surprise,gedacht,1
surprise,spät,1
surprise,jemand,1
surprise,daher,1
surprise,kommen,1
surprise,herbeigelaufen,1
surprise,schrien,1
surprise,verwunderung,1
surprise,holten,1
surprise,lichtlein,1
surprise,beleuchteten,1
surprise,sneewittchen,1
surprise,jüngste,1
surprise,sagte,4
surprise,'ich,1
surprise,weiß,1
surprise,freut,1
surprise,wunderlich,1
surprise,zumut,1
surprise,gewiß,1
surprise,widerfährt,1
surprise,unglück,1
surprise,soldat,2
surprise,sagen,1
surprise,wunderliche,1
surprise,wesen,1
surprise,ansehen,1
surprise,ging,2
surprise,zweite,1
surprise,dritte,1
surprise,nacht,1
surprise,grund,1
surprise,sah,2
surprise,goldenen,1
surprise,ring,1
surprise,liegen,1
surprise,konnte,3
surprise,begreifen,1
surprise,dahin,1
surprise,geraten,1
surprise,verwunderte,3
surprise,herr,5
surprise,pfarrer,1
surprise,hinaus,2
surprise,geschwind,1
surprise,müllersohn,1
surprise,kater,1
surprise,sprach,4
surprise,eben,1
surprise,schuster,1
surprise,vorbeiging,1
surprise,herein,1
surprise,ließ,1
surprise,stiefel,1
surprise,anmessen,1
surprise,``,2
surprise,müßt,1
surprise,reicher,1
surprise,graf,2
surprise,glaube,1
surprise,prächtigen,1
surprise,wald,1
surprise,'',2
surprise,dampf,1
surprise,höhle,2
surprise,umhergezogen,1
surprise,stand,1
surprise,kleines,1
surprise,schwarzes,1
surprise,männchen,1
surprise,fragte,3
surprise,befiehlst,1
surprise,befehlen,1
surprise,erwiderte,1
surprise,ganz,1
surprise,sonne,1
surprise,aufwachte,1
surprise,gag,1
surprise,tiefen,1
surprise,guckte,1
surprise,überall,1
surprise,ach,3
surprise,jäger,2
surprise,sieht,1
surprise,wirt,4
surprise,hundert,1
surprise,goldstücke,1
surprise,mein.,1
surprise,ja,1
surprise,brot,1
surprise,hätt,1
surprise,braten,1
surprise,essen.,1
surprise,möcht,1
surprise,sehen,1
surprise,wetten,1
surprise,meinte,1
surprise,wäre,2
surprise,gemahl,1
surprise,lange,1
surprise,ausgeblieben,1
surprise,erblicken,1
surprise,darauf,1
surprise,unbemerkt,1
surprise,zurück,1
surprise,abends,1
surprise,gänsemagd,1
surprise,heim,1
surprise,seite,1
surprise,täte,1
surprise,merke,2
surprise,streng,1
surprise,zauber,2
surprise,währt,2
surprise,mitternacht.,2
surprise,ball,1
surprise,fremde,1
surprise,hellem,1
surprise,glanz,1
surprise,erschien,1
surprise,hielt,1
surprise,lippen,1
surprise,kaum,1
surprise,gekostet,1
surprise,schien,1
surprise,erstaunt,1
surprise,atem,1
surprise,anzuhalten,1
surprise,öffnete,1
surprise,dunkel,1
surprise,raum,1
surprise,gedanken,1
surprise,ende,1
surprise,denken,1
surprise,verschlang,1
surprise,solch,1
surprise,geschöpf,1
surprise,gesehen.,1
surprise,gelangte,1
surprise,allerleirauh,1
surprise,genannt,1
surprise,siehe,1
surprise,obwohl,1
surprise,herz,2
surprise,bebte,1
surprise,wehrte,1
surprise,tapfer,1
surprise,wurde,1
surprise,floh,1
surprise,falk,1
surprise,erwachte,1
surprise,verlangte,1
surprise,solle,1
surprise,welt,1
surprise,führen,1
surprise,—,1
surprise,jahr,1
surprise,himmel,1
surprise,wundersame,1
surprise,lichter,1
surprise,gesehen,1
surprise,herzen,1
surprise,ferne,1
surprise,sehnsucht,1
surprise,weckten,1
surprise,geschah,1
surprise,letzte,1
surprise,spur,1
surprise,zaubers,1
surprise,einst,1
surprise,blume,1
surprise,wohnte,1
surprise,lebte,1
surprise,tränen,1
surprise,führte,1
surprise,robert,1
surprise,pferd,1
surprise,leise,1
surprise,davon,1
surprise,lachen,1
surprise,kühnheit,1
surprise,diebes,1
surprise,folgte,1
surprise,heimlich,1
surprise,cinderella,1
surprise,fuhr,1
surprise,eintrat,1
surprise,verstummte,1
surprise,ganze,1
surprise,saal,1
surprise,gab,1
surprise,plötzlich,1
surprise,davonrannte,1
surprise,anmut,1
surprise,moment,1
surprise,öffneten,1
surprise,käfige,1
surprise,härte,1
surprise,stimme,1
surprise,kaltes,1
confusion,meint,1
confusion,hätte,1
confusion,schlecht,1
confusion,getauscht,1
confusion,erwidert,1
confusion,„,10
confusion,kümmert,1
confusion,wert,1
confusion,jaroslav,1
confusion,schenkt,1
confusion,týna,1
confusion,rose,1
confusion,–,3
confusion,milena,1
confusion,eifersüchtig,1
confusion,verwirrt,4
confusion,slavěna,1
confusion,traurig,1
confusion,erzählt,1
confusion,stummen,1
confusion,bajaja,1
confusion,sehnsucht,1
confusion,verwirrten,1
confusion,gefühlen,2
confusion,naveen,1
confusion,klärt,1
confusion,verwirrte,1
confusion,charlotte,1
confusion,situation,1
confusion,tiana,1
confusion,beiden,1
confusion,stößt,1
confusion,könig,1
confusion,frage,1
confusion,tat,1
confusion,'wo,1
confusion,zwölf,1
confusion,töchter,2
confusion,schuhe,1
confusion,nacht,1
confusion,vertanzt,1
confusion,gilt,1
confusion,wette,1
confusion,'',1
confusion,zweite,1
confusion,blieb,1
confusion,stehen,1
confusion,betrachtete,1
confusion,kopf,1
confusion,füßen,1
confusion,sprach,2
confusion,mann,1
confusion,nehmen,1
confusion,menschliche,1
confusion,gestalt,1
confusion,mehr,1
confusion,erschrak,1
confusion,anblickte,1
confusion,aschgraues,1
confusion,gesicht,1
confusion,voll,1
confusion,runzeln,1
confusion,trübe,1
confusion,augen,1
confusion,rote,1
confusion,haare,1
confusion,wohl,1
confusion,ursache,1
confusion,davon,1
confusion,“,8
confusion,he,1
confusion,sies,1
confusion,wüßten,1
confusion,antwortete,2
confusion,teufel,2
confusion,wurzel,1
confusion,nagt,2
confusion,maus,1
confusion,töten,1
confusion,schon,2
confusion,goldene,1
confusion,äpfel,1
confusion,tragen,1
confusion,länger,1
confusion,verdorrt,1
confusion,baum,1
confusion,gänzlich,1
confusion,bosheit,1
confusion,falschheit,1
confusion,blindheit,1
confusion,lebtag,1
confusion,gestraft,1
confusion,axt,2
confusion,bezahlen,2
confusion,weiss,1
confusion,womit,1
confusion,nutzen,1
confusion,arbeit,1
confusion,habe.,1
confusion,werdet,1
confusion,bös,1
confusion,sohn,1
confusion,bezahlen.,1
confusion,o,1
confusion,dummbart,1
confusion,rief,1
confusion,vater,1
confusion,wovon,1
confusion,willst,1
confusion,später,1
confusion,königreich,1
confusion,herz,2
confusion,weitere,1
confusion,schatten,1
confusion,stahl,1
confusion,weiß,2
confusion,niemand,1
confusion,soldat,2
confusion,taten,1
confusion,all,1
confusion,nächten,1
confusion,bevor,1
confusion,antworten,1
confusion,konnte,1
confusion,traten,1
confusion,drei,1
confusion,prinzessinnen,1
confusion,wen,1
confusion,gewählt,1
confusion,wusste,1
confusion,warum,1
confusion,—,1
confusion,könne,1
confusion,sagen,1
confusion,prinzessin,1
confusion,müde,1
confusion,fand,1
confusion,kleine,1
confusion,köhlerhütte,1
confusion,markus,1
confusion,verletzt,1
confusion,verlangte,1
confusion,solle,1
confusion,weben,1
confusion,aufgeben,1
joy,glücklich,39
joy,gemeinsam,1
joy,setzen,2
joy,wirtshaus,2
joy,gerade,1
joy,fest,4
joy,gefeiert,4
joy,trinken,1
joy,fröhlich,3
joy,tanzen,2
joy,miteinander,3
joy,scherenschleifer,1
joy,glücklichste,1
joy,mensch,1
joy,welt,1
joy,schon,3
joy,hans,5
joy,bereit,1
joy,gans,5
joy,alten,3
joy,schleifstein,1
joy,tauschen,1
joy,steht,1
joy,leeren,1
joy,händen,1
joy,fühlt,1
joy,trotzdem,1
joy,frei,7
joy,unbeschwert,1
joy,setzt,1
joy,fort,3
joy,gelangt,1
joy,endlich,9
joy,ans,1
joy,meer,1
joy,unverhofft,1
joy,elisabeth,2
joy,wiedertrifft,1
joy,freut,1
joy,glück,8
joy,teilen,1
joy,erblickt,1
joy,jorinde,2
joy,schar,1
joy,festlich,1
joy,tafelnder,1
joy,mädchen,3
joy,zauberhafte,1
joy,frau,5
joy,sitzt,1
joy,weißgekleidet,1
joy,lächelnd,2
joy,tafel,1
joy,maries,1
joy,mutter,11
joy,froh,4
joy,rückkehr,2
joy,tochter,2
joy,ebenso,1
joy,struppi,1
joy,schneeweißchen,3
joy,prinz,6
joy,fallen,1
joy,arme,3
joy,erde,3
joy,angekommen,1
joy,feiern,2
joy,drei,2
joy,sieg,1
joy,wobei,1
joy,kitty,1
joy,samtpfote,1
joy,kater,1
joy,näherkommen,1
joy,feier,2
joy,kommt,3
joy,vater,6
joy,prinzessin,11
joy,erleichtert,1
joy,meint,1
joy,könne,1
joy,elf,1
joy,prinzen,4
joy,erlöst,1
joy,zwölf,2
joy,prinzessinnen,2
joy,ende,9
joy,till,1
joy,lustigen,1
joy,menschenkette,1
joy,goldenen,3
joy,schloss,5
joy,könig,13
joy,zufrieden,3
joy,weist,1
joy,gierige,1
joy,schwester,1
joy,schranken,1
joy,lässt,1
joy,„,19
joy,gefangenen,1
joy,“,20
joy,bejubeln,1
joy,junge,5
joy,paar,2
joy,gelohnt,1
joy,lacht,1
joy,lebten,11
joy,zusammen,12
joy,küchlein,1
joy,herd,1
joy,möge,1
joy,glückliche,2
joy,herzen,3
joy,erfreuen,1
joy,happy,1
joy,end,1
joy,beinhaltet,1
joy,neben,2
joy,versöhnung,1
joy,prinzenpaares,1
joy,heimkehr,1
joy,sieben,2
joy,brüder,2
joy,eltern,3
joy,felix,1
joy,wächst,2
joy,dorf,5
joy,sohlbach,1
joy,heran,1
joy,bezaubert,1
joy,menschen,4
joy,geigenspiel,1
joy,macht,1
joy,müllerstochter,1
joy,heiraten,4
joy,bekommen,1
joy,kind,4
joy,müller,3
joy,kunz,1
joy,berater,1
joy,königs,1
joy,genießt,2
joy,leben,4
joy,müßiggang,1
joy,klaus,1
joy,mitsamt,1
joy,leuten,1
joy,kleben,1
joy,erscheint,1
joy,bricht,2
joy,herzliches,1
joy,lachen,9
joy,joringel,1
joy,vereint,1
joy,gefunden,3
joy,marie,7
joy,gibt,1
joy,jawort,2
joy,jäger,3
joy,anton,2
joy,zuliebe,1
joy,falle,1
joy,gebaut,1
joy,feuerwerk,2
joy,beginnt,1
joy,volk,2
joy,jubelt,1
joy,nächsten,2
joy,tag,5
joy,fahren,1
joy,kutsche,2
joy,davon,4
joy,zigeunermädchen,1
joy,prophezeit,1
joy,trauernden,1
joy,königin,4
joy,jahr,1
joy,sohn,2
joy,jahren,1
joy,zurückkehren,1
joy,erschöpft,1
joy,sturz,1
joy,voller,6
joy,freude,31
joy,hält,1
joy,hand,2
joy,schneewittchen,5
joy,willigt,1
joy,gras,2
joy,füßen,1
joy,spüren,1
joy,frösche,1
joy,quaken,1
joy,hören,2
joy,frische,1
joy,luft,2
joy,genießen,1
joy,brüderchen,2
joy,schwesterchen,3
joy,gerufen,1
joy,darüber,4
joy,besser,1
joy,geht,2
joy,burg,1
joy,führt,1
joy,claudia,1
joy,währenddessen,1
joy,vermeintlichen,1
joy,herz,9
joy,lilly,1
joy,wilden,2
joy,tanz,3
joy,stieftochter,1
joy,tot,2
joy,findet,1
joy,hütte,1
joy,lebt,1
joy,brüderchen-reh,1
joy,lange,7
joy,zeit,4
joy,schneidet,1
joy,bauch,2
joy,großen,3
joy,erblicken,1
joy,rotkäppchen,2
joy,großmutter,3
joy,beide,3
joy,unverletzt,1
joy,freuen,1
joy,bösewicht,1
joy,darf,2
joy,sogar,1
joy,schlüssel,1
joy,medikamentenkammer,1
joy,verwahren,1
joy,ella,1
joy,versöhnt,1
joy,vivian,1
joy,robert,1
joy,behütet,1
joy,kleinen,2
joy,mädchens,1
joy,schöne,1
joy,geschenk,1
joy,groß,2
joy,enkelin,1
joy,stück,1
joy,kuchen,1
joy,erzählen,1
joy,hause,3
joy,kopf,2
joy,tiere,2
joy,geholfen,1
joy,freunden,3
joy,geworden,2
joy,singt,2
joy,tanzt,2
joy,trotz,2
joy,schicksals,2
joy,tieren,2
joy,cinderella,3
joy,offenbar,1
joy,scheint,1
joy,stiefmutter,1
joy,vermutet,1
joy,schuh,2
joy,passen,1
joy,zeigt,1
joy,wahren,1
joy,drachentöter,1
joy,zurückgekehrt,2
joy,alcott,1
joy,ehren,1
joy,mann,2
joy,erinnert,1
joy,zurück,2
joy,kindheit,1
joy,gehst,1
joy,ja,2
joy,schule,1
joy,gingst,1
joy,lustig,3
joy,hausen,1
joy,wald.,1
joy,schlug,1
joy,augen,1
joy,sah,4
joy,sonnenstrahlen,1
joy,bäume,1
joy,her,1
joy,tanzten,5
joy,voll,3
joy,schöner,1
joy,blumen,3
joy,stand,4
joy,dachte,1
joy,frischen,1
joy,strauß,1
joy,mitbringe,1
joy,früh,1
joy,rechter,1
joy,ankomme,1
joy,lief,1
joy,wege,1
joy,ab,3
joy,wald,3
joy,hinein,4
joy,suchte,1
joy,rosenrot,1
joy,hielten,1
joy,hüttchen,1
joy,reinlich,1
joy,schauen,1
joy,abends,2
joy,vertraulich,1
joy,beisammen,1
joy,saßen,1
joy,klopfte,1
joy,jemand,1
joy,türe,1
joy,eingelassen,1
joy,keil,1
joy,getrieben,1
joy,wäre,3
joy,wunsch,3
joy,gegangen,1
joy,verwünschte,1
joy,holz,1
joy,glatt,1
joy,sprang,5
joy,unversehens,1
joy,heraus,1
joy,baum,1
joy,fuhr,2
joy,geschwind,1
joy,schönen,1
joy,weißen,1
joy,bart,2
joy,mehr,3
joy,herausziehen,1
joy,konnte,3
joy,steckt,1
joy,drinn,1
joy,alte,2
joy,lebte,5
joy,jahre,2
joy,ruhig,2
joy,kindern,2
joy,führte,2
joy,reich,6
joy,empfangen,1
joy,ward,9
joy,vergnügt,2
joy,sprach,8
joy,``,6
joy,tröste,1
joy,bösen,1
joy,tage,1
joy,vorüber,1
joy,hochzeit,8
joy,'',6
joy,herzten,1
joy,küssten,2
joy,einander,2
joy,zogen,1
joy,heim,1
joy,ging,4
joy,hinauf,1
joy,glich,1
joy,königstochter,5
joy,trat,2
joy,entgegen,2
joy,freute,4
joy,wiedersah,2
joy,eben,1
joy,anhub,1
joy,swinegel,1
joy,hase,1
joy,darum,1
joy,gesetz,1
joy,gegeben,1
joy,wer,6
joy,bringen,1
joy,rief,3
joy,giebt,1
joy,sonne.,1
joy,leichtem,1
joy,last,1
joy,daheim,2
joy,erstemal,1
joy,bildnis,1
joy,gesehen,2
joy,ohnmächtig,1
joy,gefallen.,1
joy,dache,1
joy,hörte,3
joy,getröstet,1
joy,geneigt,1
joy,gerne,2
joy,einwilligte,1
joy,gemahlin,2
joy,glückseligkeit,2
joy,schönes,1
joy,spielwerk,1
joy,erblickte,1
joy,hob,5
joy,wagen,1
joy,jungen,3
joy,abholen,1
joy,treue,1
joy,heinrich,1
joy,stellte,1
joy,hinten,1
joy,erlösung,2
joy,kam,6
joy,weissagung,1
joy,erfüllt,3
joy,glückskind,2
joy,vermählt,1
joy,langte,1
joy,herzlich,1
joy,wohl,2
joy,gelungen,1
joy,reichtum,1
joy,recht,1
joy,begreifen,1
joy,zugegangen,1
joy,sollst,2
joy,morgen,2
joy,geringe,1
joy,arbeit,2
joy,tun,1
joy,alter,1
joy,wasserleerer,1
joy,brunnen,2
joy,licht,2
joy,gefallen,1
joy,brennt,1
joy,blau,1
joy,verlischt,1
joy,herauf,1
joy,holen.,1
joy,ließ,3
joy,korb,1
joy,hinab,1
joy,ganz,1
joy,gekommen,1
joy,begehrst,1
joy,setzten,1
joy,nieder,1
joy,aßen,1
joy,tranken,1
joy,nahm,1
joy,verwünschtes,1
joy,schlößchen,1
joy,lauter,2
joy,kätzchen,1
joy,dienten,1
joy,sprangen,1
joy,flink,1
joy,treppe,2
joy,guter,1
joy,dinge,1
joy,kammer,1
joy,zehen,1
joy,ferse,1
joy,reden,1
joy,niemand,2
joy,lust,1
joy,saß,1
joy,nahte,1
joy,regte,1
joy,sechs,1
joy,brüdern,1
joy,frieden,2
joy,freuden,2
joy,pflegevater,1
joy,holen,1
joy,überhäufte,1
joy,schätzen,1
joy,zwillingsbrüder,1
joy,wiedersahen,1
joy,freuten,1
joy,bereitet,1
joy,kartoffel,1
joy,essen,1
joy,pflegt,1
joy,euerm,1
joy,tisch,1
joy,verzehren,1
joy,bauer,1
joy,lächelte,12
joy,sagte,4
joy,seid,1
joy,graf,2
joy,fürst,2
joy,gar,1
joy,herzog,1
joy,vornehme,1
joy,herren,1
joy,manchmal,2
joy,solch,2
joy,gelüsten,1
joy,guten,2
joy,schluck,1
joy,wein,1
joy,antwortete,1
joy,ernähre,1
joy,handel,1
joy,geld,1
joy,gute,2
joy,worte,1
joy,gebe,1
joy,glas,1
joy,herr,2
joy,pferd,2
joy,stall,1
joy,geholt,1
joy,kammerjungfer,1
joy,zugesehen,1
joy,gewalt,1
joy,braut,2
joy,bekäme,1
joy,blutstropfen,1
joy,verloren,1
joy,schwach,1
joy,machtlos,1
joy,große,2
joy,ankunft,1
joy,königssohn,1
joy,kammerfrau,1
joy,pferde,1
joy,meinte,1
joy,hinaufgeführt,1
joy,wahre,3
joy,unten,1
joy,stehen,1
joy,bleiben,2
joy,sorgen,1
joy,wasser,1
joy,lebens,1
joy,erlangt,1
joy,heimwärts,1
joy,zwerg,1
joy,vorbei,1
joy,kaum,2
joy,getrunken,1
joy,fühlte,1
joy,krankheit,1
joy,verschwinden,1
joy,stark,1
joy,gesund,1
joy,tagen,1
joy,ritt,1
joy,mitten,2
joy,tor,1
joy,aufgetan,1
joy,empfing,1
joy,wär,1
joy,erlöser,1
joy,königreichs,1
joy,gehalten,2
joy,großer,2
joy,komm,1
joy,jägern,1
joy,schließ,2
joy,türlein,2
joy,kenne,1
joy,klopf,1
joy,sprich,1
joy,schwesterlein,1
joy,laß,1
joy,herein,1
joy,sprichst,1
joy,auf.,1
joy,rehchen,1
joy,hinaus,2
joy,freier,1
joy,asche,1
joy,verbrannt,1
joy,verwandelte,1
joy,rehkälbchen,1
joy,erhielt,1
joy,menschliche,1
joy,gestalt,1
joy,ankam,1
joy,geglaubt,1
joy,löwen,1
joy,zerrissen,1
joy,worden,1
joy,tränen,2
joy,flossen,1
joy,vollführten,1
joy,ausgelassenen,1
joy,betagten,1
joy,geschöpfen,1
joy,möglich,1
joy,hätte,1
joy,königreich,3
joy,phillip,1
joy,freundlich,2
joy,frühlingstag,1
joy,ingrith,1
joy,phillips,1
joy,schmal,1
joy,messerklinge,1
joy,redete,1
joy,art,1
joy,höflichkeit,1
joy,schlimmer,1
joy,stach,1
joy,gift,1
joy,verrats,1
joy,hast,1
joy,gerettet.,1
joy,größte,1
joy,bevor,1
joy,männchen,1
joy,lächeln,3
joy,warm,1
joy,kalt,1
joy,zugleich,1
joy,wind,2
joy,wälder,1
joy,strich,1
joy,glaubte,1
joy,fernes,1
joy,feines,1
joy,wispern,1
joy,–,6
joy,leise,2
joy,nachklingende,1
joy,männchens,1
joy,irgendwo,1
joy,draußen,1
joy,neues,1
joy,lied,1
joy,erfand,1
joy,lachte,2
joy,tanzte,5
joy,libellen,1
joy,nannte,1
joy,hohe,1
joy,dunkle,1
joy,fee,2
joy,spürte,1
joy,stets,1
joy,freundlichen,1
joy,schatten,1
joy,seite,1
joy,nacht,1
joy,gab,2
joy,großes,1
joy,weiß,1
joy,bist.,1
joy,allerleirauh,1
joy,deren,1
joy,angst,1
joy,verschlossen,1
joy,diesmal,1
joy,feierten,2
joy,herzens,1
joy,zwerge,2
joy,weinten,2
joy,stillen,1
joy,kennen,1
joy,tod,1
joy,berührt,1
joy,dennoch,1
joy,gewählt,1
joy,schließlich,1
joy,häuschen,1
joy,erreichten,1
joy,brach,2
joy,freudentränen,1
joy,himmel,2
joy,funkelte,1
joy,neuer,1
joy,stern,1
joy,evangeline,1
joy,glühwürmchen,1
joy,liebeslicht,1
joy,tiana,1
joy,naveen,1
joy,arbeitsam,1
joy,wussten,1
joy,mut,2
joy,freundschaft,1
joy,daransetzt,1
joy,hoch,1
joy,schultern,1
joy,mannes,1
joy,blies,1
joy,gesicht,1
joy,arbeitete,2
joy,schwer,1
joy,wurden,3
joy,nasse,1
joy,zweige,1
joy,verneigte,1
joy,tief,1
joy,armen,1
joy,bettler,1
joy,freilasst,1
joy,bedeutet,1
joy,eigenes,1
joy,leben.,1
joy,riss,1
joy,falschen,1
joy,heute,1
joy,sieht,1
joy,sagt,1
joy,je,1
joy,glücklicher,1
joy,sei,1
joy,stolz,1
joy,vergeht,1
joy,demut,1
joy,liebe,1
joy,tages,1
joy,tanzfest,1
joy,bevorstand,1
joy,durfte,1
joy,luise,2
joy,schmücken,1
joy,spindel,2
joy,wolle,1
joy,spinnen,1
joy,tat,1
joy,fleiß,1
joy,schnee,1
joy,niederfiel,1
joy,brachte,2
joy,land,3
joy,kamen,2
joy,schnitten,1
joy,wolf,1
joy,befreiten,1
joy,ganzen,1
joy,goldene,1
joy,überfluss,1
joy,niemals,2
joy,lippen,1
joy,bringt,2
joy,halbe,1
joy,erhalten.,1
joy,viele,1
joy,gingen,1
joy,betrübt,1
joy,jedoch,1
joy,erreichte,1
joy,hölle,1
joy,doppelte,1
joy,wurde,4
joy,gebirge,1
joy,fortan,1
joy,läuten,1
joy,glocken,1
joy,geißlein,1
joy,ernst,1
joy,solle,1
joy,fremden,1
joy,trauen,1
joy,erscheinen,1
joy,kümmert,1
joy,wert,1
joy,machen.,1
joy,verstand,1
joy,—,10
joy,beim,1
joy,wiederzusehen,1
joy,erzählte,1
joy,lachend,1
joy,all,1
joy,tauschgeschäften,1
joy,spielmann,1
joy,arm,1
joy,gekleidet,1
joy,fröhlicher,1
joy,stimme,1
joy,lass,1
joy,feiern.,1
joy,geschah,1
joy,ganze,3
joy,feierte,1
joy,verbrachten,1
joy,stunden,1
joy,fluss,1
joy,sonnenschein,1
joy,erwarteten,1
joy,moment,2
joy,schien,1
joy,schweigend,1
joy,letzten,1
joy,hemden,1
joy,empfingen,1
joy,söhne,1
joy,unversehrt,1
joy,gealtert,1
joy,heirateten,1
joy,zersprang,1
joy,mercurius,1
joy,entwich,1
joy,jubelnd,2
joy,freiheit,1
joy,magischen,1
joy,tore,1
joy,schlossen,1
joy,atmete,1
joy,gegessen,1
joy,erkennt,1
joy,nie,2
joy,aufgehört,1
joy,träumen,1
joy,bald,2
joy,darauf,1
joy,jubelte,2
joy,treu,1
joy,geblieben,1
joy,isabella,1
joy,errötete,1
joy,hänsel,1
joy,gretel,1
joy,flohen,1
joy,hexenhaus,1
joy,fanden,2
joy,wegen,1
joy,fluchs,1
joy,prophezeiung,2
joy,wilder,1
joy,entglitt,1
joy,lillianas,1
joy,hund,1
joy,gefressen,1
joy,glückliches,1
joy,heiratete,1
joy,pflegeeltern,1
joy,müllerin,1
joy,geehrt,1
joy,erfüllte,1
joy,list,1
joy,güte,1
joy,wenig,1
joy,umarmte,1
joy,heil,1
joy,fiel,1
joy,geheimnisvolle,1
joy,still,1
joy,erhellte,1
joy,fuhren,1
joy,nahmen,1
joy,berufe,1
joy,sang,1
joy,tyrannei,1
joy,vögel,1
joy,flogen,1
joy,verwandelten,1
joy,frauen,1
joy,zurückkehrten,1
joy,gerhards,1
joy,ring,2
joy,verbog,1
joy,fingern,1
joy,fürsten,1
joy,gustavs,1
joy,fast,1
joy,stillstehen,1
joy,komme,1
joy,dorf.,1
joy,aschenputtel,1
joy,namens,1
joy,sophie,2
joy,fröhlichen,1
joy,festes,1
joy,beiden,2
joy,ausgelassen,1
joy,starb,1
joy,ball,1
joy,verschwand,1
joy,mitternacht,1
joy,taube,1
joy,geboten,1
joy,fand,1
joy,endete,1
joy,märchen,1
joy,flammen,1
joy,hüterin,1
joy,hauses,1
joy,reh,1
joy,treuer,1
joy,gefährte,1
joy,zauber,2
joy,bosheit,1
joy,not,1
joy,verkündete,1
joy,edeltraud,1
joy,nichte,1
joy,gleichgültig,1
joy,versuchte,1
joy,amanda,1
joy,hielt,1
joy,jaromír,1
joy,valerie,1
joy,wusste,1
joy,peter,1
joy,verzaubert,1
grief,jörg,1
grief,rettet,1
grief,leben,1
grief,kleinen,1
grief,krakauer,1
grief,jungen,1
grief,stanislaus,1
grief,mutter,3
grief,vater,3
grief,zuvor,1
grief,gestorben,6
grief,tod,9
grief,nimmt,1
grief,daraufhin,1
grief,höhle,2
grief,lebenslichtern,1
grief,barbaras,1
grief,stiefmutter,1
grief,inzwischen,1
grief,verstorben,2
grief,seit,2
grief,gattin,1
grief,luise,1
grief,melancholie,1
grief,verfallen,1
grief,tot,2
grief,schneewittchen,1
grief,“,1
grief,königin,2
grief,spiegel,1
grief,abend,1
grief,befragt,1
grief,bekommt,1
grief,erhoffte,1
grief,antwort,1
grief,schönste,1
grief,ganzen,1
grief,land,1
grief,sei,2
grief,arbeiten,1
grief,rotkäppchens,1
grief,brüder,1
grief,holzfäller,1
grief,familie,1
grief,versorgen,1
grief,brachte,1
grief,seinerzeit,1
grief,fast,1
grief,verstand,1
grief,sechse,1
grief,kommen,1
grief,welt,1
grief,krieg,1
grief,ende,1
grief,gegangen,1
grief,arzt,1
grief,bette,1
grief,kranken,1
grief,kam,1
grief,erblickte,1
grief,füßen,1
grief,mann,1
grief,frohe,1
grief,stunde,1
grief,gehabt,1
grief,seitdem,1
grief,kinder,1
grief,walde,1
grief,gelassen,1
grief,frau,1
grief,stand,1
grief,arme,1
grief,weitgewanderte,1
grief,verlassen,1
grief,setzte,1
grief,nieder,1
grief,weinte,1
grief,helle,1
grief,klang,1
grief,lebens,1
grief,verstummt,1
grief,tages,1
grief,lieblingspferd,1
grief,prinzessin,1
grief,leonora,1
grief,rettete,1
grief,gewann,1
grief,wohlwollen,1
grief,cinderella,1
grief,mädchen,1
grief,namens,1
grief,ella,1
grief,früh,1
grief,führte,2
grief,voller,1
grief,tausend,1
grief,lichter,1
grief,menschenleben,1
grief,heimkam,1
grief,unschuldiges,1
grief,kind,1
grief,könig,3
grief,erschrak,1
grief,trotz,1
grief,sohnes,1
grief,kurz,1
grief,darauf,1
grief,starb,1
grief,joringel,1
grief,erwachte,1
grief,allein,1
grief,wald,1
grief,machte,1
grief,geliebte,1
grief,retten,1
grief,königreich,1
grief,alte,1
grief,fürst,1
grief,alfons,1
grief,regierung,1
grief,kümmerte,1
grief,mehr,1
grief,karpfen,1
grief,reich,1
grief,wurde,1
grief,tode,1
grief,verurteilt,1
grief,erzählte,1
grief,schuld,1
grief,prinzen,1
grief,jindrich,1
desire,frisch,1
desire,angetraute,1
desire,paar,1
desire,königreich,3
desire,verlassen,1
desire,grenzfluss,1
desire,überqueren,1
desire,mädchen,5
desire,rosenhecke,1
desire,vernichten,1
desire,thronerbe,1
desire,erblickt,2
desire,tages,3
desire,figur,1
desire,sagenumwobenen,1
desire,goldenen,2
desire,jungfrau,2
desire,mahalena,1
desire,möchte,6
desire,gewinnen,1
desire,wenigstens,1
desire,goldene,1
desire,federn,1
desire,ergattern,1
desire,etwa,1
desire,woche,1
desire,zurückkommen,1
desire,prinzessin,4
desire,susanne,1
desire,heiraten,4
desire,versichert,1
desire,erscheint,1
desire,jüngste,1
desire,bittet,1
desire,königlichen,1
desire,vater,2
desire,frist,1
desire,jahres,1
desire,clothilde,1
desire,künftige,1
desire,frau,5
desire,prinzen,2
desire,zukünftige,1
desire,königin,2
desire,sehen,3
desire,meistere,1
desire,schier,1
desire,unlösbaren,1
desire,aufgaben,1
desire,graf,1
desire,freiheit,1
desire,respekt,1
desire,anerkennung,1
desire,geben,1
desire,ansonsten,1
desire,stirbt,1
desire,widerwillig,1
desire,tränen,1
desire,erfüllt,1
desire,wunsch,6
desire,köchin,1
desire,verneint,1
desire,gewünscht,2
desire,mann,5
desire,goldenem,1
desire,herzen,3
desire,finde,1
desire,schon,2
desire,nächsten,1
desire,tag,1
desire,lässt,2
desire,rufen,1
desire,gewand,1
desire,fertig,1
desire,cinderella,3
desire,traum,2
desire,gerne,1
desire,selber,2
desire,kleider,2
desire,schneidern,1
desire,eigenen,1
desire,laden,1
desire,verkaufen,1
desire,prinz,2
desire,wiedersehen,2
desire,sogar,2
desire,schuh,2
desire,anprobieren,2
desire,glück,3
desire,suchen,2
desire,suche,1
desire,beim,3
desire,kampf,1
desire,drachen,1
desire,behilflich,1
desire,eltern,1
desire,geldversorgung,1
desire,eingestellt,1
desire,naveen,1
desire,reiche,2
desire,schönheit,1
desire,süden,1
desire,usa,1
desire,hoffnung,3
desire,kuss,1
desire,könne,2
desire,aurora,1
desire,fluch,1
desire,bewahren,1
desire,versetzt,1
desire,maleficent,1
desire,tiefen,1
desire,schlaf,1
desire,bringt,1
desire,burg,1
desire,ort,1
desire,wirklichkeit,1
desire,verheiraten,1
desire,glücklich,1
desire,könig,7
desire,gedanken,1
desire,vermählung,1
desire,tochter,1
desire,anschlag,1
desire,königsmacht,1
desire,garten,1
desire,wandert,1
desire,sinn,1
desire,daseins,1
desire,nachdenkt,1
desire,feder,1
desire,geliebten,1
desire,pfauen,1
desire,wasser,1
desire,gleiten,1
desire,menschen,1
desire,finden,2
desire,versteht,1
desire,schwarze,1
desire,wünscht,2
desire,macht,1
desire,blonde,1
desire,wissen,1
desire,liebe,2
desire,naht,1
desire,kaufmann,1
desire,sausewind,1
desire,fragt,1
desire,listig,1
desire,helfen,1
desire,rapunzel,1
desire,wünschten,1
desire,lange,2
desire,vergeblich,1
desire,kind,2
desire,endlich,2
desire,machte,2
desire,gott,1
desire,erfüllen,1
desire,ließ,1
desire,großes,1
desire,fest,1
desire,anstellen,1
desire,ladete,1
desire,nähe,1
desire,ferne,1
desire,heiratslustigen,1
desire,männer,1
desire,wären,2
desire,dabei,1
desire,'ich,2
desire,weiß,1
desire,recht,1
desire,sprach,1
desire,setzte,1
desire,scherz,1
desire,hinzu,1
desire,hätte,2
desire,wohl,1
desire,lust,2
desire,ausfindig,1
desire,königstöchter,1
desire,schuhe,1
desire,vertanzen,1
desire,danach,1
desire,sieben,3
desire,raben,1
desire,söhne,1
desire,immer,2
desire,töchterchen,1
desire,sichs,1
desire,wünschte,4
desire,gab,1
desire,gute,1
desire,kinde,1
desire,wies,1
desire,welt,2
desire,kam,3
desire,wars,1
desire,bärenhäuter,1
desire,abends,1
desire,allein,2
desire,saß,1
desire,jahre,1
desire,herum,2
desire,hörte,1
desire,nebenzimmer,1
desire,lautes,1
desire,jammern,1
desire,diener,1
desire,schlug,1
desire,bat,2
desire,pferd,2
desire,reisegeld,1
desire,weile,1
desire,darin,1
desire,ziehen,1
desire,voll,1
desire,freude,1
desire,brachte,1
desire,könige,1
desire,erwartete,1
desire,verheißenen,1
desire,lohn,1
desire,gewähren,1
desire,stand,1
desire,kater,1
desire,küche,1
desire,schlosses,1
desire,herd,1
desire,wärmte,1
desire,kutscher,1
desire,fluchte,1
desire,``,1
desire,wünsche,1
desire,wäre,3
desire,henker,1
desire,fisch,1
desire,herauszog,1
desire,gib,1
desire,bettuch,1
desire,leiche,1
desire,einhüllen,1
desire,hund,1
desire,verscharren,1
desire,'',1
desire,brüderchen,1
desire,menschliche,1
desire,gestalt,1
desire,gehabt,1
desire,herrliches,1
desire,leben,2
desire,truthahn,1
desire,ganz,1
desire,blume,1
desire,pflückte,1
desire,fühlte,1
desire,weder,1
desire,furcht,1
desire,zweifel,1
desire,heilung,1
desire,bringen,1
desire,verlangte,1
desire,mehr,2
desire,–,1
desire,erfüllte,1
desire,suchte,1
desire,sorgenfrei,1
desire,tiana,1
desire,zauberer,1
desire,stellte,1
desire,lockte,1
desire,sehnlichsten,1
desire,prachtvollen,1
desire,gasthaus,1
desire,ella,1
desire,trug,1
desire,heimlichen,1
desire,schöne,1
desire,nähen,1
desire,schneider,1
desire,land,1
desire,fertigen,1
desire,wusste,1
desire,sahen,1
desire,felix,1
desire,geschenk,1
desire,himmels,1
desire,kleidete,1
desire,junge,1
desire,ritt,1
desire,bursche,1
desire,oft,1
desire,schwarzer,1
desire,reiter,1
desire,schmiede,1
desire,hilfe,1
desire,hofmeister,1
desire,gern,1
desire,geworden,1
desire,amanda,1
desire,begehrte,1
desire,fand,1
desire,jungen,1
desire,soldaten,1
desire,puppenspieler,1
desire,namens,1
desire,anton,1
disgust,dreckig,1
disgust,gewordenes,1
disgust,kleid,2
disgust,versucht,1
disgust,daraufhin,1
disgust,fluss,1
disgust,waschen,1
disgust,kleine,2
disgust,raupe,1
disgust,reagiert,1
disgust,ekel,1
disgust,raben,1
disgust,gustav,1
disgust,redet,1
disgust,herablassend,1
disgust,diesmal,1
disgust,bart,2
disgust,bärenfalle,1
disgust,geraten,1
disgust,kaum,3
disgust,rühren,1
disgust,zornig,1
disgust,schreit,1
disgust,spiegel,1
disgust,„,9
disgust,nein,4
disgust,nichtssagende,1
disgust,antwort,1
disgust,nimmt,2
disgust,hand,1
disgust,ring,1
disgust,steckt,1
disgust,maßen,1
disgust,dankbar,1
disgust,–,3
disgust,trotz,1
disgust,ekels,1
disgust,hause,1
disgust,wald,3
disgust,fällt,1
disgust,frederick,1
disgust,scheuenden,1
disgust,pferd,2
disgust,bricht,1
disgust,bein,1
disgust,jagen,1
disgust,hirschen,1
disgust,immer,2
disgust,tiefer,1
disgust,lockt,1
disgust,scheut,1
disgust,kleiner,1
disgust,zwerg,2
disgust,steht,1
disgust,sagt,1
disgust,reich,1
disgust,gehöre,1
disgust,verschwinden,1
disgust,solle,1
disgust,schreiend,1
disgust,müller,1
disgust,müllerin,1
disgust,gefunden,1
disgust,sohn,1
disgust,angenommen,1
disgust,schwemmling,1
disgust,genannt,1
disgust,großmutter,2
disgust,hast,1
disgust,entsetzlich,1
disgust,großes,1
disgust,maul,1
disgust,“,10
disgust,besser,1
disgust,fressen,1
disgust,tönt,1
disgust,bett,2
disgust,her,1
disgust,verschlingt,1
disgust,wolf,3
disgust,arme,2
disgust,mädchen,2
disgust,sehen,2
disgust,schnarchend,1
disgust,liegen,1
disgust,fuchs,1
disgust,verkleidet,1
disgust,armer,1
disgust,jäger,2
disgust,erschleicht,1
disgust,rotkäppchens,1
disgust,vertrauen,1
disgust,rauben,1
disgust,deren,2
disgust,kind,3
disgust,lassen,1
disgust,aussehen,2
disgust,hätte,3
disgust,baby,1
disgust,ermordet,1
disgust,rotkäppchen,2
disgust,kommt,1
disgust,seltsam,1
disgust,allerdings,1
disgust,vermummten,1
disgust,gestalt,2
disgust,getötet,1
disgust,joringel,1
disgust,sah,3
disgust,ward,2
disgust,bös,4
disgust,schalt,1
disgust,spie,1
disgust,gift,1
disgust,galle,1
disgust,konnte,1
disgust,zwei,1
disgust,schritte,2
disgust,kommen,1
disgust,wusste,1
disgust,böses,1
disgust,tier,2
disgust,fürchtete,1
disgust,gerissen,1
disgust,habt,2
disgust,dünnen,1
disgust,röckchen,1
disgust,überall,1
disgust,zerfetzt,1
disgust,durchlöchert,1
disgust,unbeholfenes,1
disgust,täppisches,1
disgust,gesindel,1
disgust,seid,1
disgust,nahm,2
disgust,sack,1
disgust,edelsteinen,1
disgust,schlüpfte,1
disgust,felsen,1
disgust,höhle,1
disgust,unbarmherzig,1
disgust,rapunzel,1
disgust,wüstenei,1
disgust,brachte,1
disgust,großem,1
disgust,jammer,1
disgust,elend,1
disgust,leben,1
disgust,freude,1
disgust,groß,1
disgust,schmächtig,1
disgust,klein,1
disgust,wegen,1
disgust,schwachheit,1
disgust,nothtaufe,1
disgust,eilig,1
disgust,lief,2
disgust,mond,1
disgust,gar,2
disgust,kalt,1
disgust,grausig,1
disgust,merkte,2
disgust,sprach,2
disgust,rieche,2
disgust,menschenfleisch.,1
disgust,machte,1
disgust,geschwind,1
disgust,fort,2
disgust,kam,1
disgust,sternen,1
disgust,freundlich,1
disgust,gut,1
disgust,saß,1
disgust,besondern,1
disgust,stühlchen,1
disgust,ersten,1
disgust,jahr,1
disgust,ging,2
disgust,leidlich,1
disgust,zweiten,2
disgust,schon,2
disgust,ungeheuer,1
disgust,haar,1
disgust,bedeckte,1
disgust,fast,1
disgust,ganze,1
disgust,gesicht,4
disgust,glich,1
disgust,stück,1
disgust,grobem,1
disgust,filztuch,1
disgust,finger,1
disgust,krallen,1
disgust,schmutz,2
disgust,bedeckt,2
disgust,kresse,1
disgust,hinein,1
disgust,gesät,1
disgust,aufgegangen,1
disgust,wäre,2
disgust,häßlich,1
disgust,gewöhnen.,1
disgust,jüngste,1
disgust,lieber,1
disgust,vater,1
disgust,guter,1
disgust,mann,1
disgust,not,1
disgust,geholfen,1
disgust,dafür,1
disgust,braut,1
disgust,versprochen,1
disgust,wort,1
disgust,gehalten,2
disgust,werden.,1
disgust,schade,1
disgust,bärenhäuters,1
disgust,haaren,1
disgust,herz,1
disgust,leibe,1
disgust,lachte,1
disgust,worte,2
disgust,hörte,2
disgust,seltsame,1
disgust,sitte,1
disgust,zunge,1
disgust,berührt,1
disgust,fenster,2
disgust,seltsames,1
disgust,gewisper,1
disgust,feinen,1
disgust,stimmen,1
disgust,könig,3
disgust,stellte,1
disgust,fußspitzen,1
disgust,schulter,1
disgust,versteckte,2
disgust,selber,1
disgust,schlich,1
disgust,herum,1
disgust,lauerte,1
disgust,``,1
disgust,halt,1
disgust,sagte,1
disgust,bösen,1
disgust,gedanken,1
disgust,licht,1
disgust,gebe,1
disgust,eher,1
disgust,beiden,1
disgust,füßen,1
disgust,erdboden,1
disgust,stehe.,1
disgust,geriet,1
disgust,hexe,2
disgust,wut,1
disgust,ließ,3
disgust,hinab,2
disgust,brunnen,1
disgust,fallen,2
disgust,darum,1
disgust,staubig,1
disgust,schmutzig,2
disgust,aussah,1
disgust,nannten,1
disgust,aschenputtel,1
disgust,gottlos,1
disgust,schwert,2
disgust,hieb,1
disgust,haupt,1
disgust,ab,1
disgust,fasste,2
disgust,jungfrau,1
disgust,arm,1
disgust,trug,1
disgust,berg,1
disgust,dunkel,1
disgust,anlangte,1
disgust,setzte,1
disgust,hof,1
disgust,stein,1
disgust,fing,1
disgust,husten,1
disgust,alte,1
disgust,brustkranke,1
disgust,frau,1
disgust,rieb,1
disgust,hände,1
disgust,fröre,1
disgust,hänsel,1
disgust,grethel,1
disgust,erschraken,1
disgust,gewaltig,1
disgust,ließen,1
disgust,händen,1
disgust,hielten,1
disgust,schweinehändler,1
disgust,schüttelte,1
disgust,mitleidig,1
disgust,kopf,1
disgust,stürzte,1
disgust,dunkle,2
disgust,herein,1
disgust,feenmacht,1
disgust,seit,1
disgust,langer,1
disgust,zeit,1
disgust,schatten,1
disgust,lebte,1
disgust,königshaus,1
disgust,gram,1
disgust,bald,1
disgust,darauf,1
disgust,wurde,2
disgust,hochzeit,1
disgust,böse,2
disgust,stiefmutter,1
disgust,samt,1
disgust,töchtern,1
disgust,mussten,1
disgust,scham,1
disgust,verbergen,1
disgust,nacht,1
disgust,prinzessinnen,1
disgust,hastiger,1
disgust,dränge,1
disgust,unsichtbare,1
disgust,uhr,1
disgust,vorwärts,1
disgust,flüsterte,1
disgust,düstere,1
disgust,äste,2
disgust,brechen,1
disgust,verwandelte,2
disgust,fels,1
disgust,holz,1
disgust,werkzeug,1
disgust,mut,2
disgust,jungen,1
disgust,zerstören,1
disgust,schlimmsten,1
disgust,trieb,1
disgust,nachbarland,1
disgust,imker,1
disgust,bot,1
disgust,brot,1
disgust,stolperte,1
disgust,zerbrach,1
disgust,honiggefäß,1
disgust,ruinierte,1
disgust,feines,1
disgust,schlug,1
disgust,eindringling,1
disgust,krug,1
disgust,nieder,1
disgust,krone,1
disgust,erzählte,1
disgust,gefahren,1
disgust,waldes,1
disgust,besonders,1
disgust,augen,1
disgust,grün,1
disgust,funkelten,1
disgust,giftige,1
disgust,steine,1
disgust,stimme,1
disgust,tief,1
disgust,stärksten,1
disgust,erzittern,1
disgust,prinzessin,1
disgust,verschmähte,1
disgust,trat,1
disgust,spott,1
disgust,schärfer,1
disgust,teufel,1
disgust,menschen,1
disgust,bärenfell,1
disgust,zottelig,1
disgust,stinkend,1
disgust,wiederzuerkennen,1
disgust,tages,1
disgust,kutsche,1
disgust,fuhr,1
disgust,brach,1
disgust,rad,1
disgust,pferde,2
disgust,scheuten,1
disgust,zeigte,1
disgust,wahres,1
disgust,hässliches,1
disgust,stieß,1
disgust,zurück,1
disgust,tiefe,1
disgust,nie,1
disgust,gesehen,1
disgust,halbmondkette,1
disgust,magie,1
disgust,barg,1
disgust,verhexte,1
disgust,munkelte,1
disgust,bestie,1
disgust,streife,1
disgust,umher,1
disgust,alt,1
disgust,hässlich,1
disgust,schwarze,1
disgust,seele,1
disgust,entfachte,1
disgust,steppenbrand,1
disgust,hetzte,1
disgust,wilde,1
disgust,helden,1
disgust,sprangen,1
disgust,rücken,1
disgust,entkamen,1
disgust,feuer,1
disgust,volksfest,1
disgust,tanzen,1
disgust,zerlumpt,1
disgust,stank,1
caring,sei,3
caring,einzige,1
caring,bedeute,1
caring,beteuert,1
caring,liebe,3
caring,erklärt,1
caring,trotz,1
caring,verkleidungen,1
caring,immer,4
caring,gleiche,1
caring,geblieben,1
caring,marie,2
caring,inzwischen,1
caring,frau,3
caring,holle,1
caring,wunderschönes,1
caring,kleid,1
caring,geschenkt,2
caring,bekommen,1
caring,ganz,1
caring,besonderen,1
caring,aufgabe,1
caring,betreut,1
caring,worden,1
caring,salomon,1
caring,ermahnt,1
caring,dorfbewohner,1
caring,daher,2
caring,besonderer,1
caring,vorsicht,2
caring,dorf,1
caring,sofort,2
caring,abriegeln,1
caring,lassen,3
caring,elise,1
caring,hilft,2
caring,flucht,1
caring,pferd,3
caring,behilflich,2
caring,verfolger,1
caring,abschütteln,1
caring,not,2
caring,geratenen,1
caring,tieren,1
caring,helfen,4
caring,daraufhin,1
caring,dankbar,1
caring,verraten,1
caring,„,27
caring,verloren,1
caring,“,33
caring,prinzessin,3
caring,nächsten,1
caring,tag,1
caring,schlossteich,1
caring,spielt,1
caring,abermals,1
caring,hilferufe,1
caring,hört,1
caring,entdeckt,1
caring,frosch,1
caring,macht,2
caring,sorgen,2
caring,leben,7
caring,schlange,1
caring,entdecken,1
caring,mikeš,1
caring,tages,2
caring,schwarzen,1
caring,reiter,1
caring,pferdehuf,1
caring,elvira,2
caring,deren,2
caring,appetit,1
caring,gebäck,1
caring,birnenförmige,1
caring,figur,1
caring,beschert,1
caring,gewicht,1
caring,nimmt,1
caring,fragwürdigen,1
caring,rat,3
caring,mentorin,1
caring,bandwurm,1
caring,nehmen,1
caring,mutter,4
caring,schneidet,1
caring,kurzerhand,1
caring,bauch,1
caring,wolfes,1
caring,rettet,1
caring,lebenden,1
caring,kinder,1
caring,füllt,1
caring,wolfsbauch,1
caring,wackersteinen,1
caring,schon,3
caring,großer,1
caring,sorge,4
caring,wasser,5
caring,lebens,3
caring,könig,10
caring,ansgar,1
caring,leidet,1
caring,unheilbaren,1
caring,krankheit,1
caring,hält,2
caring,zeit,1
caring,gekommen,1
caring,gedanken,1
caring,nachfolge,1
caring,springt,1
caring,beruhigen,1
caring,retten,2
caring,gerade,1
caring,nötigste,1
caring,dinge,1
caring,sollen,1
caring,liebsten,1
caring,finden,1
caring,flora,1
caring,dabei,2
caring,pflanzen,1
caring,kommunizieren,1
caring,ranke,1
caring,wachsen,1
caring,lässt,1
caring,königlichen,1
caring,läufer,1
caring,fall,1
caring,bringt,2
caring,unterwegs,1
caring,erscheint,1
caring,schwemmling,1
caring,schicksalsgöttin,1
caring,schützend,2
caring,hand,2
caring,brief,1
caring,gunsten,1
caring,verändert,1
caring,kleine,1
caring,mädchen,2
caring,gut,3
caring,haushalt,1
caring,freunde,1
caring,mäuse,1
caring,vögel,1
caring,stelle,1
caring,cinderella,1
caring,pferdchen,1
caring,prinzen,2
caring,zauberhöhle,1
caring,mahnt,1
caring,bremst,1
caring,drängen,1
caring,wachen,1
caring,müssen,1
caring,hilfe,2
caring,eilen,1
caring,tod,1
caring,dritten,1
caring,hexe,1
caring,cthonia,1
caring,besorgt,1
caring,ruft,1
caring,gretel,1
caring,telefon,1
caring,großmutter,1
caring,lockt,1
caring,zurück,1
caring,hause,2
caring,weiten,1
caring,reise,1
caring,verhetzte,1
caring,ocik,2
caring,stück,1
caring,begleiten,1
caring,einsamer,1
caring,gegend,1
caring,umbringen,1
caring,fürchtet,1
caring,schicksal,1
caring,geliebten,1
caring,köhlersohnes,1
caring,bleibt,1
caring,klug,1
caring,umsichtig,1
caring,weiß,1
caring,grausamen,1
caring,verblendeten,1
caring,vater,4
caring,hinzuhalten,1
caring,bärenhäuter,1
caring,junger,2
caring,kerl,1
caring,ließ,2
caring,soldat,1
caring,anwerben,1
caring,hielt,1
caring,tapfer,2
caring,vorderste,1
caring,blaue,2
caring,bohnen,1
caring,regnete,1
caring,bett,2
caring,kam,1
caring,sprach,10
caring,getreuester,1
caring,johannes,3
caring,fühle,1
caring,ende,1
caring,heran,1
caring,naht,1
caring,sohn,2
caring,jungen,2
caring,jahren,1
caring,raten,1
caring,weiss,1
caring,versprichst,1
caring,unterrichten,1
caring,wissen,1
caring,pflegevater,1
caring,augen,1
caring,ruhe,1
caring,schließen.,1
caring,antwortete,4
caring,getreue,1
caring,verlassen,1
caring,treue,2
caring,dienen,1
caring,wenns,1
caring,kostet.,1
caring,sagte,3
caring,alte,2
caring,sterb,1
caring,getrost,1
caring,frieden.,1
caring,tode,1
caring,sollst,4
caring,ganze,1
caring,schloss,2
caring,zeigen,2
caring,kammern,1
caring,säle,1
caring,gewölbe,1
caring,schätze,1
caring,darin,1
caring,liegen,1
caring,letzte,1
caring,kammer,1
caring,langen,1
caring,gange,1
caring,worin,1
caring,bild,2
caring,königstochter,2
caring,goldenen,2
caring,dache,1
caring,verborgen,1
caring,steht,1
caring,erblickt,1
caring,heftige,1
caring,empfinden,1
caring,ohnmacht,1
caring,niederfallen,1
caring,ihretwegen,1
caring,große,1
caring,gefahren,1
caring,geraten,1
caring,davor,1
caring,hüten.,1
caring,nochmals,1
caring,alten,2
caring,darauf,1
caring,gegeben,1
caring,ward,1
caring,still,1
caring,legte,1
caring,haupt,1
caring,kissen,1
caring,starb,1
caring,hast,2
caring,drei,3
caring,haare,1
caring,teufel,1
caring,fragen,1
caring,gesagt,1
caring,wohl,3
caring,gehört,2
caring,haben.,1
caring,ja,1
caring,wills,1
caring,behalten.,1
caring,geholfen,1
caring,kannst,1
caring,wege,1
caring,ziehen.,1
caring,bedankte,1
caring,verließ,1
caring,hölle,1
caring,vergnügt,1
caring,geglückt,1
caring,bleib,1
caring,arbeit,1
caring,ordentlich,1
caring,tun,2
caring,willst,1
caring,dirs,2
caring,gehn,1
caring,besorgte,1
caring,zufriedenheit,1
caring,schüttelte,1
caring,gewaltig,1
caring,federn,1
caring,schneeflocken,1
caring,umher,1
caring,flogen,1
caring,dafür,1
caring,böses,2
caring,wort,2
caring,tage,1
caring,gesottenes,1
caring,gebratenes,1
caring,traum,2
caring,müde,1
caring,wirklich,1
caring,getan,1
caring,hätte.,1
caring,wahr,1
caring,geben,1
caring,stecke,1
caring,tasche,2
caring,voll,3
caring,erbsen,1
caring,mache,1
caring,klein,1
caring,loch,1
caring,abgeholt,1
caring,fallen,2
caring,heraus,1
caring,spur,1
caring,straße.,1
caring,stand,1
caring,männchen,1
caring,unsichtbar,1
caring,hörte,1
caring,hör,1
caring,fisch,2
caring,wirfst,1
caring,schrank,1
caring,gesottenem,1
caring,gebratenem,1
caring,zurückgeben,1
caring,halt,1
caring,fest,1
caring,verrat,1
caring,leibe,1
caring,wem,1
caring,dus,1
caring,gehts,1
caring,verloren.,1
caring,hüten,2
caring,fischer,1
caring,warf,1
caring,hinab,1
caring,``,3
caring,seid,1
caring,verstehe,1
caring,handwerk,1
caring,endlich,1
caring,pate,1
caring,deshalb,1
caring,gnade,1
caring,recht,1
caring,ergehen,1
caring,nachsichtig,1
caring,verfahren,1
caring,türe,1
caring,pferdestalls,1
caring,lagen,1
caring,soldaten,1
caring,feuer,1
caring,bemerkte,1
caring,rief,1
caring,komm,1
caring,näher,1
caring,altes,1
caring,mütterchen,1
caring,wärme,1
caring,hüte,3
caring,kraut,1
caring,willen,1
caring,gebrauchst,1
caring,schlimm,1
caring,ergehen.,1
caring,dauerte,1
caring,lange,2
caring,jüngling,1
caring,berühmteste,1
caring,arzt,1
caring,ganzen,1
caring,welt,1
caring,bald,1
caring,falsche,1
caring,braut,1
caring,liebster,1
caring,gemahl,1
caring,bitte,1
caring,tut,1
caring,gefallen.,1
caring,gerne,1
caring,tun.,1
caring,lasst,1
caring,schinder,1
caring,rufen,1
caring,pferde,1
caring,worauf,1
caring,hergeritten,1
caring,hals,1
caring,abhauen,1
caring,unterweges,1
caring,geärgert,1
caring,hat.,1
caring,eigentlich,1
caring,fürchtete,1
caring,sprechen,1
caring,möchte,1
caring,umgegangen,1
caring,früher,1
caring,ausgezogen,1
caring,wiedergekommen.,1
caring,zwei,1
caring,bergen,1
caring,stecken,1
caring,eingeschlossen,1
caring,zwerg,3
caring,dahin,1
caring,verwünscht,1
caring,übermütig,1
caring,waren.,1
caring,bat,1
caring,prinz,2
caring,los,1
caring,warnte,1
caring,herz.,1
caring,brüder,1
caring,kamen,1
caring,freute,1
caring,erzählte,1
caring,ergangen,1
caring,wäre,1
caring,gefunden,1
caring,becher,1
caring,mitgenommen,1
caring,schöne,1
caring,erlöst,1
caring,hätte,2
caring,jahr,1
caring,lang,1
caring,warten,1
caring,hochzeit,1
caring,gehalten,1
caring,bekäme,1
caring,großes,1
caring,reich,1
caring,davon,1
caring,verrätst,1
caring,glaubt,1
caring,einziges,1
caring,sagst,1
caring,obendrein,1
caring,verlieren,1
caring,schweigst,1
caring,sein.,1
caring,zornig,1
caring,jüngsten,1
caring,glaubte,2
caring,getrachtet,1
caring,ach,1
caring,geh,1
caring,licht,2
caring,bewahren.,1
caring,zogen,1
caring,zusammen,1
caring,nahmen,1
caring,kleines,1
caring,kind,1
caring,herz,1
caring,leichter,1
caring,milderte,1
caring,furchtbare,1
caring,geschick,1
caring,sterben,1
caring,tiefsten,1
caring,schlaf,1
caring,–,1
caring,rechte,1
caring,daraus,1
caring,erwecken.,1
caring,verbargen,1
caring,feen,1
caring,tiefen,1
caring,walde,1
caring,mensch,2
caring,wohnt,1
caring,arme,1
caring,dieb,1
caring,gefallen,2
caring,würdig,1
caring,bedecken,1
caring,gibst,1
caring,lieb,1
caring,helfen.,1
caring,erhielt,1
caring,halskette,1
caring,herzen,1
caring,stärker,1
caring,gier.,1
caring,wandte,1
caring,ging,2
caring,wald,2
caring,niemand,2
caring,sah,1
caring,je,1
caring,kümmerte,1
caring,tier,2
caring,traurig,1
caring,tür,1
caring,schalt,1
caring,schrie,1
caring,stellte,1
caring,bär,1
caring,schwestern,1
caring,froschkönig,1
caring,kranken,1
caring,suchte,2
caring,zaubertrank,1
caring,wer,1
caring,besitzt,1
caring,dienen.,1
caring,befahl,1
caring,bring,1
caring,gold,1
caring,sichere,1
caring,feinden.,1
caring,männlein,1
caring,tat,1
caring,geheißen,1
caring,geißlein,1
caring,lernten,1
caring,vorsichtig,1
caring,niemandem,1
caring,trauen,1
caring,waldhexe,1
caring,weisen,1
caring,tief,1
caring,lebte,1
caring,ertrug,1
caring,schmerzen,1
caring,könne,1
caring,mutig,1
caring,sprang,1
caring,hans,1
caring,rettete,1
anger,landsknechte,1
anger,ziehen,2
anger,sengend,1
anger,mordend,1
anger,lande,1
anger,teufel,3
anger,übergesetzt,1
anger,wiederum,1
anger,räubern,2
anger,gewordenen,1
anger,bauern,3
anger,könig,4
anger,eisen,1
anger,legen,1
anger,lassen,1
anger,eigene,1
anger,mutter,1
anger,ermordet,1
anger,geheimnis,1
anger,gelüftet,1
anger,werwolf,2
anger,beiden,1
anger,älteren,1
anger,schwestern,2
anger,allerdings,1
anger,empört,1
anger,ekligen,1
anger,gast,1
anger,tafel,1
anger,bittet,1
anger,teller,1
anger,prinzessin,3
anger,essen,1
anger,becher,1
anger,trinken,1
anger,dürfen,1
anger,ärger,1
anger,hans,2
anger,genug,2
anger,mehl,1
anger,liefern,1
anger,obwohl,1
anger,früh,1
anger,abends,1
anger,arbeitet,1
anger,tötete,6
anger,einst,1
anger,vater,3
anger,vertrieb,1
anger,bergleute,1
anger,gegend,1
anger,böse,2
anger,hexe,8
anger,kleinen,1
anger,kindern,2
anger,ernährt,1
anger,entrüstet,1
anger,betrug,1
anger,jägers,1
anger,beschließt,1
anger,herzlose,1
anger,frau,3
anger,schneewittchen,1
anger,verkleidet,1
anger,krämerin,1
anger,räumen,1
anger,goldschatz,1
anger,schloss,1
anger,königs,2
anger,stehlen,2
anger,ertappt,1
anger,flieht,1
anger,frosch,2
anger,bett,2
anger,schlafen,2
anger,wirft,3
anger,wütende,2
anger,henriette,1
anger,wand,2
anger,woraufhin,1
anger,prinzen,1
anger,verwandelt,1
anger,preisgibt,1
anger,wütend,9
anger,boden,1
anger,wolf,2
anger,fuchs,1
anger,feinde,1
anger,verschwiegen,1
anger,fährt,1
anger,constanze,1
anger,nächtlichen,1
anger,see,1
anger,entsetzt,1
anger,ingrith,1
anger,aurora,2
anger,turm,1
anger,töten,3
anger,fordert,1
anger,maleficent,2
anger,erneut,2
anger,retten,1
anger,schafft,1
anger,bricht,1
anger,fast,1
anger,herz,2
anger,stefan,1
anger,verraten,1
anger,flügel,1
anger,beraubt,2
anger,worden,2
anger,hänsel,5
anger,mehrere,2
anger,jahre,1
anger,verbracht,1
anger,hexenjäger,3
anger,gerade,1
anger,schwer,1
anger,fassbare,1
anger,getötet,2
anger,verschwinden,1
anger,alten,1
anger,freundes,1
anger,mason,1
anger,erfährt,1
anger,unterdessen,1
anger,soldaten,1
anger,alarmiert,1
anger,gesamte,1
anger,hofstaat,1
anger,versucht,1
anger,sechs,1
anger,überfallen,2
anger,gold,1
anger,zurückzuholen,1
anger,spielt,1
anger,fiedler,1
anger,gezwungen,1
anger,tanzen,1
anger,gehetztes,1
anger,tier,1
anger,wütet,1
anger,königin,3
anger,verbannt,1
anger,jägermeister,1
anger,engster,1
anger,freund,1
anger,vertrauter,1
anger,kaufmann,1
anger,gar,1
anger,schnell,1
anger,davoneilen,1
anger,goldes,1
anger,gretel,3
anger,nachdem,1
anger,eltern,1
anger,wald,4
anger,ausgesetzt,1
anger,wurden,1
anger,töteten,2
anger,gefangen,1
anger,genommen,1
anger,arbeiten,1
anger,folgenden,1
anger,15,1
anger,jahren,1
anger,kopfgeldjäger,1
anger,hexen,4
anger,pfui,1
anger,seid,1
anger,garstig,1
anger,“,10
anger,kinder,3
anger,gaben,1
anger,mühe,1
anger,konnten,1
anger,bart,1
anger,heraus,1
anger,steckte,1
anger,fest,3
anger,mitleidigen,1
anger,hielten,1
anger,gleich,1
anger,männchen,1
anger,zerrten,1
anger,lange,1
anger,adler,1
anger,herum,1
anger,beute,1
anger,fahren,1
anger,ließ,2
anger,geschah,1
anger,strauch,1
anger,stolperten,1
anger,schüttern,1
anger,fuhr,1
anger,giftige,1
anger,apfelgrütz,1
anger,sneewittchen,1
anger,abgebissen,1
anger,hals,4
anger,„,8
anger,kannst,2
anger,wagen,1
anger,sprach,2
anger,zornigem,1
anger,blick,1
anger,garten,1
anger,steigen,2
anger,dieb,1
anger,rapunzeln,1
anger,wies,1
anger,ab,4
anger,trieb,1
anger,spott,1
anger,alte,2
anger,sah,3
anger,tochter,2
anger,tat,2
anger,leute,1
anger,spotten,1
anger,freier,1
anger,versammelt,1
anger,verschmähte,1
anger,ward,2
anger,zornig,1
anger,schwur,1
anger,ersten,1
anger,besten,1
anger,bettler,2
anger,manne,1
anger,nehmen,1
anger,türe,1
anger,käme,1
anger,tracht,1
anger,wegen,1
anger,sollst,1
anger,bärenhäuter,1
anger,heißen.,1
anger,hierauf,1
anger,verschwand,1
anger,bleibt,1
anger,übrig,1
anger,hungers,1
anger,sterben,1
anger,stieg,1
anger,gute,1
anger,jüngling,1
anger,pferd,3
anger,degen,1
anger,überließ,1
anger,jungen,1
anger,raben,1
anger,futter,1
anger,erhob,2
anger,krabbelte,1
anger,höhle,1
anger,hinauf,1
anger,ging,1
anger,dachte,1
anger,ganz,2
anger,allein,1
anger,verlassen,1
anger,kommen,1
anger,wackelndem,1
anger,kopfe,1
anger,kam,2
anger,drache,1
anger,erst,1
anger,recht,1
anger,luft,1
anger,spie,1
anger,feuerflammen,1
anger,jäger,3
anger,stürzen,1
anger,zückte,1
anger,nochmals,1
anger,schwert,1
anger,hieb,1
anger,drei,1
anger,köpfe,1
anger,darauf,1
anger,lachte,1
anger,schleppte,2
anger,tiere,1
anger,graben,1
anger,schon,1
anger,mehr,1
anger,steine,1
anger,lagen,1
anger,tot,2
anger,lag,1
anger,rotes,1
anger,blut,2
anger,fließen,1
anger,reute,1
anger,gewaltig,1
anger,bruder,1
anger,erlöst,1
anger,rief,2
anger,dafür,1
anger,jammerte,1
anger,laut,1
anger,``,1
anger,'',1
anger,tod,1
anger,arzte,1
anger,machte,1
anger,böses,1
anger,finsteres,1
anger,gesicht,1
anger,drohte,1
anger,finger,1
anger,sagte,1
anger,hast,1
anger,licht,1
anger,geführt,1
anger,diesmal,1
anger,dirs,2
anger,nachsehen,1
anger,pate,1
anger,wagst,1
anger,geht,1
anger,kragen,1
anger,nehme,1
anger,fort.,1
anger,bald,1
anger,hernach,1
anger,verfiel,1
anger,schwere,1
anger,krankheit,1
anger,darf,2
anger,sagen,1
anger,menschen,2
anger,leid,1
anger,klagen,1
anger,freiem,1
anger,himmel,1
anger,verschworen,1
anger,leben,1
anger,gekommen,1
anger,wäre.,1
anger,drang,1
anger,frieden,1
anger,konnte,1
anger,herausbringen,1
anger,fing,1
anger,heulen,1
anger,grauselich,1
anger,grethel,1
anger,lief,1
anger,fort,2
anger,gottlose,1
anger,elendiglich,1
anger,verbrennen,1
anger,gefreut,1
anger,gefallen,1
anger,herumgesprungen,1
anger,geküsst,1
anger,fingen,1
anger,laufen,1
anger,stürzten,1
anger,stube,1
anger,hinein,1
anger,fielen,1
anger,mädchen,1
anger,endlich,1
anger,sei,2
anger,still,1
anger,liebes,1
anger,rehchen,2
anger,ja,1
anger,nimmermehr,1
anger,verlassen.,1
anger,band,1
anger,goldenes,1
anger,strumpfband,1
anger,rupfte,1
anger,binsen,1
anger,flocht,1
anger,weiches,1
anger,seil,1
anger,daraus,1
anger,stiefmutter,1
anger,derentwillen,1
anger,welt,1
anger,hineingegangen,1
anger,meinte,1
anger,schwesterchen,1
anger,wäre,1
anger,wilden,1
anger,tieren,1
anger,walde,1
anger,zerrissen,1
anger,brüderchen,1
anger,rehkalb,1
anger,jägern,1
anger,geschossen,1
anger,los,1
anger,hase,1
anger,–,2
anger,schoss,1
anger,davon,1
anger,erde,1
anger,bebte,1
anger,zeit,1
anger,erfahrenen,1
anger,geworden,2
anger,land,2
anger,zog,1
anger,dunkle,1
anger,kreaturen,1
anger,strecke,1
anger,brachte,1
anger,trank,1
anger,versuchte,1
anger,durchs,1
anger,fenster,1
anger,geißlein,1
anger,bewarfen,1
anger,holzscheiten,1
anger,fluchend,1
anger,davonlief,1
anger,mühsam,1
anger,volk,1
anger,wurde,2
anger,alexandra,1
anger,entlarvt,1
anger,kerker,1
anger,geworfen,1
anger,tages,2
anger,ritt,1
anger,ungestümer,1
anger,reiter,1
anger,markt,1
anger,zerstörte,1
anger,all,1
anger,zwerge,1
anger,diebe,1
anger,erhoben,1
anger,grausame,1
anger,darum,1
anger,hütete,1
anger,schatz,1
anger,misstraute,1
anger,betrat,1
anger,richtete,1
anger,hass,1
anger,lilliana,1
anger,stolperte,1
anger,überschlug,1
anger,stürzte,2
anger,fluss,1
anger,wasserfall,1
anger,davontrug,1
anger,lebten,1
anger,einsiedler,1
anger,draußen,1
anger,krieg,1
anger,wütete,2
anger,warf,1
anger,verwandelte,1
anger,brighton,1
anger,kurzzeitig,1
anger,schabe,1
anger,braute,1
anger,liebestrank,1
anger,—,2
anger,hunde,1
anger,alcott,1
anger,binden,1
anger,jagd,1
anger,verirrte,1
anger,tiefen,1
anger,hielt,1
anger,jagte,1
anger,forderte,1
anger,waschen,1
anger,frisieren,1
anger,schneiden,1
anger,müsse,1
anger,pakt,1
anger,stand,2
anger,kind,1
anger,dunklen,1
anger,geist,1
anger,besessen,1
anger,gehnichtunter,1
anger,brief,1
anger,geschickt,1
anger,darin,1
anger,solle,1
anger,überbringer,1
anger,gerieten,1
anger,hände,1
anger,mästen,1
anger,fressen,1
anger,verängstigten,1
anger,ganzen,1
anger,berühmt,1
anger,suchten,1
anger,stellten,1
anger,männer,1
anger,schickte,1
anger,verzaubert,1
anger,tode,1
anger,geweiht,1
anger,zurück,1
anger,stadt,1
anger,augen,1
anger,explodierte,1
anger,letzte,1
anger,zutat,1
anger,ritual,1
anger,schwarzen,1
anger,unverwundbar,1
anger,feuer,1
anger,mitten,1
anger,erschien,1
anger,drängte,1
anger,valerie,1
anger,ecke,1
love,vöglein,1
love,ringlein,1
love,rot,2
love,sing,1
love,leide,3
love,…,1
love,singt,1
love,liebe,50
love,frühen,2
love,tod,3
love,ach,2
love,laß,1
love,sterben,3
love,beide,2
love,erkennt,2
love,zunächst,2
love,sagt,2
love,liebreiz,1
love,berührt,1
love,bittet,1
love,wiederzukommen,1
love,letztes,1
love,blatt,1
love,gesagt,1
love,wahre,4
love,vollständig,1
love,fluch,2
love,befreien,1
love,rosalie,1
love,verliebt,8
love,leon,2
love,bär,3
love,erfährt,1
love,geheimnis,1
love,paul,1
love,petit,1
love,säße,1
love,deshalb,1
love,rollstuhl,1
love,damaliger,1
love,mitarbeiter,1
love,unachtsam,1
love,unfall,1
love,verursachte,1
love,liebevoll,2
love,verabschiedet,2
love,zwergen,1
love,macht,8
love,verehrer,1
love,neues,1
love,leben,8
love,männchen,1
love,erscheint,2
love,marie,4
love,namen,1
love,nennen,1
love,löst,1
love,versprechen,1
love,kind,9
love,liebt,7
love,könig,13
love,gier,3
love,gold,2
love,geheilt,1
love,jorinde,3
love,joringel,2
love,ineinander,1
love,möchten,2
love,heiraten,4
love,schloss,7
love,bereits,1
love,weitere,1
love,verzauberte,3
love,mädchen,10
love,abgeschworen,1
love,tag,3
love,vertreiben,1
love,eigenen,1
love,vogelkäfigen,1
love,arbeiten,1
love,bedarf,1
love,zauberin,1
love,eingesperrt,1
love,sofort,3
love,vermeintlichen,2
love,diener,2
love,prinz,9
love,fühlt,1
love,stark,1
love,hingezogen,2
love,junge,2
love,bursche,1
love,pferd,2
love,ankommt,1
love,lachen,2
love,kommt,3
love,große,3
love,herrschaftliche,1
love,kutsche,1
love,herangefahren,1
love,kätzchen,2
love,prinzessin,6
love,zurück,2
love,verwandelt,1
love,mitsamt,1
love,zofen,1
love,abgelegenen,1
love,waldstück,1
love,küssen,2
love,abends,1
love,betet,1
love,schwesterchen,3
love,„,56
love,lieber,3
love,gott,7
love,geschieht,2
love,schütze,1
love,reh,3
love,lieb,11
love,führ,1
love,bald,1
love,heim,5
love,dunklen,1
love,wald,5
love,tröstet,1
love,weinende,1
love,meint,5
love,rehlein,2
love,bleiben,2
love,genauso,1
love,brüderchen,1
love,menschengestalt,1
love,mitternacht,2
love,schlägt,2
love,öffnet,1
love,tür,1
love,königin,3
love,komm,2
love,diesmal,2
love,nimmermehr.,2
love,“,59
love,geht,1
love,umarmt,1
love,könne,2
love,niemand,2
love,frau,11
love,küsst,1
love,stirn,3
love,katarina,1
love,jüngste,2
love,tochter,5
love,goldschmieds,1
love,christoffel,2
love,gütigen,1
love,freundlichen,1
love,menschen,3
love,schlimmes,1
love,widerfahren,2
love,anfänglichen,1
love,schwierigkeiten,1
love,anführer,2
love,gruppe,1
love,sechse,1
love,kommen,1
love,ganze,1
love,welt,4
love,ella,2
love,hofmusiker,1
love,jasper,1
love,lieben,6
love,teilt,1
love,köhler,1
love,wahrer,2
love,vater,3
love,sei,2
love,versteckt,1
love,recken,1
love,abend,4
love,sohn,2
love,wendling,1
love,sonne,1
love,haus,2
love,morgen,3
love,verlässt,1
love,greis,1
love,heimkehrt,1
love,geschenkt,1
love,maßen,1
love,geliebt,2
love,robert,1
love,heiratsantrag,1
love,ersten,5
love,blick,4
love,großen,2
love,stimme,3
love,erkannt,1
love,zudem,1
love,stumm,1
love,narren,1
love,bajaja,3
love,gern,2
love,prinzen,3
love,ritter,1
love,mahnt,1
love,ruhe,1
love,erklärt,1
love,wesen,1
love,glücks,1
love,warten,1
love,statt,1
love,aurora,5
love,langen,1
love,schlaf,3
love,fallen,2
love,kuss,9
love,wahren,6
love,erweckt,2
love,plötzlich,2
love,hübscher,1
love,junger,1
love,mann,11
love,steht,1
love,verlieben,1
love,beiden,2
love,augenblicklich,1
love,vereinbaren,1
love,treffen,1
love,selben,1
love,eilt,1
love,gibt,2
love,woraufhin,1
love,gesamte,1
love,erwachen,1
love,bevölkerung,1
love,regierung,1
love,wohl,2
love,ergeht,1
love,vielen,1
love,vergeblichen,1
love,versuchen,1
love,entzaubern,1
love,hilft,1
love,schließlich,1
love,schneewittchen,3
love,gegeben,1
love,abschluss,1
love,sieht,1
love,zwerge,1
love,alten,3
love,berufe,1
love,ausüben,1
love,beginnt,1
love,lied,1
love,i,1
love,believe,1
love,love,1
love,singen,1
love,bollywood-stil,1
love,tanzen,1
love,tiana,1
love,gesteht,1
love,naveen,1
love,frosch,6
love,verbringen,1
love,unerwartet,1
love,schlafende,1
love,vogel,3
love,verschont,1
love,gehnichtunter,2
love,amryllis,1
love,gehen,2
love,entgegen,2
love,hans,1
love,bedankt,1
love,kuh,1
love,hätte,2
love,liebes,6
love,tier,2
love,reichlich,1
love,milch,1
love,käse,1
love,gebe,1
love,rotkäppchen,2
love,kleine,2
love,süße,1
love,dirne,1
love,jedermann,1
love,ansah,1
love,allerliebsten,1
love,großmutter,2
love,wusste,5
love,gar,3
love,kinde,2
love,geben,3
love,kinder,7
love,einander,1
love,immer,4
love,händen,2
love,fassten,1
love,oft,2
love,zusammen,4
love,ausgingen,1
love,schneeweißchen,2
love,sagte,14
love,verlassen,1
love,antwortete,3
love,rosenrot,1
love,lange,1
love,mutter,6
love,setzte,2
love,hinzu,2
love,solls,1
love,teilen.,1
love,liefen,1
love,walde,2
love,allein,1
love,umher,1
love,sammelten,1
love,rote,2
love,beeren,1
love,tat,2
love,leid,1
love,kamen,2
love,vertraulich,1
love,herbei,1
love,häschen,1
love,fraß,1
love,kohlblatt,1
love,graste,1
love,seite,2
love,hirsch,1
love,sprang,4
love,ganz,2
love,lustig,1
love,vorbei,1
love,vögel,1
love,blieben,1
love,ästen,1
love,sitzen,2
love,sangen,1
love,wussten,1
love,gefiel,4
love,gut,4
love,betören,1
love,ließ,3
love,türe,2
love,öffnete,1
love,kaum,1
love,bissen,1
love,davon,1
love,mund,1
love,fiel,1
love,tot,1
love,erde,1
love,nieder,1
love,sprach,24
love,``,5
love,gesang,1
love,gefallen,1
love,'',4
love,freundlich,2
love,fürchte,1
love,spielmann,1
love,elenden,1
love,häuschen,1
love,gewohnt,1
love,eins,2
love,zuliebe,1
love,verstellt,1
love,husar,1
love,töpfe,1
love,entzweigeritten,1
love,herangewachsen,1
love,sah,5
love,verstorbenen,1
love,gemahlin,3
love,ähnlich,1
love,fühlte,3
love,heftige,1
love,braut,5
love,scheiden,1
love,nimmermehr,1
love,einander.,1
love,darauf,3
love,ward,4
love,hochzeit,3
love,gefeiert,1
love,lebten,2
love,vergnügt,1
love,rasierte,1
love,besser,1
love,sehen,3
love,ausgab,1
love,husarenpelz,1
love,weiße,1
love,handschuhe,1
love,verlobter,1
love,bräutigam,2
love,bärenhäuter,1
love,gesehen,2
love,hast,1
love,gottes,2
love,gnade,2
love,menschliche,1
love,gestalt,2
love,erhalten,3
love,rein,1
love,geworden.,1
love,ging,5
love,umarmte,1
love,gab,2
love,teilten,1
love,apfel,1
love,lebens,1
love,aßen,1
love,herz,4
love,erfüllt,1
love,erreichten,1
love,ungestörtem,1
love,glück,1
love,hohes,1
love,alter,1
love,groß,1
love,blätter,1
love,bäumen,1
love,zungen,1
love,wären,1
love,könntens,1
love,aussagen,1
love,setze,1
love,daran,1
love,erlange,1
love,willst,4
love,kleider,2
love,perlen,2
love,edelsteine,2
love,goldene,3
love,krone,2
love,trage.,1
love,mag,1
love,geselle,2
love,spielkamerad,1
love,tischlein,1
love,neben,2
love,goldenen,1
love,tellerlein,1
love,essen,1
love,becherlein,1
love,trinken,1
love,bettlein,1
love,schlafen,1
love,versprichst,1
love,hinunter,1
love,steigen,1
love,kugel,3
love,herauf,2
love,holen.,1
love,ja,5
love,verspreche,1
love,bringst.,1
love,dachte,3
love,einfältige,1
love,schwätzt,1
love,sitzt,1
love,wasser,1
love,gleichen,1
love,quakt,1
love,sein.,3
love,zusage,1
love,tauchte,1
love,kopf,1
love,sank,1
love,hinab,1
love,weilchen,1
love,kam,12
love,gerudert,1
love,maul,1
love,warf,2
love,gras,1
love,zauberer,2
love,süßen,1
love,worten,1
love,o,1
love,maus,1
love,zimmer,1
love,herum,2
love,gefällt,2
love,wohl.,1
love,hungert,1
love,gewaltig,1
love,gib,1
love,erst,3
love,essen.,1
love,weiss,3
love,neuen,1
love,finden.,1
love,not,1
love,sehe,1
love,schrank,2
love,schließ,1
love,auf.,1
love,aufschloss,1
love,stand,1
love,kuchen,1
love,fleisch,1
love,obst,1
love,wein,1
love,lachte,2
love,ordentlich,1
love,empfand,1
love,ganzem,1
love,herzen,8
love,einwilligte,1
love,treu,1
love,lebelang.,1
love,hielten,1
love,eben,1
love,größten,1
love,freude,1
love,machte,3
love,verwunderte,1
love,zeigten,1
love,goldkind,1
love,bärenfelle,1
love,bat,2
love,konnte,4
love,endlich,2
love,besänftigen,1
love,aschenputtel,1
love,reichen,2
love,manne,1
love,wurde,5
love,krank,1
love,ende,2
love,heran,2
love,rief,5
love,einziges,1
love,töchterlein,1
love,ans,2
love,bett,3
love,bleib,1
love,fromm,1
love,beistehen,1
love,himmel,1
love,herabblicken,1
love,augen,1
love,verschied,1
love,schon,4
love,verheiratet,1
love,sieben,4
love,sechs,2
love,knaben,1
love,liebte,9
love,schön,1
love,königs,1
love,gerührt,1
love,fasste,1
love,tisch,1
love,bescheidenen,1
love,mienen,1
love,sittsamkeit,1
love,gefielen,1
love,begehre,1
love,tagen,1
love,vermählte,1
love,urteil,1
love,vollzogen,1
love,zugleich,1
love,letzte,2
love,jahren,1
love,sprechen,1
love,durfte,1
love,brüder,1
love,zaubers,1
love,befreit,1
love,brachte,1
love,freuden,1
love,lassen,1
love,lebend,1
love,erblickte,2
love,untier,1
love,zerrissen,1
love,glaubte,1
love,herr,2
love,alte,3
love,wahrhaftig,1
love,regte,1
love,erste,1
love,begegnete,1
love,armer,1
love,dauerst,1
love,taufe,2
love,heben,1
love,sorgen,1
love,glücklich,1
love,erden.,1
love,wer,2
love,gott.,1
love,begehr,1
love,gevatter,1
love,gibst,1
love,lässest,1
love,armen,1
love,hungern.,1
love,weislich,1
love,reichtum,1
love,armut,1
love,verteilt,1
love,wolf,6
love,geißlein,1
love,geis,1
love,geislein,1
love,klopfte,2
love,haustür,1
love,mitgebracht.,2
love,schwarze,1
love,pfote,5
love,fenster,2
love,gelegt,1
love,sahen,3
love,riefen,2
love,schwarzen,1
love,fuß,2
love,wolf.,1
love,lief,2
love,bäcker,2
love,gestoßen,1
love,streich,1
love,teig,1
love,darüber.,1
love,bestrichen,1
love,müller,3
love,streu,1
love,weißes,1
love,mehl,1
love,pfote.,1
love,betrügen,1
love,weigerte,1
love,tust,1
love,fresse,1
love,dich.,1
love,fürchtete,1
love,bösewicht,1
love,drittenmal,1
love,haustüre,1
love,mütterchen,2
love,gekommen,2
love,geiserchen,1
love,zeig,1
love,wissen,1
love,bist.,1
love,legte,2
love,glaubten,1
love,wäre,5
love,wahr,1
love,machten,1
love,feine,1
love,stecke,1
love,uhrkasten.,1
love,holte,2
love,heraus,2
love,erzählte,1
love,gefressen,1
love,zeit,1
love,vermählt,1
love,sollten,1
love,fremde,2
love,reich,1
love,abreisen,1
love,packte,1
love,köstliches,1
love,gerät,1
love,geschmeide,1
love,silber,1
love,becher,1
love,kleinode,1
love,kurz,1
love,königlichen,1
love,brautschatz,1
love,gehörte,1
love,tröstete,1
love,weine,1
love,grethel,1
love,ruhig,1
love,helfen.,1
love,bette,1
love,schallte,1
love,hörnerblasen,1
love,hundegebell,1
love,lustige,1
love,geschrei,1
love,jäger,1
love,bäume,1
love,hörte,2
love,gerne,1
love,dabei,1
love,söhnlein,1
love,geboren,1
love,freute,1
love,herzlich,1
love,zurückhalten,1
love,kannst,1
love,frau.,1
love,augenblick,1
love,frisch,1
love,gesund,1
love,nahm,6
love,zog,1
love,hinauf,1
love,leute,1
love,selber,1
love,verwunderung,1
love,kleid,2
love,hochzeitskleid,1
love,fragte,1
love,feil,1
love,königssohn,2
love,gieß,1
love,trank,1
love,aus.,1
love,nacht,2
love,hereingeführt,1
love,anfing,1
love,erzählen,1
love,traurig,1
love,ergangen,1
love,erkannte,1
love,gleich,1
love,recht,2
love,erlöst,2
love,traum,1
love,königstochter,2
love,bezaubert,1
love,vergessen,1
love,rechter,1
love,stunde,1
love,betörung,1
love,genommen.,1
love,gingen,2
love,heimlich,1
love,fürchteten,1
love,setzten,1
love,greif,1
love,trug,1
love,meer,1
love,mitte,1
love,nuss,1
love,hand,2
love,lässt,1
love,dornen,1
love,einwickeln,1
love,stärker,3
love,feuer,1
love,vergisst,1
love,nie,2
love,hat.,1
love,endet,1
love,märchen,1
love,–,7
love,wurzeln,1
love,vergeht,1
love,finsternis,1
love,mut,2
love,sieg,1
love,davontrugen,1
love,reinen,1
love,ungehorsam,1
love,zuhause,1
love,besitzen,1
love,will.,1
love,worte,1
love,hallten,1
love,saal,1
love,windstoß,1
love,staub,1
love,fenstern,1
love,fegt,1
love,kalter,1
love,eisenring,1
love,brannte,1
love,fort,1
love,malfina,2
love,zuckte,1
love,wiege,1
love,betrachtete,1
love,fügte,1
love,brechen,1
love,wächst,1
love,einzigen,1
love,tiefer,2
love,trauer,1
love,auroras,1
love,hauchte,1
love,leidenschaft,1
love,vergebung,1
love,gelernt,1
love,spiegel,1
love,wahrheit,1
love,bitterer,1
love,lüge,1
love,obwohl,1
love,zauber,3
love,gebrochen,2
love,bekannte,1
love,springe,1
love,durchs,1
love,mensch,1
love,reiche,1
love,helfen,1
love,ehe,1
love,schlug,1
love,uhr,1
love,hauch,1
love,zauberkraft,1
love,verflog,1
love,verzaubert,1
love,weiß,1
love,bettler,1
love,seist.,1
love,verwandelte,1
love,gewand,1
love,königlicher,1
love,pracht,1
love,reichte,1
love,lockte,1
love,geschwister,1
love,tief,1
love,quellen,1
love,löste,1
love,sarg,1
love,verkleidet,1
love,fehlern,1
love,könntest,1
love,teufel,1
love,trat,1
love,schatten,1
love,lächelte,1
love,kalt,1
love,frei,1
love,tag‑und‑nacht‑gleiche,1
love,findest,1
love,wahrhaft,1
love,—,1
love,trotz,2
love,aussehens.,1
love,marius,2
love,überheblich,1
love,führte,3
love,untertanin,1
love,erwählt,1
love,gefunden,1
love,beugte,1
love,küsste,2
love,dankbarkeit,1
love,spiegelbild,1
love,mehr,1
love,andere.,1
love,stellte,1
love,falle,1
love,verstand,1
love,festhält,1
love,begleitet,1
love,geliebte,1
love,später,1
love,großer,1
love,lagen,1
love,überlistete,1
love,flackerte,1
love,schwach,1
love,liebsten,1
love,dunkler,1
love,eltern,1
love,suchten,1
love,verzweifelt,1
love,verschluckte,1
love,ruf,1
love,verliebte,6
love,fand,1
love,mal,1
love,seit,1
love,langem,1
love,frieden,2
love,kleines,1
love,dorf,1
love,meisten,1
love,jakob,1
love,hochzeitsfest,1
love,viele,1
love,edle,1
love,gäste,1
love,darunter,1
love,all,1
love,gemach,1
love,volk,1
love,herrschaft,1
love,ebenso,1
love,vereint,1
love,blonde,1
love,grünen,1
love,barfuß,1
love,strahlend,1
love,entzückt,1
love,löwe,1
love,verzauberter,1
love,zerfiel,1
love,medaillon,1
love,fee,2
love,zauber.,1
love,beisammen,1
love,meeren,1
love,leonhard,1
love,schwester,1
love,milada,1
love,bewohnte,1
love,weinte,1
love,bruder,1
love,hütte,1
love,fanden,1
love,stelle,1
love,aussah,1
love,wagte,1
love,verschonte,1
love,ocik,1
love,fischer,1
love,zurückgeschickt,1
love,amaryllis,1
love,zukunft,1
love,voller,1
love,missfallens,1
love,heiratete,1
love,constanze,1
love,nannte,1
love,erschrak,1
love,unrecht,1
love,billig,1
realization,halten,1
realization,arbeit,1
realization,inne,1
realization,begreifen,2
realization,frieden,1
realization,gekommen,2
realization,kaum,2
realization,glaubten,1
realization,jakob,4
realization,gelangt,1
realization,schließlich,3
realization,dörfern,1
realization,esel,1
realization,schusswaffe,1
realization,reich,7
realization,beschenkt,1
realization,schloss,6
realization,zurück,6
realization,list,2
realization,königs,2
realization,erkennen,5
realization,tut,1
realization,sei,4
realization,prinzessin,9
realization,gestorben,1
realization,johannes,2
realization,erkennt,6
realization,reise,1
realization,geheimnis,2
realization,krone,3
realization,lässt,2
realization,aufsetzt,1
realization,drohendes,2
realization,unheil,4
realization,merkt,3
realization,böses,1
realization,gefährliches,1
realization,tier,2
realization,beim,2
realization,abschied,1
realization,elise,4
realization,verliebt,2
realization,zerbricht,1
realization,marius,2
realization,goldenen,1
realization,ring,3
realization,gibt,4
realization,hälfte,1
realization,bald,2
realization,könig,23
realization,endres,1
realization,gutes,2
realization,wesen,1
realization,posten,1
realization,leibdieners,1
realization,wichtigste,1
realization,aufgabe,1
realization,essen,2
realization,stets,1
realization,goldene,1
realization,schüssel,1
realization,bringen,1
realization,stimme,1
realization,vernommen,2
realization,zweifelt,1
realization,zunehmend,1
realization,geistigen,1
realization,zustand,1
realization,ahnung,1
realization,zukunft,1
realization,keimt,1
realization,beginnt,1
realization,jungen,2
realization,schmied,1
realization,glauben,2
realization,selben,4
realization,augenblick,4
realization,zerrinnt,1
realization,unterwelt,1
realization,mikeš,1
realization,fühlt,1
realization,erwachen,1
realization,felsigem,1
realization,gestein,1
realization,„,10
realization,traum,2
realization,“,11
realization,rosenring,1
realization,bezeugt,1
realization,wahrheit,6
realization,erlebten,1
realization,lautet,1
realization,schreiben,1
realization,zunächst,2
realization,alten,4
realization,mann,5
realization,geliebten,1
realization,handelt,2
realization,geht,1
realization,dorf,2
realization,jahre,5
realization,später,3
realization,beschäftigt,1
realization,königshof,1
realization,nachfolge,1
realization,verstorbenen,1
realization,kurz,2
realization,erwacht,3
realization,bevor,1
realization,endgültig,1
realization,stirbt,1
realization,ersten,1
realization,verwunderung,3
realization,augustine,1
realization,durchaus,1
realization,angetan,1
realization,idee,1
realization,helfen,1
realization,durchlass,1
realization,gewähren,1
realization,letzten,1
realization,szenen,1
realization,beginnen,1
realization,dämmerung,1
realization,tages,3
realization,macario,1
realization,truthahn,1
realization,tod,4
realization,geteilt,1
realization,schwarze,1
realization,usa,1
realization,inzwischen,1
realization,zurückverwandelt,1
realization,verzaubert,1
realization,verschiedene,1
realization,quellen,1
realization,trauer,1
realization,aussehen,1
realization,innerer,1
realization,schönheit,2
realization,verwechselt,1
realization,gesamte,1
realization,burg,3
realization,verfällt,1
realization,art,1
realization,alptraumhafte,1
realization,phantasie,1
realization,claudia,2
realization,macht,3
realization,leben,4
realization,fleisch,1
realization,gewordenen,1
realization,wahnvorstellungen,1
realization,hass,1
realization,stiefmutter,3
realization,lilliana,2
realization,schwer,3
realization,vater,8
realization,kämpfen,1
realization,zwerg,2
realization,verliert,1
realization,verwandelt,1
realization,bär,1
realization,prinzen,1
realization,daraufhin,2
realization,jasper,3
realization,ella,2
realization,welch,1
realization,falsches,1
realization,spiel,2
realization,treibt,1
realization,entdeckt,1
realization,reh,1
realization,jagd,1
realization,verfolgt,2
realization,hütte,5
realization,schwesterchen,1
realization,neid,1
realization,beschwört,1
realization,neues,2
realization,herauf,1
realization,rotkäppchen,2
realization,gelernt,2
realization,darf,2
realization,mehr,4
realization,eigenen,1
realization,augen,4
realization,trauen,2
realization,verhindert,1
realization,pferd,2
realization,verschwindet,1
realization,naheliegenden,1
realization,wald,6
realization,königreich,1
realization,gesehen,1
realization,16.,1
realization,geburtstag,2
realization,küsst,1
realization,stefan,1
realization,sagt,1
realization,kuss,1
realization,wahren,3
realization,liebe.,1
realization,alter,2
realization,ändert,1
realization,gesinnung,1
realization,stefans,1
realization,maleficent,1
realization,zeigt,1
realization,aurora,1
realization,mädchen,5
realization,schuld,1
realization,verhalten,1
realization,vaters,2
realization,trägt,1
realization,wirklichkeit,1
realization,sonnenblumenfeld,1
realization,verkleidet,1
realization,bewusst,1
realization,wer,6
realization,herrschen,1
realization,böse,1
realization,besiegen,1
realization,gänsemagd,1
realization,langer,1
realization,zeit,2
realization,sigismund,1
realization,drachen,1
realization,getötet,1
realization,dabei,1
realization,freund,1
realization,gustav,2
realization,gerettet,1
realization,hans,8
realization,glück,6
realization,morgens,2
realization,bemerkt,1
realization,länger,1
realization,bett,4
realization,füße,2
realization,ragen,1
realization,bettkante,1
realization,erblickt,1
realization,glücklich,1
realization,meint,1
realization,endlich,3
realization,hause,1
realization,treffen,1
realization,geschwister,2
realization,aufeinander,1
realization,stellen,1
realization,fest,2
realization,versteck,1
realization,hexe,3
realization,beider,1
realization,geburtshaus,2
realization,hänsel,1
realization,nächsten,1
realization,morgen,1
realization,mina,1
realization,geheilt,1
realization,brauttagen,1
realization,größtes,1
realization,vergnügen,1
realization,eins,1
realization,großmutter,1
realization,merkte,10
realization,sinn,1
realization,ganz,1
realization,dunkel,1
realization,geworden,2
realization,kamen,1
realization,herren,1
realization,häuslein,1
realization,sieben,2
realization,zwerge,1
realization,bergen,1
realization,erz,1
realization,hackten,1
realization,gruben,1
realization,sah,8
realization,erkannte,28
realization,mutter,1
realization,sprach,2
realization,gott,1
realization,gebe,1
realization,schwesterlein,1
realization,wäre,2
realization,wären,1
realization,erlöst.,1
realization,türe,1
realization,stand,3
realization,lauschte,1
realization,wunsch,1
realization,hörte,1
realization,trat,1
realization,hervor,1
realization,bekamen,1
realization,raben,1
realization,menschliche,1
realization,gestalt,2
realization,kam,4
realization,entgegen,1
realization,reichte,1
realization,hand,1
realization,tanzte,1
realization,dachte,3
realization,herzen,3
realization,schön,2
realization,gesehen.,1
realization,tanz,1
realization,ende,3
realization,verneigte,1
realization,umsah,1
realization,verschwunden,1
realization,niemand,3
realization,wusste,3
realization,wohin,1
realization,halben,1
realization,stunde,1
realization,platz,1
realization,'',1
realization,alte,1
realization,sorgen,1
realization,erlöst,1
realization,womit,1
realization,dankbar,1
realization,beweisen,1
realization,koch,2
realization,antwortete,1
realization,glut,1
realization,genug,1
realization,seht,1
realization,selbst.,1
realization,gewaltiges,1
realization,feuer,1
realization,eisenstube,1
realization,brannte,2
realization,sechsen,1
realization,weise,1
realization,anhaben,1
realization,königstochter,5
realization,garten,1
realization,herab,1
realization,jüngling,1
realization,vollbracht,1
realization,aufgegeben,1
realization,viele,1
realization,stunden,1
realization,gingen,1
realization,herum,1
realization,besah,1
realization,freude,1
realization,schiff,1
realization,dahin,1
realization,fuhr,1
realization,las,1
realization,brief,1
realization,wohl,2
realization,vertauscht,1
realization,worden,1
realization,eingetreten,1
realization,luft,1
realization,rein,1
realization,wies,2
realization,heraus,2
realization,verschwand,2
realization,alsbald,1
realization,schöne,1
realization,schrank,1
realization,saßen,2
realization,fischerhütte,1
realization,bemerkte,3
realization,neben,1
realization,feder,1
realization,falltüre,1
realization,lag,3
realization,kleid,1
realization,hochzeit,1
realization,wussten,1
realization,sagen,1
realization,sollten,1
realization,kampf,1
realization,jäger,2
realization,kirche,3
realization,fand,2
realization,erde,1
realization,liegen,1
realization,sinne,1
realization,angst,2
realization,schrecken,1
realization,streites,1
realization,vergangen,1
realization,erwachte,3
realization,erschrak,1
realization,jungfrau,1
realization,fortgegangen,1
realization,schlief,1
realization,los,1
realization,werden.,1
realization,löwe,1
realization,großen,1
realization,eile,1
realization,herrn,1
realization,kopf,3
realization,verkehrt,1
realization,aufgesetzt,1
realization,traurigen,1
realization,gedanken,1
realization,erst,3
realization,mittag,1
realization,rücken,1
realization,konnte,2
realization,fragte,1
realization,tiere,2
realization,schlaf,1
realization,widerfahren,1
realization,tief,1
realization,hineingeraten,1
realization,nahm,3
realization,horn,1
realization,blies,1
realization,bekam,2
realization,antwort,1
realization,leute,1
realization,konntens,1
realization,hören,1
realization,abends,1
realization,junge,1
realization,ging,1
realization,frau,4
realization,warum,1
realization,hast,1
realization,vorigen,1
realization,nächte,1
realization,immer,1
realization,zweischneidiges,1
realization,schwert,1
realization,gelegt,1
realization,geglaubt,1
realization,wolltest,1
realization,totschlagen.,1
realization,treu,1
realization,bruder,1
realization,pfarrer,1
realization,küster,1
realization,wohnten,1
realization,zuerst,1
realization,lichter,1
realization,erblickten,1
realization,gottesacker,1
realization,umherwandelten,1
realization,merkten,1
realization,ungewöhnliches,1
realization,vorging,1
realization,traten,1
realization,nannte,3
realization,königin,5
realization,dornen,1
realization,wahrer,1
realization,name,1
realization,lange,2
realization,vergessen,2
realization,brunnen,2
realization,erkenntnis,1
realization,sonne,1
realization,goldener,1
realization,backofen,1
realization,beugte,1
realization,hinab,1
realization,trinken,2
realization,berührt,1
realization,erkannten,5
realization,einander,3
realization,sogleich,1
realization,augenblicklich,1
realization,wich,1
realization,bann,2
realization,röschen,1
realization,ganze,1
realization,gib,1
realization,laken…,1
realization,umsonst,1
realization,starb.,1
realization,gräfin,1
realization,herz,4
realization,voll,1
realization,sorge,1
realization,tat,1
realization,geheißen,1
realization,gesuchte,1
realization,altes,1
realization,buch,1
realization,vergessenen,1
realization,zeiten,1
realization,flüsterte,1
realization,hoffnung,1
realization,wasser,2
realization,lebens,1
realization,entspringe,1
realization,welt,2
realization,atem,1
realization,anhält,1
realization,—,6
realization,rand,1
realization,nacht,2
realization,sterne,1
realization,kindheit,2
realization,voller,1
realization,prüfungen,1
realization,je,3
realization,stille,1
realization,sturm,1
realization,gehört,1
realization,weiß,2
realization,lernte,3
realization,tag,1
realization,mut,1
realization,bedeutet,1
realization,–,6
realization,wem,1
realization,soldat,1
realization,last,1
realization,trugen,1
realization,mächtige,1
realization,fürsten,1
realization,verheiraten,1
realization,männer,1
realization,landkarten,1
realization,ach,1
realization,leicht,1
realization,menschenworte,1
realization,schillern,1
realization,seifenblasen,1
realization,sonnenlicht,1
realization,zerbrechlich,1
realization,zogen,1
realization,land,2
realization,stevan,1
realization,begehrte,1
realization,sehnlicher,1
realization,menschen,3
realization,malfina,1
realization,töricht,1
realization,zorn,1
realization,rauen,1
realization,gewand,1
realization,leuchteten,1
realization,farben,1
realization,geschah,4
realization,elisabeth,1
realization,wind,3
realization,gebot,1
realization,hauche,1
realization,weck,1
realization,haar,3
realization,wahr.,1
realization,wehte,1
realization,hob,1
realization,goldenes,3
realization,schleier,1
realization,höhe,1
realization,erklärte,1
realization,rollentausch,1
realization,wahre,2
realization,blick,1
realization,vermeintlichen,1
realization,jägers,1
realization,schimmer,1
realization,kalter,1
realization,gesicht,3
realization,halbdunkel,1
realization,schien,1
realization,vertraut,1
realization,luise,1
realization,wurde,4
realization,nie,3
realization,übermütig,1
realization,faul,1
realization,gute,1
realization,schlechte,1
realization,pech,1
realization,kommt,1
realization,zurück.,1
realization,inneren,1
realization,trug,2
realization,ei,1
realization,gänsemutter,1
realization,ihresgleichen,1
realization,heißt,1
realization,feldes,1
realization,seitdem,1
realization,erzählen,1
realization,schnelligkeit,1
realization,schönes,1
realization,geschenk,1
realization,klugheit,1
realization,demut,2
realization,tragen,1
realization,längsten,1
realization,beine,1
realization,könnten,1
realization,gothel,1
realization,schaute,1
realization,kind,3
realization,kraft,2
realization,blume,1
realization,währenddessen,1
realization,rapunzel,1
realization,anhand,1
realization,vieler,1
realization,kleiner,2
realization,zeichen,2
realization,lang,1
realization,vermisste,1
realization,königspaar,1
realization,tochter,2
realization,großes,2
realization,veranstaltet,1
realization,dummling,1
realization,weisheit,1
realization,gelehrten,1
realization,gab,3
realization,zeigte,3
realization,findet,1
realization,narren,1
realization,nennt,1
realization,bajaja,1
realization,turnier,1
realization,besiegte,1
realization,helden,1
realization,darauf,1
realization,deren,2
realization,haut,1
realization,schnee,1
realization,schwarz,1
realization,ebenholz,1
realization,lippen,1
realization,rot,1
realization,blut,1
realization,verderben,1
realization,wolle,1
realization,süßen,1
realization,worten,1
realization,könne,2
realization,oft,1
realization,lauern,1
realization,trotz,1
realization,gegensätze,1
realization,standen,2
realization,nahe,1
realization,milch,1
realization,kuh,1
realization,fröhlicher,1
realization,fleißig,1
realization,geschickt,1
realization,glaubte,2
realization,untier,1
realization,sohn,1
realization,verschlungen,1
realization,zuvor,2
realization,wahrhaft,2
realization,geliebt,1
realization,einzige,2
realization,furcht,1
realization,ansah,1
realization,vielen,1
realization,unrecht,2
realization,getan,1
realization,offenbarte,1
realization,falsche,1
realization,spielmann,3
realization,versuchte,1
realization,spinnen,1
realization,korbflechten,1
realization,beizubringen,1
realization,hände,1
realization,ungeschickt,1
realization,geduld,1
realization,reiter,1
realization,ottos,1
realization,plötzlichem,1
realization,änderte,1
realization,darum,1
realization,schneewittchen,1
realization,währte,1
realization,schon,1
realization,suchen,1
realization,fremde,2
realization,kunst,1
realization,erkannt,1
realization,schneiderin,1
realization,mitnehmen,1
realization,knaben,1
realization,patenkind,1
realization,ließ,1
realization,heilkunst,1
realization,lernen,1
realization,schicksal,2
realization,rauben,1
realization,spürte,3
realization,stimmte,1
realization,plötzlich,1
realization,erschien,2
realization,seltsamer,1
realization,diener,2
realization,licht,3
realization,hervorgestiegen,1
realization,brachte,2
realization,feine,1
realization,kleidung,1
realization,gedecktes,1
realization,mahl,1
realization,herr,1
realization,benimmt,1
realization,sehen,1
realization,bettler,1
realization,see,1
realization,all,1
realization,richard,1
realization,lehren,1
realization,liebe,5
realization,bedeuten,1
realization,sagten,1
realization,gebrochen,1
realization,zwei,1
realization,finde,1
realization,gut,1
realization,seien,1
realization,dorfschenke,1
realization,begegnete,1
realization,zufällig,1
realization,felix,2
realization,einst,2
realization,ausgesetzt,1
realization,sagte,1
realization,bösen,1
realization,widersteht.,1
realization,versteckte,1
realization,teufel,1
realization,heimkehrte,1
realization,’,1
realization,entsetzen,1
realization,isabell,1
realization,versucht,1
realization,jordan,1
realization,schwimmend,1
realization,überqueren,1
realization,düsteres,2
realization,wohnte,1
realization,neun,1
realization,vergingen,3
realization,verwandelte,4
realization,labyrinth,1
realization,schreckens,1
realization,herrschte,1
realization,zurückkehrte,1
realization,betrug,1
realization,prinz,1
realization,verfolgte,1
realization,magie,1
realization,bären,1
realization,krieg,1
realization,vorüber,1
realization,endete,1
realization,leid,1
realization,begann,2
realization,dolch,1
realization,durchtrennte,1
realization,kette,1
realization,bestie,1
realization,magischen,1
realization,kraftfeld,1
realization,geschützt,1
realization,zelt,1
realization,gauklerstochter,1
realization,entschied,1
realization,preis,1
realization,hoch,1
realization,innenhof,1
realization,erreichte,1
realization,baum,1
realization,geschworen,1
realization,namen,1
realization,besonderes,1
realization,düstere,1
realization,erhellte,1
realization,krönte,1
realization,schwemmling,1
realization,neuen,1
realization,neue,2
realization,ära,1
realization,gerechtigkeit,1
realization,zweiten,1
realization,ball,1
realization,gleiche,1
realization,zog,1
realization,dunkler,1
realization,schatten,1
realization,haus,1
realization,folgte,1
realization,taube,2
realization,brüderchen,1
realization,mensch,1
realization,verzweiflung,1
realization,daran,1
realization,setzen,1
realization,junger,1
realization,bursche,1
realization,namens,1
realization,entwachsen,1
realization,ragten,1
realization,kante,1
realization,hinaus,1
realization,rief,1
realization,schlechtes,1
realization,geschäft,1
realization,goldklumpen,1
realization,erhielt,1
realization,beiden,1
realization,sofort,1
realization,pfauenfeder,1
realization,gefunden,1
realization,achtzehnten,1
realization,erzählte,1
realization,moment,1
realization,heinrich,1
realization,unversehrten,1
realization,hofmeister,1
realization,ans,1
realization,gebracht,1
realization,fünfzehn,1
realization,fanden,1
realization,eigenes,1
realization,reife,1
realization,pflicht,1
realization,durfte,1
realization,dereinst,1
realization,regieren,1
realization,valerie,1
realization,werwolfs,1
realization,dunkelbraun,1
realization,bewegung,1
realization,allerleihaut,1
realization,vergaß,1
realization,lehre,1
realization,güte,1
curiosity,luise,1
curiosity,schwester,1
curiosity,ganz,5
curiosity,genau,2
curiosity,wissen,3
curiosity,erlebt,1
curiosity,schönen,1
curiosity,großen,3
curiosity,wald,11
curiosity,neuen,2
curiosity,bleibe,1
curiosity,gehen,1
curiosity,mann,4
curiosity,wem,13
curiosity,schöne,7
curiosity,große,4
curiosity,gehöre,1
curiosity,–,5
curiosity,duckt,1
curiosity,feuer,2
curiosity,flackerte,1
curiosity,mehr,2
curiosity,kontrolle,1
curiosity,bringen,1
curiosity,sodass,1
curiosity,plötzlich,1
curiosity,gesamte,1
curiosity,haus,2
curiosity,flammen,1
curiosity,steht,1
curiosity,könig,6
curiosity,erkennt,1
curiosity,natürlich,1
curiosity,sofort,1
curiosity,jungen,1
curiosity,handelt,1
curiosity,schneewittchen,1
curiosity,„,48
curiosity,spieglein,2
curiosity,wand,1
curiosity,wer,16
curiosity,schönste,1
curiosity,ganzen,1
curiosity,land,2
curiosity,“,49
curiosity,fragt,2
curiosity,eitle,1
curiosity,königin,3
curiosity,tag,2
curiosity,spiegel,1
curiosity,sagt,2
curiosity,fällt,1
curiosity,blick,1
curiosity,fenster,2
curiosity,hof,1
curiosity,beschäftigte,1
curiosity,tochter,2
curiosity,lotte,1
curiosity,entbrennt,1
curiosity,augenblick,1
curiosity,nächsten,1
curiosity,begierde,2
curiosity,ebenso,1
curiosity,verhalten,1
curiosity,bediensteten,1
curiosity,burg,1
curiosity,gegenüber,1
curiosity,herrin,2
curiosity,misstrauisch,1
curiosity,hängen,2
curiosity,augenscheinlich,1
curiosity,stark,1
curiosity,alten,1
curiosity,rotkäppchen,3
curiosity,stube,1
curiosity,tritt,1
curiosity,erstaunt,1
curiosity,ja,2
curiosity,großmutter,2
curiosity,hast,8
curiosity,ohren,1
curiosity,besser,1
curiosity,hören,1
curiosity,lautet,1
curiosity,erwiderung,1
curiosity,erkundigt,2
curiosity,warum,5
curiosity,weine,1
curiosity,alte,2
curiosity,ziemlich,1
curiosity,danach,2
curiosity,gelange,1
curiosity,rennt,1
curiosity,beschreibung,1
curiosity,gutgläubigen,1
curiosity,kindes,1
curiosity,hastig,1
curiosity,davon,2
curiosity,unerklärlichen,1
curiosity,gründen,1
curiosity,läuft,1
curiosity,prinzessin,2
curiosity,rückzug,1
curiosity,immer,1
curiosity,kreis,1
curiosity,stürzt,1
curiosity,schließlich,1
curiosity,bewusstlos,1
curiosity,grube,1
curiosity,denkt,1
curiosity,vater,2
curiosity,böser,1
curiosity,mensch,1
curiosity,glaube,1
curiosity,hörst,1
curiosity,gar,2
curiosity,vöglein,1
curiosity,lieblich,1
curiosity,singen,1
curiosity,zwerg,1
curiosity,sah,6
curiosity,schrie,3
curiosity,manier,1
curiosity,lorche,1
curiosity,gesicht,2
curiosity,schänden,1
curiosity,erste,2
curiosity,sprach,9
curiosity,stühlchen,1
curiosity,gesessen,1
curiosity,zweite,1
curiosity,tellerchen,1
curiosity,gegessen,2
curiosity,dritte,1
curiosity,brötchen,1
curiosity,genommen,1
curiosity,vierte,1
curiosity,gemüschen,1
curiosity,fünfte,1
curiosity,gäbelchen,1
curiosity,gestochen,1
curiosity,sechste,1
curiosity,messerchen,1
curiosity,geschnitten,1
curiosity,siebente,2
curiosity,becherlein,1
curiosity,getrunken,2
curiosity,bett,3
curiosity,kleine,1
curiosity,dälle,1
curiosity,bettchen,1
curiosity,getreten,1
curiosity,kamen,6
curiosity,gelaufen,1
curiosity,riefen,1
curiosity,jemand,1
curiosity,gelegen.,1
curiosity,erblickte,2
curiosity,sneewittchen,1
curiosity,lag,1
curiosity,darin,1
curiosity,schlief,1
curiosity,gekommen,1
curiosity,sprachen,1
curiosity,zwerge,1
curiosity,machte,1
curiosity,sogleich,1
curiosity,salat,1
curiosity,daraus,2
curiosity,aß,1
curiosity,voller,1
curiosity,fragte,22
curiosity,``,20
curiosity,ach,1
curiosity,gehört,10
curiosity,'',24
curiosity,darauf,1
curiosity,wiese,3
curiosity,grüne,1
curiosity,stadt,3
curiosity,mag,1
curiosity,elende,1
curiosity,winzige,1
curiosity,häuschen,1
curiosity,diener,2
curiosity,setzt,1
curiosity,ecke,2
curiosity,marktes,1
curiosity,irdenem,1
curiosity,geschirr,1
curiosity,vergessen,1
curiosity,königssöhne,1
curiosity,schon,5
curiosity,umsonst,1
curiosity,dagewesen,1
curiosity,hält,1
curiosity,kleid,1
curiosity,ward,2
curiosity,betrübt,1
curiosity,ging,2
curiosity,mutter,1
curiosity,brüder,2
curiosity,gehabt,2
curiosity,hätte,3
curiosity,hingeraten,1
curiosity,wären,1
curiosity,becherchen,1
curiosity,hase,2
curiosity,weise,1
curiosity,vornehmer,1
curiosity,herr,3
curiosity,grausam,1
curiosity,hochfahrend,1
curiosity,dabei,1
curiosity,antwortete,7
curiosity,swinegels,2
curiosity,gruß,1
curiosity,sagte,1
curiosity,swinegel,1
curiosity,wobei,1
curiosity,gewaltig,1
curiosity,höhnische,1
curiosity,miene,1
curiosity,aufsetzte,1
curiosity,kommt,1
curiosity,früh,1
curiosity,morgen,2
curiosity,felde,1
curiosity,herumläufst,1
curiosity,spazieren,1
curiosity,verstand,1
curiosity,verloren,1
curiosity,kannst,1
curiosity,hasen,1
curiosity,wette,1
curiosity,laufen,1
curiosity,frau,2
curiosity,wirt,4
curiosity,drei,1
curiosity,töchter,1
curiosity,sahen,1
curiosity,gans,1
curiosity,neugierig,5
curiosity,wunderlicher,1
curiosity,vogel,1
curiosity,wäre,6
curiosity,hätten,1
curiosity,gern,1
curiosity,goldenen,2
curiosity,federn,1
curiosity,siehst,1
curiosity,grauschimmel,1
curiosity,hahn,1
curiosity,treibst,1
curiosity,oben,1
curiosity,seid,1
curiosity,königstochter,2
curiosity,deren,2
curiosity,schönheit,1
curiosity,welt,1
curiosity,rühmt,1
curiosity,rief,2
curiosity,lange,1
curiosity,zeit,1
curiosity,gedauert,1
curiosity,überkam,1
curiosity,tages,1
curiosity,schüssel,2
curiosity,wegtrug,1
curiosity,neugierde,2
curiosity,widerstehen,1
curiosity,konnte,2
curiosity,kammer,1
curiosity,brachte,1
curiosity,türe,1
curiosity,geöffnet,1
curiosity,trat,2
curiosity,zuerst,1
curiosity,hinein,1
curiosity,dachte,1
curiosity,wolle,1
curiosity,bildnis,1
curiosity,bedecken,1
curiosity,sähe,1
curiosity,half,1
curiosity,bild,1
curiosity,dache,1
curiosity,treue,1
curiosity,johannes,1
curiosity,blinkende,1
curiosity,wasser,2
curiosity,forttragen,1
curiosity,umdrehte,1
curiosity,fremden,1
curiosity,bald,1
curiosity,hernach,1
curiosity,räuber,1
curiosity,fragten,2
curiosity,zornig,2
curiosity,fremder,1
curiosity,knabe,1
curiosity,läge,1
curiosity,jüngling,1
curiosity,anvertrauten,1
curiosity,briefe,1
curiosity,zugegangen,2
curiosity,dafür,1
curiosity,gebracht,1
curiosity,geträumt,2
curiosity,marktbrunnen,1
curiosity,wein,2
curiosity,quoll,1
curiosity,sei,2
curiosity,versiegt,1
curiosity,quellen,1
curiosity,wohl,2
curiosity,schuld,1
curiosity,daran,1
curiosity,he,1
curiosity,sies,1
curiosity,wüßten,1
curiosity,teufel,3
curiosity,sitzt,1
curiosity,kröte,1
curiosity,stein,1
curiosity,brunnen,1
curiosity,töten,1
curiosity,fließen.,1
curiosity,ellermutter,1
curiosity,lauste,1
curiosity,einschlief,1
curiosity,schnarchte,1
curiosity,zitterten,1
curiosity,machst,2
curiosity,fuhr,1
curiosity,höhe,1
curiosity,übel,1
curiosity,wirtschaften,1
curiosity,besänftigte,1
curiosity,nochmals,1
curiosity,böse,1
curiosity,träume,1
curiosity,lieber,1
curiosity,schwiegersohn,1
curiosity,sage,1
curiosity,woher,1
curiosity,viele,1
curiosity,gold,1
curiosity,gewaltige,1
curiosity,schätze,1
curiosity,fluss,1
curiosity,gefahren,1
curiosity,mitgenommen,1
curiosity,liegt,2
curiosity,statt,1
curiosity,sandes,1
curiosity,ufer.,1
curiosity,holen,1
curiosity,begierig,1
curiosity,fährt,1
curiosity,wohin,2
curiosity,leute,4
curiosity,korn,2
curiosity,heu,1
curiosity,daheim,1
curiosity,voriger,1
curiosity,herrlichkeit,1
curiosity,freude,1
curiosity,glück,1
curiosity,ließ,1
curiosity,ruhe,1
curiosity,paar,1
curiosity,tagen,1
curiosity,fragen,1
curiosity,anhub,1
curiosity,angefangen,1
curiosity,katze,1
curiosity,pferde,1
curiosity,sehen,1
curiosity,hans,1
curiosity,pferd,1
curiosity,müller,1
curiosity,mahlbursch,1
curiosity,kleinknecht,1
curiosity,oft,2
curiosity,hinaus,1
curiosity,lieben,1
curiosity,kindern,1
curiosity,abwesenheit,1
curiosity,auffiel,1
curiosity,draußen,1
curiosity,allein,1
curiosity,walde,1
curiosity,schaffen,2
curiosity,baum,2
curiosity,endlich,1
curiosity,kam,1
curiosity,jäger,5
curiosity,tiere,1
curiosity,gesorgt,1
curiosity,erst,1
curiosity,trauerflor,1
curiosity,ausgehängt,1
curiosity,königs,1
curiosity,einzige,1
curiosity,sterben,1
curiosity,wird.,1
curiosity,sterbenskrank,1
curiosity,nein,1
curiosity,frisch,1
curiosity,gesund,1
curiosity,sterben.,1
curiosity,geht,1
curiosity,verwunderte,1
curiosity,berge,1
curiosity,kämpfen.,1
curiosity,drache,1
curiosity,rittersmann,1
curiosity,leben,1
curiosity,gelassen,2
curiosity,fertig,1
curiosity,atmete,1
curiosity,sieben,1
curiosity,rachen,1
curiosity,habt,1
curiosity,kinder,1
curiosity,fremde,1
curiosity,arbeit,1
curiosity,behilflich,1
curiosity,könnten,1
curiosity,bindet,1
curiosity,krummen,1
curiosity,knorrichten,1
curiosity,fast,1
curiosity,boden,1
curiosity,gebückt,1
curiosity,pfahl,1
curiosity,strack,1
curiosity,wächst,1
curiosity,würdet,1
curiosity,erkennen,1
curiosity,träte,1
curiosity,gelangt,1
curiosity,erworben,1
curiosity,fäßchen,1
curiosity,schachtel,1
curiosity,rumpelt,1
curiosity,pumpelt,1
curiosity,bauch,1
curiosity,herum,1
curiosity,traum,1
curiosity,folgte,1
curiosity,klang,2
curiosity,dunkle,1
curiosity,gänge,1
curiosity,verborgene,1
curiosity,spindel,1
curiosity,stieß,1
curiosity,rad,1
curiosity,flackernden,1
curiosity,licht,2
curiosity,drehte,1
curiosity,wolf,1
curiosity,zeigt,1
curiosity,anders.,1
curiosity,niemand,1
curiosity,hörte,2
curiosity,menschen,1
curiosity,eigenen,1
curiosity,ängste,1
curiosity,zurückgeworfen,1
curiosity,käppchen,1
curiosity,leuchtete,1
curiosity,frohen,1
curiosity,schrittes,1
curiosity,kannte,1
curiosity,furcht,1
curiosity,neugier,1
curiosity,gehst,1
curiosity,kleines,1
curiosity,stimme,1
curiosity,kalter,1
curiosity,wind,1
curiosity,wettrennen,1
curiosity,zwei,2
curiosity,zehn,1
curiosity,dreißig,1
curiosity,dreiundsiebzig,1
curiosity,mal,3
curiosity,rannte,2
curiosity,schnell,1
curiosity,langen,1
curiosity,beine,1
curiosity,trugen,1
curiosity,gleiche,1
curiosity,sonne,2
curiosity,sank,1
curiosity,nebel,1
curiosity,kehrte,1
curiosity,zurück,1
curiosity,grille,1
curiosity,sang,1
curiosity,abendgesang,1
curiosity,getrieben,1
curiosity,stolz,1
curiosity,neugierige,1
curiosity,schwestern,1
curiosity,griffen,1
curiosity,blieben,1
curiosity,jüngste,1
curiosity,geißlein,1
curiosity,gucki,1
curiosity,entdeckte,1
curiosity,verlassene,1
curiosity,hütte,1
curiosity,einst,1
curiosity,waldmann,1
curiosity,spielmann,1
curiosity,drosselbart,1
curiosity,prinz,2
curiosity,norbert,1
curiosity,all,1
curiosity,befiehlst,1
curiosity,jakob,1
curiosity,erschrak,1
curiosity,augustine,1
curiosity,froh,1
curiosity,freiheit,1
curiosity,ersten,1
curiosity,erblickt,1
curiosity,gib,1
curiosity,krone,1
curiosity,sag,1
curiosity,niemals,1
curiosity,zauberkraft,1
curiosity,birgt,1
curiosity,goldene,1
curiosity,äpfel,1
curiosity,mitgebracht,1
curiosity,macht,1
curiosity,reh,1
curiosity,stiefschwester,1
curiosity,legte,1
curiosity,verbarg,1
curiosity,krank,1
remorse,statt,1
remorse,erhofften,1
remorse,goldregens,1
remorse,erhält,1
remorse,luise,1
remorse,lohn,1
remorse,form,1
remorse,haftenden,1
remorse,pechregens,1
remorse,schnell,1
remorse,bereut,1
remorse,wald,3
remorse,ausgesetzt,1
remorse,erfährt,2
remorse,große,3
remorse,grüne,2
remorse,wiese,2
remorse,schöne,2
remorse,stadt,2
remorse,„,3
remorse,könig,5
remorse,“,3
remorse,drosselbart,2
remorse,gehören,2
remorse,bedauert,2
remorse,mann,2
remorse,genommen,2
remorse,hieß,1
remorse,ring,1
remorse,meeresgrund,1
remorse,hervorzuholen,1
remorse,fügte,1
remorse,hinzu,1
remorse,höhe,1
remorse,kommst,1
remorse,immer,1
remorse,aufs,1
remorse,neue,1
remorse,hinab,1
remorse,gestürzt,1
remorse,wellen,1
remorse,umkommst.,1
remorse,bedauerten,1
remorse,schönen,1
remorse,jüngling,1
remorse,ließen,1
remorse,einsam,1
remorse,meere,1
remorse,zurück,1
remorse,darüber,1
remorse,trug,1
remorse,königin,1
remorse,großes,1
remorse,leid,1
remorse,sprach,1
remorse,ach,1
remorse,treue,1
remorse,übel,1
remorse,belohnt,1
remorse,ließ,1
remorse,steinerne,1
remorse,bild,1
remorse,aufheben,1
remorse,schlafkammer,1
remorse,neben,1
remorse,bett,1
remorse,stellen,1
remorse,prinz,1
remorse,leopold,1
remorse,fand,1
remorse,angebliche,1
remorse,prinzessin,1
remorse,harte,1
remorse,worte,1
remorse,kalte,1
remorse,augen,1
remorse,seitdem,1
remorse,lastete,1
remorse,schuld,1
remorse,schultern,1
remorse,begann,1
remorse,bitter,1
remorse,bereuen,1
remorse,getan,1
remorse,henriette,1
remorse,bereute,1
remorse,tat,1
embarrassment,wald,1
embarrassment,wiederum,1
embarrassment,fällt,1
embarrassment,jakob,1
embarrassment,könig,4
embarrassment,unangenehm,1
embarrassment,schusselig,1
embarrassment,teile,1
embarrassment,waldes,1
embarrassment,brand,1
embarrassment,steckt,1
embarrassment,brüderchen,1
embarrassment,schwesterchen,1
embarrassment,trocken,1
embarrassment,brot,1
embarrassment,stall,1
embarrassment,gesperrt,1
embarrassment,entgehen,1
embarrassment,peinigung,1
embarrassment,mutige,1
embarrassment,flucht,1
embarrassment,scham,1
embarrassment,prinzessin,1
embarrassment,küchenmagd,1
embarrassment,ottokar,1
embarrassment,ahnend,1
embarrassment,schloss,1
embarrassment,„,7
embarrassment,königs,1
embarrassment,“,7
embarrassment,drosselbart,1
embarrassment,befindet,1
embarrassment,aurora,1
embarrassment,fluch,1
embarrassment,gestehen,1
embarrassment,schämt,3
embarrassment,dafür,1
embarrassment,bringt,1
embarrassment,einfach,1
embarrassment,fertig,1
embarrassment,hans,2
embarrassment,überschwänglich,1
embarrassment,bedankt,1
embarrassment,meint,1
embarrassment,welch,1
embarrassment,guter,1
embarrassment,mensch,1
embarrassment,fridolin,1
embarrassment,sei,2
embarrassment,junge,1
embarrassment,frau,2
embarrassment,gibt,1
embarrassment,preis,1
embarrassment,mädchen,2
embarrassment,karoline,1
embarrassment,heiße,1
embarrassment,leute,1
embarrassment,sahen,1
embarrassment,entstand,1
embarrassment,allgemeines,1
embarrassment,gelächter,1
embarrassment,spotten,1
embarrassment,beschämt,3
embarrassment,lieber,1
embarrassment,tausend,1
embarrassment,klafter,1
embarrassment,erde,1
embarrassment,gewünscht,1
embarrassment,hätte,1
embarrassment,mitten,1
embarrassment,felde,1
embarrassment,begegnete,1
embarrassment,pfarrer,1
embarrassment,aufzug,1
embarrassment,sah,1
embarrassment,sprach,5
embarrassment,garstigen,1
embarrassment,lauft,1
embarrassment,jungen,2
embarrassment,bursch,1
embarrassment,durchs,1
embarrassment,feld,1
embarrassment,schickt,1
embarrassment,fasste,1
embarrassment,jüngste,1
embarrassment,hand,1
embarrassment,zurückziehen,1
embarrassment,anrührte,1
embarrassment,blieb,1
embarrassment,gleichfalls,1
embarrassment,hängen,1
embarrassment,selber,1
embarrassment,drein,1
embarrassment,laufen,1
embarrassment,gespött,1
embarrassment,hörte,1
embarrassment,schämte,1
embarrassment,welt,1
embarrassment,kehrte,2
embarrassment,kam,1
embarrassment,heim,1
embarrassment,vater,2
embarrassment,ging,3
embarrassment,stube,1
embarrassment,müller,1
embarrassment,sagte,1
embarrassment,tisch,1
embarrassment,kommen,1
embarrassment,wäre,1
embarrassment,zerrissen,1
embarrassment,zerlumpt,1
embarrassment,müßte,1
embarrassment,schämen,1
embarrassment,jemand,1
embarrassment,hereinkäme,1
embarrassment,hilft,1
embarrassment,kommst,1
embarrassment,hast,2
embarrassment,kleider,1
embarrassment,kannst,1
embarrassment,tanzen,1
embarrassment,müssten,1
embarrassment,schämen.,1
embarrassment,darauf,1
embarrassment,rücken,1
embarrassment,eilte,1
embarrassment,zwei,2
embarrassment,stolzen,1
embarrassment,töchtern,1
embarrassment,fort,1
embarrassment,böse,1
embarrassment,mutter,1
embarrassment,unzufrieden,1
embarrassment,heirat,1
embarrassment,schlecht,1
embarrassment,königin,1
embarrassment,brachten,1
embarrassment,wunderte,1
embarrassment,zugegangen,1
embarrassment,morgen,1
embarrassment,fanden,1
embarrassment,tag,1
embarrassment,bruder,1
embarrassment,erzählte,1
embarrassment,seltsame,1
embarrassment,geschichte,1
embarrassment,``,2
embarrassment,freilich,1
embarrassment,'',2
embarrassment,antwortete,1
embarrassment,alte,1
embarrassment,schon,1
embarrassment,lange,1
embarrassment,seit,1
embarrassment,fortgegangen,1
embarrassment,verändert,1
embarrassment,ich…,1
embarrassment,würdig,1
embarrassment,seite,1
embarrassment,stehen,1
embarrassment,flüsterte,1
embarrassment,floh,1
embarrassment,saal,1
embarrassment,brüder,1
embarrassment,schämten,1
embarrassment,bosheit,1
embarrassment,kaum,1
embarrassment,haus,1
embarrassment,verlassen,1
embarrassment,wurden,1
embarrassment,besessenen,1
embarrassment,beschossen,1
embarrassment,spielmann,1
embarrassment,verschmäht.,1
embarrassment,senkte,1
embarrassment,roswitha,1
embarrassment,blick,1
embarrassment,ungeschickt,1
embarrassment,schief,1
relief,hause,1
relief,eintreffen,1
relief,vater,1
relief,froh,1
relief,erleichtert,2
relief,stiefmutter,1
relief,hingegen,1
relief,verärgert,1
relief,überredet,1
relief,mann,1
relief,kinder,1
relief,folgenden,1
relief,tag,1
relief,tiefer,1
relief,wald,2
relief,hineinzubringen,1
relief,zurückzulassen,1
relief,widerwillig,1
relief,helfen,1
relief,schneeweißchen,1
relief,rosenrot,1
relief,mal,1
relief,brand,1
relief,gelöscht,1
relief,suchte,1
relief,jüngling,1
relief,ei,1
relief,fand,1
relief,glücklicher,1
relief,weise,1
relief,geschmolzen,1
relief,schale,1
relief,plötzlichen,1
relief,abkühlung,1
relief,kalte,1
relief,wasser,1
relief,zerbröckelt,1
relief,konnte,1
relief,krystallkugel,1
relief,unversehrt,1
relief,heraus,1
relief,nehmen,1
relief,gab,1
relief,kraute,1
relief,könig,1
relief,erholte,1
relief,ward,1
relief,gesund,1
relief,leiser,1
relief,wind,1
relief,wehte,1
relief,bäume,1
relief,hätte,1
relief,aufgeatmet,1
relief,bösen,1
relief,tage,1
relief,vorbei,1
relief,geist,1
relief,gebannt,1
relief,dorf,1
relief,gerettet,1
amusement,bemüht,1
amusement,halbe,2
amusement,bevölkerung,1
amusement,landes,1
amusement,prinzessin,6
amusement,lachen,17
amusement,bringen,3
amusement,jedoch,1
amusement,gelingt,2
amusement,ständig,1
amusement,versuchen,1
amusement,burg,1
amusement,wohnen,1
amusement,allerdings,1
amusement,vergeblich,1
amusement,könig,4
amusement,große,2
amusement,sorgen,1
amusement,tochter,1
amusement,macht,1
amusement,schließt,1
amusement,räten,1
amusement,folgenden,1
amusement,beschluss,1
amusement,„,15
amusement,wer,2
amusement,bringt,1
amusement,frau,2
amusement,bekommen,1
amusement,königreich,1
amusement,dazu.,1
amusement,“,11
amusement,botschaft,1
amusement,ganzen,2
amusement,land,1
amusement,verkündet,1
amusement,kurzer,1
amusement,zeit,2
amusement,versuchten,1
amusement,bereits,1
amusement,erste,1
amusement,freier,1
amusement,glück,1
amusement,dicke,1
amusement,müllerbursch,1
amusement,brei,1
amusement,rührt,1
amusement,erscheint,1
amusement,zauberisches,1
amusement,fuchswesen,1
amusement,verführt,1
amusement,schluss,1
amusement,tanzen,1
amusement,geißlein,1
amusement,brunnen,2
amusement,singen,1
amusement,wolf,1
amusement,tot,1
amusement,verbringen,1
amusement,nacht,2
amusement,wald,2
amusement,unheimliches,1
amusement,bäumen,1
amusement,vernehmen,1
amusement,list,1
amusement,tücke,1
amusement,graf,3
amusement,erstaunt,1
amusement,meistert,1
amusement,robert,1
amusement,drei,2
amusement,aufgaben,1
amusement,tod,3
amusement,amüsiert,1
amusement,nennt,1
amusement,macario,1
amusement,ausgleich,1
amusement,freund,1
amusement,schenkt,1
amusement,wunderwasser,1
amusement,krankheiten,1
amusement,heilt,1
amusement,planen,1
amusement,schwester,2
amusement,lilith,2
amusement,rächen,2
amusement,deren,2
amusement,laden,2
amusement,zurückzuerobern,1
amusement,beiden,3
amusement,stehen,1
amusement,scherzend,1
amusement,wasser,1
amusement,jorinde,1
amusement,and,1
amusement,joringel,2
amusement,altes,1
amusement,schloss,3
amusement,mitten,1
amusement,großen,1
amusement,dicken,1
amusement,darinnen,1
amusement,wohnte,1
amusement,alte,1
amusement,ganz,1
amusement,allein,1
amusement,erzzauberin,1
amusement,albernen,1
amusement,glatten,1
amusement,milchgesichter,1
amusement,betrachtete,1
amusement,königin,2
amusement,grausigen,1
amusement,blicken,1
amusement,lachte,17
amusement,überlaut,2
amusement,sprach,5
amusement,weiss,1
amusement,schnee,1
amusement,rot,1
amusement,blut,1
amusement,schwarz,1
amusement,ebenholz,1
amusement,ach,1
amusement,gott,1
amusement,rief,3
amusement,``,7
amusement,ei,1
amusement,'',5
amusement,kinn,2
amusement,drossel,1
amusement,schnabel,1
amusement,seit,2
amusement,bekam,1
amusement,namen,1
amusement,'drosselbart,1
amusement,hörten,1
amusement,zwölf,1
amusement,königstöchter,1
amusement,lachten,4
amusement,älteste,1
amusement,'der,1
amusement,hätte,1
amusement,leben,1
amusement,sparen,1
amusement,jenseits,1
amusement,wassers,1
amusement,stand,2
amusement,schönes,1
amusement,hellerleuchtetes,1
amusement,schloß,1
amusement,woraus,1
amusement,lustige,1
amusement,musik,1
amusement,erschallte,1
amusement,pauken,1
amusement,trompeten,1
amusement,ende,1
amusement,händen,1
amusement,fest,1
amusement,halten,1
amusement,riss,1
amusement,los,1
amusement,sprang,1
amusement,geschwind,1
amusement,leute,1
amusement,augen,1
amusement,verschwand,2
amusement,hase,2
amusement,deucht,1
amusement,könntest,1
amusement,beine,1
amusement,wohl,1
amusement,besseren,1
amusement,dingen,1
amusement,gebrauchen,1
amusement,schiefen,1
amusement,beinen,1
amusement,sagte,2
amusement,meinetwegen,1
amusement,mag,1
amusement,lust,1
amusement,darauf,1
amusement,hast,1
amusement,dummling,2
amusement,hörte,2
amusement,ging,2
amusement,gans,1
amusement,anhang,1
amusement,königstochter,1
amusement,sieben,1
amusement,menschen,1
amusement,immer,1
amusement,einander,1
amusement,herlaufen,1
amusement,sah,4
amusement,fing,1
amusement,gar,1
amusement,aufhören,1
amusement,aha,1
amusement,soldat,1
amusement,frisch,1
amusement,arbeit,2
amusement,ding,1
amusement,lustig,1
amusement,herumspringt,1
amusement,mädchen,1
amusement,nahm,1
amusement,spindel,1
amusement,spinnen,1
amusement,seht,1
amusement,stolze,1
amusement,geputzt,1
amusement,riefen,1
amusement,führten,1
amusement,küche,1
amusement,löwe,1
amusement,königliche,1
amusement,zimmer,1
amusement,klopfte,1
amusement,schweif,1
amusement,türe,1
amusement,feuer,2
amusement,angemacht,1
amusement,ächzen,1
amusement,hu,3
amusement,friert,1
amusement,schaute,1
amusement,hinauf,1
amusement,saß,1
amusement,hexe,1
amusement,oben,1
amusement,baum,1
amusement,mußte,1
amusement,dirs,1
amusement,gelungen,1
amusement,zweitemal,1
amusement,wirds,1
amusement,glücklich,2
amusement,ablaufen,1
amusement,eher,1
amusement,ganze,4
amusement,getan,1
amusement,kleid,1
amusement,genäht,1
amusement,ist.,1
amusement,hart,1
amusement,wissend,1
amusement,unmöglich,1
amusement,jahr,2
amusement,verging,1
amusement,kind,1
amusement,wurde,1
amusement,geboren,1
amusement,hell,1
amusement,fenster,2
amusement,palastes,1
amusement,davon,1
amusement,klingen,1
amusement,schienen,1
amusement,kehrte,1
amusement,schatten,1
amusement,alten,1
amusement,abmachung,1
amusement,zurück,1
amusement,tanzte,1
amusement,männchen,1
amusement,sang,1
amusement,lied,1
amusement,luft,1
amusement,funkelte,1
amusement,funken,1
amusement,heute,1
amusement,back,1
amusement,’,3
amusement,morgen,1
amusement,brau,1
amusement,übermorgen,1
amusement,hol,1
amusement,gebührt,1
amusement,seite,1
amusement,lagen,1
amusement,moore,1
amusement,–,2
amusement,reich,2
amusement,glitzernden,1
amusement,tautropfen,1
amusement,geschwungenen,1
amusement,weiden,1
amusement,wesen,1
amusement,windspiele,1
amusement,klang,1
amusement,kleiner,1
amusement,vogel,1
amusement,gerade,1
amusement,trällerte,1
amusement,nannte,1
amusement,drosselbart,1
amusement,gefolge,1
amusement,dorf,2
amusement,hahn,1
amusement,kikeriki,1
amusement,wunderlichen,1
amusement,reigen,1
amusement,herzlich,2
amusement,haus,1
amusement,erbebte,1
amusement,hand,1
amusement,anhielt,1
amusement,verspottete,1
amusement,scharfem,1
amusement,wort,1
amusement,kaltem,1
amusement,seltsame,1
amusement,prozession,1
amusement,tränen,1
amusement,liefen,1
amusement,darum,1
amusement,nannten,2
amusement,tölpel,2
amusement,wollten,1
amusement,zurückerobern,1
amusement,moment,2
amusement,lang,2
amusement,starrte,2
amusement,hans,3
amusement,tiefe,1
amusement,—,2
amusement,letzten,1
amusement,laut,3
amusement,drosselschnabel,1
amusement,vater,2
amusement,seufzte,1
amusement,oft,1
amusement,sohn,2
amusement,marius,1
amusement,ritt,1
amusement,wälder,1
amusement,bewundern,1
amusement,sack,1
amusement,öffnete,1
amusement,jammernd,1
amusement,herauskrochen,1
amusement,erneut,1
amusement,junge,1
amusement,flausen,1
amusement,kopf,1
amusement,schimpfte,1
amusement,obwohl,1
amusement,zaubertricks,1
amusement,geschick,1
amusement,brachte,1
amusement,heimkehrte,1
amusement,hochzeit,1
amusement,geriet,1
amusement,zorn,1
amusement,verbot,1
amusement,teufel,1
amusement,übergab,1
amusement,bärenfell,1
amusement,älteren,1
amusement,hielten,1
amusement,till,1
amusement,verträumte,1
amusement,art,1
amusement,verlor,1
amusement,gleichgewicht,1
amusement,stürzte,1
amusement,derart,1
amusement,komisch,1
amusement,luise,1
amusement,ersten,1
amusement,mal,1
amusement,jahren,2
amusement,erkenn,1
amusement,mutters,1
amusement,sohn.,1
amusement,mutter,1
amusement,arme,1
amusement,weinte,1
amusement,tag,1
amusement,tages,1
amusement,zigeunermädchen,1
amusement,herz,1
amusement,verlorener,1
amusement,heimkehren,1
pride,endres,1
pride,erfüllt,1
pride,neuen,1
pride,pflichten,1
pride,vorbildlich,1
pride,fühlt,1
pride,wohl,1
pride,hofe,1
pride,königs,2
pride,deshalb,1
pride,gefolgsleuten,1
pride,ausgelacht,1
pride,gedemütigt,1
pride,erträgt,1
pride,stolz,9
pride,ganz,1
pride,geblänkt,1
pride,gespiegelt,1
pride,herz,1
pride,leibe,1
pride,freute,1
pride,fiel,1
pride,tiefer,1
pride,mühle,1
pride,stand,1
pride,fluss,1
pride,rädern,1
pride,knarrte,1
pride,schon,1
pride,lange,1
pride,müdigkeit,1
pride,herzen,1
pride,müllers,1
pride,wuchs,1
pride,eitelkeit,1
pride,disteln,1
pride,verlassenen,1
pride,feld,1
pride,art,1
pride,schutz,1
pride,schenkt,1
pride,wurde,1
pride,bald,1
pride,wächterin,1
pride,moorigen,1
pride,wunder,2
pride,tages,1
pride,begegnete,1
pride,hase,1
pride,–,1
pride,schneller,1
pride,bursche,1
pride,langen,1
pride,beine,1
pride,stolzer,1
pride,tempo,1
pride,größte,1
pride,natur,1
pride,hielt,1
pride,könig,2
pride,zwei,1
pride,söhne,1
pride,falk,1
pride,hart,1
pride,lennard,1
pride,sanft,1
pride,gerecht,1
pride,engelbert,1
pride,widersprach,1
pride,wald,1
pride,gehörte,1
pride,vater,1
nervousness,brüderchen,8
nervousness,schwesterchen,6
nervousness,könig,1
nervousness,macht,1
nervousness,große,1
nervousness,sorgen,1
nervousness,gemahlin,1
nervousness,schon,1
nervousness,länger,1
nervousness,erkrankte,1
nervousness,königin,2
nervousness,pülverchen,1
nervousness,leibarztes,1
nervousness,wirklich,1
nervousness,helfen,2
nervousness,wolf,3
nervousness,rotkäppchen,1
nervousness,schaukel,1
nervousness,schubsen,1
nervousness,bekommt,1
nervousness,jedoch,1
nervousness,schwingung,1
nervousness,voll,1
nervousness,gesicht,1
nervousness,stürzt,1
nervousness,schloss,1
nervousness,angekommen,1
nervousness,erregt,1
nervousness,waldfrau,1
nervousness,ärgernis,1
nervousness,besonders,1
nervousness,alexandra,1
nervousness,arme,1
nervousness,kind,1
nervousness,großen,2
nervousness,wald,1
nervousness,mutterseelig,1
nervousness,allein,1
nervousness,ward,1
nervousness,angst,1
nervousness,blätter,1
nervousness,bäumen,1
nervousness,ansah,1
nervousness,wusste,1
nervousness,brünnlein,4
nervousness,fanden,1
nervousness,glitzerig,1
nervousness,steine,1
nervousness,sprang,1
nervousness,daraus,1
nervousness,trinken,2
nervousness,hörte,3
nervousness,rauschen,2
nervousness,sprach,6
nervousness,„,8
nervousness,wer,6
nervousness,trinkt,6
nervousness,tiger,1
nervousness,tiger.,1
nervousness,“,8
nervousness,rief,2
nervousness,bitte,3
nervousness,trink,3
nervousness,wildes,1
nervousness,tier,1
nervousness,zerreißest,1
nervousness,mich.,2
nervousness,trank,2
nervousness,gleich,2
nervousness,durst,2
nervousness,warten,2
nervousness,nächsten,2
nervousness,quelle.,1
nervousness,zweiten,1
nervousness,kamen,2
nervousness,wolf.,1
nervousness,frissest,1
nervousness,quelle,1
nervousness,kommen,1
nervousness,magst,1
nervousness,sagen,1
nervousness,willst,1
nervousness,gar,1
nervousness,groß.,1
nervousness,dritten,1
nervousness,schwesterlein,1
nervousness,reh,2
nervousness,reh.,1
nervousness,ach,1
nervousness,läufst,1
nervousness,fort.,1
nervousness,beim,1
nervousness,nieder,1
nervousness,geknieet,1
nervousness,hinab,1
nervousness,gebeugt,1
nervousness,wasser,1
nervousness,getrunken,1
nervousness,ersten,1
nervousness,tropfen,1
nervousness,lippen,1
nervousness,gekommen,1
nervousness,lag,1
nervousness,rehkälbchen,1
nervousness,erst,1
nervousness,lied,1
nervousness,roten,1
nervousness,ringlein,1
nervousness,sang,1
nervousness,wurde,1
nervousness,frau,1
nervousness,unruhig,1
